{"authorDailyContributionsMap":{"t-l-xin":[{"date":"2021-08-17","commitResults":[{"hash":"82d75b528109f791d51eb0bf44251ccad577bbf5","messageTitle":"Add Greet.java","messageBody":"","tags":["Level-0"],"fileTypesAndContributionMap":{"java":{"insertions":9,"deletions":6}}}]},{"date":"2021-08-22","commitResults":[{"hash":"595f95786fd20608be826e565685c8c2a8373ca7","messageTitle":"Add Echo method, Remove Greet.java","messageBody":"Echo the user commands.\nGreet only has behaviours, does not need a specific class.\n\nDuke.java contains Greet, Echo, Exit methods.\n","tags":["Level-1"],"fileTypesAndContributionMap":{"java":{"insertions":51,"deletions":9}}},{"hash":"3159a5b0bbd293d5316836c3a7df2d19b35835a1","messageTitle":"Add CommandManager.java, TaskManager.java, Task.java, modify Duke.java","messageBody":"Command Manager to manage behaivour(check for specific commands, show command history)\nTask Manager to manage tasks (add task to list, print all tasks)\nTask Class to define task attributes (task description, task status)\n","tags":["Level-2"],"fileTypesAndContributionMap":{"java":{"insertions":95,"deletions":15}}},{"hash":"53682e012ec25179c7f42b52b26ac1fb47097904","messageTitle":"Add markAsDone, showHelp method","messageBody":"Allow users to get accustomed to the input of commands to use the bot\n\nAllow users to get their tasks done\n","tags":["Level-3"],"fileTypesAndContributionMap":{"java":{"insertions":43,"deletions":10}}},{"hash":"b6a2abb5e72fb5e9675007cb4728e236fb09d4a1","messageTitle":"Reformat code","messageBody":"","tags":["A-CodingStandard"],"fileTypesAndContributionMap":{"java":{"insertions":35,"deletions":35}}}]},{"date":"2021-08-29","commitResults":[{"hash":"d75c3ae3892b572bed79c1ba57c7bc6c535c085d","messageTitle":"Add Deadline.java, Event.java, Todo.java, TaskType.java","messageBody":"Deadline, Event, Todo classes are extended from Task class since they are similar but with slightly different arguments.\nTaskType class is an enumeration for ensuring that there are only the fixed task types (add, todo, deadline, event) for user input.\n","tags":["Level-4"],"fileTypesAndContributionMap":{"java":{"insertions":90,"deletions":9}}},{"hash":"6ed7e750b65d1735bab254421d071e8197263fdd","messageTitle":"Added input.txt for automated testing, edited existing files","messageBody":"Printed lines in existing files print extra trailing space in some print lines, causing the EXPECTED.TXT and ACTUAL.TXT to not match.\n\nPrint lines in existing files edited so that there is not trailing space.\n","tags":["A-TextUiTesting"],"fileTypesAndContributionMap":{"txt":{"insertions":11,"deletions":0},"java":{"insertions":51,"deletions":40}}},{"hash":"4f8ba2c1dca78fd163fae44f094b0b32b47d0a72","messageTitle":"Reformat code","messageBody":"","tags":["A-CodeQuality"],"fileTypesAndContributionMap":{"java":{"insertions":19,"deletions":13}}}]},{"date":"2021-09-09","commitResults":[{"hash":"804f7436edf5c061361b3979fadbb24a9a68fbfc","messageTitle":"Add Handle errors for tasks","messageBody":"","fileTypesAndContributionMap":{"java":{"insertions":30,"deletions":14}}},{"hash":"2491375155685760bfc8706bdd48fbc436f3f1fb","messageTitle":"Add PrintManager.java \u0026 reformat code","messageBody":"","fileTypesAndContributionMap":{"java":{"insertions":118,"deletions":70}}}]},{"date":"2021-09-10","commitResults":[{"hash":"c025e914400d3203b5562d2d30760a352d065964","messageTitle":"Add more handle errors for non-essential functions","messageBody":"","fileTypesAndContributionMap":{"txt":{"insertions":7,"deletions":2},"java":{"insertions":164,"deletions":61}}},{"hash":"98b072bdee708bb8d6c902f4c3105c3b8cdeb760","messageTitle":"Sort classes into Packages and test using text-ui-test","messageBody":"","fileTypesAndContributionMap":{"java":{"insertions":37,"deletions":5}}}]}]},"authorFileTypeContributionMap":{"t-l-xin":{"java":461,"md":0,"fxml":0,"sh":0,"bat":0,"gradle":0,"txt":16}},"authorContributionVariance":{"t-l-xin":1111.9615},"authorDisplayNameMap":{"t-l-xin":"CS2113T-F11-4 TAN .. XIN"}}
