{"authorDailyContributionsMap":{"alwinangys":[{"date":"2021-08-17","commitResults":[{"hash":"80754d13fd8007b1b9470954f0f25f154e3e2ae0","messageTitle":"add greet message","messageBody":"","fileTypesAndContributionMap":{"java":{"insertions":4,"deletions":1}}}]},{"date":"2021-08-22","commitResults":[{"hash":"3b47d1eb38e684d69e36b61e4b459cf8679b4b20","messageTitle":"test 1","messageBody":"","fileTypesAndContributionMap":{"java":{"insertions":3,"deletions":1}}}]},{"date":"2021-08-23","commitResults":[{"hash":"45ae75d9d66da7f7f81307e41c216485555722bf","messageTitle":"Add greet, echo, exit in main","messageBody":"","tags":["Level-1"],"fileTypesAndContributionMap":{"java":{"insertions":19,"deletions":10}}},{"hash":"3acaec8ec38b3474b7c88c321d3d59e4b1a1a3fa","messageTitle":"Add list","messageBody":"","fileTypesAndContributionMap":{"java":{"insertions":10,"deletions":1}}}]},{"date":"2021-08-24","commitResults":[{"hash":"81fafa29fb969db3db84e6282d0f23c57ebf8f3a","messageTitle":"Add methods for echo, add, list","messageBody":"","tags":["Level-2"],"fileTypesAndContributionMap":{"java":{"insertions":20,"deletions":8}}},{"hash":"0fd29003df6a915d0370222327c8a2af4104d69c","messageTitle":"Add task class, ability to mark tasks as done","messageBody":"","tags":["Level-3"],"fileTypesAndContributionMap":{"java":{"insertions":23,"deletions":6}}},{"hash":"904b5b9ea0ff05dddf2708c967112fc060e9e1fb","messageTitle":"Meet coding standard","messageBody":"","tags":["A-CodingStandard"],"fileTypesAndContributionMap":{"java":{"insertions":2,"deletions":2}}},{"hash":"2278e4fc76ced1f64a58b42ebb7eebc0563bf765","messageTitle":"Add task class","messageBody":"","fileTypesAndContributionMap":{"java":{"insertions":27,"deletions":0}}}]},{"date":"2021-08-27","commitResults":[{"hash":"2a642b79629962bc75d79cb58c9a8b046bef84fe","messageTitle":"Add function to print horizontal line, ability to undo tasks, chat bot logo","messageBody":"","fileTypesAndContributionMap":{"java":{"insertions":52,"deletions":2}}},{"hash":"a0e73aa0d6d591543b0594808c7285085a268e41","messageTitle":"Add ability to undo task","messageBody":"","fileTypesAndContributionMap":{"java":{"insertions":4,"deletions":0}}}]},{"date":"2021-08-30","commitResults":[{"hash":"6a925635a3e7db2a0210ae8dcaa7ac4c9b954911","messageTitle":"Add todo, event, deadline classes","messageBody":"","fileTypesAndContributionMap":{"java":{"insertions":52,"deletions":3}}},{"hash":"e9c894e066c5fa56bd1fe001e631f26e5d5a66b6","messageTitle":"Add function to manage Todo, Deadline and Event tasks","messageBody":"","fileTypesAndContributionMap":{"java":{"insertions":52,"deletions":13}}},{"hash":"9941c801535174a1d7b7204e571a779c20e13eb6","messageTitle":"Add input error handling","messageBody":"","tags":["Level-4"],"fileTypesAndContributionMap":{"java":{"insertions":38,"deletions":29}}},{"hash":"1aacf06f0950083b3158369e18a1d4a7a952bcbc","messageTitle":"First round of improving code quality","messageBody":"","fileTypesAndContributionMap":{"java":{"insertions":17,"deletions":12}}},{"hash":"4471f427188c9a1edd3ef199e84336402fc6dcf6","messageTitle":"Remove duplicate code from adding deadline or event","messageBody":"","tags":["A-CodeQuality"],"fileTypesAndContributionMap":{"java":{"insertions":11,"deletions":17}}}]},{"date":"2021-08-31","commitResults":[{"hash":"c47e1de7ecefaad151b03e6a754fc261850aea5e","messageTitle":"Fix distinguishing between deadline and event input","messageBody":"","fileTypesAndContributionMap":{"java":{"insertions":3,"deletions":2}}},{"hash":"a3c95f480061ea4010fc36dac3176990d90d2c91","messageTitle":"Fix toString function","messageBody":"","fileTypesAndContributionMap":{"java":{"insertions":3,"deletions":3}}},{"hash":"562187d1d68a715b16e62ac2b57e19613f3e07b8","messageTitle":"Remove numberOfTasks getter and task id, fix toString function","messageBody":"","fileTypesAndContributionMap":{"java":{"insertions":1,"deletions":10}}}]},{"date":"2021-09-03","commitResults":[{"hash":"f3e14a1c1df7727dd6366e490837d26c670ec455","messageTitle":"Add greetUser, getCommand functions, removed complicated functions, renamed some functions. Change inputManager from if-else to switch case.","messageBody":"","fileTypesAndContributionMap":{"java":{"insertions":47,"deletions":33}}},{"hash":"420d73e18ec6a0beee9a983852b695d01a04fac1","messageTitle":"Add text-ui-testing","messageBody":"","tags":["A-TextUiTesting"],"fileTypesAndContributionMap":{"txt":{"insertions":14,"deletions":0}}}]},{"date":"2021-09-06","commitResults":[{"hash":"0d440e368f109786acbe322de99cc89053ec0db7","messageTitle":"Improve taskManager method","messageBody":"","fileTypesAndContributionMap":{"java":{"insertions":9,"deletions":6}}}]},{"date":"2021-09-07","commitResults":[{"hash":"d34361e91d5cff4757f7e391e43a316546176936","messageTitle":"Add exception handling for empty task description, integrated bye message into inputManager","messageBody":"","fileTypesAndContributionMap":{"java":{"insertions":16,"deletions":14}}},{"hash":"6ab48c3050d45f26f53b97640ad36605168a940f","messageTitle":"Add exception class for do and undo methods","messageBody":"","fileTypesAndContributionMap":{"java":{"insertions":6,"deletions":0}}},{"hash":"b38443101d73802c40206008d2227d4f963a9f87","messageTitle":"Add exception handling for doing and undoing tasks","messageBody":"","fileTypesAndContributionMap":{"java":{"insertions":26,"deletions":12}}}]},{"date":"2021-09-13","commitResults":[{"hash":"a98fe8c042414d52b475a8952e0f2c1e7ebdf21d","messageTitle":"Initial move into duke package","messageBody":"","fileTypesAndContributionMap":{"java":{"insertions":12,"deletions":0},"bat":{"insertions":1,"deletions":1}}},{"hash":"9ce4f3599bb4357c05713b013f799d5c8636e231","messageTitle":"Refactor getters for Todo, Deadline, Event details","messageBody":"","fileTypesAndContributionMap":{"java":{"insertions":41,"deletions":7}}},{"hash":"b08245a1cca66563b3303e50a45cb829f30e46fe","messageTitle":"Add exception class","messageBody":"","fileTypesAndContributionMap":{"java":{"insertions":16,"deletions":0}}},{"hash":"02ced61d9f550079ea49921d4263eefe8e0c5120","messageTitle":"Refactored exception handling for invalid task inputs","messageBody":"","tags":["A-Exceptions"],"fileTypesAndContributionMap":{"java":{"insertions":39,"deletions":22}}},{"hash":"cd93cc0b5f9af6dd17f8fb0309b75b5d5c03374b","messageTitle":"Refactor done and undo task message","messageBody":"","fileTypesAndContributionMap":{"java":{"insertions":24,"deletions":13}}},{"hash":"30385be4cf0755f29be4678f59e6a2e5b77c2a81","messageTitle":"Refactor code for deadline and event exception handling","messageBody":"","fileTypesAndContributionMap":{"java":{"insertions":36,"deletions":6}}}]}]},"authorFileTypeContributionMap":{"alwinangys":{"java":387,"md":0,"fxml":0,"sh":0,"bat":1,"gradle":0,"txt":14}},"authorContributionVariance":{"alwinangys":544.46106},"authorDisplayNameMap":{"alwinangys":"CS2113T-W12-3 ANG ..LWIN"}}
