{"authorDailyContributionsMap":{"alwinangys":[{"date":"2021-08-17","commitResults":[{"hash":"80754d13fd8007b1b9470954f0f25f154e3e2ae0","messageTitle":"add greet message","messageBody":"","fileTypesAndContributionMap":{"java":{"insertions":4,"deletions":1}}}]},{"date":"2021-08-22","commitResults":[{"hash":"3b47d1eb38e684d69e36b61e4b459cf8679b4b20","messageTitle":"test 1","messageBody":"","fileTypesAndContributionMap":{"java":{"insertions":3,"deletions":1}}}]},{"date":"2021-08-23","commitResults":[{"hash":"45ae75d9d66da7f7f81307e41c216485555722bf","messageTitle":"Add greet, echo, exit in main","messageBody":"","tags":["Level-1"],"fileTypesAndContributionMap":{"java":{"insertions":19,"deletions":10}}},{"hash":"3acaec8ec38b3474b7c88c321d3d59e4b1a1a3fa","messageTitle":"Add list","messageBody":"","fileTypesAndContributionMap":{"java":{"insertions":10,"deletions":1}}}]},{"date":"2021-08-24","commitResults":[{"hash":"81fafa29fb969db3db84e6282d0f23c57ebf8f3a","messageTitle":"Add methods for echo, add, list","messageBody":"","tags":["Level-2"],"fileTypesAndContributionMap":{"java":{"insertions":20,"deletions":8}}},{"hash":"0fd29003df6a915d0370222327c8a2af4104d69c","messageTitle":"Add task class, ability to mark tasks as done","messageBody":"","tags":["Level-3"],"fileTypesAndContributionMap":{"java":{"insertions":23,"deletions":6}}},{"hash":"904b5b9ea0ff05dddf2708c967112fc060e9e1fb","messageTitle":"Meet coding standard","messageBody":"","tags":["A-CodingStandard"],"fileTypesAndContributionMap":{"java":{"insertions":2,"deletions":2}}},{"hash":"2278e4fc76ced1f64a58b42ebb7eebc0563bf765","messageTitle":"Add task class","messageBody":"","fileTypesAndContributionMap":{"java":{"insertions":27,"deletions":0}}}]},{"date":"2021-08-27","commitResults":[{"hash":"2a642b79629962bc75d79cb58c9a8b046bef84fe","messageTitle":"Add function to print horizontal line, ability to undo tasks, chat bot logo","messageBody":"","fileTypesAndContributionMap":{"java":{"insertions":52,"deletions":2}}},{"hash":"a0e73aa0d6d591543b0594808c7285085a268e41","messageTitle":"Add ability to undo task","messageBody":"","fileTypesAndContributionMap":{"java":{"insertions":4,"deletions":0}}}]},{"date":"2021-08-30","commitResults":[{"hash":"6a925635a3e7db2a0210ae8dcaa7ac4c9b954911","messageTitle":"Add todo, event, deadline classes","messageBody":"","fileTypesAndContributionMap":{"java":{"insertions":52,"deletions":3}}},{"hash":"e9c894e066c5fa56bd1fe001e631f26e5d5a66b6","messageTitle":"Add function to manage Todo, Deadline and Event tasks","messageBody":"","fileTypesAndContributionMap":{"java":{"insertions":52,"deletions":13}}},{"hash":"9941c801535174a1d7b7204e571a779c20e13eb6","messageTitle":"Add input error handling","messageBody":"","tags":["Level-4"],"fileTypesAndContributionMap":{"java":{"insertions":38,"deletions":29}}},{"hash":"1aacf06f0950083b3158369e18a1d4a7a952bcbc","messageTitle":"First round of improving code quality","messageBody":"","fileTypesAndContributionMap":{"java":{"insertions":17,"deletions":12}}},{"hash":"4471f427188c9a1edd3ef199e84336402fc6dcf6","messageTitle":"Remove duplicate code from adding deadline or event","messageBody":"","tags":["A-CodeQuality"],"fileTypesAndContributionMap":{"java":{"insertions":11,"deletions":17}}}]},{"date":"2021-08-31","commitResults":[{"hash":"c47e1de7ecefaad151b03e6a754fc261850aea5e","messageTitle":"Fix distinguishing between deadline and event input","messageBody":"","fileTypesAndContributionMap":{"java":{"insertions":3,"deletions":2}}},{"hash":"a3c95f480061ea4010fc36dac3176990d90d2c91","messageTitle":"Fix toString function","messageBody":"","fileTypesAndContributionMap":{"java":{"insertions":3,"deletions":3}}},{"hash":"562187d1d68a715b16e62ac2b57e19613f3e07b8","messageTitle":"Remove numberOfTasks getter and task id, fix toString function","messageBody":"","fileTypesAndContributionMap":{"java":{"insertions":1,"deletions":10}}}]},{"date":"2021-09-03","commitResults":[{"hash":"f3e14a1c1df7727dd6366e490837d26c670ec455","messageTitle":"Add greetUser, getCommand functions, removed complicated functions, renamed some functions. Change inputManager from if-else to switch case.","messageBody":"","fileTypesAndContributionMap":{"java":{"insertions":47,"deletions":33}}},{"hash":"420d73e18ec6a0beee9a983852b695d01a04fac1","messageTitle":"Add text-ui-testing","messageBody":"","tags":["A-TextUiTesting"],"fileTypesAndContributionMap":{"txt":{"insertions":14,"deletions":0}}}]},{"date":"2021-09-06","commitResults":[{"hash":"0d440e368f109786acbe322de99cc89053ec0db7","messageTitle":"Improve taskManager method","messageBody":"","fileTypesAndContributionMap":{"java":{"insertions":9,"deletions":6}}}]},{"date":"2021-09-07","commitResults":[{"hash":"d34361e91d5cff4757f7e391e43a316546176936","messageTitle":"Add exception handling for empty task description, integrated bye message into inputManager","messageBody":"","fileTypesAndContributionMap":{"java":{"insertions":16,"deletions":14}}},{"hash":"6ab48c3050d45f26f53b97640ad36605168a940f","messageTitle":"Add exception class for do and undo methods","messageBody":"","fileTypesAndContributionMap":{"java":{"insertions":6,"deletions":0}}},{"hash":"b38443101d73802c40206008d2227d4f963a9f87","messageTitle":"Add exception handling for doing and undoing tasks","messageBody":"","fileTypesAndContributionMap":{"java":{"insertions":26,"deletions":12}}}]},{"date":"2021-09-13","commitResults":[{"hash":"a98fe8c042414d52b475a8952e0f2c1e7ebdf21d","messageTitle":"Initial move into duke package","messageBody":"","fileTypesAndContributionMap":{"java":{"insertions":12,"deletions":0},"bat":{"insertions":1,"deletions":1}}},{"hash":"9ce4f3599bb4357c05713b013f799d5c8636e231","messageTitle":"Refactor getters for Todo, Deadline, Event details","messageBody":"","fileTypesAndContributionMap":{"java":{"insertions":41,"deletions":7}}},{"hash":"b08245a1cca66563b3303e50a45cb829f30e46fe","messageTitle":"Add exception class","messageBody":"","fileTypesAndContributionMap":{"java":{"insertions":16,"deletions":0}}},{"hash":"02ced61d9f550079ea49921d4263eefe8e0c5120","messageTitle":"Refactored exception handling for invalid task inputs","messageBody":"","tags":["A-Exceptions"],"fileTypesAndContributionMap":{"java":{"insertions":39,"deletions":22}}},{"hash":"cd93cc0b5f9af6dd17f8fb0309b75b5d5c03374b","messageTitle":"Refactor done and undo task message","messageBody":"","fileTypesAndContributionMap":{"java":{"insertions":24,"deletions":13}}},{"hash":"30385be4cf0755f29be4678f59e6a2e5b77c2a81","messageTitle":"Refactor code for deadline and event exception handling","messageBody":"","fileTypesAndContributionMap":{"java":{"insertions":36,"deletions":6}}},{"hash":"7871180c8852d3cb827b1cafee0c608090253101","messageTitle":"Replace task array with ArrayList","messageBody":"","fileTypesAndContributionMap":{"java":{"insertions":32,"deletions":29}}}]},{"date":"2021-09-14","commitResults":[{"hash":"0193870b34e35079178628c0212208f4e704937c","messageTitle":"Add delete task function","messageBody":"","fileTypesAndContributionMap":{"java":{"insertions":24,"deletions":10}}},{"hash":"b8e63ff20768468e90dcee5cb35c24d24aea277e","messageTitle":"Add intiial file methods","messageBody":"","fileTypesAndContributionMap":{"java":{"insertions":28,"deletions":0}}},{"hash":"f35d696836ec97de10899ca4a4572183561e43ae","messageTitle":"Add getters","messageBody":"","fileTypesAndContributionMap":{"java":{"insertions":8,"deletions":0}}},{"hash":"697624408e2d36f4708d8f872b057a35af901166","messageTitle":"Add methods to load and save tasks","messageBody":"","fileTypesAndContributionMap":{"java":{"insertions":76,"deletions":15}}},{"hash":"7a25e935418182fde8f408131a94754868775950","messageTitle":"Improve formatting","messageBody":"","fileTypesAndContributionMap":{"java":{"insertions":6,"deletions":6}}},{"hash":"23110edd510b31f3f16fe7beb7a201d0a8754b7d","messageTitle":"Handle case if directory does not exist","messageBody":"","tags":["A-Jar"],"fileTypesAndContributionMap":{"java":{"insertions":8,"deletions":0}}}]},{"date":"2021-09-22","commitResults":[{"hash":"38c9fbd3bff04c729d6cade54c0dd2bb0c29cf49","messageTitle":"Change access modifiers","messageBody":"","fileTypesAndContributionMap":{"java":{"insertions":3,"deletions":3}}},{"hash":"16ebda1eae032dc6e31d320ea5703e4ae40da90e","messageTitle":"Update handling case where data file does not exist at the start","messageBody":"","fileTypesAndContributionMap":{"java":{"insertions":9,"deletions":4}}},{"hash":"63c6388ebc536133d6963ad608e5086c24272f7c","messageTitle":"Renamed by to deadline","messageBody":"","fileTypesAndContributionMap":{"java":{"insertions":6,"deletions":6}}},{"hash":"d504ae7a1d2f520ba6249e4691d7aaf214b8658b","messageTitle":"Renamed by to deadline","messageBody":"","fileTypesAndContributionMap":{"java":{"insertions":1,"deletions":1}}},{"hash":"9914d3c0cc281008ce5c04d1007ad0e5820c5f48","messageTitle":"Shift input checks from getCommand to inputManager","messageBody":"","fileTypesAndContributionMap":{"java":{"insertions":14,"deletions":15}}}]},{"date":"2021-09-23","commitResults":[{"hash":"1ca2fb61f07b1656ef3827253b65d4d2653ac464","messageTitle":"Add classes","messageBody":"","fileTypesAndContributionMap":{"java":{"insertions":124,"deletions":0}}},{"hash":"a36ad204b9298ff180bc492235e5aefafa8b57d3","messageTitle":"Moved file related code into Storage class","messageBody":"","fileTypesAndContributionMap":{"java":{"insertions":1,"deletions":98}}},{"hash":"0c1a44d47d68292564cc6bec475ad59c9f60b64b","messageTitle":"Add initial greeting messages","messageBody":"","fileTypesAndContributionMap":{"java":{"insertions":15,"deletions":0}}},{"hash":"bdf1f22753c45114c10f40c62ddb85d88eded8f5","messageTitle":"Add skeleton for todo, deadline, event","messageBody":"","fileTypesAndContributionMap":{"java":{"insertions":15,"deletions":0}}},{"hash":"93b324d481f7435b48d355d3ef5699a99ec0fdb7","messageTitle":"Add parsing of todo, deadline, event related commands","messageBody":"","fileTypesAndContributionMap":{"java":{"insertions":51,"deletions":0}}},{"hash":"7a055e338775a646fa4dd51897c924ca0c958a10","messageTitle":"Add doing and undoing of tasks with exceptions","messageBody":"","fileTypesAndContributionMap":{"java":{"insertions":48,"deletions":2}}},{"hash":"510898e0b4494e64cef9fd161f4031bcd8da4f71","messageTitle":"Add UI elements for tasks","messageBody":"","fileTypesAndContributionMap":{"java":{"insertions":27,"deletions":1}}},{"hash":"3194ac30be06018849e3da1cdf355fc1b74f72d7","messageTitle":"Add task related methods","messageBody":"","fileTypesAndContributionMap":{"java":{"insertions":39,"deletions":6}}},{"hash":"061e0dd7910187cef62edba103064f5b0fa31e64","messageTitle":"Add messages","messageBody":"","fileTypesAndContributionMap":{"java":{"insertions":36,"deletions":16}}},{"hash":"8e1eb44246a689bb8534f4839134ff2aaf0c200c","messageTitle":"Add main parseCommand method","messageBody":"","fileTypesAndContributionMap":{"java":{"insertions":59,"deletions":8}}},{"hash":"8604d8610118094aa0663d27d904b339e7685fa5","messageTitle":"Put methods into respective classes","messageBody":"","fileTypesAndContributionMap":{"java":{"insertions":13,"deletions":297}}},{"hash":"467ee02b402d271d5ea2ff1aac81ffc0a63fef0e","messageTitle":"Improve code","messageBody":"","fileTypesAndContributionMap":{"java":{"insertions":4,"deletions":3}}},{"hash":"e5c6773106aa509503e99d75ee898299a097d7cd","messageTitle":"Added final file path","messageBody":"","fileTypesAndContributionMap":{"java":{"insertions":12,"deletions":11}}},{"hash":"09615732f125598d0c3d5ee9cdfc3030aea11859","messageTitle":"Cleaned up code","messageBody":"","tags":["A-MoreOOP"],"fileTypesAndContributionMap":{"java":{"insertions":4,"deletions":8}}},{"hash":"3986de9182e4afbedc5471177f266cbde8179461","messageTitle":"Divide into multiple packages","messageBody":"","fileTypesAndContributionMap":{"java":{"insertions":59,"deletions":30}}}]}]},"authorFileTypeContributionMap":{"alwinangys":{"java":541,"md":0,"fxml":0,"sh":0,"bat":1,"gradle":0,"txt":14}},"authorContributionVariance":{"alwinangys":4593.36},"authorDisplayNameMap":{"alwinangys":"CS2113T-W12-3 ANG ..LWIN"}}
