[{"path":"CONTRIBUTORS.md","fileType":"md","lines":[{"lineNumber":1,"author":{"gitId":"-"},"content":"# Contributors","lastModifiedDate":"2019-07-29"},{"lineNumber":2,"author":{"gitId":"-"},"content":"","lastModifiedDate":"2019-07-29"},{"lineNumber":3,"author":{"gitId":"-"},"content":"Display | Name | Github Profile | Homepage","lastModifiedDate":"2019-07-29"},{"lineNumber":4,"author":{"gitId":"-"},"content":"---|:---:|:---:|:---:","lastModifiedDate":"2019-07-29"},{"lineNumber":5,"author":{"gitId":"-"},"content":"![](https://avatars0.githubusercontent.com/u/22460123?s\u003d100) | Jeffry Lum | [Github](https://github.com/j-lum/) | [Homepage](https://se.kasugano.moe)","lastModifiedDate":"2019-08-06"},{"lineNumber":6,"author":{"gitId":"-"},"content":"![](https://avatars0.githubusercontent.com/u/1673303?s\u003d100) | Damith C. Rajapakse | [Github](https://github.com/damithc/) | [Homepage](https://www.comp.nus.edu.sg/~damithch/)","lastModifiedDate":"2019-08-06"},{"lineNumber":7,"author":{"gitId":"kengjit"},"content":"# I would like to join this task. How can I help the project","lastModifiedDate":"2021-08-24"},{"lineNumber":8,"author":{"gitId":"-"},"content":"","lastModifiedDate":"2019-07-29"},{"lineNumber":9,"author":{"gitId":"-"},"content":"For more information, please refer to our [contributor\u0027s guide](https://oss-generic.github.io/process/).","lastModifiedDate":"2019-07-29"}],"authorContributionMap":{"kengjit":1,"-":8}},{"path":"README.md","fileType":"md","lines":[{"lineNumber":1,"author":{"gitId":"kengjit"},"content":"# Kitty project template","lastModifiedDate":"2021-08-22"},{"lineNumber":2,"author":{"gitId":"-"},"content":"","lastModifiedDate":"2020-05-25"},{"lineNumber":3,"author":{"gitId":"-"},"content":"This is a project template for a greenfield Java project. It\u0027s named after the Java mascot _Duke_. Given below are instructions on how to use it.","lastModifiedDate":"2020-05-25"},{"lineNumber":4,"author":{"gitId":"-"},"content":"","lastModifiedDate":"2020-05-25"},{"lineNumber":5,"author":{"gitId":"-"},"content":"## Setting up in Intellij","lastModifiedDate":"2020-05-25"},{"lineNumber":6,"author":{"gitId":"-"},"content":"","lastModifiedDate":"2020-05-25"},{"lineNumber":7,"author":{"gitId":"-"},"content":"Prerequisites: JDK 11, update Intellij to the most recent version.","lastModifiedDate":"2020-05-25"},{"lineNumber":8,"author":{"gitId":"-"},"content":"","lastModifiedDate":"2020-05-25"},{"lineNumber":9,"author":{"gitId":"-"},"content":"1. Open Intellij (if you are not in the welcome screen, click `File` \u003e `Close Project` to close the existing project first)","lastModifiedDate":"2021-01-17"},{"lineNumber":10,"author":{"gitId":"-"},"content":"1. Open the project into Intellij as follows:","lastModifiedDate":"2021-01-17"},{"lineNumber":11,"author":{"gitId":"-"},"content":"   1. Click `Open`.","lastModifiedDate":"2021-01-17"},{"lineNumber":12,"author":{"gitId":"-"},"content":"   1. Select the project directory, and click `OK`.","lastModifiedDate":"2021-01-17"},{"lineNumber":13,"author":{"gitId":"-"},"content":"   1. If there are any further prompts, accept the defaults.","lastModifiedDate":"2020-05-25"},{"lineNumber":14,"author":{"gitId":"-"},"content":"1. Configure the project to use **JDK 11** (not other versions) as explained in [here](https://www.jetbrains.com/help/idea/sdk.html#set-up-jdk).\u003cbr\u003e","lastModifiedDate":"2021-07-29"},{"lineNumber":15,"author":{"gitId":"-"},"content":"   In the same dialog, set the **Project language level** field to the `SDK default` option.","lastModifiedDate":"2021-07-29"},{"lineNumber":16,"author":{"gitId":"kengjit"},"content":"3. After that, locate the `src/main/java/Kitty.java` file, right-click it, and choose `Run Kitty.main()` (if the code editor is showing compile errors, try restarting the IDE). If the setup is correct, you should see something like the below as the output:","lastModifiedDate":"2021-08-22"},{"lineNumber":17,"author":{"gitId":"-"},"content":"   ```","lastModifiedDate":"2020-05-25"},{"lineNumber":18,"author":{"gitId":"-"},"content":"   Hello from","lastModifiedDate":"2020-05-25"},{"lineNumber":19,"author":{"gitId":"-"},"content":"    ____        _        ","lastModifiedDate":"2020-05-25"},{"lineNumber":20,"author":{"gitId":"-"},"content":"   |  _ \\ _   _| | _____ ","lastModifiedDate":"2020-05-25"},{"lineNumber":21,"author":{"gitId":"-"},"content":"   | | | | | | | |/ / _ \\","lastModifiedDate":"2020-05-25"},{"lineNumber":22,"author":{"gitId":"-"},"content":"   | |_| | |_| |   \u003c  __/","lastModifiedDate":"2020-05-25"},{"lineNumber":23,"author":{"gitId":"-"},"content":"   |____/ \\__,_|_|\\_\\___|","lastModifiedDate":"2020-05-25"},{"lineNumber":24,"author":{"gitId":"-"},"content":"   ```","lastModifiedDate":"2020-05-25"}],"authorContributionMap":{"kengjit":2,"-":22}},{"path":"src/main/java/Deadline.java","fileType":"java","lines":[{"lineNumber":1,"author":{"gitId":"kengjit"},"content":"public class Deadline extends Task{","lastModifiedDate":"2021-08-31"},{"lineNumber":2,"author":{"gitId":"kengjit"},"content":"    protected String deadline;","lastModifiedDate":"2021-08-31"},{"lineNumber":3,"author":{"gitId":"kengjit"},"content":"","lastModifiedDate":"2021-08-31"},{"lineNumber":4,"author":{"gitId":"kengjit"},"content":"    public Deadline(String taskName, String deadline) {","lastModifiedDate":"2021-08-31"},{"lineNumber":5,"author":{"gitId":"kengjit"},"content":"        super(taskName);","lastModifiedDate":"2021-08-31"},{"lineNumber":6,"author":{"gitId":"kengjit"},"content":"        this.deadline \u003d deadline;","lastModifiedDate":"2021-08-31"},{"lineNumber":7,"author":{"gitId":"kengjit"},"content":"    }","lastModifiedDate":"2021-08-31"},{"lineNumber":8,"author":{"gitId":"kengjit"},"content":"","lastModifiedDate":"2021-08-31"},{"lineNumber":9,"author":{"gitId":"kengjit"},"content":"    @Override","lastModifiedDate":"2021-08-31"},{"lineNumber":10,"author":{"gitId":"kengjit"},"content":"    public String toString() {","lastModifiedDate":"2021-08-31"},{"lineNumber":11,"author":{"gitId":"kengjit"},"content":"        return \"[D]\" + super.toString() + \" [by: \" + deadline + \"]\";","lastModifiedDate":"2021-08-31"},{"lineNumber":12,"author":{"gitId":"kengjit"},"content":"    }","lastModifiedDate":"2021-08-31"},{"lineNumber":13,"author":{"gitId":"kengjit"},"content":"}","lastModifiedDate":"2021-08-31"}],"authorContributionMap":{"kengjit":13}},{"path":"src/main/java/Event.java","fileType":"java","lines":[{"lineNumber":1,"author":{"gitId":"kengjit"},"content":"public class Event extends Task{","lastModifiedDate":"2021-08-31"},{"lineNumber":2,"author":{"gitId":"kengjit"},"content":"    protected String eventDate;","lastModifiedDate":"2021-08-31"},{"lineNumber":3,"author":{"gitId":"kengjit"},"content":"","lastModifiedDate":"2021-08-31"},{"lineNumber":4,"author":{"gitId":"kengjit"},"content":"    public Event(String taskName, String eventDate) {","lastModifiedDate":"2021-08-31"},{"lineNumber":5,"author":{"gitId":"kengjit"},"content":"        super(taskName);","lastModifiedDate":"2021-08-31"},{"lineNumber":6,"author":{"gitId":"kengjit"},"content":"        this.eventDate \u003d eventDate;","lastModifiedDate":"2021-08-31"},{"lineNumber":7,"author":{"gitId":"kengjit"},"content":"    }","lastModifiedDate":"2021-08-31"},{"lineNumber":8,"author":{"gitId":"kengjit"},"content":"","lastModifiedDate":"2021-08-31"},{"lineNumber":9,"author":{"gitId":"kengjit"},"content":"    @Override","lastModifiedDate":"2021-08-31"},{"lineNumber":10,"author":{"gitId":"kengjit"},"content":"    public String toString() {","lastModifiedDate":"2021-08-31"},{"lineNumber":11,"author":{"gitId":"kengjit"},"content":"        return \"[E]\" + super.toString() + \" [at: \" + eventDate + \"]\";","lastModifiedDate":"2021-08-31"},{"lineNumber":12,"author":{"gitId":"kengjit"},"content":"    }","lastModifiedDate":"2021-08-31"},{"lineNumber":13,"author":{"gitId":"kengjit"},"content":"}","lastModifiedDate":"2021-08-31"}],"authorContributionMap":{"kengjit":13}},{"path":"src/main/java/Kitty.java","fileType":"java","lines":[{"lineNumber":1,"author":{"gitId":"kengjit"},"content":"import java.util.Scanner;","lastModifiedDate":"2021-08-22"},{"lineNumber":2,"author":{"gitId":"kengjit"},"content":"","lastModifiedDate":"2021-08-22"},{"lineNumber":3,"author":{"gitId":"kengjit"},"content":"public class Kitty {","lastModifiedDate":"2021-08-22"},{"lineNumber":4,"author":{"gitId":"kengjit"},"content":"    public static final int MAX_TASKS \u003d 100;","lastModifiedDate":"2021-08-31"},{"lineNumber":5,"author":{"gitId":"kengjit"},"content":"    public static Task[] tasks \u003d new Task[MAX_TASKS];","lastModifiedDate":"2021-08-31"},{"lineNumber":6,"author":{"gitId":"kengjit"},"content":"    public static int totalTasksCount \u003d 0;","lastModifiedDate":"2021-08-22"},{"lineNumber":7,"author":{"gitId":"kengjit"},"content":"","lastModifiedDate":"2021-08-22"},{"lineNumber":8,"author":{"gitId":"kengjit"},"content":"    //Methods","lastModifiedDate":"2021-08-22"},{"lineNumber":9,"author":{"gitId":"kengjit"},"content":"    public static void printList(Task[] task) {","lastModifiedDate":"2021-08-24"},{"lineNumber":10,"author":{"gitId":"kengjit"},"content":"        System.out.println();","lastModifiedDate":"2021-08-22"},{"lineNumber":11,"author":{"gitId":"kengjit"},"content":"        System.out.println(\"Here are the tasks you have!\");","lastModifiedDate":"2021-08-24"},{"lineNumber":12,"author":{"gitId":"kengjit"},"content":"        for (int i \u003d 0; i \u003c totalTasksCount; i++) {","lastModifiedDate":"2021-08-22"},{"lineNumber":13,"author":{"gitId":"kengjit"},"content":"            System.out.print(i+1 + \".\");","lastModifiedDate":"2021-08-24"},{"lineNumber":14,"author":{"gitId":"kengjit"},"content":"            System.out.println(task[i]);","lastModifiedDate":"2021-08-31"},{"lineNumber":15,"author":{"gitId":"kengjit"},"content":"        }","lastModifiedDate":"2021-08-24"},{"lineNumber":16,"author":{"gitId":"kengjit"},"content":"        System.out.println();","lastModifiedDate":"2021-08-24"},{"lineNumber":17,"author":{"gitId":"kengjit"},"content":"        System.out.println(\" |\\\\__/,|   (`\\\\\\n\" +","lastModifiedDate":"2021-08-22"},{"lineNumber":18,"author":{"gitId":"kengjit"},"content":"                            \" |_ _  |.--.) )\\n\" +","lastModifiedDate":"2021-08-22"},{"lineNumber":19,"author":{"gitId":"kengjit"},"content":"                            \" ( T   )     /\\n\" +","lastModifiedDate":"2021-08-22"},{"lineNumber":20,"author":{"gitId":"kengjit"},"content":"                            \"(((^_(((/(((_/\");","lastModifiedDate":"2021-08-22"},{"lineNumber":21,"author":{"gitId":"kengjit"},"content":"        System.out.println(\"\u003d\u003d\u003d\u003d\u003d\u003d\u003d\u003d\u003d\u003d\u003d\u003d\u003d\u003d\u003d\u003d\u003d\u003d\u003d\u003d\u003d\u003d\u003d\u003d\u003d\u003d\u003d\u003d\u003d\u003d\u003d\u003d\u003d\u003d\u003d\u003d\u003d\u003d\u003d\u003d\u003d\u003d\u003d\u003d\u003d\u003d\u003d\");","lastModifiedDate":"2021-08-31"},{"lineNumber":22,"author":{"gitId":"kengjit"},"content":"    }","lastModifiedDate":"2021-08-22"},{"lineNumber":23,"author":{"gitId":"kengjit"},"content":"","lastModifiedDate":"2021-08-22"},{"lineNumber":24,"author":{"gitId":"kengjit"},"content":"    public static void addToList(String line, String type) {","lastModifiedDate":"2021-08-31"},{"lineNumber":25,"author":{"gitId":"kengjit"},"content":"        switch (type) {","lastModifiedDate":"2021-08-31"},{"lineNumber":26,"author":{"gitId":"kengjit"},"content":"        case \"T\":","lastModifiedDate":"2021-08-31"},{"lineNumber":27,"author":{"gitId":"kengjit"},"content":"            addTodoTask(line);","lastModifiedDate":"2021-08-31"},{"lineNumber":28,"author":{"gitId":"kengjit"},"content":"            break;","lastModifiedDate":"2021-08-31"},{"lineNumber":29,"author":{"gitId":"kengjit"},"content":"        case \"D\":","lastModifiedDate":"2021-08-31"},{"lineNumber":30,"author":{"gitId":"kengjit"},"content":"            addDeadlineTask(line);","lastModifiedDate":"2021-08-31"},{"lineNumber":31,"author":{"gitId":"kengjit"},"content":"            break;","lastModifiedDate":"2021-08-31"},{"lineNumber":32,"author":{"gitId":"kengjit"},"content":"        case \"E\":","lastModifiedDate":"2021-08-31"},{"lineNumber":33,"author":{"gitId":"kengjit"},"content":"            addEventTask(line);","lastModifiedDate":"2021-08-31"},{"lineNumber":34,"author":{"gitId":"kengjit"},"content":"            break;","lastModifiedDate":"2021-08-31"},{"lineNumber":35,"author":{"gitId":"kengjit"},"content":"        }","lastModifiedDate":"2021-08-31"},{"lineNumber":36,"author":{"gitId":"kengjit"},"content":"        totalTasksCount++;","lastModifiedDate":"2021-08-31"},{"lineNumber":37,"author":{"gitId":"kengjit"},"content":"        System.out.println();","lastModifiedDate":"2021-08-22"},{"lineNumber":38,"author":{"gitId":"kengjit"},"content":"        System.out.println(\"Added: \" + tasks[totalTasksCount - 1]);","lastModifiedDate":"2021-08-31"},{"lineNumber":39,"author":{"gitId":"kengjit"},"content":"        System.out.println();","lastModifiedDate":"2021-08-24"},{"lineNumber":40,"author":{"gitId":"kengjit"},"content":"        System.out.println(\"  /\\\\_/\\\\  (\\n\" +","lastModifiedDate":"2021-08-22"},{"lineNumber":41,"author":{"gitId":"kengjit"},"content":"                            \" ( ^.^ ) _)\\n\" +","lastModifiedDate":"2021-08-22"},{"lineNumber":42,"author":{"gitId":"kengjit"},"content":"                            \"   \\\\\\\"/  (\\n\" +","lastModifiedDate":"2021-08-22"},{"lineNumber":43,"author":{"gitId":"kengjit"},"content":"                            \" ( | | )\\n\" +","lastModifiedDate":"2021-08-22"},{"lineNumber":44,"author":{"gitId":"kengjit"},"content":"                            \"(__d b__)\");","lastModifiedDate":"2021-08-22"},{"lineNumber":45,"author":{"gitId":"kengjit"},"content":"        System.out.println(\"\u003d\u003d\u003d\u003d\u003d\u003d\u003d\u003d\u003d\u003d\u003d\u003d\u003d\u003d\u003d\u003d\u003d\u003d\u003d\u003d\u003d\u003d\u003d\u003d\u003d\u003d\u003d\u003d\u003d\u003d\u003d\u003d\u003d\u003d\u003d\u003d\u003d\u003d\u003d\u003d\u003d\u003d\u003d\u003d\u003d\u003d\u003d\");","lastModifiedDate":"2021-08-31"},{"lineNumber":46,"author":{"gitId":"kengjit"},"content":"    }","lastModifiedDate":"2021-08-31"},{"lineNumber":47,"author":{"gitId":"kengjit"},"content":"","lastModifiedDate":"2021-08-31"},{"lineNumber":48,"author":{"gitId":"kengjit"},"content":"    private static void addTodoTask(String line) {","lastModifiedDate":"2021-08-31"},{"lineNumber":49,"author":{"gitId":"kengjit"},"content":"        String taskName \u003d getTaskName(line);","lastModifiedDate":"2021-08-31"},{"lineNumber":50,"author":{"gitId":"kengjit"},"content":"        tasks[totalTasksCount] \u003d new Todo(taskName);","lastModifiedDate":"2021-08-31"},{"lineNumber":51,"author":{"gitId":"kengjit"},"content":"    }","lastModifiedDate":"2021-08-31"},{"lineNumber":52,"author":{"gitId":"kengjit"},"content":"","lastModifiedDate":"2021-08-31"},{"lineNumber":53,"author":{"gitId":"kengjit"},"content":"    private static String getTaskName(String line) {","lastModifiedDate":"2021-08-31"},{"lineNumber":54,"author":{"gitId":"kengjit"},"content":"        return line.substring(line.indexOf(\" \") + 1);","lastModifiedDate":"2021-08-31"},{"lineNumber":55,"author":{"gitId":"kengjit"},"content":"    }","lastModifiedDate":"2021-08-31"},{"lineNumber":56,"author":{"gitId":"kengjit"},"content":"","lastModifiedDate":"2021-08-31"},{"lineNumber":57,"author":{"gitId":"kengjit"},"content":"    private static void addDeadlineTask(String line) {","lastModifiedDate":"2021-08-31"},{"lineNumber":58,"author":{"gitId":"kengjit"},"content":"        String task \u003d hasDeadline(line) ? getDeadlineTaskName(line) : getTaskName(line);","lastModifiedDate":"2021-08-31"},{"lineNumber":59,"author":{"gitId":"kengjit"},"content":"        String deadline \u003d hasDeadline(line) ? getDeadline(line) : \"No Deadline!\";","lastModifiedDate":"2021-08-31"},{"lineNumber":60,"author":{"gitId":"kengjit"},"content":"        tasks[totalTasksCount] \u003d new Deadline(task, deadline);","lastModifiedDate":"2021-08-31"},{"lineNumber":61,"author":{"gitId":"kengjit"},"content":"    }","lastModifiedDate":"2021-08-31"},{"lineNumber":62,"author":{"gitId":"kengjit"},"content":"","lastModifiedDate":"2021-08-31"},{"lineNumber":63,"author":{"gitId":"kengjit"},"content":"    private static String getDeadlineTaskName(String line) {","lastModifiedDate":"2021-08-31"},{"lineNumber":64,"author":{"gitId":"kengjit"},"content":"        return line.substring(line.indexOf(\" \") + 1, line.indexOf(\"/by\"));","lastModifiedDate":"2021-08-31"},{"lineNumber":65,"author":{"gitId":"kengjit"},"content":"    }","lastModifiedDate":"2021-08-31"},{"lineNumber":66,"author":{"gitId":"kengjit"},"content":"","lastModifiedDate":"2021-08-31"},{"lineNumber":67,"author":{"gitId":"kengjit"},"content":"    private static String getDeadline(String line) {","lastModifiedDate":"2021-08-31"},{"lineNumber":68,"author":{"gitId":"kengjit"},"content":"        return line.substring(line.indexOf(\"/by \") + 4);","lastModifiedDate":"2021-08-31"},{"lineNumber":69,"author":{"gitId":"kengjit"},"content":"    }","lastModifiedDate":"2021-08-31"},{"lineNumber":70,"author":{"gitId":"kengjit"},"content":"","lastModifiedDate":"2021-08-31"},{"lineNumber":71,"author":{"gitId":"kengjit"},"content":"    private static boolean hasDeadline(String line) {","lastModifiedDate":"2021-08-31"},{"lineNumber":72,"author":{"gitId":"kengjit"},"content":"        return line.contains(\"/by\");","lastModifiedDate":"2021-08-31"},{"lineNumber":73,"author":{"gitId":"kengjit"},"content":"    }","lastModifiedDate":"2021-08-22"},{"lineNumber":74,"author":{"gitId":"kengjit"},"content":"","lastModifiedDate":"2021-08-22"},{"lineNumber":75,"author":{"gitId":"kengjit"},"content":"    private static void addEventTask(String line) {","lastModifiedDate":"2021-08-31"},{"lineNumber":76,"author":{"gitId":"kengjit"},"content":"        String task \u003d hasEventDate(line) ? getEventTaskName(line) : getTaskName(line);","lastModifiedDate":"2021-08-31"},{"lineNumber":77,"author":{"gitId":"kengjit"},"content":"        String EventDate \u003d hasEventDate(line) ? getEventDate(line) : \"No Event Date!\";","lastModifiedDate":"2021-08-31"},{"lineNumber":78,"author":{"gitId":"kengjit"},"content":"        tasks[totalTasksCount] \u003d new Event(task, EventDate);","lastModifiedDate":"2021-08-31"},{"lineNumber":79,"author":{"gitId":"kengjit"},"content":"    }","lastModifiedDate":"2021-08-31"},{"lineNumber":80,"author":{"gitId":"kengjit"},"content":"","lastModifiedDate":"2021-08-31"},{"lineNumber":81,"author":{"gitId":"kengjit"},"content":"    private static String getEventTaskName(String line) {","lastModifiedDate":"2021-08-31"},{"lineNumber":82,"author":{"gitId":"kengjit"},"content":"        return line.substring(line.indexOf(\" \") + 1, line.indexOf(\"/at\"));","lastModifiedDate":"2021-08-31"},{"lineNumber":83,"author":{"gitId":"kengjit"},"content":"    }","lastModifiedDate":"2021-08-31"},{"lineNumber":84,"author":{"gitId":"kengjit"},"content":"","lastModifiedDate":"2021-08-31"},{"lineNumber":85,"author":{"gitId":"kengjit"},"content":"    private static String getEventDate(String line) {","lastModifiedDate":"2021-08-31"},{"lineNumber":86,"author":{"gitId":"kengjit"},"content":"        return line.substring(line.indexOf(\"/at \") + 4);","lastModifiedDate":"2021-08-31"},{"lineNumber":87,"author":{"gitId":"kengjit"},"content":"    }","lastModifiedDate":"2021-08-31"},{"lineNumber":88,"author":{"gitId":"kengjit"},"content":"","lastModifiedDate":"2021-08-31"},{"lineNumber":89,"author":{"gitId":"kengjit"},"content":"    private static boolean hasEventDate(String line) {","lastModifiedDate":"2021-08-31"},{"lineNumber":90,"author":{"gitId":"kengjit"},"content":"        return line.contains(\"/at\");","lastModifiedDate":"2021-08-31"},{"lineNumber":91,"author":{"gitId":"kengjit"},"content":"    }","lastModifiedDate":"2021-08-24"},{"lineNumber":92,"author":{"gitId":"kengjit"},"content":"","lastModifiedDate":"2021-08-24"},{"lineNumber":93,"author":{"gitId":"kengjit"},"content":"    public static void markTask(String line) {","lastModifiedDate":"2021-08-24"},{"lineNumber":94,"author":{"gitId":"kengjit"},"content":"        if (!isTaskNumValid(line)) {","lastModifiedDate":"2021-08-31"},{"lineNumber":95,"author":{"gitId":"kengjit"},"content":"            printCommands.showErrorMessage();","lastModifiedDate":"2021-08-31"},{"lineNumber":96,"author":{"gitId":"kengjit"},"content":"            return;","lastModifiedDate":"2021-08-31"},{"lineNumber":97,"author":{"gitId":"kengjit"},"content":"        }","lastModifiedDate":"2021-08-31"},{"lineNumber":98,"author":{"gitId":"kengjit"},"content":"        int taskNum \u003d Integer.parseInt(line.split(\" \")[1]);","lastModifiedDate":"2021-08-24"},{"lineNumber":99,"author":{"gitId":"kengjit"},"content":"        tasks[taskNum-1].setDone();","lastModifiedDate":"2021-08-31"},{"lineNumber":100,"author":{"gitId":"kengjit"},"content":"        System.out.println();","lastModifiedDate":"2021-08-24"},{"lineNumber":101,"author":{"gitId":"kengjit"},"content":"        System.out.println(\"Good Job!! One more thing off your list!!\");","lastModifiedDate":"2021-08-24"},{"lineNumber":102,"author":{"gitId":"kengjit"},"content":"        System.out.println(tasks[taskNum-1]);","lastModifiedDate":"2021-08-31"},{"lineNumber":103,"author":{"gitId":"kengjit"},"content":"        System.out.println(\"                       /)\\n\" +","lastModifiedDate":"2021-08-24"},{"lineNumber":104,"author":{"gitId":"kengjit"},"content":"                \"              /\\\\___/\\\\ ((\\n\" +","lastModifiedDate":"2021-08-24"},{"lineNumber":105,"author":{"gitId":"kengjit"},"content":"                \"              \\\\`@_@\u0027/  ))\\n\" +","lastModifiedDate":"2021-08-24"},{"lineNumber":106,"author":{"gitId":"kengjit"},"content":"                \"              {_:Y:.}_//\\n\" +","lastModifiedDate":"2021-08-24"},{"lineNumber":107,"author":{"gitId":"kengjit"},"content":"                \"    ----------{_}^-\u0027{_}----------\");","lastModifiedDate":"2021-08-24"},{"lineNumber":108,"author":{"gitId":"kengjit"},"content":"        System.out.println(\"\u003d\u003d\u003d\u003d\u003d\u003d\u003d\u003d\u003d\u003d\u003d\u003d\u003d\u003d\u003d\u003d\u003d\u003d\u003d\u003d\u003d\u003d\u003d\u003d\u003d\u003d\u003d\u003d\u003d\u003d\u003d\u003d\u003d\u003d\u003d\u003d\u003d\u003d\u003d\u003d\u003d\u003d\u003d\u003d\u003d\u003d\u003d\");","lastModifiedDate":"2021-08-31"},{"lineNumber":109,"author":{"gitId":"kengjit"},"content":"    }","lastModifiedDate":"2021-08-24"},{"lineNumber":110,"author":{"gitId":"kengjit"},"content":"","lastModifiedDate":"2021-08-24"},{"lineNumber":111,"author":{"gitId":"kengjit"},"content":"    private static boolean isTaskNumValid(String line) {","lastModifiedDate":"2021-08-31"},{"lineNumber":112,"author":{"gitId":"kengjit"},"content":"        String taskNum \u003d line.split(\" \")[1];","lastModifiedDate":"2021-08-31"},{"lineNumber":113,"author":{"gitId":"kengjit"},"content":"        boolean isAllNumbers \u003d taskNum.matches(\"[0-9]+\");","lastModifiedDate":"2021-08-31"},{"lineNumber":114,"author":{"gitId":"kengjit"},"content":"        if (isAllNumbers) {","lastModifiedDate":"2021-08-31"},{"lineNumber":115,"author":{"gitId":"kengjit"},"content":"            int numericTaskNum \u003d Integer.parseInt(taskNum);","lastModifiedDate":"2021-08-31"},{"lineNumber":116,"author":{"gitId":"kengjit"},"content":"            boolean isTaskNumPositive \u003d numericTaskNum \u003e 0;","lastModifiedDate":"2021-08-31"},{"lineNumber":117,"author":{"gitId":"kengjit"},"content":"            boolean isTaskNumInRange \u003d numericTaskNum \u003c\u003d totalTasksCount;","lastModifiedDate":"2021-08-31"},{"lineNumber":118,"author":{"gitId":"kengjit"},"content":"            return isTaskNumPositive \u0026\u0026 isTaskNumInRange;","lastModifiedDate":"2021-08-31"},{"lineNumber":119,"author":{"gitId":"kengjit"},"content":"        } else {","lastModifiedDate":"2021-08-31"},{"lineNumber":120,"author":{"gitId":"kengjit"},"content":"            return false;","lastModifiedDate":"2021-08-31"},{"lineNumber":121,"author":{"gitId":"kengjit"},"content":"        }","lastModifiedDate":"2021-08-31"},{"lineNumber":122,"author":{"gitId":"kengjit"},"content":"    }","lastModifiedDate":"2021-08-31"},{"lineNumber":123,"author":{"gitId":"kengjit"},"content":"","lastModifiedDate":"2021-08-22"},{"lineNumber":124,"author":{"gitId":"kengjit"},"content":"    public static void main(String[] args) {","lastModifiedDate":"2021-08-31"},{"lineNumber":125,"author":{"gitId":"kengjit"},"content":"        printCommands.greet();","lastModifiedDate":"2021-08-31"},{"lineNumber":126,"author":{"gitId":"kengjit"},"content":"        String line;","lastModifiedDate":"2021-08-22"},{"lineNumber":127,"author":{"gitId":"kengjit"},"content":"        String command;","lastModifiedDate":"2021-08-31"},{"lineNumber":128,"author":{"gitId":"kengjit"},"content":"        Scanner in \u003d new Scanner(System.in);","lastModifiedDate":"2021-08-22"},{"lineNumber":129,"author":{"gitId":"kengjit"},"content":"        while (true) {","lastModifiedDate":"2021-08-31"},{"lineNumber":130,"author":{"gitId":"kengjit"},"content":"            System.out.print(\"You: \");","lastModifiedDate":"2021-08-22"},{"lineNumber":131,"author":{"gitId":"kengjit"},"content":"            line \u003d in.nextLine();","lastModifiedDate":"2021-08-22"},{"lineNumber":132,"author":{"gitId":"kengjit"},"content":"            command \u003d line.split(\" \")[0];","lastModifiedDate":"2021-08-31"},{"lineNumber":133,"author":{"gitId":"kengjit"},"content":"            switch (command) {","lastModifiedDate":"2021-08-31"},{"lineNumber":134,"author":{"gitId":"kengjit"},"content":"            case \"bye\":","lastModifiedDate":"2021-08-22"},{"lineNumber":135,"author":{"gitId":"kengjit"},"content":"                printCommands.exit();","lastModifiedDate":"2021-08-31"},{"lineNumber":136,"author":{"gitId":"kengjit"},"content":"                break;","lastModifiedDate":"2021-08-22"},{"lineNumber":137,"author":{"gitId":"kengjit"},"content":"            case \"list\":","lastModifiedDate":"2021-08-22"},{"lineNumber":138,"author":{"gitId":"kengjit"},"content":"                printList(tasks);","lastModifiedDate":"2021-08-31"},{"lineNumber":139,"author":{"gitId":"kengjit"},"content":"                break;","lastModifiedDate":"2021-08-22"},{"lineNumber":140,"author":{"gitId":"kengjit"},"content":"            case \"done\":","lastModifiedDate":"2021-08-31"},{"lineNumber":141,"author":{"gitId":"kengjit"},"content":"                markTask(line);","lastModifiedDate":"2021-08-24"},{"lineNumber":142,"author":{"gitId":"kengjit"},"content":"                break;","lastModifiedDate":"2021-08-31"},{"lineNumber":143,"author":{"gitId":"kengjit"},"content":"            case \"todo\":","lastModifiedDate":"2021-08-31"},{"lineNumber":144,"author":{"gitId":"kengjit"},"content":"                addToList(line, \"T\");","lastModifiedDate":"2021-08-31"},{"lineNumber":145,"author":{"gitId":"kengjit"},"content":"                break;","lastModifiedDate":"2021-08-31"},{"lineNumber":146,"author":{"gitId":"kengjit"},"content":"            case \"deadline\":","lastModifiedDate":"2021-08-31"},{"lineNumber":147,"author":{"gitId":"kengjit"},"content":"                addToList(line, \"D\");","lastModifiedDate":"2021-08-31"},{"lineNumber":148,"author":{"gitId":"kengjit"},"content":"                break;","lastModifiedDate":"2021-08-31"},{"lineNumber":149,"author":{"gitId":"kengjit"},"content":"            case \"event\":","lastModifiedDate":"2021-08-31"},{"lineNumber":150,"author":{"gitId":"kengjit"},"content":"                addToList(line, \"E\");","lastModifiedDate":"2021-08-31"},{"lineNumber":151,"author":{"gitId":"kengjit"},"content":"                break;","lastModifiedDate":"2021-08-31"},{"lineNumber":152,"author":{"gitId":"kengjit"},"content":"            default:","lastModifiedDate":"2021-08-31"},{"lineNumber":153,"author":{"gitId":"kengjit"},"content":"                printCommands.showErrorMessage();","lastModifiedDate":"2021-08-31"},{"lineNumber":154,"author":{"gitId":"kengjit"},"content":"                break;","lastModifiedDate":"2021-08-22"},{"lineNumber":155,"author":{"gitId":"kengjit"},"content":"            }","lastModifiedDate":"2021-08-22"},{"lineNumber":156,"author":{"gitId":"kengjit"},"content":"        }","lastModifiedDate":"2021-08-22"},{"lineNumber":157,"author":{"gitId":"kengjit"},"content":"    }","lastModifiedDate":"2021-08-22"},{"lineNumber":158,"author":{"gitId":"kengjit"},"content":"}","lastModifiedDate":"2021-08-22"}],"authorContributionMap":{"kengjit":158}},{"path":"src/main/java/Task.java","fileType":"java","lines":[{"lineNumber":1,"author":{"gitId":"kengjit"},"content":"public class Task {","lastModifiedDate":"2021-08-24"},{"lineNumber":2,"author":{"gitId":"kengjit"},"content":"    private String taskName;","lastModifiedDate":"2021-08-22"},{"lineNumber":3,"author":{"gitId":"kengjit"},"content":"    private boolean isDone;","lastModifiedDate":"2021-08-24"},{"lineNumber":4,"author":{"gitId":"kengjit"},"content":"","lastModifiedDate":"2021-08-22"},{"lineNumber":5,"author":{"gitId":"kengjit"},"content":"    //Constructor","lastModifiedDate":"2021-08-22"},{"lineNumber":6,"author":{"gitId":"kengjit"},"content":"    public Task(String name) {","lastModifiedDate":"2021-08-24"},{"lineNumber":7,"author":{"gitId":"kengjit"},"content":"        this.taskName \u003d name;","lastModifiedDate":"2021-08-22"},{"lineNumber":8,"author":{"gitId":"kengjit"},"content":"        this.isDone \u003d false;","lastModifiedDate":"2021-08-24"},{"lineNumber":9,"author":{"gitId":"kengjit"},"content":"    }","lastModifiedDate":"2021-08-22"},{"lineNumber":10,"author":{"gitId":"kengjit"},"content":"    //Getters","lastModifiedDate":"2021-08-22"},{"lineNumber":11,"author":{"gitId":"kengjit"},"content":"    public String getTaskName() {","lastModifiedDate":"2021-08-22"},{"lineNumber":12,"author":{"gitId":"kengjit"},"content":"        return taskName;","lastModifiedDate":"2021-08-22"},{"lineNumber":13,"author":{"gitId":"kengjit"},"content":"    }","lastModifiedDate":"2021-08-22"},{"lineNumber":14,"author":{"gitId":"kengjit"},"content":"","lastModifiedDate":"2021-08-22"},{"lineNumber":15,"author":{"gitId":"kengjit"},"content":"    public boolean isDone() {","lastModifiedDate":"2021-08-24"},{"lineNumber":16,"author":{"gitId":"kengjit"},"content":"        return isDone;","lastModifiedDate":"2021-08-24"},{"lineNumber":17,"author":{"gitId":"kengjit"},"content":"    }","lastModifiedDate":"2021-08-24"},{"lineNumber":18,"author":{"gitId":"kengjit"},"content":"","lastModifiedDate":"2021-08-24"},{"lineNumber":19,"author":{"gitId":"kengjit"},"content":"    //Setters","lastModifiedDate":"2021-08-22"},{"lineNumber":20,"author":{"gitId":"kengjit"},"content":"    public void setTaskName(String taskName) {","lastModifiedDate":"2021-08-22"},{"lineNumber":21,"author":{"gitId":"kengjit"},"content":"        this.taskName \u003d taskName;","lastModifiedDate":"2021-08-22"},{"lineNumber":22,"author":{"gitId":"kengjit"},"content":"    }","lastModifiedDate":"2021-08-22"},{"lineNumber":23,"author":{"gitId":"kengjit"},"content":"","lastModifiedDate":"2021-08-24"},{"lineNumber":24,"author":{"gitId":"kengjit"},"content":"    public void setDone() {","lastModifiedDate":"2021-08-24"},{"lineNumber":25,"author":{"gitId":"kengjit"},"content":"        isDone \u003d true;","lastModifiedDate":"2021-08-24"},{"lineNumber":26,"author":{"gitId":"kengjit"},"content":"    }","lastModifiedDate":"2021-08-24"},{"lineNumber":27,"author":{"gitId":"kengjit"},"content":"","lastModifiedDate":"2021-08-31"},{"lineNumber":28,"author":{"gitId":"kengjit"},"content":"    @Override","lastModifiedDate":"2021-08-31"},{"lineNumber":29,"author":{"gitId":"kengjit"},"content":"    public String toString() {","lastModifiedDate":"2021-08-31"},{"lineNumber":30,"author":{"gitId":"kengjit"},"content":"        if (isDone) {","lastModifiedDate":"2021-08-31"},{"lineNumber":31,"author":{"gitId":"kengjit"},"content":"            return \"[X] \" + this.taskName;","lastModifiedDate":"2021-08-31"},{"lineNumber":32,"author":{"gitId":"kengjit"},"content":"        } else {","lastModifiedDate":"2021-08-31"},{"lineNumber":33,"author":{"gitId":"kengjit"},"content":"            return \"[ ] \" + this.taskName;","lastModifiedDate":"2021-08-31"},{"lineNumber":34,"author":{"gitId":"kengjit"},"content":"        }","lastModifiedDate":"2021-08-31"},{"lineNumber":35,"author":{"gitId":"kengjit"},"content":"    }","lastModifiedDate":"2021-08-31"},{"lineNumber":36,"author":{"gitId":"kengjit"},"content":"}","lastModifiedDate":"2021-08-22"}],"authorContributionMap":{"kengjit":36}},{"path":"src/main/java/Todo.java","fileType":"java","lines":[{"lineNumber":1,"author":{"gitId":"kengjit"},"content":"public class Todo extends Task{","lastModifiedDate":"2021-08-31"},{"lineNumber":2,"author":{"gitId":"kengjit"},"content":"","lastModifiedDate":"2021-08-31"},{"lineNumber":3,"author":{"gitId":"kengjit"},"content":"    public Todo(String taskName) {","lastModifiedDate":"2021-08-31"},{"lineNumber":4,"author":{"gitId":"kengjit"},"content":"        super(taskName);","lastModifiedDate":"2021-08-31"},{"lineNumber":5,"author":{"gitId":"kengjit"},"content":"    }","lastModifiedDate":"2021-08-31"},{"lineNumber":6,"author":{"gitId":"kengjit"},"content":"","lastModifiedDate":"2021-08-31"},{"lineNumber":7,"author":{"gitId":"kengjit"},"content":"    @Override","lastModifiedDate":"2021-08-31"},{"lineNumber":8,"author":{"gitId":"kengjit"},"content":"    public String toString() {","lastModifiedDate":"2021-08-31"},{"lineNumber":9,"author":{"gitId":"kengjit"},"content":"        return \"[T]\" + super.toString();","lastModifiedDate":"2021-08-31"},{"lineNumber":10,"author":{"gitId":"kengjit"},"content":"    }","lastModifiedDate":"2021-08-31"},{"lineNumber":11,"author":{"gitId":"kengjit"},"content":"}","lastModifiedDate":"2021-08-31"}],"authorContributionMap":{"kengjit":11}},{"path":"src/main/java/printCommands.java","fileType":"java","lines":[{"lineNumber":1,"author":{"gitId":"kengjit"},"content":"public class printCommands {","lastModifiedDate":"2021-08-31"},{"lineNumber":2,"author":{"gitId":"kengjit"},"content":"","lastModifiedDate":"2021-08-31"},{"lineNumber":3,"author":{"gitId":"kengjit"},"content":"    public static void printCat() {","lastModifiedDate":"2021-08-31"},{"lineNumber":4,"author":{"gitId":"kengjit"},"content":"        System.out.println( \"──────▄▀▄─────▄▀▄\\n\" +","lastModifiedDate":"2021-08-31"},{"lineNumber":5,"author":{"gitId":"kengjit"},"content":"                            \"─────▄█░░▀▀▀▀▀░░█▄\\n\" +","lastModifiedDate":"2021-08-31"},{"lineNumber":6,"author":{"gitId":"kengjit"},"content":"                            \"─▄▄──█░░░░░░░░░░░█──▄▄\\n\" +","lastModifiedDate":"2021-08-31"},{"lineNumber":7,"author":{"gitId":"kengjit"},"content":"                            \"█▄▄█─█░░▀░░┬░░▀░░█─█▄▄█\\n\");","lastModifiedDate":"2021-08-31"},{"lineNumber":8,"author":{"gitId":"kengjit"},"content":"    }","lastModifiedDate":"2021-08-31"},{"lineNumber":9,"author":{"gitId":"kengjit"},"content":"","lastModifiedDate":"2021-08-31"},{"lineNumber":10,"author":{"gitId":"kengjit"},"content":"    public static void greet() {","lastModifiedDate":"2021-08-31"},{"lineNumber":11,"author":{"gitId":"kengjit"},"content":"        String logo \u003d","lastModifiedDate":"2021-08-31"},{"lineNumber":12,"author":{"gitId":"kengjit"},"content":"                \"___$$$_____________$$$\\n\" +","lastModifiedDate":"2021-08-31"},{"lineNumber":13,"author":{"gitId":"kengjit"},"content":"                        \"__$___$___________$___$\\n\" +","lastModifiedDate":"2021-08-31"},{"lineNumber":14,"author":{"gitId":"kengjit"},"content":"                        \"_$_____$_________$_____$\\n\" +","lastModifiedDate":"2021-08-31"},{"lineNumber":15,"author":{"gitId":"kengjit"},"content":"                        \"_$_$$___$$$$$$$$$___$$_$\\n\" +","lastModifiedDate":"2021-08-31"},{"lineNumber":16,"author":{"gitId":"kengjit"},"content":"                        \"_$_$$$___$______$__$$$_$\\n\" +","lastModifiedDate":"2021-08-31"},{"lineNumber":17,"author":{"gitId":"kengjit"},"content":"                        \"_$_$__$__$______$_$__$_$\\n\" +","lastModifiedDate":"2021-08-31"},{"lineNumber":18,"author":{"gitId":"kengjit"},"content":"                        \"_$_$__$$$________$$__$_$\\n\" +","lastModifiedDate":"2021-08-31"},{"lineNumber":19,"author":{"gitId":"kengjit"},"content":"                        \"_$_$$$_____________$$$_$\\n\" +","lastModifiedDate":"2021-08-31"},{"lineNumber":20,"author":{"gitId":"kengjit"},"content":"                        \"_$_$_________________$_$\\n\" +","lastModifiedDate":"2021-08-31"},{"lineNumber":21,"author":{"gitId":"kengjit"},"content":"                        \"__$___________________$\\n\" +","lastModifiedDate":"2021-08-31"},{"lineNumber":22,"author":{"gitId":"kengjit"},"content":"                        \"__$___________________$\\n\" +","lastModifiedDate":"2021-08-31"},{"lineNumber":23,"author":{"gitId":"kengjit"},"content":"                        \"_$_____________________$\\n\" +","lastModifiedDate":"2021-08-31"},{"lineNumber":24,"author":{"gitId":"kengjit"},"content":"                        \"_$____$$_________$$____$\\n\" +","lastModifiedDate":"2021-08-31"},{"lineNumber":25,"author":{"gitId":"kengjit"},"content":"                        \"$____$_$$_______$_$$____$\\n\" +","lastModifiedDate":"2021-08-31"},{"lineNumber":26,"author":{"gitId":"kengjit"},"content":"                        \"$____$o_$_______$o_$____$\\n\" +","lastModifiedDate":"2021-08-31"},{"lineNumber":27,"author":{"gitId":"kengjit"},"content":"                        \"$_____$$___$$$___$$_____$\\n\" +","lastModifiedDate":"2021-08-31"},{"lineNumber":28,"author":{"gitId":"kengjit"},"content":"                        \"_$_______$__$__$_______$\\n\" +","lastModifiedDate":"2021-08-31"},{"lineNumber":29,"author":{"gitId":"kengjit"},"content":"                        \"__$_______$$_$$_______$\\n\" +","lastModifiedDate":"2021-08-31"},{"lineNumber":30,"author":{"gitId":"kengjit"},"content":"                        \"___$_________________$\\n\" +","lastModifiedDate":"2021-08-31"},{"lineNumber":31,"author":{"gitId":"kengjit"},"content":"                        \"____$$_____________$$\\n\" +","lastModifiedDate":"2021-08-31"},{"lineNumber":32,"author":{"gitId":"kengjit"},"content":"                        \"______$$$$$$$$$$$$$\\n\" +","lastModifiedDate":"2021-08-31"},{"lineNumber":33,"author":{"gitId":"kengjit"},"content":"                        \"________$_______$\\n\" +","lastModifiedDate":"2021-08-31"},{"lineNumber":34,"author":{"gitId":"kengjit"},"content":"                        \"_______$_________$\\n\" +","lastModifiedDate":"2021-08-31"},{"lineNumber":35,"author":{"gitId":"kengjit"},"content":"                        \"___$$$_$_________$_$$$\\n\" +","lastModifiedDate":"2021-08-31"},{"lineNumber":36,"author":{"gitId":"kengjit"},"content":"                        \"__$___$$___$$$___$$___$\\n\" +","lastModifiedDate":"2021-08-31"},{"lineNumber":37,"author":{"gitId":"kengjit"},"content":"                        \"__$____$___$_$___$____$\\n\" +","lastModifiedDate":"2021-08-31"},{"lineNumber":38,"author":{"gitId":"kengjit"},"content":"                        \"__$____$$$$$_$$$$$____$\\n\" +","lastModifiedDate":"2021-08-31"},{"lineNumber":39,"author":{"gitId":"kengjit"},"content":"                        \"__$____$___$_$___$____$\\n\" +","lastModifiedDate":"2021-08-31"},{"lineNumber":40,"author":{"gitId":"kengjit"},"content":"                        \"___$$$$$$$$___$$$$$$$$\\n\";","lastModifiedDate":"2021-08-31"},{"lineNumber":41,"author":{"gitId":"kengjit"},"content":"        System.out.println(logo);","lastModifiedDate":"2021-08-31"},{"lineNumber":42,"author":{"gitId":"kengjit"},"content":"        System.out.println(\"\u003d\u003d\u003d\u003d\u003d\u003d\u003d\u003d\u003d\u003d\u003d\u003d\u003d\u003d\u003d\u003d\u003d\u003d\u003d\u003d\u003d\u003d\u003d\u003d\u003d\u003d\u003d\u003d\u003d\u003d\u003d\u003d\u003d\u003d\u003d\u003d\u003d\u003d\u003d\u003d\u003d\u003d\u003d\u003d\u003d\u003d\u003d\");","lastModifiedDate":"2021-08-31"},{"lineNumber":43,"author":{"gitId":"kengjit"},"content":"        System.out.println(\"Hey there! I\u0027m Kitty!\");","lastModifiedDate":"2021-08-31"},{"lineNumber":44,"author":{"gitId":"kengjit"},"content":"        System.out.println(\"What can I do for you?\");","lastModifiedDate":"2021-08-31"},{"lineNumber":45,"author":{"gitId":"kengjit"},"content":"        printCat();","lastModifiedDate":"2021-08-31"},{"lineNumber":46,"author":{"gitId":"kengjit"},"content":"        System.out.println(\"\u003d\u003d\u003d\u003d\u003d\u003d\u003d\u003d\u003d\u003d\u003d\u003d\u003d\u003d\u003d\u003d\u003d\u003d\u003d\u003d\u003d\u003d\u003d\u003d\u003d\u003d\u003d\u003d\u003d\u003d\u003d\u003d\u003d\u003d\u003d\u003d\u003d\u003d\u003d\u003d\u003d\u003d\u003d\u003d\u003d\u003d\u003d\");","lastModifiedDate":"2021-08-31"},{"lineNumber":47,"author":{"gitId":"kengjit"},"content":"    }","lastModifiedDate":"2021-08-31"},{"lineNumber":48,"author":{"gitId":"kengjit"},"content":"","lastModifiedDate":"2021-08-31"},{"lineNumber":49,"author":{"gitId":"kengjit"},"content":"    public static void exit() {","lastModifiedDate":"2021-08-31"},{"lineNumber":50,"author":{"gitId":"kengjit"},"content":"        System.out.println();","lastModifiedDate":"2021-08-31"},{"lineNumber":51,"author":{"gitId":"kengjit"},"content":"        System.out.println(\"Nap time!! Yawn...\");","lastModifiedDate":"2021-08-31"},{"lineNumber":52,"author":{"gitId":"kengjit"},"content":"        System.out.println(\"      |\\\\      _,,,---,,_\\n\" +","lastModifiedDate":"2021-08-31"},{"lineNumber":53,"author":{"gitId":"kengjit"},"content":"                            \"ZZZzz /,`.-\u0027`\u0027    -.  ;-;;,_\\n\" +","lastModifiedDate":"2021-08-31"},{"lineNumber":54,"author":{"gitId":"kengjit"},"content":"                            \"     |,4-  ) )-,_. ,\\\\ (  `\u0027-\u0027\\n\" +","lastModifiedDate":"2021-08-31"},{"lineNumber":55,"author":{"gitId":"kengjit"},"content":"                            \"    \u0027---\u0027\u0027(_/--\u0027  `-\u0027\\\\_)\");","lastModifiedDate":"2021-08-31"},{"lineNumber":56,"author":{"gitId":"kengjit"},"content":"        System.out.println(\"\u003d\u003d\u003d\u003d\u003d\u003d\u003d\u003d\u003d\u003d\u003d\u003d\u003d\u003d\u003d\u003d\u003d\u003d\u003d\u003d\u003d\u003d\u003d\u003d\u003d\u003d\u003d\u003d\u003d\u003d\u003d\u003d\u003d\u003d\u003d\u003d\u003d\u003d\u003d\u003d\u003d\u003d\u003d\u003d\u003d\u003d\u003d\");","lastModifiedDate":"2021-08-31"},{"lineNumber":57,"author":{"gitId":"kengjit"},"content":"        System.exit(0);","lastModifiedDate":"2021-08-31"},{"lineNumber":58,"author":{"gitId":"kengjit"},"content":"    }","lastModifiedDate":"2021-08-31"},{"lineNumber":59,"author":{"gitId":"kengjit"},"content":"","lastModifiedDate":"2021-08-31"},{"lineNumber":60,"author":{"gitId":"kengjit"},"content":"    public static void echo(String line) {","lastModifiedDate":"2021-08-31"},{"lineNumber":61,"author":{"gitId":"kengjit"},"content":"        System.out.println();","lastModifiedDate":"2021-08-31"},{"lineNumber":62,"author":{"gitId":"kengjit"},"content":"        System.out.println(line);","lastModifiedDate":"2021-08-31"},{"lineNumber":63,"author":{"gitId":"kengjit"},"content":"        System.out.println(\"  /\\\\_/\\\\  (\\n\" +","lastModifiedDate":"2021-08-31"},{"lineNumber":64,"author":{"gitId":"kengjit"},"content":"                            \" ( ^.^ ) _)\\n\" +","lastModifiedDate":"2021-08-31"},{"lineNumber":65,"author":{"gitId":"kengjit"},"content":"                            \"   \\\\\\\"/  (\\n\" +","lastModifiedDate":"2021-08-31"},{"lineNumber":66,"author":{"gitId":"kengjit"},"content":"                            \" ( | | )\\n\" +","lastModifiedDate":"2021-08-31"},{"lineNumber":67,"author":{"gitId":"kengjit"},"content":"                            \"(__d b__)\");","lastModifiedDate":"2021-08-31"},{"lineNumber":68,"author":{"gitId":"kengjit"},"content":"        System.out.println(\"\u003d\u003d\u003d\u003d\u003d\u003d\u003d\u003d\u003d\u003d\u003d\u003d\u003d\u003d\u003d\u003d\u003d\u003d\u003d\u003d\u003d\u003d\u003d\u003d\u003d\u003d\u003d\u003d\u003d\u003d\u003d\u003d\u003d\u003d\u003d\u003d\u003d\u003d\u003d\u003d\u003d\u003d\u003d\u003d\u003d\u003d\u003d\");","lastModifiedDate":"2021-08-31"},{"lineNumber":69,"author":{"gitId":"kengjit"},"content":"    }","lastModifiedDate":"2021-08-31"},{"lineNumber":70,"author":{"gitId":"kengjit"},"content":"","lastModifiedDate":"2021-08-31"},{"lineNumber":71,"author":{"gitId":"kengjit"},"content":"    public static void showErrorMessage() {","lastModifiedDate":"2021-08-31"},{"lineNumber":72,"author":{"gitId":"kengjit"},"content":"        System.out.println();","lastModifiedDate":"2021-08-31"},{"lineNumber":73,"author":{"gitId":"kengjit"},"content":"        System.out.println(\"Sorry, that is not a valid command! Please try again!\");","lastModifiedDate":"2021-08-31"},{"lineNumber":74,"author":{"gitId":"kengjit"},"content":"        System.out.println(\"    /\\\\_/\\\\           ___\\n\" +","lastModifiedDate":"2021-08-31"},{"lineNumber":75,"author":{"gitId":"kengjit"},"content":"                            \"   \u003d o_o \u003d_______    \\\\ \\\\\\n\" +","lastModifiedDate":"2021-08-31"},{"lineNumber":76,"author":{"gitId":"kengjit"},"content":"                            \"    __^      __(  \\\\.__) )\\n\" +","lastModifiedDate":"2021-08-31"},{"lineNumber":77,"author":{"gitId":"kengjit"},"content":"                            \"(@)\u003c_____\u003e__(_____)____/\");","lastModifiedDate":"2021-08-31"},{"lineNumber":78,"author":{"gitId":"kengjit"},"content":"        System.out.println(\"\u003d\u003d\u003d\u003d\u003d\u003d\u003d\u003d\u003d\u003d\u003d\u003d\u003d\u003d\u003d\u003d\u003d\u003d\u003d\u003d\u003d\u003d\u003d\u003d\u003d\u003d\u003d\u003d\u003d\u003d\u003d\u003d\u003d\u003d\u003d\u003d\u003d\u003d\u003d\u003d\u003d\u003d\u003d\u003d\u003d\u003d\u003d\");","lastModifiedDate":"2021-08-31"},{"lineNumber":79,"author":{"gitId":"kengjit"},"content":"    }","lastModifiedDate":"2021-08-31"},{"lineNumber":80,"author":{"gitId":"kengjit"},"content":"}","lastModifiedDate":"2021-08-31"}],"authorContributionMap":{"kengjit":80}},{"path":"text-ui-test/input.txt","fileType":"txt","lines":[{"lineNumber":1,"author":{"gitId":"kengjit"},"content":"todo TEST 1 2 3","lastModifiedDate":"2021-08-31"}],"authorContributionMap":{"kengjit":1}},{"path":"text-ui-test/runtest.bat","fileType":"bat","lines":[{"lineNumber":1,"author":{"gitId":"-"},"content":"@ECHO OFF","lastModifiedDate":"2020-05-25"},{"lineNumber":2,"author":{"gitId":"-"},"content":"","lastModifiedDate":"2020-05-25"},{"lineNumber":3,"author":{"gitId":"-"},"content":"REM create bin directory if it doesn\u0027t exist","lastModifiedDate":"2020-05-25"},{"lineNumber":4,"author":{"gitId":"-"},"content":"if not exist ..\\bin mkdir ..\\bin","lastModifiedDate":"2020-05-25"},{"lineNumber":5,"author":{"gitId":"-"},"content":"","lastModifiedDate":"2020-05-25"},{"lineNumber":6,"author":{"gitId":"-"},"content":"REM delete output from previous run","lastModifiedDate":"2020-05-25"},{"lineNumber":7,"author":{"gitId":"-"},"content":"if exist ACTUAL.TXT del ACTUAL.TXT","lastModifiedDate":"2020-08-25"},{"lineNumber":8,"author":{"gitId":"-"},"content":"","lastModifiedDate":"2020-05-25"},{"lineNumber":9,"author":{"gitId":"-"},"content":"REM compile the code into the bin folder","lastModifiedDate":"2020-05-25"},{"lineNumber":10,"author":{"gitId":"-"},"content":"javac  -cp ..\\src\\main\\java -Xlint:none -d ..\\bin ..\\src\\main\\java\\*.java","lastModifiedDate":"2020-08-25"},{"lineNumber":11,"author":{"gitId":"-"},"content":"IF ERRORLEVEL 1 (","lastModifiedDate":"2020-05-25"},{"lineNumber":12,"author":{"gitId":"-"},"content":"    echo ********** BUILD FAILURE **********","lastModifiedDate":"2020-05-25"},{"lineNumber":13,"author":{"gitId":"-"},"content":"    exit /b 1","lastModifiedDate":"2020-05-25"},{"lineNumber":14,"author":{"gitId":"-"},"content":")","lastModifiedDate":"2020-05-25"},{"lineNumber":15,"author":{"gitId":"-"},"content":"REM no error here, errorlevel \u003d\u003d 0","lastModifiedDate":"2020-05-25"},{"lineNumber":16,"author":{"gitId":"-"},"content":"","lastModifiedDate":"2020-05-25"},{"lineNumber":17,"author":{"gitId":"-"},"content":"REM run the program, feed commands from input.txt file and redirect the output to the ACTUAL.TXT","lastModifiedDate":"2020-05-25"},{"lineNumber":18,"author":{"gitId":"kengjit"},"content":"java -classpath ..\\bin Kitty \u003c input.txt \u003e ACTUAL.TXT","lastModifiedDate":"2021-08-22"},{"lineNumber":19,"author":{"gitId":"-"},"content":"","lastModifiedDate":"2020-05-25"},{"lineNumber":20,"author":{"gitId":"-"},"content":"REM compare the output to the expected output","lastModifiedDate":"2020-05-25"},{"lineNumber":21,"author":{"gitId":"-"},"content":"FC ACTUAL.TXT EXPECTED.TXT","lastModifiedDate":"2020-05-25"}],"authorContributionMap":{"kengjit":1,"-":20}}]
