{"authorDailyContributionsMap":{"kengjit":[{"date":"2021-08-18","commitResults":[{"hash":"f9b3eebc55476556dded4bd00e1cbd79133999cc","messageTitle":"Add greet and exit","messageBody":"","tags":["LEVEL-0"],"fileTypesAndContributionMap":{"java":{"insertions":15,"deletions":0}}}]},{"date":"2021-08-22","commitResults":[{"hash":"d6372ef73b3f8da8d88770c2784a6638fdf0f003","messageTitle":"Add Echo","messageBody":"Changed mascot to Kitty\n","tags":["LEVEL-1"],"fileTypesAndContributionMap":{"java":{"insertions":103,"deletions":25},"bat":{"insertions":1,"deletions":1},"md":{"insertions":2,"deletions":2}}},{"hash":"d746a815a80535f98ef4f27ddeb6b49f07d9e6fc","messageTitle":"Add List and Add","messageBody":"","tags":["LEVEL-2"],"fileTypesAndContributionMap":{"java":{"insertions":48,"deletions":1}}}]},{"date":"2021-08-24","commitResults":[{"hash":"a333d46d5d2cf7ff3775887756e1679851d04c02","messageTitle":"Add mark as done","messageBody":"","tags":["LEVEL-3","A-CodingStandard"],"fileTypesAndContributionMap":{"java":{"insertions":50,"deletions":9},"md":{"insertions":1,"deletions":1}}}]},{"date":"2021-08-31","commitResults":[{"hash":"d419aaf5cf9f2b2511d69479c1bbf3a94253cb15","messageTitle":"Add ToDo, Event, Deadline","messageBody":"Clean up code for more readability\n","tags":["LEVEL-4","A-CodeQuality"],"fileTypesAndContributionMap":{"java":{"insertions":214,"deletions":110}}},{"hash":"95b89b08ed4b49f83cfd5e747c58fbf367980e6d","messageTitle":"Add TextUiTesting","messageBody":"Update EXPECTED and input\n","tags":["A-TextUiTesting"],"fileTypesAndContributionMap":{"txt":{"insertions":1,"deletions":0}}},{"hash":"bf4d0b8607ed0f7ff362fac032a439342d794862","messageTitle":"Refactor complicated expressions","messageBody":"","fileTypesAndContributionMap":{"java":{"insertions":22,"deletions":6}}}]}]},"authorFileTypeContributionMap":{"kengjit":{"java":311,"md":3,"fxml":0,"sh":0,"bat":1,"gradle":0,"txt":1}},"authorContributionVariance":{"kengjit":700.4735},"authorDisplayNameMap":{"kengjit":"CS2113T-W12-1 CHAN.. JIT"}}
