{"authorDailyContributionsMap":{"huien77":[{"date":"0100-09-30","commitResults":[{"hash":"46069c2048f9124d83c51b0796992b13f7a5f902","messageTitle":"added dates and times, minor improvements to loading and saving data","messageBody":"","fileTypesAndContributionMap":{"txt":{"insertions":2,"deletions":3},"java":{"insertions":224,"deletions":109}}}]},{"date":"2021-08-18","commitResults":[{"hash":"d39c931e31f81e8c38dc44546e8dc4982c75276e","messageTitle":"level-0: greet","messageBody":"","tags":["Level-0"],"fileTypesAndContributionMap":{"java":{"insertions":2,"deletions":0}}}]},{"date":"2021-08-26","commitResults":[{"hash":"568ae6bd48741fa404fbc5d236f0e4db1ee988a9","messageTitle":"Level-1","messageBody":"","tags":["Level-1"],"fileTypesAndContributionMap":{"java":{"insertions":26,"deletions":8}}},{"hash":"476c6ea84827f3899da580b9601d901999e7dde6","messageTitle":"Level-2","messageBody":"","tags":["Level-2"],"fileTypesAndContributionMap":{"java":{"insertions":13,"deletions":2}}},{"hash":"1abb7852aeec4578776889236107b6c66397d3a2","messageTitle":"Level-3","messageBody":"","tags":["Level-3"],"fileTypesAndContributionMap":{"java":{"insertions":35,"deletions":3}}}]},{"date":"2021-08-29","commitResults":[{"hash":"ce382acb065aa38fc539aec42e7b696037a07c00","messageTitle":"A-CodingStandard","messageBody":"","tags":["A-CodingStandard"],"fileTypesAndContributionMap":{"java":{"insertions":11,"deletions":11}}}]},{"date":"2021-09-02","commitResults":[{"hash":"27ffaf3e367e6c521b2ea4bfd43398a018b96188","messageTitle":"Level-4","messageBody":"","tags":["Level-4"],"fileTypesAndContributionMap":{"java":{"insertions":90,"deletions":25}}},{"hash":"d2d3064a46254304dabd32e89d292b3edde9a619","messageTitle":"A-CodeQuality","messageBody":"","tags":["A-CodeQuality"],"fileTypesAndContributionMap":{"java":{"insertions":78,"deletions":34}}},{"hash":"98f008c8496953698729fc901f3c01969b7b8ddd","messageTitle":"A-TextUiTesting","messageBody":"","tags":["A-TextUiTesting"],"fileTypesAndContributionMap":{"txt":{"insertions":8,"deletions":0},"java":{"insertions":6,"deletions":11},"bat":{"insertions":1,"deletions":1}}},{"hash":"b6f2a6c6002b72daa7e408f1460754de5875aed3","messageTitle":"Added Javadoc","messageBody":"","fileTypesAndContributionMap":{"java":{"insertions":62,"deletions":0}}}]},{"date":"2021-09-09","commitResults":[{"hash":"0fe94b5487f1a2e9c221d87a143f62e94a4197cb","messageTitle":"branch Level-5","messageBody":"","tags":["A-Exceptions"],"fileTypesAndContributionMap":{"java":{"insertions":100,"deletions":33}}},{"hash":"95fc70d6e769928bf5a026ad35ef7e9d5b283b82","messageTitle":"branch-Level-5 updated Javadoc","messageBody":"","fileTypesAndContributionMap":{"java":{"insertions":15,"deletions":12}}},{"hash":"88f0a8fec1fa5015175f903ea58760b42bb7c6ff","messageTitle":"created packages","messageBody":"","tags":["A-Packages"],"fileTypesAndContributionMap":{"java":{"insertions":12,"deletions":0}}}]},{"date":"2021-09-15","commitResults":[{"hash":"5e5fe030b08564fb25c36516a4c7d8d2108e8ae8","messageTitle":"switched to ArrayList","messageBody":"","tags":["A-Collections"],"fileTypesAndContributionMap":{"java":{"insertions":20,"deletions":19}}},{"hash":"3b8ce46999d5aa757e5280ae0ff9798fc1ecc529","messageTitle":"support for deleting task","messageBody":"","tags":["Level-6"],"fileTypesAndContributionMap":{"java":{"insertions":19,"deletions":0}}}]},{"date":"2021-09-16","commitResults":[{"hash":"70558d31b99d7e82bc8018d544f0b04864e73a47","messageTitle":"added save tasks in duke.txt","messageBody":"","fileTypesAndContributionMap":{"txt":{"insertions":4,"deletions":0},"java":{"insertions":105,"deletions":2}}},{"hash":"cf6f26a3d073288315fa7b492d951a13711449ee","messageTitle":"handle case when file or folder does not exist","messageBody":"","tags":["Level-7"],"fileTypesAndContributionMap":{"txt":{"insertions":2,"deletions":3},"java":{"insertions":9,"deletions":1}}}]},{"date":"2021-09-22","commitResults":[{"hash":"91b573feed3753acd49149101d095c6da6c24501","messageTitle":"extracted Ui class, created messages class","messageBody":"","fileTypesAndContributionMap":{"java":{"insertions":101,"deletions":0}}},{"hash":"1ac8a418803a5a3a7901f43a143ba159a006193e","messageTitle":"cleaned Duke class","messageBody":"","fileTypesAndContributionMap":{"txt":{"insertions":4,"deletions":2},"java":{"insertions":45,"deletions":93}}},{"hash":"398d0672b555aaa9de3ef630801e8f869c9fe459","messageTitle":"packaged Ui class","messageBody":"","fileTypesAndContributionMap":{"java":{"insertions":2,"deletions":1}}},{"hash":"0eb32f143686cacf4956414a9eee83427c239851","messageTitle":"extracted TaskList class","messageBody":"","fileTypesAndContributionMap":{"txt":{"insertions":0,"deletions":5},"java":{"insertions":90,"deletions":54}}},{"hash":"a8d6446dfeee9e27a18a4525f4e49f54855736ad","messageTitle":"extracted Storage class","messageBody":"","fileTypesAndContributionMap":{"txt":{"insertions":1,"deletions":0},"java":{"insertions":113,"deletions":76}}}]},{"date":"2021-09-23","commitResults":[{"hash":"f89f6759a094dbfc5b9a6acf0d7dbe9cbd5f04d9","messageTitle":"extracted Parser class, Command class, and improved error handling","messageBody":"","tags":["A-MoreOOP"],"fileTypesAndContributionMap":{"txt":{"insertions":2,"deletions":0},"java":{"insertions":331,"deletions":147}}},{"hash":"c95d079acdf53a47c20b47c6a52e1591c1d2c9ea","messageTitle":"added HelpCommand","messageBody":"","fileTypesAndContributionMap":{"java":{"insertions":34,"deletions":0}}},{"hash":"c8b07731aedc8871c6eeb06231758989b67cd8e4","messageTitle":"implemented FindCommand to find tasks by keyword","messageBody":"","fileTypesAndContributionMap":{"java":{"insertions":52,"deletions":8}}},{"hash":"ea35e9812a483161e8d4c8681cd157ae6c080e58","messageTitle":"find command","messageBody":"","fileTypesAndContributionMap":{"java":{"insertions":16,"deletions":0}}},{"hash":"3858f99af00f0c23a1c60543764cc4d448037b75","messageTitle":"Included JavaDoc","messageBody":"","fileTypesAndContributionMap":{"java":{"insertions":241,"deletions":4}}},{"hash":"46f9a1d57ea3c550bacdd935968aa0d58f770f94","messageTitle":"inlcuded JavaDoc","messageBody":"","fileTypesAndContributionMap":{"java":{"insertions":4,"deletions":0}}},{"hash":"28744b7ac4ae1c7852d63c4dd9539dcbf4f1bbe5","messageTitle":"added more JavaDoc and minor changes to code","messageBody":"","fileTypesAndContributionMap":{"java":{"insertions":18,"deletions":6}}},{"hash":"591396b67d137def3b5a7ca3bccebafd692b8c86","messageTitle":"add JavaDoc for parser, minor improvements for parser","messageBody":"","fileTypesAndContributionMap":{"java":{"insertions":43,"deletions":18}}},{"hash":"97d5278804e2aec71bea0d6bf3fcda61024a979e","messageTitle":"removed magic strings in Storage","messageBody":"","fileTypesAndContributionMap":{"java":{"insertions":30,"deletions":37}}},{"hash":"dc2d67c044348d17d3276a4624c6b694f715fbe8","messageTitle":"added JavaDoc for task","messageBody":"","fileTypesAndContributionMap":{"java":{"insertions":56,"deletions":6}}},{"hash":"ed936cbaaaa0fcbd0df233d41466451cebb70607","messageTitle":"added JavaDoc for findTask in TaskList","messageBody":"","fileTypesAndContributionMap":{"java":{"insertions":7,"deletions":5}}}]},{"date":"2021-09-24","commitResults":[{"hash":"f886de5039b63e0e8fbe0c482182c4e322ad213c","messageTitle":"added JavaDoc for Ui","messageBody":"","fileTypesAndContributionMap":{"java":{"insertions":9,"deletions":13}}},{"hash":"60dbd4b17661447145869f8924040eeb0807b4b9","messageTitle":"changed access modifier","messageBody":"","fileTypesAndContributionMap":{"txt":{"insertions":0,"deletions":2},"java":{"insertions":20,"deletions":20}}},{"hash":"07ea6cab17b98082311ca8a2389e16bed49467f3","messageTitle":"Update README.md","messageBody":"","fileTypesAndContributionMap":{"md":{"insertions":101,"deletions":4}}},{"hash":"5279c22dfd91ef60f2525ea650ece24679699478","messageTitle":"edited help message","messageBody":"","fileTypesAndContributionMap":{"java":{"insertions":2,"deletions":0}}},{"hash":"8351a1b50c8f8ee39505f551523f97f36f312fe3","messageTitle":"improved help message","messageBody":"","fileTypesAndContributionMap":{"java":{"insertions":3,"deletions":2}}},{"hash":"bb6d200b2ce720411e6815d1ecdee006a32ed34e","messageTitle":"improved ui for list","messageBody":"","fileTypesAndContributionMap":{"txt":{"insertions":0,"deletions":0},"java":{"insertions":10,"deletions":2}}},{"hash":"c8416573b665d4f43527e879e9cd7c2f71646267","messageTitle":"improved ui messages","messageBody":"","fileTypesAndContributionMap":{"txt":{"insertions":2,"deletions":0},"java":{"insertions":17,"deletions":1}}},{"hash":"17a23f1612ad2c6c92d8efc43aa96f68e3c9db36","messageTitle":"Update README.md","messageBody":"","fileTypesAndContributionMap":{"md":{"insertions":0,"deletions":18}}}]},{"date":"2021-09-30","commitResults":[{"hash":"647de37b132ebe765122f8814e9c0713a9382aec","messageTitle":"Update README.md","messageBody":"","fileTypesAndContributionMap":{"md":{"insertions":9,"deletions":0}}}]}]},"authorFileTypeContributionMap":{"huien77":{"java":1322,"md":106,"fxml":0,"sh":0,"bat":0,"gradle":0,"txt":10}},"authorContributionVariance":{"huien77":134.88278},"authorDisplayNameMap":{"huien77":"CS2113T-F14-1 TAN ..I EN"}}
