{"authorDailyContributionsMap":{"kahhe":[{"date":"2021-08-23","commitResults":[{"hash":"84e4e814816e9626098e157e8d2af44676fb4825","messageTitle":"Do Week 2 Assignment","messageBody":"","fileTypesAndContributionMap":{"java":{"insertions":83,"deletions":0}}}]},{"date":"2021-08-25","commitResults":[{"hash":"03bbcc4496c395ec2a864995888c0154caf9bd60","messageTitle":"Add Increment: Level-0","messageBody":"","tags":["Level-0"],"fileTypesAndContributionMap":{"java":{"insertions":20,"deletions":0}}},{"hash":"45982b32983b7270f19fe5f4be864d2343bad2cd","messageTitle":"Add Increment: Level-1","messageBody":"","tags":["Level-1"],"fileTypesAndContributionMap":{"java":{"insertions":25,"deletions":3}}},{"hash":"39b8264e97b0f058359f3cd76906396e8e746192","messageTitle":"Add Increment: Level-2","messageBody":"","tags":["Level-2"],"fileTypesAndContributionMap":{"java":{"insertions":22,"deletions":5}}}]},{"date":"2021-08-26","commitResults":[{"hash":"e007bb2da6cf24faf86bfa4a02b01758032137b0","messageTitle":"Add Increment: Level-3","messageBody":"","tags":["Level-3"],"fileTypesAndContributionMap":{"java":{"insertions":62,"deletions":23}}},{"hash":"b487b2f3a3d609b2afaeb7fe0186fd8e0ef4c963","messageTitle":"Remove irrelevant java files","messageBody":"","fileTypesAndContributionMap":{"java":{"insertions":0,"deletions":83}}},{"hash":"42d970360f1d2fd5fe724552f07c5710aeda9773","messageTitle":"Add comments and adjust to coding standard","messageBody":"","tags":["A-CodingStandard"],"fileTypesAndContributionMap":{"java":{"insertions":48,"deletions":8}}}]},{"date":"2021-09-03","commitResults":[{"hash":"cfefcd1a207c8d32ad5fad936bdec91ef31480d1","messageTitle":"Add Increment: Level-4","messageBody":"","tags":["Level-4"],"fileTypesAndContributionMap":{"java":{"insertions":118,"deletions":26}}},{"hash":"709c12601aee0b3cb365f461fd1f4346b075e1d6","messageTitle":"Add logo","messageBody":"","fileTypesAndContributionMap":{"java":{"insertions":20,"deletions":13}}}]},{"date":"2021-09-05","commitResults":[{"hash":"8923aebf5321a5bf599cf37e35aa2b04476b0fb3","messageTitle":"Add Increment: Improve Code Quality","messageBody":"","tags":["A-CodeQuality"],"fileTypesAndContributionMap":{"java":{"insertions":95,"deletions":62}}}]},{"date":"2021-09-07","commitResults":[{"hash":"3d723c04f2af588f57716d2f10db1f906ec1bf68","messageTitle":"Refactor with constant and boolean variable","messageBody":"","fileTypesAndContributionMap":{"txt":{"insertions":1,"deletions":0},"java":{"insertions":7,"deletions":4},"bat":{"insertions":1,"deletions":1}}}]},{"date":"2021-09-09","commitResults":[{"hash":"58c6d224ead8ec073bea3a2cefc69e4de964e109","messageTitle":"Correct typo in documentation","messageBody":"","fileTypesAndContributionMap":{"java":{"insertions":1,"deletions":1}}},{"hash":"2053e0a30b8fb814b63500d445b1495b2c57c2cb","messageTitle":"Add Increment: A-Exceptions","messageBody":"","tags":["A-Exceptions"],"fileTypesAndContributionMap":{"java":{"insertions":3,"deletions":0}}},{"hash":"710e6d88eeebfadecdfc1da2232ee48db43db8fd","messageTitle":"Add Increment: Level 5","messageBody":"","fileTypesAndContributionMap":{"java":{"insertions":49,"deletions":14}}},{"hash":"503824d6bdd67bb01bfd8a49d02f23e937d35771","messageTitle":"Create kahhe-todo.md","messageBody":"","fileTypesAndContributionMap":{"md":{"insertions":10,"deletions":0}}},{"hash":"04afd7fd601f8db0cb8b8e01eb8a632b8a894eba","messageTitle":"Create RandomTextFile.txt","messageBody":"","fileTypesAndContributionMap":{"txt":{"insertions":0,"deletions":0}}}]},{"date":"2021-09-20","commitResults":[{"hash":"7b52ebbaab40701315ebcac04a181ed090340981","messageTitle":"Add Increment: A-Packages","messageBody":"","tags":["A-Packages"],"fileTypesAndContributionMap":{"txt":{"insertions":0,"deletions":0},"java":{"insertions":100,"deletions":63}}}]},{"date":"2021-09-21","commitResults":[{"hash":"3f7cd77997646432d0d0d6948fb9d48f129c2b10","messageTitle":"Update exception handling and improve encapsulation","messageBody":"","fileTypesAndContributionMap":{"java":{"insertions":239,"deletions":112},"md":{"insertions":2,"deletions":0}}},{"hash":"17b4062cbf00c12f65d30acd932017a7d5ba6670","messageTitle":"Refactor markTaskAsDone() method","messageBody":"","fileTypesAndContributionMap":{"java":{"insertions":10,"deletions":27},"md":{"insertions":1,"deletions":1}}},{"hash":"0352be2c17e2a62e9e609e5efad9be18b78bba56","messageTitle":"Move print methods to Ui.java","messageBody":"","fileTypesAndContributionMap":{"java":{"insertions":25,"deletions":45}}},{"hash":"322570c3e875e3b50e385b7f257250442907fb95","messageTitle":"Change tasks\u0027 type from String[] array to ArrayList\u003cTask\u003e","messageBody":"","tags":["A-Collections"],"fileTypesAndContributionMap":{"java":{"insertions":45,"deletions":36}}},{"hash":"3ed483cea1dcf3b00ecbaa22858d8b8cdb49dd11","messageTitle":"Abstract all printing to Ui class","messageBody":"","fileTypesAndContributionMap":{"java":{"insertions":48,"deletions":38}}},{"hash":"450ae329c2be95eb43972347e51fcc0677e048cb","messageTitle":"Add increment: Level-6","messageBody":"Implemented `delete` function\n","fileTypesAndContributionMap":{"java":{"insertions":164,"deletions":118},"md":{"insertions":1,"deletions":1}}},{"hash":"54676b4f13f0950835535a90eaa6030ba719b63a","messageTitle":"Abstract engageUser() to TaskManager","messageBody":"","fileTypesAndContributionMap":{"java":{"insertions":76,"deletions":77},"md":{"insertions":1,"deletions":1}}},{"hash":"7797f75883c502c96fb0bf179fe892e99056f439","messageTitle":"Add TodoCommand.java","messageBody":"","fileTypesAndContributionMap":{"java":{"insertions":8,"deletions":0}}}]},{"date":"2021-09-22","commitResults":[{"hash":"3647b23fb8d3e22ac8c76adcef543bfceafaa302","messageTitle":"Add Increment: Level-7","messageBody":"","fileTypesAndContributionMap":{"java":{"insertions":199,"deletions":26},"md":{"insertions":2,"deletions":0}}},{"hash":"7dc827bc435595267e6c91148a7cec084822ee33","messageTitle":"Resolve merge conflicts, include loading file messages","messageBody":"","tags":["Level-7"],"fileTypesAndContributionMap":{"java":{"insertions":221,"deletions":384},"md":{"insertions":2,"deletions":0}}}]}]},"authorFileTypeContributionMap":{"kahhe":{"java":705,"md":16,"fxml":0,"sh":0,"bat":1,"gradle":0,"txt":1}},"authorContributionVariance":{"kahhe":7855.7},"authorDisplayNameMap":{"kahhe":"CS2113T-F14-1 TAN ..HENG"}}
