{"authorDailyContributionsMap":{"adricpjw":[{"date":"2021-08-20","commitResults":[{"hash":"66cb4ce7d5624d3b00969df07838515278840510","messageTitle":"first increment","messageBody":"","fileTypesAndContributionMap":{"java":{"insertions":7,"deletions":0}}},{"hash":"52cf3c56927e1e6f06f4bbec910567f1c421407c","messageTitle":"increment 2","messageBody":"","tags":["Level-1"],"fileTypesAndContributionMap":{"java":{"insertions":25,"deletions":1}}},{"hash":"c0887186deb9434256d6a6880ebf2c98dbb45c99","messageTitle":"increment level 2","messageBody":"","tags":["Level-2"],"fileTypesAndContributionMap":{"java":{"insertions":40,"deletions":15}}},{"hash":"c2f566130d9702b4c5ecb238cf49e04502d1c9e9","messageTitle":"increment level-3","messageBody":"","tags":["Level-3"],"fileTypesAndContributionMap":{"java":{"insertions":76,"deletions":9}}}]}]},"authorFileTypeContributionMap":{"adricpjw":{"java":119,"md":0,"fxml":0,"sh":0,"bat":0,"gradle":0,"txt":0}},"authorContributionVariance":{"adricpjw":136.65923},"authorDisplayNameMap":{"adricpjw":"PANG..DRIC"}}
