{"authorDailyContributionsMap":{"zonglun99":[{"date":"2021-08-14","commitResults":[{"hash":"1c4f45b040f72beba8ba33ec42b2ef083b7baa67","messageTitle":"Level 0","messageBody":"","fileTypesAndContributionMap":{"java":{"insertions":5,"deletions":6}}}]},{"date":"2021-08-22","commitResults":[{"hash":"ba49262ec317559ef92090be5750687576613358","messageTitle":"Add user interaction.","messageBody":"Create a scanner variable in, and string variable userCommand to read input.\nExits program when user inputs a \"bye\"\n","tags":["Level-1"],"fileTypesAndContributionMap":{"java":{"insertions":13,"deletions":3}}},{"hash":"6d3a5a924285ef2fd5473cc71da71c90d7e76272","messageTitle":"Add list to record task from user","messageBody":"Added a new logo design.\nIntroduce a list array to record down the input tasks.\nInput command \"list\" to print out task in the lists.\n","tags":["Level-2"],"fileTypesAndContributionMap":{"java":{"insertions":28,"deletions":4}}},{"hash":"4359ecf31a135d3dbabc3c0f037a51d99187784f","messageTitle":"Add new class Task and a task tracker","messageBody":"Task class to track if task is completed when printing list out\n","tags":["Level-3"],"fileTypesAndContributionMap":{"java":{"insertions":62,"deletions":13}}},{"hash":"547b4e95ff5bdb7dd7a716419c70e5c2bc845765","messageTitle":"Improved readability and coding standards","messageBody":"Added some commends to better understand the code\n","tags":["A-CodingStandard"],"fileTypesAndContributionMap":{"java":{"insertions":6,"deletions":5}}}]},{"date":"2021-08-28","commitResults":[{"hash":"56bd4c7bb36e893821521bba2731e758ca467087","messageTitle":"Added 3 specific types of task","messageBody":"3 new classes added, ToDos, Deadlines and Events.\nAll 3 are inheritance of Tasks.\nPrint out the specific type of task when printing list\n","tags":["Level-4"],"fileTypesAndContributionMap":{"java":{"insertions":67,"deletions":16}}},{"hash":"112363396072bf695c54be2ec5ed4237d8ff4d25","messageTitle":"Improved on code quality using refactor","messageBody":"Added more methods to organise code and increase readability\n","tags":["A-CodeQuality"],"fileTypesAndContributionMap":{"java":{"insertions":75,"deletions":45}}}]}]},"authorFileTypeContributionMap":{"zonglun99":{"java":170,"md":0,"fxml":0,"sh":0,"bat":0,"gradle":0,"txt":0}},"authorContributionVariance":{"zonglun99":259.95636},"authorDisplayNameMap":{"zonglun99":"CHAI.. LUN"}}
