{"authorDailyContributionsMap":{"rizemon":[{"date":"2021-08-17","commitResults":[{"hash":"3a54ff6bdd71faad9b4b2620110f25c3b03b858f","messageTitle":"Add increment Level-0 that prints hello and bye message","messageBody":"","tags":["Level-0"],"fileTypesAndContributionMap":{"java":{"insertions":17,"deletions":6}}}]},{"date":"2021-08-24","commitResults":[{"hash":"2332ddf1547f9b3e634dc08be42264989bed0d72","messageTitle":"Add Increment Level-1 that functions like an echo server","messageBody":"* Add custom welcome and farewell message\n* Create function to pretty print messages\n* Add loop that will interact and respond to user input","tags":["Level-1"],"fileTypesAndContributionMap":{"java":{"insertions":52,"deletions":12}}},{"hash":"caada731033fad9ad8ad78aed5968a569de18a06","messageTitle":"Add Increment Level-2 that allows adding and printing of tasks","messageBody":"* Add parsing of command from the user\n* Add TaskManager.java to manage list of tasks, including adding and printing","tags":["Level-2"],"fileTypesAndContributionMap":{"java":{"insertions":76,"deletions":7}}},{"hash":"a186f1fea8f742dbc728aefe6ed9732dc5d6ef19","messageTitle":"Add Increment Level-3 that allows marking of task as completed","messageBody":"* Create Task.java to represent a task\n* Add functionality to mark task as completed\n* Update TaskManager.java to utilise new Task.java\n* Add check-boxes to show status of task\n* Handle missing and invalid arguments","tags":["Level-3"],"fileTypesAndContributionMap":{"java":{"insertions":83,"deletions":17}}}]},{"date":"2021-08-25","commitResults":[{"hash":"8b7d4a79187dcd9c8eb42ae874aa864913966327","messageTitle":"Add Increment A-CodingStandard that follows convention","messageBody":"* Add line breaks before plus operators in welcome and exit message\n* Create variables to store index of command and arguments","tags":["A-CodingStandard"],"fileTypesAndContributionMap":{"java":{"insertions":14,"deletions":10}}}]},{"date":"2021-08-29","commitResults":[{"hash":"96445644d904e142b4411ee9a29f507d179a6bfc","messageTitle":"Add Increment Level-4 that supports new task types","messageBody":"* Update Task.java with task type icon\n* Create Todo, Deadline, Event classes\n* Update TaskManager.java to reflect new task type icon\n* Implement new commands: todo, deadline, event\n* Create CommandExecutioner class with improved parsing capabilities to support new commands","fileTypesAndContributionMap":{"java":{"insertions":485,"deletions":56}}},{"hash":"d20ef4160c7121de8e7f7a2a98559966a0d20a82","messageTitle":"Add Increment A-TextUiTesting that includes test cases","messageBody":"* Add test input to input.txt\n* Add test output to EXPECTED.txt","fileTypesAndContributionMap":{"txt":{"insertions":49,"deletions":0}}}]},{"date":"2021-08-31","commitResults":[{"hash":"0ade4c42b98fe365e55863656d0f357a369ae8a7","messageTitle":"Refactor codebase","messageBody":"* Reorder methods in classes\n* Replace complicated expressions\n* Standardize multi-line method calls","tags":["Level-4","A-TextUiTesting","A-CodeQuality"],"fileTypesAndContributionMap":{"java":{"insertions":67,"deletions":68}}}]},{"date":"2021-09-03","commitResults":[{"hash":"6cbfc218440ce871356fc8dfca150e0943d9c9ea","messageTitle":"Add changes from PR suggestions","messageBody":"* Add space between \"[]\" and \"{\"\n* Add method to maintain SLAP for runCommandUsingInput in CommandExecutor.java\n","fileTypesAndContributionMap":{"java":{"insertions":9,"deletions":5}}}]},{"date":"2021-09-04","commitResults":[{"hash":"0f37459306bd483ad851231b8d5bf1de21de37d6","messageTitle":"Add CommandException.java to signify command execution errors","messageBody":"","fileTypesAndContributionMap":{"java":{"insertions":9,"deletions":0}}},{"hash":"5e591cf3a621e44cf8dd855cade7ae3bc23c7806","messageTitle":"Convert multi-line print statement","messageBody":"","fileTypesAndContributionMap":{"java":{"insertions":1,"deletions":4}}},{"hash":"e980febc06592906d928c5d985388c59db1e6a9f","messageTitle":"Apply usage of new CommandException","messageBody":"","fileTypesAndContributionMap":{"java":{"insertions":13,"deletions":14}}},{"hash":"1b374234afd8104759aab67892070a530caec299","messageTitle":"Divide classes into command, task, exception packages","messageBody":"","fileTypesAndContributionMap":{"java":{"insertions":30,"deletions":0}}},{"hash":"b6efc70c99872111f975322b9621682ee3240e63","messageTitle":"Update testing script","messageBody":"","fileTypesAndContributionMap":{"bat":{"insertions":2,"deletions":2},"sh":{"insertions":2,"deletions":2}}}]},{"date":"2021-09-11","commitResults":[{"hash":"5a6c7023840093d9abda9bf2e9faa99e53cc9498","messageTitle":"Add deletion of task","messageBody":"","fileTypesAndContributionMap":{"java":{"insertions":18,"deletions":0}}},{"hash":"1865c930d3baae366b623133679ce9b13dc8f160","messageTitle":"Add delete command","messageBody":"","fileTypesAndContributionMap":{"java":{"insertions":5,"deletions":0}}},{"hash":"cb3052e4e81b644b170366576f674f05f004ce7f","messageTitle":"Add test case for delete command","messageBody":"","fileTypesAndContributionMap":{"txt":{"insertions":4,"deletions":0}}}]},{"date":"2021-09-12","commitResults":[{"hash":"3e26538b6d9a3d10d4b37f69945660ab6d557d2b","messageTitle":"Add Storage.java to handle file operations","messageBody":"","fileTypesAndContributionMap":{"java":{"insertions":42,"deletions":0}}},{"hash":"26121982795f6b30cb524ad33d054397f54ff8ef","messageTitle":"Add toString implementation to Task related classes","messageBody":"","fileTypesAndContributionMap":{"java":{"insertions":25,"deletions":0}}},{"hash":"1be4afb586c1e2c69e2cd78548e4aa6b33c1a0af","messageTitle":"Add saving of task list to file system","messageBody":"","fileTypesAndContributionMap":{"java":{"insertions":20,"deletions":13}}},{"hash":"d5a6b0994448f32c6b54045ef9e1529de7cc21d8","messageTitle":"Add javadoc for exceptions","messageBody":"","fileTypesAndContributionMap":{"java":{"insertions":4,"deletions":0}}}]},{"date":"2021-09-13","commitResults":[{"hash":"62803bc234e13c73664c3902a30650affa97e64c","messageTitle":"Add loading from file","messageBody":"* Support getting of both description and full description for tasks\n* Revamp Storage.java to work directly with TaskManager\n* Add TaskException for parsing errors","fileTypesAndContributionMap":{"java":{"insertions":223,"deletions":37}}},{"hash":"1a4c2898953d46db0df62fc659983d29bc109db0","messageTitle":"Reorder imports","messageBody":"","fileTypesAndContributionMap":{"java":{"insertions":3,"deletions":3}}}]},{"date":"2021-09-17","commitResults":[{"hash":"305c5de6eaa9094052bd363524ef2f043e8125e3","messageTitle":"Apply PR suggestions from TA","messageBody":"* Remove obvious comment for horizontal line\n* Rename commandLine to strippedLine to describe the string better in Command.java\n* Rename parseCommand to extractCommandLineValues in Command.java\n* Split complicated expressions in CommandExecutor.java\n* Split complicated expressions in CommandWithArgument.java and CommandWithFlag.java\n* Rename findFlagOption to findFlagIndex in CommandWithFlag.java\n* Refactor printTaskList in TaskManager.java to make happy path more prominent\n","fileTypesAndContributionMap":{"java":{"insertions":48,"deletions":31}}},{"hash":"d9057c7d35b695148022ce2445fe1e37cd838476","messageTitle":"Add Ui.java to handle printing and reading of user input","messageBody":"","fileTypesAndContributionMap":{"java":{"insertions":174,"deletions":60}}},{"hash":"c770c2dd1d9061270ed51de9f885b6243fa4cc79","messageTitle":"Add description of Ui.java","messageBody":"","fileTypesAndContributionMap":{"java":{"insertions":3,"deletions":0}}},{"hash":"715946ed68e47c9c1ae6f3e836265fe29d812829","messageTitle":"Rename TaskManager.java to TaskList.java","messageBody":"","fileTypesAndContributionMap":{"java":{"insertions":10,"deletions":10}}},{"hash":"6a0f61240275054ef38d80af31b12a0d85d7921e","messageTitle":"Add Parser.java to deal with understanding user\u0027s command","messageBody":"","fileTypesAndContributionMap":{"java":{"insertions":75,"deletions":41}}},{"hash":"8abe0194e6b9728c7d7681c162368f44dfbd7ff9","messageTitle":"Add Increment: A-MoreOOP","messageBody":"","fileTypesAndContributionMap":{"java":{"insertions":21,"deletions":9}}},{"hash":"9c4694be91fa36ba229c5ac97c89b4b270b2da16","messageTitle":"Add comment for constructor","messageBody":"","fileTypesAndContributionMap":{"java":{"insertions":3,"deletions":0}}}]},{"date":"2021-09-18","commitResults":[{"hash":"faa0c308669077108a1a0e6bf6f328d30b511b12","messageTitle":"Fix typo in comments","messageBody":"","fileTypesAndContributionMap":{"java":{"insertions":2,"deletions":2}}},{"hash":"a772586bcf9e842b37b23c640c2c8963c3ed6ee5","messageTitle":"Add Increment Level-8 that used LocalDate to store dates","messageBody":"","fileTypesAndContributionMap":{"txt":{"insertions":4,"deletions":0},"java":{"insertions":63,"deletions":15}}},{"hash":"41ceeb770e462a7d7fe08fc2ea6ced772b55cea2","messageTitle":"Add find command","messageBody":"","fileTypesAndContributionMap":{"txt":{"insertions":3,"deletions":0},"java":{"insertions":41,"deletions":4}}},{"hash":"68511fdf11219481de20cfddfe86dac2eadf3b52","messageTitle":"Add commit for pull request","messageBody":"","fileTypesAndContributionMap":{"java":{"insertions":1,"deletions":1}}},{"hash":"4dae8c54f655136b3b033d9dfd32ae9fcdbcbba3","messageTitle":"Add first draft of user guide","messageBody":"","fileTypesAndContributionMap":{"md":{"insertions":192,"deletions":14}}},{"hash":"15ffeeffd7231e65d07dfc4f29512ffd19747e86","messageTitle":"Add section links to user guide","messageBody":"","fileTypesAndContributionMap":{"md":{"insertions":14,"deletions":11}}},{"hash":"b4a3fe7ea27d7b03b620ae0d8215c57a24e547df","messageTitle":"Update link to binary","messageBody":"","fileTypesAndContributionMap":{"md":{"insertions":1,"deletions":1}}}]},{"date":"2021-09-19","commitResults":[{"hash":"66c1f5e8a4a547ffa321013e0e341502c24548aa","messageTitle":"Refactor code and fix comments","messageBody":"","fileTypesAndContributionMap":{"java":{"insertions":72,"deletions":53}}},{"hash":"d13e12bf23bc6efad5e1e808ef2593544186e18e","messageTitle":"Change emojis in docs","messageBody":"","tags":["A-UserGuide","A-Release"],"fileTypesAndContributionMap":{"md":{"insertions":2,"deletions":2}}}]}]},"authorFileTypeContributionMap":{"rizemon":{"java":1239,"md":195,"fxml":0,"sh":2,"bat":2,"gradle":0,"txt":60}},"authorContributionVariance":{"rizemon":3549.046},"authorDisplayNameMap":{"rizemon":"CS2113T-T10-3 TAN ..A LE"}}
