{"authorDailyContributionsMap":{"leowyy99":[{"date":"2021-08-18","commitResults":[{"hash":"9efbf7bd96281f08e2634c0736d8f8a479232f17","messageTitle":"Add greeting message","messageBody":"","fileTypesAndContributionMap":{"java":{"insertions":8,"deletions":0}}}]},{"date":"2021-08-23","commitResults":[{"hash":"1e72d0a88706e23e18a7387edc782ca6e0f34285","messageTitle":"Add greet user, echo message and exit program","messageBody":"","tags":["Level-1"],"fileTypesAndContributionMap":{"java":{"insertions":18,"deletions":4}}},{"hash":"b4b0acd5e3da5cf4a5022c14ecfc87654e5e8d1f","messageTitle":"Add add and list features","messageBody":"","tags":["Level-2"],"fileTypesAndContributionMap":{"java":{"insertions":30,"deletions":12}}},{"hash":"a0afbdf19a300d592f3f1ba44ac2d77666f5c9b6","messageTitle":"Add mark as done feature","messageBody":"","fileTypesAndContributionMap":{"java":{"insertions":55,"deletions":20}}}]},{"date":"2021-08-24","commitResults":[{"hash":"0b1a62d727964f0b2ea7f4e6a2794282b9380754","messageTitle":"Fix bugs for done feature","messageBody":"","tags":["Level-3"],"fileTypesAndContributionMap":{"java":{"insertions":1,"deletions":1}}}]},{"date":"2021-08-25","commitResults":[{"hash":"d3856a2556d5887259a61ed5113df9fa1697349c","messageTitle":"Follow coding standards","messageBody":"","tags":["A-CodingStandard"],"fileTypesAndContributionMap":{"java":{"insertions":49,"deletions":17}}}]},{"date":"2021-08-28","commitResults":[{"hash":"127da63494db6361a0252832dc3b02a5a9eaf84a","messageTitle":"Customise chatbot","messageBody":"","fileTypesAndContributionMap":{"java":{"insertions":33,"deletions":11}}}]},{"date":"2021-08-29","commitResults":[{"hash":"6e135cb878febb5316cf8f2d9ceeaf03ab00bca1","messageTitle":"Add todo, event, deadline feature","messageBody":"","tags":["Level-4","A-Inheritance"],"fileTypesAndContributionMap":{"java":{"insertions":159,"deletions":29}}},{"hash":"a831bff0d07f265f17077f15e7a273e79bebaf83","messageTitle":"Refactor code to meed coding standards","messageBody":"","tags":["A-CodeQuality"],"fileTypesAndContributionMap":{"txt":{"insertions":11,"deletions":0},"java":{"insertions":95,"deletions":103}}}]},{"date":"2021-09-06","commitResults":[{"hash":"863b652e6bb3d1903be32772c3798ab08165ff8f","messageTitle":"Add exception handling","messageBody":"","tags":["A-Exceptions"],"fileTypesAndContributionMap":{"java":{"insertions":96,"deletions":31}}}]}]},"authorFileTypeContributionMap":{"leowyy99":{"java":322,"md":0,"fxml":0,"sh":0,"bat":0,"gradle":0,"txt":11}},"authorContributionVariance":{"leowyy99":837.4901},"authorDisplayNameMap":{"leowyy99":"CS2113T-T09-2 LEOW..YANG"}}
