{"authorDailyContributionsMap":{"leowyy99":[{"date":"2021-08-18","commitResults":[{"hash":"9efbf7bd96281f08e2634c0736d8f8a479232f17","messageTitle":"Add greeting message","messageBody":"","fileTypesAndContributionMap":{"java":{"insertions":8,"deletions":0}}}]},{"date":"2021-08-23","commitResults":[{"hash":"1e72d0a88706e23e18a7387edc782ca6e0f34285","messageTitle":"Add greet user, echo message and exit program","messageBody":"","tags":["Level-1"],"fileTypesAndContributionMap":{"java":{"insertions":18,"deletions":4}}},{"hash":"b4b0acd5e3da5cf4a5022c14ecfc87654e5e8d1f","messageTitle":"Add add and list features","messageBody":"","tags":["Level-2"],"fileTypesAndContributionMap":{"java":{"insertions":30,"deletions":12}}},{"hash":"a0afbdf19a300d592f3f1ba44ac2d77666f5c9b6","messageTitle":"Add mark as done feature","messageBody":"","fileTypesAndContributionMap":{"java":{"insertions":55,"deletions":20}}}]},{"date":"2021-08-24","commitResults":[{"hash":"0b1a62d727964f0b2ea7f4e6a2794282b9380754","messageTitle":"Fix bugs for done feature","messageBody":"","tags":["Level-3"],"fileTypesAndContributionMap":{"java":{"insertions":1,"deletions":1}}}]},{"date":"2021-08-25","commitResults":[{"hash":"d3856a2556d5887259a61ed5113df9fa1697349c","messageTitle":"Follow coding standards","messageBody":"","tags":["A-CodingStandard"],"fileTypesAndContributionMap":{"java":{"insertions":49,"deletions":17}}}]},{"date":"2021-08-28","commitResults":[{"hash":"127da63494db6361a0252832dc3b02a5a9eaf84a","messageTitle":"Customise chatbot","messageBody":"","fileTypesAndContributionMap":{"java":{"insertions":33,"deletions":11}}}]},{"date":"2021-08-29","commitResults":[{"hash":"6e135cb878febb5316cf8f2d9ceeaf03ab00bca1","messageTitle":"Add todo, event, deadline feature","messageBody":"","tags":["Level-4","A-Inheritance"],"fileTypesAndContributionMap":{"java":{"insertions":159,"deletions":29}}},{"hash":"a831bff0d07f265f17077f15e7a273e79bebaf83","messageTitle":"Refactor code to meed coding standards","messageBody":"","tags":["A-CodeQuality"],"fileTypesAndContributionMap":{"txt":{"insertions":11,"deletions":0},"java":{"insertions":95,"deletions":103}}}]},{"date":"2021-09-06","commitResults":[{"hash":"863b652e6bb3d1903be32772c3798ab08165ff8f","messageTitle":"Add exception handling","messageBody":"","tags":["A-Exceptions"],"fileTypesAndContributionMap":{"java":{"insertions":96,"deletions":31}}}]},{"date":"2021-09-08","commitResults":[{"hash":"8881bd549260ad970bd8d6e9a06e65ec27029951","messageTitle":"Add packages","messageBody":"","tags":["A-Packages"],"fileTypesAndContributionMap":{"java":{"insertions":21,"deletions":0}}}]},{"date":"2021-09-14","commitResults":[{"hash":"40d2115920962b59b5124346384da63fcc23b4d5","messageTitle":"Add delete feature","messageBody":"","fileTypesAndContributionMap":{"java":{"insertions":69,"deletions":38}}}]},{"date":"2021-09-15","commitResults":[{"hash":"2ccc21edb99d459394f137b694d1f7ee158aef58","messageTitle":"Save to hard drive","messageBody":"","fileTypesAndContributionMap":{"java":{"insertions":105,"deletions":1}}}]},{"date":"2021-09-21","commitResults":[{"hash":"befb19678315541c38df5ab140d0a4d90c4489de","messageTitle":"Create PrintOutput interface","messageBody":"","fileTypesAndContributionMap":{"java":{"insertions":101,"deletions":90}}},{"hash":"9e5c917d6f315eca62a77915ab97ea99201ea6e9","messageTitle":"Add Parser Class","messageBody":"","fileTypesAndContributionMap":{"java":{"insertions":176,"deletions":160}}},{"hash":"130d41fc3c872030f491bec19a571cb1b04428fa","messageTitle":"Change to Ui class","messageBody":"","fileTypesAndContributionMap":{"java":{"insertions":67,"deletions":60}}}]},{"date":"2021-09-25","commitResults":[{"hash":"98910c5fb045e23357e1a76dcc6ecfbdf0bc9103","messageTitle":"Finish OOP","messageBody":"","tags":["A-MoreOOP"],"fileTypesAndContributionMap":{"java":{"insertions":258,"deletions":142}}},{"hash":"bb129bca4eb220f946d69616665a6b9139ae324b","messageTitle":"Add time formatting","messageBody":"","fileTypesAndContributionMap":{"java":{"insertions":39,"deletions":20}}}]},{"date":"2021-09-26","commitResults":[{"hash":"78138599c9772209035fb3ee9f736d7c70d6d6a5","messageTitle":"Add find feature","messageBody":"","fileTypesAndContributionMap":{"java":{"insertions":27,"deletions":3}}},{"hash":"b9a566ef2fa974bbfe01a46d23a125284fa49e5d","messageTitle":"Improved parser","messageBody":"","fileTypesAndContributionMap":{"java":{"insertions":268,"deletions":149}}},{"hash":"d2eb55f9fe8f6bd7184827ca8a639c46141a6eb2","messageTitle":"Remove magic literals","messageBody":"","fileTypesAndContributionMap":{"java":{"insertions":59,"deletions":148}}},{"hash":"ee7a3aaf16a551655210b0dc60bfaf72ec706baa","messageTitle":"Improve code quality","messageBody":"","fileTypesAndContributionMap":{"java":{"insertions":1,"deletions":2}}}]}]},"authorFileTypeContributionMap":{"leowyy99":{"java":712,"md":0,"fxml":0,"sh":0,"bat":0,"gradle":0,"txt":11}},"authorContributionVariance":{"leowyy99":4949.532},"authorDisplayNameMap":{"leowyy99":"CS2113T-T09-2 LEOW..YANG"}}
