{"authorDailyContributionsMap":{"yzhedwin":[{"date":"2021-08-23","commitResults":[{"hash":"bcf20ee31dc2bc2797bf7bc90affa0beccd78d51","messageTitle":"Week 2 Task","messageBody":"","tags":["Level-1"],"fileTypesAndContributionMap":{"java":{"insertions":5,"deletions":1}}}]},{"date":"2021-08-26","commitResults":[{"hash":"2c2a310e365ab272ee2ae324d9da810c2280de0e","messageTitle":"Level-1","messageBody":"","tags":["Level-2"],"fileTypesAndContributionMap":{"java":{"insertions":20,"deletions":5}}},{"hash":"da7c42bad992f14640a26255749509044ef70449","messageTitle":"Level-2","messageBody":"","tags":["Level-3"],"fileTypesAndContributionMap":{"java":{"insertions":116,"deletions":10}}},{"hash":"7e2f13a98b0b3975ab9c16beb8821f1e26585eb7","messageTitle":"Level-3","messageBody":"","fileTypesAndContributionMap":{"java":{"insertions":39,"deletions":5}}},{"hash":"0b9ce39f70c674a6c677625c8ab21bbe1626a7a3","messageTitle":"Completed A-CodingStandard","messageBody":"","tags":["Level-4","A-CodingStandard"],"fileTypesAndContributionMap":{"java":{"insertions":3,"deletions":3}}}]},{"date":"2021-09-03","commitResults":[{"hash":"074899d24dba6b8c39f880535bc1748f0e2762c8","messageTitle":"Level-4 Completed","messageBody":"","tags":["A-CodeQuality"],"fileTypesAndContributionMap":{"java":{"insertions":97,"deletions":112}}},{"hash":"4ce8ac07f16a8bd001973e646dc9608002be42ea","messageTitle":"Level-4, A-CodeQuality","messageBody":"","tags":["Level-5"],"fileTypesAndContributionMap":{"java":{"insertions":5,"deletions":2}}}]},{"date":"2021-09-07","commitResults":[{"hash":"c2a8cf3cc49d6d0c8438d1a4621d2074586aa8cc","messageTitle":"Completed Level-5","messageBody":"","tags":["A-Exceptions"],"fileTypesAndContributionMap":{"java":{"insertions":101,"deletions":33},"bat":{"insertions":1,"deletions":1}}},{"hash":"e61f1e7dd9c518ad0cca87d1e3711a2014165693","messageTitle":"Completed Level-5,A-Exceptions","messageBody":"","tags":["A-TextUiTesting"],"fileTypesAndContributionMap":{"java":{"insertions":1,"deletions":1},"bat":{"insertions":2,"deletions":2}}},{"hash":"daef42c5e1e17f8756f3082bff09466527238b30","messageTitle":"Updated Ui Testing","messageBody":"","fileTypesAndContributionMap":{"txt":{"insertions":9,"deletions":0},"java":{"insertions":13,"deletions":8},"bat":{"insertions":3,"deletions":3},"sh":{"insertions":0,"deletions":38}}},{"hash":"e8ce66fb0744ca1cb676a410f0d18675e867f418","messageTitle":"Completed A-Packages and improve coding standards","messageBody":"","fileTypesAndContributionMap":{"java":{"insertions":226,"deletions":133}}},{"hash":"88ad15e6c184249c92f53eeba0f25011f507e7d6","messageTitle":"Updated runtest.bat","messageBody":"","fileTypesAndContributionMap":{"bat":{"insertions":1,"deletions":1}}},{"hash":"d3cbc2976f86970cc83b2d171cde5af5a88f68c1","messageTitle":"Formatted some codes","messageBody":"","fileTypesAndContributionMap":{"java":{"insertions":0,"deletions":1}}},{"hash":"b573d4ce762db61931b8f3a73e4526129cc27f5c","messageTitle":"Code Fixes","messageBody":"","fileTypesAndContributionMap":{"java":{"insertions":1,"deletions":1}}},{"hash":"3974bd3366e20210dcf51ac731fe741030c3bf70","messageTitle":"Improved A-Exception","messageBody":"","fileTypesAndContributionMap":{"java":{"insertions":31,"deletions":3}}}]},{"date":"2021-09-15","commitResults":[{"hash":"22af07950a995082819985d3226b5e8aaae4b01a","messageTitle":"Added delete feature","messageBody":"","tags":["Level-7","Level-6","A-Collections"],"fileTypesAndContributionMap":{"java":{"insertions":52,"deletions":17}}}]},{"date":"2021-09-16","commitResults":[{"hash":"3c647fc8c0f5b6aa802c9a137e6e44952e1801f1","messageTitle":"Added save feature and some personality for Level-7 requirement","messageBody":"","tags":["A-Jar"],"fileTypesAndContributionMap":{"txt":{"insertions":3,"deletions":0},"java":{"insertions":149,"deletions":32}}},{"hash":"a294af85e05d5f7c983bdaa898540e1bf71163c2","messageTitle":"Minor changes to save.txt","messageBody":"","fileTypesAndContributionMap":{"txt":{"insertions":2,"deletions":2}}}]},{"date":"2021-09-28","commitResults":[{"hash":"92cbe7d08ddca483e8a919d0db80a5b9f66afb03","messageTitle":"Added more OOP and fixed exception handling","messageBody":"","fileTypesAndContributionMap":{"txt":{"insertions":0,"deletions":3},"java":{"insertions":520,"deletions":405}}}]},{"date":"2021-09-29","commitResults":[{"hash":"ea440362f63a039122eac17c327d50462d1760f1","messageTitle":"Added Date and Time functionality","messageBody":"","fileTypesAndContributionMap":{"txt":{"insertions":1,"deletions":0},"java":{"insertions":117,"deletions":11}}},{"hash":"a2984d60e889c97e7233a996376dc5b394560670","messageTitle":"Added Find Feature","messageBody":"","fileTypesAndContributionMap":{"txt":{"insertions":3,"deletions":1},"java":{"insertions":43,"deletions":6}}}]}]},"authorFileTypeContributionMap":{"yzhedwin":{"java":760,"md":0,"fxml":0,"sh":0,"bat":2,"gradle":0,"txt":12}},"authorContributionVariance":{"yzhedwin":5333.728},"authorDisplayNameMap":{"yzhedwin":"CS2113T-F11-1 YEO ..DWIN"}}
