[{"path":"README.md","fileType":"md","lines":[{"lineNumber":1,"author":{"gitId":"oneScotch"},"content":"# duke.command.Duke project template","lastModifiedDate":"2021-09-08"},{"lineNumber":2,"author":{"gitId":"-"},"content":"","lastModifiedDate":"2020-05-25"},{"lineNumber":3,"author":{"gitId":"-"},"content":"This is a project template for a greenfield Java project. It\u0027s named after the Java mascot _Duke_. Given below are instructions on how to use it.","lastModifiedDate":"2020-05-25"},{"lineNumber":4,"author":{"gitId":"-"},"content":"","lastModifiedDate":"2020-05-25"},{"lineNumber":5,"author":{"gitId":"-"},"content":"## Setting up in Intellij","lastModifiedDate":"2020-05-25"},{"lineNumber":6,"author":{"gitId":"-"},"content":"","lastModifiedDate":"2020-05-25"},{"lineNumber":7,"author":{"gitId":"-"},"content":"Prerequisites: JDK 11, update Intellij to the most recent version.","lastModifiedDate":"2020-05-25"},{"lineNumber":8,"author":{"gitId":"-"},"content":"","lastModifiedDate":"2020-05-25"},{"lineNumber":9,"author":{"gitId":"-"},"content":"1. Open Intellij (if you are not in the welcome screen, click `File` \u003e `Close Project` to close the existing project first)","lastModifiedDate":"2021-01-17"},{"lineNumber":10,"author":{"gitId":"-"},"content":"1. Open the project into Intellij as follows:","lastModifiedDate":"2021-01-17"},{"lineNumber":11,"author":{"gitId":"-"},"content":"   1. Click `Open`.","lastModifiedDate":"2021-01-17"},{"lineNumber":12,"author":{"gitId":"-"},"content":"   1. Select the project directory, and click `OK`.","lastModifiedDate":"2021-01-17"},{"lineNumber":13,"author":{"gitId":"-"},"content":"   1. If there are any further prompts, accept the defaults.","lastModifiedDate":"2020-05-25"},{"lineNumber":14,"author":{"gitId":"-"},"content":"1. Configure the project to use **JDK 11** (not other versions) as explained in [here](https://www.jetbrains.com/help/idea/sdk.html#set-up-jdk).\u003cbr\u003e","lastModifiedDate":"2021-07-29"},{"lineNumber":15,"author":{"gitId":"-"},"content":"   In the same dialog, set the **Project language level** field to the `SDK default` option.","lastModifiedDate":"2021-07-29"},{"lineNumber":16,"author":{"gitId":"oneScotch"},"content":"3. After that, locate the `src/main/java/duke.command.Duke.java` file, right-click it, and choose `Run duke.command.Duke.main()` (if the code editor is showing compile errors, try restarting the IDE). If the setup is correct, you should see something like the below as the output:","lastModifiedDate":"2021-09-08"},{"lineNumber":17,"author":{"gitId":"-"},"content":"   ```","lastModifiedDate":"2020-05-25"},{"lineNumber":18,"author":{"gitId":"-"},"content":"   Hello from","lastModifiedDate":"2020-05-25"},{"lineNumber":19,"author":{"gitId":"-"},"content":"    ____        _        ","lastModifiedDate":"2020-05-25"},{"lineNumber":20,"author":{"gitId":"-"},"content":"   |  _ \\ _   _| | _____ ","lastModifiedDate":"2020-05-25"},{"lineNumber":21,"author":{"gitId":"-"},"content":"   | | | | | | | |/ / _ \\","lastModifiedDate":"2020-05-25"},{"lineNumber":22,"author":{"gitId":"-"},"content":"   | |_| | |_| |   \u003c  __/","lastModifiedDate":"2020-05-25"},{"lineNumber":23,"author":{"gitId":"-"},"content":"   |____/ \\__,_|_|\\_\\___|","lastModifiedDate":"2020-05-25"},{"lineNumber":24,"author":{"gitId":"-"},"content":"   ```","lastModifiedDate":"2020-05-25"}],"authorContributionMap":{"oneScotch":2,"-":22}},{"path":"src/main/java/duke/command/DoTask.java","fileType":"java","lines":[{"lineNumber":1,"author":{"gitId":"oneScotch"},"content":"package duke.command;","lastModifiedDate":"2021-09-08"},{"lineNumber":2,"author":{"gitId":"oneScotch"},"content":"","lastModifiedDate":"2021-09-08"},{"lineNumber":3,"author":{"gitId":"oneScotch"},"content":"import duke.exception.EmptyTaskException;","lastModifiedDate":"2021-09-08"},{"lineNumber":4,"author":{"gitId":"oneScotch"},"content":"import duke.exception.MissingParaException;","lastModifiedDate":"2021-09-08"},{"lineNumber":5,"author":{"gitId":"oneScotch"},"content":"import duke.exception.OutOfRangeException;","lastModifiedDate":"2021-09-08"},{"lineNumber":6,"author":{"gitId":"oneScotch"},"content":"import duke.task.Deadline;","lastModifiedDate":"2021-09-08"},{"lineNumber":7,"author":{"gitId":"oneScotch"},"content":"import duke.task.Event;","lastModifiedDate":"2021-09-08"},{"lineNumber":8,"author":{"gitId":"oneScotch"},"content":"import duke.task.Task;","lastModifiedDate":"2021-09-08"},{"lineNumber":9,"author":{"gitId":"oneScotch"},"content":"import duke.task.ToDo;","lastModifiedDate":"2021-09-08"},{"lineNumber":10,"author":{"gitId":"oneScotch"},"content":"","lastModifiedDate":"2021-09-08"},{"lineNumber":11,"author":{"gitId":"oneScotch"},"content":"public class DoTask {","lastModifiedDate":"2021-09-08"},{"lineNumber":12,"author":{"gitId":"oneScotch"},"content":"    private Task[] tasks \u003d new Task[100];","lastModifiedDate":"2021-09-08"},{"lineNumber":13,"author":{"gitId":"oneScotch"},"content":"    private int numOfTasks;","lastModifiedDate":"2021-09-08"},{"lineNumber":14,"author":{"gitId":"oneScotch"},"content":"    private static String line \u003d Duke.line;","lastModifiedDate":"2021-09-08"},{"lineNumber":15,"author":{"gitId":"oneScotch"},"content":"","lastModifiedDate":"2021-09-08"},{"lineNumber":16,"author":{"gitId":"oneScotch"},"content":"    public DoTask() {","lastModifiedDate":"2021-09-08"},{"lineNumber":17,"author":{"gitId":"oneScotch"},"content":"        numOfTasks \u003d 0;","lastModifiedDate":"2021-09-08"},{"lineNumber":18,"author":{"gitId":"oneScotch"},"content":"    }","lastModifiedDate":"2021-09-08"},{"lineNumber":19,"author":{"gitId":"oneScotch"},"content":"","lastModifiedDate":"2021-09-08"},{"lineNumber":20,"author":{"gitId":"oneScotch"},"content":"    public void printList() {","lastModifiedDate":"2021-09-08"},{"lineNumber":21,"author":{"gitId":"oneScotch"},"content":"        if (numOfTasks \u003d\u003d 0) {","lastModifiedDate":"2021-09-08"},{"lineNumber":22,"author":{"gitId":"oneScotch"},"content":"            System.out.println(\"No task added yet!\");","lastModifiedDate":"2021-09-08"},{"lineNumber":23,"author":{"gitId":"oneScotch"},"content":"            return;","lastModifiedDate":"2021-09-08"},{"lineNumber":24,"author":{"gitId":"oneScotch"},"content":"        }","lastModifiedDate":"2021-09-08"},{"lineNumber":25,"author":{"gitId":"oneScotch"},"content":"        System.out.println(line + \"\\nHere are the tasks in your list:\");","lastModifiedDate":"2021-09-08"},{"lineNumber":26,"author":{"gitId":"oneScotch"},"content":"        for (int i \u003d 0; i \u003c numOfTasks; i++) {","lastModifiedDate":"2021-09-08"},{"lineNumber":27,"author":{"gitId":"oneScotch"},"content":"            System.out.println((i + 1) + \".\" + tasks[i]);","lastModifiedDate":"2021-09-08"},{"lineNumber":28,"author":{"gitId":"oneScotch"},"content":"        }","lastModifiedDate":"2021-09-08"},{"lineNumber":29,"author":{"gitId":"oneScotch"},"content":"        System.out.println(line);","lastModifiedDate":"2021-09-08"},{"lineNumber":30,"author":{"gitId":"oneScotch"},"content":"    }","lastModifiedDate":"2021-09-08"},{"lineNumber":31,"author":{"gitId":"oneScotch"},"content":"","lastModifiedDate":"2021-09-08"},{"lineNumber":32,"author":{"gitId":"oneScotch"},"content":"    public void done(String input) throws OutOfRangeException {","lastModifiedDate":"2021-09-08"},{"lineNumber":33,"author":{"gitId":"oneScotch"},"content":"        int index \u003d Integer.parseInt(input.substring(input.indexOf(\" \") + 1));","lastModifiedDate":"2021-09-08"},{"lineNumber":34,"author":{"gitId":"oneScotch"},"content":"","lastModifiedDate":"2021-09-08"},{"lineNumber":35,"author":{"gitId":"oneScotch"},"content":"        if (index \u003e numOfTasks) {","lastModifiedDate":"2021-09-08"},{"lineNumber":36,"author":{"gitId":"oneScotch"},"content":"            throw new OutOfRangeException();","lastModifiedDate":"2021-09-08"},{"lineNumber":37,"author":{"gitId":"oneScotch"},"content":"        } else {","lastModifiedDate":"2021-09-08"},{"lineNumber":38,"author":{"gitId":"oneScotch"},"content":"            tasks[index - 1].markAsDone();","lastModifiedDate":"2021-09-08"},{"lineNumber":39,"author":{"gitId":"oneScotch"},"content":"            System.out.println(line);","lastModifiedDate":"2021-09-08"},{"lineNumber":40,"author":{"gitId":"oneScotch"},"content":"            System.out.println(\"Nice! I\u0027ve marked this task as done:\\n[\" + tasks[index - 1].getType() + \"][X] \" + tasks[index - 1].getDescription());","lastModifiedDate":"2021-09-08"},{"lineNumber":41,"author":{"gitId":"oneScotch"},"content":"            System.out.println(line);","lastModifiedDate":"2021-09-08"},{"lineNumber":42,"author":{"gitId":"oneScotch"},"content":"        }","lastModifiedDate":"2021-09-08"},{"lineNumber":43,"author":{"gitId":"oneScotch"},"content":"    }","lastModifiedDate":"2021-09-08"},{"lineNumber":44,"author":{"gitId":"oneScotch"},"content":"","lastModifiedDate":"2021-09-08"},{"lineNumber":45,"author":{"gitId":"oneScotch"},"content":"","lastModifiedDate":"2021-09-08"},{"lineNumber":46,"author":{"gitId":"oneScotch"},"content":"    public void addTask(String input, String taskType) throws MissingParaException, EmptyTaskException {","lastModifiedDate":"2021-09-08"},{"lineNumber":47,"author":{"gitId":"oneScotch"},"content":"","lastModifiedDate":"2021-09-08"},{"lineNumber":48,"author":{"gitId":"oneScotch"},"content":"        if (input.toLowerCase().split(\" \").length \u003c 2) {","lastModifiedDate":"2021-09-08"},{"lineNumber":49,"author":{"gitId":"oneScotch"},"content":"            throw new EmptyTaskException();","lastModifiedDate":"2021-09-08"},{"lineNumber":50,"author":{"gitId":"oneScotch"},"content":"        }","lastModifiedDate":"2021-09-08"},{"lineNumber":51,"author":{"gitId":"oneScotch"},"content":"        String taskName;","lastModifiedDate":"2021-09-08"},{"lineNumber":52,"author":{"gitId":"oneScotch"},"content":"        switch (taskType) {","lastModifiedDate":"2021-09-08"},{"lineNumber":53,"author":{"gitId":"oneScotch"},"content":"        case \"T\":","lastModifiedDate":"2021-09-08"},{"lineNumber":54,"author":{"gitId":"oneScotch"},"content":"            taskName \u003d input.substring(input.indexOf(\"todo\") + 5);","lastModifiedDate":"2021-09-08"},{"lineNumber":55,"author":{"gitId":"oneScotch"},"content":"            tasks[numOfTasks] \u003d new ToDo(taskName);","lastModifiedDate":"2021-09-08"},{"lineNumber":56,"author":{"gitId":"oneScotch"},"content":"            break;","lastModifiedDate":"2021-09-08"},{"lineNumber":57,"author":{"gitId":"oneScotch"},"content":"        case \"E\":","lastModifiedDate":"2021-09-08"},{"lineNumber":58,"author":{"gitId":"oneScotch"},"content":"            if (!input.contains(\"/at\")) {","lastModifiedDate":"2021-09-08"},{"lineNumber":59,"author":{"gitId":"oneScotch"},"content":"                throw new MissingParaException();","lastModifiedDate":"2021-09-08"},{"lineNumber":60,"author":{"gitId":"oneScotch"},"content":"            }","lastModifiedDate":"2021-09-08"},{"lineNumber":61,"author":{"gitId":"oneScotch"},"content":"            taskName \u003d input.substring(input.indexOf(\"event\") + 6, input.indexOf(\"/\") - 1);","lastModifiedDate":"2021-09-08"},{"lineNumber":62,"author":{"gitId":"oneScotch"},"content":"            String at \u003d input.substring(input.indexOf(\"at\") + 3);","lastModifiedDate":"2021-09-08"},{"lineNumber":63,"author":{"gitId":"oneScotch"},"content":"            tasks[numOfTasks] \u003d new Event(taskName, at);","lastModifiedDate":"2021-09-08"},{"lineNumber":64,"author":{"gitId":"oneScotch"},"content":"            break;","lastModifiedDate":"2021-09-08"},{"lineNumber":65,"author":{"gitId":"oneScotch"},"content":"        case \"D\":","lastModifiedDate":"2021-09-08"},{"lineNumber":66,"author":{"gitId":"oneScotch"},"content":"            if (!input.contains(\"/by\")) {","lastModifiedDate":"2021-09-08"},{"lineNumber":67,"author":{"gitId":"oneScotch"},"content":"                throw new MissingParaException();","lastModifiedDate":"2021-09-08"},{"lineNumber":68,"author":{"gitId":"oneScotch"},"content":"            }","lastModifiedDate":"2021-09-08"},{"lineNumber":69,"author":{"gitId":"oneScotch"},"content":"            taskName \u003d input.substring(input.indexOf(\"deadline\") + 9, input.indexOf(\"/\") - 1);","lastModifiedDate":"2021-09-08"},{"lineNumber":70,"author":{"gitId":"oneScotch"},"content":"            String by \u003d input.substring(input.indexOf(\"by\") + 3);","lastModifiedDate":"2021-09-08"},{"lineNumber":71,"author":{"gitId":"oneScotch"},"content":"            tasks[numOfTasks] \u003d new Deadline(taskName, by);","lastModifiedDate":"2021-09-08"},{"lineNumber":72,"author":{"gitId":"oneScotch"},"content":"            break;","lastModifiedDate":"2021-09-08"},{"lineNumber":73,"author":{"gitId":"oneScotch"},"content":"        default:","lastModifiedDate":"2021-09-08"},{"lineNumber":74,"author":{"gitId":"oneScotch"},"content":"            System.out.println(line);","lastModifiedDate":"2021-09-08"},{"lineNumber":75,"author":{"gitId":"oneScotch"},"content":"            System.out.println(\"Invalid  input!\");","lastModifiedDate":"2021-09-08"},{"lineNumber":76,"author":{"gitId":"oneScotch"},"content":"            System.out.println(line);","lastModifiedDate":"2021-09-08"},{"lineNumber":77,"author":{"gitId":"oneScotch"},"content":"            return;","lastModifiedDate":"2021-09-08"},{"lineNumber":78,"author":{"gitId":"oneScotch"},"content":"        }","lastModifiedDate":"2021-09-08"},{"lineNumber":79,"author":{"gitId":"oneScotch"},"content":"        System.out.println(line);","lastModifiedDate":"2021-09-08"},{"lineNumber":80,"author":{"gitId":"oneScotch"},"content":"        System.out.println(\"Got it. I\u0027ve added this task:\");","lastModifiedDate":"2021-09-08"},{"lineNumber":81,"author":{"gitId":"oneScotch"},"content":"        System.out.println(\"  \" + tasks[numOfTasks]);","lastModifiedDate":"2021-09-08"},{"lineNumber":82,"author":{"gitId":"oneScotch"},"content":"        System.out.println(\"Now you have \" + (numOfTasks + 1) + \"tasks in the list.\");","lastModifiedDate":"2021-09-08"},{"lineNumber":83,"author":{"gitId":"oneScotch"},"content":"        System.out.println(line);","lastModifiedDate":"2021-09-08"},{"lineNumber":84,"author":{"gitId":"oneScotch"},"content":"        numOfTasks++;","lastModifiedDate":"2021-09-08"},{"lineNumber":85,"author":{"gitId":"oneScotch"},"content":"    }","lastModifiedDate":"2021-09-08"},{"lineNumber":86,"author":{"gitId":"oneScotch"},"content":"}","lastModifiedDate":"2021-09-08"},{"lineNumber":87,"author":{"gitId":"oneScotch"},"content":"","lastModifiedDate":"2021-09-08"}],"authorContributionMap":{"oneScotch":87}},{"path":"src/main/java/duke/command/Duke.java","fileType":"java","lines":[{"lineNumber":1,"author":{"gitId":"oneScotch"},"content":"package duke.command;","lastModifiedDate":"2021-09-08"},{"lineNumber":2,"author":{"gitId":"oneScotch"},"content":"","lastModifiedDate":"2021-09-08"},{"lineNumber":3,"author":{"gitId":"oneScotch"},"content":"import duke.command.DoTask;","lastModifiedDate":"2021-09-08"},{"lineNumber":4,"author":{"gitId":"oneScotch"},"content":"import duke.exception.EmptyTaskException;","lastModifiedDate":"2021-09-08"},{"lineNumber":5,"author":{"gitId":"oneScotch"},"content":"import duke.exception.InvalidInputException;","lastModifiedDate":"2021-09-08"},{"lineNumber":6,"author":{"gitId":"oneScotch"},"content":"import duke.exception.MissingParaException;","lastModifiedDate":"2021-09-08"},{"lineNumber":7,"author":{"gitId":"oneScotch"},"content":"import duke.exception.OutOfRangeException;","lastModifiedDate":"2021-09-08"},{"lineNumber":8,"author":{"gitId":"oneScotch"},"content":"","lastModifiedDate":"2021-09-08"},{"lineNumber":9,"author":{"gitId":"oneScotch"},"content":"import java.util.Scanner;","lastModifiedDate":"2021-09-08"},{"lineNumber":10,"author":{"gitId":"oneScotch"},"content":"","lastModifiedDate":"2021-09-08"},{"lineNumber":11,"author":{"gitId":"oneScotch"},"content":"","lastModifiedDate":"2021-09-08"},{"lineNumber":12,"author":{"gitId":"oneScotch"},"content":"public class Duke {","lastModifiedDate":"2021-09-08"},{"lineNumber":13,"author":{"gitId":"oneScotch"},"content":"    public static String line \u003d \"____________________________________________________________\";","lastModifiedDate":"2021-09-08"},{"lineNumber":14,"author":{"gitId":"oneScotch"},"content":"    private static DoTask doTask \u003d new DoTask();","lastModifiedDate":"2021-09-08"},{"lineNumber":15,"author":{"gitId":"oneScotch"},"content":"","lastModifiedDate":"2021-09-08"},{"lineNumber":16,"author":{"gitId":"oneScotch"},"content":"    public static void greet() {","lastModifiedDate":"2021-09-08"},{"lineNumber":17,"author":{"gitId":"oneScotch"},"content":"        String logo \u003d \" ____              ________  \\n\"","lastModifiedDate":"2021-09-08"},{"lineNumber":18,"author":{"gitId":"oneScotch"},"content":"                + \"|  _ \\\\  | |   | |  |__  __| \\n\"","lastModifiedDate":"2021-09-08"},{"lineNumber":19,"author":{"gitId":"oneScotch"},"content":"                + \"| |_| | | |   | |    |  |\\n\"","lastModifiedDate":"2021-09-08"},{"lineNumber":20,"author":{"gitId":"oneScotch"},"content":"                + \"|____/  | |   | |    |  |\\n\"","lastModifiedDate":"2021-09-08"},{"lineNumber":21,"author":{"gitId":"oneScotch"},"content":"                + \"| |\\\\ \\\\  | |   | |    |  |\\n\"","lastModifiedDate":"2021-09-08"},{"lineNumber":22,"author":{"gitId":"oneScotch"},"content":"                + \"| | \\\\ \\\\ | |___| |   --  --\\n\"","lastModifiedDate":"2021-09-08"},{"lineNumber":23,"author":{"gitId":"oneScotch"},"content":"                + \"|_|  \\\\ \\\\\\\\ _____ /  | ____|\\n\";","lastModifiedDate":"2021-09-08"},{"lineNumber":24,"author":{"gitId":"oneScotch"},"content":"        System.out.println(\"Hello from\\n\" + logo);","lastModifiedDate":"2021-09-08"},{"lineNumber":25,"author":{"gitId":"oneScotch"},"content":"","lastModifiedDate":"2021-09-08"},{"lineNumber":26,"author":{"gitId":"oneScotch"},"content":"        System.out.println(line + \"\\nHello! I\u0027m Rui\\nWhat can I do for you?\\n\" + line);","lastModifiedDate":"2021-09-08"},{"lineNumber":27,"author":{"gitId":"oneScotch"},"content":"    }","lastModifiedDate":"2021-09-08"},{"lineNumber":28,"author":{"gitId":"oneScotch"},"content":"","lastModifiedDate":"2021-09-08"},{"lineNumber":29,"author":{"gitId":"oneScotch"},"content":"    public static void exit() {","lastModifiedDate":"2021-09-08"},{"lineNumber":30,"author":{"gitId":"oneScotch"},"content":"        System.out.println(\"Bye. Hope to see you again soon!\\n\" + line);","lastModifiedDate":"2021-09-08"},{"lineNumber":31,"author":{"gitId":"oneScotch"},"content":"    }","lastModifiedDate":"2021-09-08"},{"lineNumber":32,"author":{"gitId":"oneScotch"},"content":"","lastModifiedDate":"2021-09-08"},{"lineNumber":33,"author":{"gitId":"oneScotch"},"content":"    public static String translate(String input) throws InvalidInputException {","lastModifiedDate":"2021-09-08"},{"lineNumber":34,"author":{"gitId":"oneScotch"},"content":"        if (input.contains(\"done\")) {","lastModifiedDate":"2021-09-08"},{"lineNumber":35,"author":{"gitId":"oneScotch"},"content":"            return \"DONE\";","lastModifiedDate":"2021-09-08"},{"lineNumber":36,"author":{"gitId":"oneScotch"},"content":"        } else if (input.contains(\"bye\")) {","lastModifiedDate":"2021-09-08"},{"lineNumber":37,"author":{"gitId":"oneScotch"},"content":"            return \"EXIT\";","lastModifiedDate":"2021-09-08"},{"lineNumber":38,"author":{"gitId":"oneScotch"},"content":"        } else if (input.contains(\"list\")) {","lastModifiedDate":"2021-09-08"},{"lineNumber":39,"author":{"gitId":"oneScotch"},"content":"            return \"LIST\";","lastModifiedDate":"2021-09-08"},{"lineNumber":40,"author":{"gitId":"oneScotch"},"content":"        } else if (input.contains(\"todo\")) {","lastModifiedDate":"2021-09-08"},{"lineNumber":41,"author":{"gitId":"oneScotch"},"content":"            return \"T\";","lastModifiedDate":"2021-09-08"},{"lineNumber":42,"author":{"gitId":"oneScotch"},"content":"        } else if (input.contains(\"deadline\")) {","lastModifiedDate":"2021-09-08"},{"lineNumber":43,"author":{"gitId":"oneScotch"},"content":"            return \"D\";","lastModifiedDate":"2021-09-08"},{"lineNumber":44,"author":{"gitId":"oneScotch"},"content":"        } else if (input.contains(\"event\")) {","lastModifiedDate":"2021-09-08"},{"lineNumber":45,"author":{"gitId":"oneScotch"},"content":"            return \"E\";","lastModifiedDate":"2021-09-08"},{"lineNumber":46,"author":{"gitId":"oneScotch"},"content":"        }else{","lastModifiedDate":"2021-09-08"},{"lineNumber":47,"author":{"gitId":"oneScotch"},"content":"            throw new InvalidInputException();","lastModifiedDate":"2021-09-08"},{"lineNumber":48,"author":{"gitId":"oneScotch"},"content":"        }","lastModifiedDate":"2021-09-08"},{"lineNumber":49,"author":{"gitId":"oneScotch"},"content":"","lastModifiedDate":"2021-09-08"},{"lineNumber":50,"author":{"gitId":"oneScotch"},"content":"    }","lastModifiedDate":"2021-09-08"},{"lineNumber":51,"author":{"gitId":"oneScotch"},"content":"","lastModifiedDate":"2021-09-08"},{"lineNumber":52,"author":{"gitId":"oneScotch"},"content":"    public static void printError(Exception e) {","lastModifiedDate":"2021-09-08"},{"lineNumber":53,"author":{"gitId":"oneScotch"},"content":"        if (e instanceof InvalidInputException) {","lastModifiedDate":"2021-09-08"},{"lineNumber":54,"author":{"gitId":"oneScotch"},"content":"            System.out.println(line);","lastModifiedDate":"2021-09-08"},{"lineNumber":55,"author":{"gitId":"oneScotch"},"content":"            System.out.println(\" OOPS!!! I\u0027m sorry, but I don\u0027t know what that means :-(\");","lastModifiedDate":"2021-09-08"},{"lineNumber":56,"author":{"gitId":"oneScotch"},"content":"            System.out.println(line);","lastModifiedDate":"2021-09-08"},{"lineNumber":57,"author":{"gitId":"oneScotch"},"content":"        } else if (e instanceof EmptyTaskException) {","lastModifiedDate":"2021-09-08"},{"lineNumber":58,"author":{"gitId":"oneScotch"},"content":"            System.out.println(line);","lastModifiedDate":"2021-09-08"},{"lineNumber":59,"author":{"gitId":"oneScotch"},"content":"            System.out.println(\" OOPS!!! The description of your task cannot be empty.\");","lastModifiedDate":"2021-09-08"},{"lineNumber":60,"author":{"gitId":"oneScotch"},"content":"            System.out.println(line);","lastModifiedDate":"2021-09-08"},{"lineNumber":61,"author":{"gitId":"oneScotch"},"content":"        } else if (e instanceof MissingParaException) {","lastModifiedDate":"2021-09-08"},{"lineNumber":62,"author":{"gitId":"oneScotch"},"content":"            System.out.println(line);","lastModifiedDate":"2021-09-08"},{"lineNumber":63,"author":{"gitId":"oneScotch"},"content":"            System.out.println(\" OOPS!!! Some variable is missing\");","lastModifiedDate":"2021-09-08"},{"lineNumber":64,"author":{"gitId":"oneScotch"},"content":"            System.out.println(line);","lastModifiedDate":"2021-09-08"},{"lineNumber":65,"author":{"gitId":"oneScotch"},"content":"        } else if (e instanceof OutOfRangeException) {","lastModifiedDate":"2021-09-08"},{"lineNumber":66,"author":{"gitId":"oneScotch"},"content":"            System.out.println(line);","lastModifiedDate":"2021-09-08"},{"lineNumber":67,"author":{"gitId":"oneScotch"},"content":"            System.out.println(\" OOPS!!! The index is out of range\");","lastModifiedDate":"2021-09-08"},{"lineNumber":68,"author":{"gitId":"oneScotch"},"content":"            System.out.println(line);","lastModifiedDate":"2021-09-08"},{"lineNumber":69,"author":{"gitId":"oneScotch"},"content":"        } else {","lastModifiedDate":"2021-09-08"},{"lineNumber":70,"author":{"gitId":"oneScotch"},"content":"            System.out.println(line);","lastModifiedDate":"2021-09-08"},{"lineNumber":71,"author":{"gitId":"oneScotch"},"content":"            System.out.println(\" OOPS!!! The program fails for the reason\"+e.getMessage());","lastModifiedDate":"2021-09-08"},{"lineNumber":72,"author":{"gitId":"oneScotch"},"content":"            System.out.println(line);","lastModifiedDate":"2021-09-08"},{"lineNumber":73,"author":{"gitId":"oneScotch"},"content":"        }","lastModifiedDate":"2021-09-08"},{"lineNumber":74,"author":{"gitId":"oneScotch"},"content":"    }","lastModifiedDate":"2021-09-08"},{"lineNumber":75,"author":{"gitId":"oneScotch"},"content":"","lastModifiedDate":"2021-09-08"},{"lineNumber":76,"author":{"gitId":"oneScotch"},"content":"","lastModifiedDate":"2021-09-08"},{"lineNumber":77,"author":{"gitId":"oneScotch"},"content":"    public static void main(String[] args) {","lastModifiedDate":"2021-09-08"},{"lineNumber":78,"author":{"gitId":"oneScotch"},"content":"        try{","lastModifiedDate":"2021-09-08"},{"lineNumber":79,"author":{"gitId":"oneScotch"},"content":"            greet();","lastModifiedDate":"2021-09-08"},{"lineNumber":80,"author":{"gitId":"oneScotch"},"content":"            Scanner sc \u003d new Scanner(System.in);","lastModifiedDate":"2021-09-08"},{"lineNumber":81,"author":{"gitId":"oneScotch"},"content":"","lastModifiedDate":"2021-09-08"},{"lineNumber":82,"author":{"gitId":"oneScotch"},"content":"            while (true) {","lastModifiedDate":"2021-09-08"},{"lineNumber":83,"author":{"gitId":"oneScotch"},"content":"                String input \u003d sc.nextLine();","lastModifiedDate":"2021-09-08"},{"lineNumber":84,"author":{"gitId":"oneScotch"},"content":"                String request \u003d translate(input);","lastModifiedDate":"2021-09-08"},{"lineNumber":85,"author":{"gitId":"oneScotch"},"content":"                switch (request) {","lastModifiedDate":"2021-09-08"},{"lineNumber":86,"author":{"gitId":"oneScotch"},"content":"                case \"DONE\":","lastModifiedDate":"2021-09-08"},{"lineNumber":87,"author":{"gitId":"oneScotch"},"content":"                    doTask.done(input);","lastModifiedDate":"2021-09-08"},{"lineNumber":88,"author":{"gitId":"oneScotch"},"content":"                    break;","lastModifiedDate":"2021-09-08"},{"lineNumber":89,"author":{"gitId":"oneScotch"},"content":"                case \"EXIT\":","lastModifiedDate":"2021-09-08"},{"lineNumber":90,"author":{"gitId":"oneScotch"},"content":"                    exit();","lastModifiedDate":"2021-09-08"},{"lineNumber":91,"author":{"gitId":"oneScotch"},"content":"                    break;","lastModifiedDate":"2021-09-08"},{"lineNumber":92,"author":{"gitId":"oneScotch"},"content":"                case \"LIST\":","lastModifiedDate":"2021-09-08"},{"lineNumber":93,"author":{"gitId":"oneScotch"},"content":"                    doTask.printList();","lastModifiedDate":"2021-09-08"},{"lineNumber":94,"author":{"gitId":"oneScotch"},"content":"                    break;","lastModifiedDate":"2021-09-08"},{"lineNumber":95,"author":{"gitId":"oneScotch"},"content":"                default:","lastModifiedDate":"2021-09-08"},{"lineNumber":96,"author":{"gitId":"oneScotch"},"content":"                    doTask.addTask(input, request);","lastModifiedDate":"2021-09-08"},{"lineNumber":97,"author":{"gitId":"oneScotch"},"content":"","lastModifiedDate":"2021-09-08"},{"lineNumber":98,"author":{"gitId":"oneScotch"},"content":"                }","lastModifiedDate":"2021-09-08"},{"lineNumber":99,"author":{"gitId":"oneScotch"},"content":"            }","lastModifiedDate":"2021-09-08"},{"lineNumber":100,"author":{"gitId":"oneScotch"},"content":"        } catch (InvalidInputException e) {","lastModifiedDate":"2021-09-08"},{"lineNumber":101,"author":{"gitId":"oneScotch"},"content":"            printError(e);","lastModifiedDate":"2021-09-08"},{"lineNumber":102,"author":{"gitId":"oneScotch"},"content":"        } catch (MissingParaException e) {","lastModifiedDate":"2021-09-08"},{"lineNumber":103,"author":{"gitId":"oneScotch"},"content":"            printError(e);","lastModifiedDate":"2021-09-08"},{"lineNumber":104,"author":{"gitId":"oneScotch"},"content":"        } catch (EmptyTaskException e) {","lastModifiedDate":"2021-09-08"},{"lineNumber":105,"author":{"gitId":"oneScotch"},"content":"            printError(e);","lastModifiedDate":"2021-09-08"},{"lineNumber":106,"author":{"gitId":"oneScotch"},"content":"        } catch (OutOfRangeException e) {","lastModifiedDate":"2021-09-08"},{"lineNumber":107,"author":{"gitId":"oneScotch"},"content":"            printError(e);","lastModifiedDate":"2021-09-08"},{"lineNumber":108,"author":{"gitId":"oneScotch"},"content":"        }","lastModifiedDate":"2021-09-08"},{"lineNumber":109,"author":{"gitId":"oneScotch"},"content":"","lastModifiedDate":"2021-09-08"},{"lineNumber":110,"author":{"gitId":"oneScotch"},"content":"    }","lastModifiedDate":"2021-09-08"},{"lineNumber":111,"author":{"gitId":"oneScotch"},"content":"","lastModifiedDate":"2021-09-08"},{"lineNumber":112,"author":{"gitId":"oneScotch"},"content":"","lastModifiedDate":"2021-09-08"},{"lineNumber":113,"author":{"gitId":"oneScotch"},"content":"}","lastModifiedDate":"2021-09-08"},{"lineNumber":114,"author":{"gitId":"oneScotch"},"content":"","lastModifiedDate":"2021-09-08"}],"authorContributionMap":{"oneScotch":114}},{"path":"src/main/java/duke/exception/EmptyTaskException.java","fileType":"java","lines":[{"lineNumber":1,"author":{"gitId":"oneScotch"},"content":"package duke.exception;","lastModifiedDate":"2021-09-08"},{"lineNumber":2,"author":{"gitId":"oneScotch"},"content":"","lastModifiedDate":"2021-09-08"},{"lineNumber":3,"author":{"gitId":"oneScotch"},"content":"public class EmptyTaskException extends Exception {","lastModifiedDate":"2021-09-08"},{"lineNumber":4,"author":{"gitId":"oneScotch"},"content":"    public EmptyTaskException() {","lastModifiedDate":"2021-09-08"},{"lineNumber":5,"author":{"gitId":"oneScotch"},"content":"        super(\"EmptyTaskException\");","lastModifiedDate":"2021-09-08"},{"lineNumber":6,"author":{"gitId":"oneScotch"},"content":"    }","lastModifiedDate":"2021-09-08"},{"lineNumber":7,"author":{"gitId":"oneScotch"},"content":"","lastModifiedDate":"2021-09-08"},{"lineNumber":8,"author":{"gitId":"oneScotch"},"content":"    public EmptyTaskException(String message) {","lastModifiedDate":"2021-09-08"},{"lineNumber":9,"author":{"gitId":"oneScotch"},"content":"        super(message);","lastModifiedDate":"2021-09-08"},{"lineNumber":10,"author":{"gitId":"oneScotch"},"content":"    }","lastModifiedDate":"2021-09-08"},{"lineNumber":11,"author":{"gitId":"oneScotch"},"content":"}","lastModifiedDate":"2021-09-08"},{"lineNumber":12,"author":{"gitId":"oneScotch"},"content":"","lastModifiedDate":"2021-09-08"}],"authorContributionMap":{"oneScotch":12}},{"path":"src/main/java/duke/exception/InvalidInputException.java","fileType":"java","lines":[{"lineNumber":1,"author":{"gitId":"oneScotch"},"content":"package duke.exception;","lastModifiedDate":"2021-09-08"},{"lineNumber":2,"author":{"gitId":"oneScotch"},"content":"","lastModifiedDate":"2021-09-08"},{"lineNumber":3,"author":{"gitId":"oneScotch"},"content":"public class InvalidInputException extends Exception {","lastModifiedDate":"2021-09-08"},{"lineNumber":4,"author":{"gitId":"oneScotch"},"content":"    public InvalidInputException() {","lastModifiedDate":"2021-09-08"},{"lineNumber":5,"author":{"gitId":"oneScotch"},"content":"        super(\"InvalidInputException\");","lastModifiedDate":"2021-09-08"},{"lineNumber":6,"author":{"gitId":"oneScotch"},"content":"    }","lastModifiedDate":"2021-09-08"},{"lineNumber":7,"author":{"gitId":"oneScotch"},"content":"","lastModifiedDate":"2021-09-08"},{"lineNumber":8,"author":{"gitId":"oneScotch"},"content":"    public InvalidInputException(String message) {","lastModifiedDate":"2021-09-08"},{"lineNumber":9,"author":{"gitId":"oneScotch"},"content":"        super(message);","lastModifiedDate":"2021-09-08"},{"lineNumber":10,"author":{"gitId":"oneScotch"},"content":"    }","lastModifiedDate":"2021-09-08"},{"lineNumber":11,"author":{"gitId":"oneScotch"},"content":"}","lastModifiedDate":"2021-09-08"}],"authorContributionMap":{"oneScotch":11}},{"path":"src/main/java/duke/exception/MissingParaException.java","fileType":"java","lines":[{"lineNumber":1,"author":{"gitId":"oneScotch"},"content":"package duke.exception;","lastModifiedDate":"2021-09-08"},{"lineNumber":2,"author":{"gitId":"oneScotch"},"content":"","lastModifiedDate":"2021-09-08"},{"lineNumber":3,"author":{"gitId":"oneScotch"},"content":"public class MissingParaException extends Exception {","lastModifiedDate":"2021-09-08"},{"lineNumber":4,"author":{"gitId":"oneScotch"},"content":"    public MissingParaException() {","lastModifiedDate":"2021-09-08"},{"lineNumber":5,"author":{"gitId":"oneScotch"},"content":"        super(\"InvalidInputException\");","lastModifiedDate":"2021-09-08"},{"lineNumber":6,"author":{"gitId":"oneScotch"},"content":"    }","lastModifiedDate":"2021-09-08"},{"lineNumber":7,"author":{"gitId":"oneScotch"},"content":"","lastModifiedDate":"2021-09-08"},{"lineNumber":8,"author":{"gitId":"oneScotch"},"content":"    public MissingParaException(String message) {","lastModifiedDate":"2021-09-08"},{"lineNumber":9,"author":{"gitId":"oneScotch"},"content":"        super(message);","lastModifiedDate":"2021-09-08"},{"lineNumber":10,"author":{"gitId":"oneScotch"},"content":"    }","lastModifiedDate":"2021-09-08"},{"lineNumber":11,"author":{"gitId":"oneScotch"},"content":"}","lastModifiedDate":"2021-09-08"}],"authorContributionMap":{"oneScotch":11}},{"path":"src/main/java/duke/exception/OutOfRangeException.java","fileType":"java","lines":[{"lineNumber":1,"author":{"gitId":"oneScotch"},"content":"package duke.exception;","lastModifiedDate":"2021-09-08"},{"lineNumber":2,"author":{"gitId":"oneScotch"},"content":"","lastModifiedDate":"2021-09-08"},{"lineNumber":3,"author":{"gitId":"oneScotch"},"content":"public class OutOfRangeException extends Exception {","lastModifiedDate":"2021-09-08"},{"lineNumber":4,"author":{"gitId":"oneScotch"},"content":"    public OutOfRangeException() {","lastModifiedDate":"2021-09-08"},{"lineNumber":5,"author":{"gitId":"oneScotch"},"content":"        super(\"InvalidInputException\");","lastModifiedDate":"2021-09-08"},{"lineNumber":6,"author":{"gitId":"oneScotch"},"content":"    }","lastModifiedDate":"2021-09-08"},{"lineNumber":7,"author":{"gitId":"oneScotch"},"content":"","lastModifiedDate":"2021-09-08"},{"lineNumber":8,"author":{"gitId":"oneScotch"},"content":"    public OutOfRangeException(String message) {","lastModifiedDate":"2021-09-08"},{"lineNumber":9,"author":{"gitId":"oneScotch"},"content":"        super(message);","lastModifiedDate":"2021-09-08"},{"lineNumber":10,"author":{"gitId":"oneScotch"},"content":"    }","lastModifiedDate":"2021-09-08"},{"lineNumber":11,"author":{"gitId":"oneScotch"},"content":"}","lastModifiedDate":"2021-09-08"},{"lineNumber":12,"author":{"gitId":"oneScotch"},"content":"","lastModifiedDate":"2021-09-08"}],"authorContributionMap":{"oneScotch":12}},{"path":"src/main/java/duke/task/Deadline.java","fileType":"java","lines":[{"lineNumber":1,"author":{"gitId":"oneScotch"},"content":"package duke.task;","lastModifiedDate":"2021-09-08"},{"lineNumber":2,"author":{"gitId":"oneScotch"},"content":"","lastModifiedDate":"2021-09-08"},{"lineNumber":3,"author":{"gitId":"oneScotch"},"content":"public class Deadline extends Task {","lastModifiedDate":"2021-08-24"},{"lineNumber":4,"author":{"gitId":"oneScotch"},"content":"","lastModifiedDate":"2021-08-24"},{"lineNumber":5,"author":{"gitId":"oneScotch"},"content":"    protected String by;","lastModifiedDate":"2021-08-24"},{"lineNumber":6,"author":{"gitId":"oneScotch"},"content":"","lastModifiedDate":"2021-08-24"},{"lineNumber":7,"author":{"gitId":"oneScotch"},"content":"    public Deadline(String description, String by) {","lastModifiedDate":"2021-08-24"},{"lineNumber":8,"author":{"gitId":"oneScotch"},"content":"        super(description);","lastModifiedDate":"2021-08-24"},{"lineNumber":9,"author":{"gitId":"oneScotch"},"content":"        this.by \u003d by;","lastModifiedDate":"2021-08-24"},{"lineNumber":10,"author":{"gitId":"oneScotch"},"content":"    }","lastModifiedDate":"2021-08-24"},{"lineNumber":11,"author":{"gitId":"oneScotch"},"content":"","lastModifiedDate":"2021-08-24"},{"lineNumber":12,"author":{"gitId":"oneScotch"},"content":"    public String getType() {","lastModifiedDate":"2021-09-08"},{"lineNumber":13,"author":{"gitId":"oneScotch"},"content":"        return \"D\";","lastModifiedDate":"2021-09-08"},{"lineNumber":14,"author":{"gitId":"oneScotch"},"content":"    }","lastModifiedDate":"2021-09-08"},{"lineNumber":15,"author":{"gitId":"oneScotch"},"content":"","lastModifiedDate":"2021-09-08"},{"lineNumber":16,"author":{"gitId":"oneScotch"},"content":"    @Override","lastModifiedDate":"2021-08-24"},{"lineNumber":17,"author":{"gitId":"oneScotch"},"content":"    public String toString() {","lastModifiedDate":"2021-08-24"},{"lineNumber":18,"author":{"gitId":"oneScotch"},"content":"        return \"[D]\" + super.toString() + \" (by: \" + by + \")\";","lastModifiedDate":"2021-08-24"},{"lineNumber":19,"author":{"gitId":"oneScotch"},"content":"    }","lastModifiedDate":"2021-08-24"},{"lineNumber":20,"author":{"gitId":"oneScotch"},"content":"}","lastModifiedDate":"2021-08-24"}],"authorContributionMap":{"oneScotch":20}},{"path":"src/main/java/duke/task/Event.java","fileType":"java","lines":[{"lineNumber":1,"author":{"gitId":"oneScotch"},"content":"package duke.task;","lastModifiedDate":"2021-09-08"},{"lineNumber":2,"author":{"gitId":"oneScotch"},"content":"","lastModifiedDate":"2021-09-08"},{"lineNumber":3,"author":{"gitId":"oneScotch"},"content":"public class Event extends Task {","lastModifiedDate":"2021-08-24"},{"lineNumber":4,"author":{"gitId":"oneScotch"},"content":"","lastModifiedDate":"2021-08-24"},{"lineNumber":5,"author":{"gitId":"oneScotch"},"content":"    protected String at;","lastModifiedDate":"2021-08-24"},{"lineNumber":6,"author":{"gitId":"oneScotch"},"content":"","lastModifiedDate":"2021-08-24"},{"lineNumber":7,"author":{"gitId":"oneScotch"},"content":"    public Event(String description, String at) {","lastModifiedDate":"2021-08-24"},{"lineNumber":8,"author":{"gitId":"oneScotch"},"content":"        super(description);","lastModifiedDate":"2021-08-24"},{"lineNumber":9,"author":{"gitId":"oneScotch"},"content":"        this.at \u003d at;","lastModifiedDate":"2021-08-24"},{"lineNumber":10,"author":{"gitId":"oneScotch"},"content":"    }","lastModifiedDate":"2021-08-24"},{"lineNumber":11,"author":{"gitId":"oneScotch"},"content":"","lastModifiedDate":"2021-08-24"},{"lineNumber":12,"author":{"gitId":"oneScotch"},"content":"    @Override","lastModifiedDate":"2021-08-24"},{"lineNumber":13,"author":{"gitId":"oneScotch"},"content":"    public String getType() {","lastModifiedDate":"2021-09-08"},{"lineNumber":14,"author":{"gitId":"oneScotch"},"content":"        return \"E\";","lastModifiedDate":"2021-09-08"},{"lineNumber":15,"author":{"gitId":"oneScotch"},"content":"    }","lastModifiedDate":"2021-09-08"},{"lineNumber":16,"author":{"gitId":"oneScotch"},"content":"    public String toString() {","lastModifiedDate":"2021-08-24"},{"lineNumber":17,"author":{"gitId":"oneScotch"},"content":"        return \"[E]\" + super.toString() + \" (at: \" + at + \")\";","lastModifiedDate":"2021-08-24"},{"lineNumber":18,"author":{"gitId":"oneScotch"},"content":"    }","lastModifiedDate":"2021-08-24"},{"lineNumber":19,"author":{"gitId":"oneScotch"},"content":"}","lastModifiedDate":"2021-08-24"}],"authorContributionMap":{"oneScotch":19}},{"path":"src/main/java/duke/task/Task.java","fileType":"java","lines":[{"lineNumber":1,"author":{"gitId":"oneScotch"},"content":"package duke.task;","lastModifiedDate":"2021-09-08"},{"lineNumber":2,"author":{"gitId":"oneScotch"},"content":"","lastModifiedDate":"2021-09-08"},{"lineNumber":3,"author":{"gitId":"oneScotch"},"content":"public abstract class Task {","lastModifiedDate":"2021-09-08"},{"lineNumber":4,"author":{"gitId":"oneScotch"},"content":"    protected String description;","lastModifiedDate":"2021-08-22"},{"lineNumber":5,"author":{"gitId":"oneScotch"},"content":"    protected boolean isDone;","lastModifiedDate":"2021-08-22"},{"lineNumber":6,"author":{"gitId":"oneScotch"},"content":"","lastModifiedDate":"2021-08-22"},{"lineNumber":7,"author":{"gitId":"oneScotch"},"content":"    public Task(String description) {","lastModifiedDate":"2021-08-22"},{"lineNumber":8,"author":{"gitId":"oneScotch"},"content":"        this.description \u003d description;","lastModifiedDate":"2021-08-22"},{"lineNumber":9,"author":{"gitId":"oneScotch"},"content":"        this.isDone \u003d false;","lastModifiedDate":"2021-08-22"},{"lineNumber":10,"author":{"gitId":"oneScotch"},"content":"    }","lastModifiedDate":"2021-08-22"},{"lineNumber":11,"author":{"gitId":"oneScotch"},"content":"","lastModifiedDate":"2021-08-22"},{"lineNumber":12,"author":{"gitId":"oneScotch"},"content":"    public void markAsDone(){","lastModifiedDate":"2021-08-24"},{"lineNumber":13,"author":{"gitId":"oneScotch"},"content":"        isDone \u003d true;","lastModifiedDate":"2021-08-24"},{"lineNumber":14,"author":{"gitId":"oneScotch"},"content":"    }","lastModifiedDate":"2021-08-24"},{"lineNumber":15,"author":{"gitId":"oneScotch"},"content":"    public abstract String getType();","lastModifiedDate":"2021-09-08"},{"lineNumber":16,"author":{"gitId":"oneScotch"},"content":"    public String getStatusIcon() {","lastModifiedDate":"2021-08-22"},{"lineNumber":17,"author":{"gitId":"oneScotch"},"content":"        return (isDone ? \"X\" : \" \"); // mark done task with X","lastModifiedDate":"2021-08-22"},{"lineNumber":18,"author":{"gitId":"oneScotch"},"content":"    }","lastModifiedDate":"2021-08-22"},{"lineNumber":19,"author":{"gitId":"oneScotch"},"content":"","lastModifiedDate":"2021-08-22"},{"lineNumber":20,"author":{"gitId":"oneScotch"},"content":"    public String getDescription() {","lastModifiedDate":"2021-08-22"},{"lineNumber":21,"author":{"gitId":"oneScotch"},"content":"        return description;","lastModifiedDate":"2021-08-22"},{"lineNumber":22,"author":{"gitId":"oneScotch"},"content":"    }","lastModifiedDate":"2021-08-22"},{"lineNumber":23,"author":{"gitId":"oneScotch"},"content":"","lastModifiedDate":"2021-08-24"},{"lineNumber":24,"author":{"gitId":"oneScotch"},"content":"    public String toString() {","lastModifiedDate":"2021-08-24"},{"lineNumber":25,"author":{"gitId":"oneScotch"},"content":"        return \"[\" + getStatusIcon() + \"] \" + getDescription();","lastModifiedDate":"2021-08-24"},{"lineNumber":26,"author":{"gitId":"oneScotch"},"content":"    }","lastModifiedDate":"2021-08-24"},{"lineNumber":27,"author":{"gitId":"oneScotch"},"content":"}","lastModifiedDate":"2021-08-22"}],"authorContributionMap":{"oneScotch":27}},{"path":"src/main/java/duke/task/ToDo.java","fileType":"java","lines":[{"lineNumber":1,"author":{"gitId":"oneScotch"},"content":"package duke.task;","lastModifiedDate":"2021-09-08"},{"lineNumber":2,"author":{"gitId":"oneScotch"},"content":"","lastModifiedDate":"2021-09-08"},{"lineNumber":3,"author":{"gitId":"oneScotch"},"content":"public class ToDo extends Task {","lastModifiedDate":"2021-08-24"},{"lineNumber":4,"author":{"gitId":"oneScotch"},"content":"","lastModifiedDate":"2021-08-24"},{"lineNumber":5,"author":{"gitId":"oneScotch"},"content":"    public ToDo(String description) {","lastModifiedDate":"2021-08-24"},{"lineNumber":6,"author":{"gitId":"oneScotch"},"content":"        super(description);","lastModifiedDate":"2021-08-24"},{"lineNumber":7,"author":{"gitId":"oneScotch"},"content":"    }","lastModifiedDate":"2021-08-24"},{"lineNumber":8,"author":{"gitId":"oneScotch"},"content":"","lastModifiedDate":"2021-08-24"},{"lineNumber":9,"author":{"gitId":"oneScotch"},"content":"    public String getType() {","lastModifiedDate":"2021-09-08"},{"lineNumber":10,"author":{"gitId":"oneScotch"},"content":"        return \"T\";","lastModifiedDate":"2021-09-08"},{"lineNumber":11,"author":{"gitId":"oneScotch"},"content":"    }","lastModifiedDate":"2021-09-08"},{"lineNumber":12,"author":{"gitId":"oneScotch"},"content":"","lastModifiedDate":"2021-09-08"},{"lineNumber":13,"author":{"gitId":"oneScotch"},"content":"    public String toString() {","lastModifiedDate":"2021-08-24"},{"lineNumber":14,"author":{"gitId":"oneScotch"},"content":"        return \"[T]\" + super.toString() ;","lastModifiedDate":"2021-08-24"},{"lineNumber":15,"author":{"gitId":"oneScotch"},"content":"    }","lastModifiedDate":"2021-08-24"},{"lineNumber":16,"author":{"gitId":"oneScotch"},"content":"","lastModifiedDate":"2021-08-24"},{"lineNumber":17,"author":{"gitId":"oneScotch"},"content":"}","lastModifiedDate":"2021-08-24"}],"authorContributionMap":{"oneScotch":17}},{"path":"text-ui-test/runtest.bat","fileType":"bat","lines":[{"lineNumber":1,"author":{"gitId":"-"},"content":"@ECHO OFF","lastModifiedDate":"2020-05-25"},{"lineNumber":2,"author":{"gitId":"-"},"content":"","lastModifiedDate":"2020-05-25"},{"lineNumber":3,"author":{"gitId":"-"},"content":"REM create bin directory if it doesn\u0027t exist","lastModifiedDate":"2020-05-25"},{"lineNumber":4,"author":{"gitId":"-"},"content":"if not exist ..\\bin mkdir ..\\bin","lastModifiedDate":"2020-05-25"},{"lineNumber":5,"author":{"gitId":"-"},"content":"","lastModifiedDate":"2020-05-25"},{"lineNumber":6,"author":{"gitId":"-"},"content":"REM delete output from previous run","lastModifiedDate":"2020-05-25"},{"lineNumber":7,"author":{"gitId":"-"},"content":"if exist ACTUAL.TXT del ACTUAL.TXT","lastModifiedDate":"2020-08-25"},{"lineNumber":8,"author":{"gitId":"-"},"content":"","lastModifiedDate":"2020-05-25"},{"lineNumber":9,"author":{"gitId":"-"},"content":"REM compile the code into the bin folder","lastModifiedDate":"2020-05-25"},{"lineNumber":10,"author":{"gitId":"-"},"content":"javac  -cp ..\\src\\main\\java -Xlint:none -d ..\\bin ..\\src\\main\\java\\*.java","lastModifiedDate":"2020-08-25"},{"lineNumber":11,"author":{"gitId":"-"},"content":"IF ERRORLEVEL 1 (","lastModifiedDate":"2020-05-25"},{"lineNumber":12,"author":{"gitId":"-"},"content":"    echo ********** BUILD FAILURE **********","lastModifiedDate":"2020-05-25"},{"lineNumber":13,"author":{"gitId":"-"},"content":"    exit /b 1","lastModifiedDate":"2020-05-25"},{"lineNumber":14,"author":{"gitId":"-"},"content":")","lastModifiedDate":"2020-05-25"},{"lineNumber":15,"author":{"gitId":"-"},"content":"REM no error here, errorlevel \u003d\u003d 0","lastModifiedDate":"2020-05-25"},{"lineNumber":16,"author":{"gitId":"-"},"content":"","lastModifiedDate":"2020-05-25"},{"lineNumber":17,"author":{"gitId":"-"},"content":"REM run the program, feed commands from input.txt file and redirect the output to the ACTUAL.TXT","lastModifiedDate":"2020-05-25"},{"lineNumber":18,"author":{"gitId":"oneScotch"},"content":"java -classpath ..\\bin duke.command.Duke \u003c input.txt \u003e ACTUAL.TXT","lastModifiedDate":"2021-09-08"},{"lineNumber":19,"author":{"gitId":"-"},"content":"","lastModifiedDate":"2020-05-25"},{"lineNumber":20,"author":{"gitId":"-"},"content":"REM compare the output to the expected output","lastModifiedDate":"2020-05-25"},{"lineNumber":21,"author":{"gitId":"-"},"content":"FC ACTUAL.TXT EXPECTED.TXT","lastModifiedDate":"2020-05-25"}],"authorContributionMap":{"oneScotch":1,"-":20}}]
