{"authorDailyContributionsMap":{"LilyDaytoy":[{"date":"2021-08-19","commitResults":[{"hash":"a2fb27af6ac9b7de486de2bb1765eaf2098bbe09","messageTitle":"level0","messageBody":"","tags":["Level-0"],"fileTypesAndContributionMap":{"java":{"insertions":6,"deletions":1}}}]},{"date":"2021-08-24","commitResults":[{"hash":"1b71fe7d64109ed1911d7cd2fa122f2086cf4ff3","messageTitle":"Greet, Echo, Exit","messageBody":"","tags":["Level-1"],"fileTypesAndContributionMap":{"java":{"insertions":37,"deletions":4}}},{"hash":"32d508a5c1b51b72f9a076c63961be5d487493d5","messageTitle":"update Init class","messageBody":"","fileTypesAndContributionMap":{"java":{"insertions":0,"deletions":2}}},{"hash":"f0e128b2787fc3f2a7f8cb78afa7a07bec8d39e8","messageTitle":"Add, List","messageBody":"","tags":["Level-2"],"fileTypesAndContributionMap":{"java":{"insertions":41,"deletions":7}}},{"hash":"507e6e9030ed48565dac04ac6548eb50630baefc","messageTitle":"Mark as Done, Check valid input","messageBody":"","tags":["Level-3"],"fileTypesAndContributionMap":{"java":{"insertions":64,"deletions":9}}},{"hash":"6b444cb99b3c560a66c449df5897f3c8e6346ad6","messageTitle":"edit var_name","messageBody":"","tags":["A-CodingStandard"],"fileTypesAndContributionMap":{"java":{"insertions":4,"deletions":4}}}]},{"date":"2021-08-30","commitResults":[{"hash":"cf90ef4b8f34fa8908b2ec97e3fb70f9ced3cfd9","messageTitle":"add Todo, Deadline, Event subclasses and adjust the functions","messageBody":"","tags":["Level-4"],"fileTypesAndContributionMap":{"java":{"insertions":142,"deletions":44}}},{"hash":"372cc7224fc76ba3d8175f01e150c776db96e83c","messageTitle":"add input.txt and expected output test","messageBody":"","tags":["A-TextUiTesting"],"fileTypesAndContributionMap":{"txt":{"insertions":12,"deletions":0}}},{"hash":"f064aadafa70f0685cc961dbed8c45e557b4fd37","messageTitle":"refactoring","messageBody":"","tags":["A-CodeQuality"],"fileTypesAndContributionMap":{"java":{"insertions":10,"deletions":10}}},{"hash":"37e96f940112c6e7e17f19d8f61524f917fb0238","messageTitle":"add some java docs","messageBody":"","fileTypesAndContributionMap":{"java":{"insertions":10,"deletions":0}}}]},{"date":"2021-09-08","commitResults":[{"hash":"70d1be81b78fd5da2d52c5bcdabee5f5d7e0ccf2","messageTitle":"add Exception and duke package","messageBody":"","tags":["Level-5","A-Packages"],"fileTypesAndContributionMap":{"java":{"insertions":83,"deletions":23}}}]},{"date":"2021-09-10","commitResults":[{"hash":"fa5a039e6be9da1b624d041cc690a0b529e88570","messageTitle":"Add more Exception","messageBody":"","fileTypesAndContributionMap":{"java":{"insertions":101,"deletions":0}}},{"hash":"f8a534f533424193acba16a8ecf7220afb36b7ed","messageTitle":"add Parser class","messageBody":"","fileTypesAndContributionMap":{"java":{"insertions":118,"deletions":0}}},{"hash":"ac9de9a99bfcd24e981a410f25e65e3cdf027ed8","messageTitle":"add command enum","messageBody":"","fileTypesAndContributionMap":{"java":{"insertions":5,"deletions":0}}},{"hash":"19ff64a9a016a517de013a8bf76d7dc269f44b12","messageTitle":"change the content of Exception","messageBody":"","fileTypesAndContributionMap":{"java":{"insertions":0,"deletions":14}}},{"hash":"c89e0e780708a8325d23e5dd01bcd3fc55411c14","messageTitle":"improve coding quality","messageBody":"","fileTypesAndContributionMap":{"java":{"insertions":55,"deletions":98}}},{"hash":"75b9441bfd4f48e936d0b5e6ca3436a1d488acd6","messageTitle":"delete useless exception class","messageBody":"","fileTypesAndContributionMap":{"java":{"insertions":0,"deletions":7}}}]},{"date":"2021-09-13","commitResults":[{"hash":"271408a5ceb6570ce9f043e57163468a4ad571ba","messageTitle":"Add delete without using Collections-ArrayList","messageBody":"","fileTypesAndContributionMap":{"java":{"insertions":32,"deletions":5}}},{"hash":"eb68a8e86a9dcefdfa2d3dcbd33accdd2d5a81a3","messageTitle":"make use of ArrayList","messageBody":"","tags":["A-Collections"],"fileTypesAndContributionMap":{"java":{"insertions":15,"deletions":18}}},{"hash":"a351516798aaaa888c82c9e8efd72de901c5354e","messageTitle":"add InvalidInputException","messageBody":"","fileTypesAndContributionMap":{"java":{"insertions":26,"deletions":9}}},{"hash":"aea0ce2f301c891339c4b80f0a0651f760d68422","messageTitle":"delete white space","messageBody":"","tags":["Level-6"],"fileTypesAndContributionMap":{"java":{"insertions":0,"deletions":7}}}]},{"date":"2021-09-14","commitResults":[{"hash":"8a381a9297e17b185c9f364c0089b9589f10807b","messageTitle":"add Save class and EmptyDoneIndexException","messageBody":"","tags":["Level-7"],"fileTypesAndContributionMap":{"java":{"insertions":166,"deletions":11}}},{"hash":"9f66581b0606c5c8cb9372c210babfb07e24b987","messageTitle":"save txt file","messageBody":"","tags":["A-Jar"],"fileTypesAndContributionMap":{"txt":{"insertions":6,"deletions":0}}}]}]},"authorFileTypeContributionMap":{"LilyDaytoy":{"java":648,"md":0,"fxml":0,"sh":0,"bat":0,"gradle":0,"txt":18}},"authorContributionVariance":{"LilyDaytoy":1198.7847},"authorDisplayNameMap":{"LilyDaytoy":"CS2113-T13-3 PENG..XUAN"}}
