{"authorDailyContributionsMap":{"DmitriYam":[{"date":"2021-08-20","commitResults":[{"hash":"b0da832bc5610b5821c8bfdd725b85bbfffb53fb","messageTitle":"Added \"Its me Yams\" at the end","messageBody":"","fileTypesAndContributionMap":{"java":{"insertions":1,"deletions":0}}}]},{"date":"2021-08-23","commitResults":[{"hash":"ffb3d6a5ad8d0795df686cbccc628dd271678932","messageTitle":"Added \"Its me Yams\" at the end Version test","messageBody":"","fileTypesAndContributionMap":{"java":{"insertions":1,"deletions":1}}},{"hash":"bafffe2c426de19909370456ca3e70d44257abcd","messageTitle":"Added \"Its a me Mario\" at the end","messageBody":"","fileTypesAndContributionMap":{"java":{"insertions":1,"deletions":1}}},{"hash":"e339c4760de07069d8cfab4b127c0687c3b36dfd","messageTitle":"Added \"Its a me Mario\" at the end","messageBody":"","fileTypesAndContributionMap":{"java":{"insertions":1,"deletions":0}}}]},{"date":"2021-08-24","commitResults":[{"hash":"f78f06808b7904d89de094f7a2d99e90fc0bf1c9","messageTitle":"Level 1. Greet, Echo, Exit","messageBody":"","fileTypesAndContributionMap":{"java":{"insertions":14,"deletions":2}}},{"hash":"764803b89fd5122eab0215a1aea4b382b2fdd146","messageTitle":"Level 2. Add, List","messageBody":"","fileTypesAndContributionMap":{"java":{"insertions":17,"deletions":3}}}]},{"date":"2021-08-25","commitResults":[{"hash":"85361ab2d6be61b847510c855a7403b67ec5d49f","messageTitle":"Level - 3 Mark Done","messageBody":"","fileTypesAndContributionMap":{"java":{"insertions":37,"deletions":6}}}]},{"date":"2021-08-26","commitResults":[{"hash":"fafd67e580c394c531030d2c0f5e7a90a7361c85","messageTitle":"Coding standards - indexes are in samll letters                  - Classes sart with a Capital letter                  - inputs have the word user before followed by the input with the first letter capatalized","messageBody":"","fileTypesAndContributionMap":{"java":{"insertions":11,"deletions":12}}}]},{"date":"2021-08-27","commitResults":[{"hash":"d3f2832edec7123c57c15dc74f9abcf773b4ca4f","messageTitle":"Coding standards updated","messageBody":"","fileTypesAndContributionMap":{"java":{"insertions":34,"deletions":26}}}]},{"date":"2021-08-31","commitResults":[{"hash":"b6d48cb7cfa9b07ac2a0e95dc4644b02adaa51e6","messageTitle":"Level 4 ToDos, Events, Deadlines","messageBody":"","fileTypesAndContributionMap":{"java":{"insertions":66,"deletions":9}}}]}]},"authorFileTypeContributionMap":{"DmitriYam":{"java":129,"md":0,"fxml":0,"sh":0,"bat":0,"gradle":0,"txt":0}},"authorContributionVariance":{"DmitriYam":55.31504},"authorDisplayNameMap":{"DmitriYam":"CS2113T-F11-1 YAM ..ITRI"}}
