[{"path":"data/duke.txt","fileType":"txt","lines":[{"lineNumber":1,"author":{"gitId":"ChuaXiongWei"},"content":"T| |one","lastModifiedDate":"2021-09-28"},{"lineNumber":2,"author":{"gitId":"ChuaXiongWei"},"content":"D|X|eat dinner /by 2021-09-28:2130","lastModifiedDate":"2021-09-28"},{"lineNumber":3,"author":{"gitId":"ChuaXiongWei"},"content":"D| |running /by 2021-09-28:0530","lastModifiedDate":"2021-09-28"},{"lineNumber":4,"author":{"gitId":"ChuaXiongWei"},"content":"E| |Dentist /at SKGH Sunday 5pm","lastModifiedDate":"2021-09-28"},{"lineNumber":5,"author":{"gitId":"ChuaXiongWei"},"content":"D| |Bypass surgery /by 2022-01-01:0000","lastModifiedDate":"2021-09-28"},{"lineNumber":6,"author":{"gitId":"ChuaXiongWei"},"content":"D| |run /by 2021-10-19:2359","lastModifiedDate":"2021-09-28"}],"authorContributionMap":{"ChuaXiongWei":6}},{"path":"src/main/java/Duke/Duke.java","fileType":"java","lines":[{"lineNumber":1,"author":{"gitId":"ChuaXiongWei"},"content":"package Duke;","lastModifiedDate":"2021-09-07"},{"lineNumber":2,"author":{"gitId":"ChuaXiongWei"},"content":"","lastModifiedDate":"2021-09-07"},{"lineNumber":3,"author":{"gitId":"ChuaXiongWei"},"content":"public class Duke {","lastModifiedDate":"2021-09-07"},{"lineNumber":4,"author":{"gitId":"ChuaXiongWei"},"content":"","lastModifiedDate":"2021-09-07"},{"lineNumber":5,"author":{"gitId":"ChuaXiongWei"},"content":"    public static void main(String[] args) {","lastModifiedDate":"2021-09-07"},{"lineNumber":6,"author":{"gitId":"ChuaXiongWei"},"content":"","lastModifiedDate":"2021-09-07"},{"lineNumber":7,"author":{"gitId":"ChuaXiongWei"},"content":"        Storage.loadData();","lastModifiedDate":"2021-09-28"},{"lineNumber":8,"author":{"gitId":"ChuaXiongWei"},"content":"        Ui ui \u003d new Ui();","lastModifiedDate":"2021-09-28"},{"lineNumber":9,"author":{"gitId":"ChuaXiongWei"},"content":"        ui.printIntro();","lastModifiedDate":"2021-09-28"},{"lineNumber":10,"author":{"gitId":"ChuaXiongWei"},"content":"        Parser.parseCommand();","lastModifiedDate":"2021-09-28"},{"lineNumber":11,"author":{"gitId":"ChuaXiongWei"},"content":"","lastModifiedDate":"2021-09-07"},{"lineNumber":12,"author":{"gitId":"ChuaXiongWei"},"content":"    }","lastModifiedDate":"2021-09-07"},{"lineNumber":13,"author":{"gitId":"ChuaXiongWei"},"content":"}","lastModifiedDate":"2021-09-07"}],"authorContributionMap":{"ChuaXiongWei":13}},{"path":"src/main/java/Duke/Exception/DukeException.java","fileType":"java","lines":[{"lineNumber":1,"author":{"gitId":"ChuaXiongWei"},"content":"package Duke.Exception;","lastModifiedDate":"2021-09-08"},{"lineNumber":2,"author":{"gitId":"ChuaXiongWei"},"content":"","lastModifiedDate":"2021-09-07"},{"lineNumber":3,"author":{"gitId":"ChuaXiongWei"},"content":"public class DukeException extends Exception{","lastModifiedDate":"2021-09-07"},{"lineNumber":4,"author":{"gitId":"ChuaXiongWei"},"content":"    }","lastModifiedDate":"2021-09-07"},{"lineNumber":5,"author":{"gitId":"ChuaXiongWei"},"content":"","lastModifiedDate":"2021-09-07"}],"authorContributionMap":{"ChuaXiongWei":5}},{"path":"src/main/java/Duke/Information.java","fileType":"java","lines":[{"lineNumber":1,"author":{"gitId":"ChuaXiongWei"},"content":"package Duke;","lastModifiedDate":"2021-09-07"},{"lineNumber":2,"author":{"gitId":"ChuaXiongWei"},"content":"","lastModifiedDate":"2021-09-07"},{"lineNumber":3,"author":{"gitId":"ChuaXiongWei"},"content":"import Duke.Task.Task;","lastModifiedDate":"2021-09-08"},{"lineNumber":4,"author":{"gitId":"ChuaXiongWei"},"content":"","lastModifiedDate":"2021-09-07"},{"lineNumber":5,"author":{"gitId":"ChuaXiongWei"},"content":"import java.util.ArrayList;","lastModifiedDate":"2021-09-14"},{"lineNumber":6,"author":{"gitId":"ChuaXiongWei"},"content":"","lastModifiedDate":"2021-09-14"},{"lineNumber":7,"author":{"gitId":"ChuaXiongWei"},"content":"public class Information {","lastModifiedDate":"2021-09-07"},{"lineNumber":8,"author":{"gitId":"ChuaXiongWei"},"content":"    public ArrayList\u003cTask\u003e List \u003d new ArrayList\u003c\u003e();","lastModifiedDate":"2021-09-15"},{"lineNumber":9,"author":{"gitId":"ChuaXiongWei"},"content":"}","lastModifiedDate":"2021-09-07"}],"authorContributionMap":{"ChuaXiongWei":9}},{"path":"src/main/java/Duke/Parser.java","fileType":"java","lines":[{"lineNumber":1,"author":{"gitId":"ChuaXiongWei"},"content":"package Duke;","lastModifiedDate":"2021-09-28"},{"lineNumber":2,"author":{"gitId":"ChuaXiongWei"},"content":"","lastModifiedDate":"2021-09-28"},{"lineNumber":3,"author":{"gitId":"ChuaXiongWei"},"content":"import Duke.Task.TaskList;","lastModifiedDate":"2021-09-28"},{"lineNumber":4,"author":{"gitId":"ChuaXiongWei"},"content":"","lastModifiedDate":"2021-09-28"},{"lineNumber":5,"author":{"gitId":"ChuaXiongWei"},"content":"import java.util.Scanner;","lastModifiedDate":"2021-09-28"},{"lineNumber":6,"author":{"gitId":"ChuaXiongWei"},"content":"","lastModifiedDate":"2021-09-28"},{"lineNumber":7,"author":{"gitId":"ChuaXiongWei"},"content":"public class Parser {","lastModifiedDate":"2021-09-28"},{"lineNumber":8,"author":{"gitId":"ChuaXiongWei"},"content":"","lastModifiedDate":"2021-09-28"},{"lineNumber":9,"author":{"gitId":"ChuaXiongWei"},"content":"    static void parseCommand() {","lastModifiedDate":"2021-09-28"},{"lineNumber":10,"author":{"gitId":"ChuaXiongWei"},"content":"","lastModifiedDate":"2021-09-28"},{"lineNumber":11,"author":{"gitId":"ChuaXiongWei"},"content":"        boolean condition \u003d true;","lastModifiedDate":"2021-09-28"},{"lineNumber":12,"author":{"gitId":"ChuaXiongWei"},"content":"        Ui message \u003d new Ui();","lastModifiedDate":"2021-09-28"},{"lineNumber":13,"author":{"gitId":"ChuaXiongWei"},"content":"        Scanner myObj \u003d new Scanner(System.in);","lastModifiedDate":"2021-09-28"},{"lineNumber":14,"author":{"gitId":"ChuaXiongWei"},"content":"","lastModifiedDate":"2021-09-28"},{"lineNumber":15,"author":{"gitId":"ChuaXiongWei"},"content":"        //The main loop where all the input cases are run through, if there was no specific command given, the statement is added as a task to the list.","lastModifiedDate":"2021-09-28"},{"lineNumber":16,"author":{"gitId":"ChuaXiongWei"},"content":"        while(condition) {","lastModifiedDate":"2021-09-28"},{"lineNumber":17,"author":{"gitId":"ChuaXiongWei"},"content":"            String userInput \u003d myObj.nextLine();","lastModifiedDate":"2021-09-28"},{"lineNumber":18,"author":{"gitId":"ChuaXiongWei"},"content":"            String instruction \u003d userInput.contains(\" \") ? userInput.substring(0, userInput.indexOf(\" \")) : userInput;","lastModifiedDate":"2021-09-28"},{"lineNumber":19,"author":{"gitId":"ChuaXiongWei"},"content":"            String instructionTask \u003d userInput.contains(\" \") ? userInput.substring(userInput.indexOf(\" \") + 1) : \" \";","lastModifiedDate":"2021-09-28"},{"lineNumber":20,"author":{"gitId":"ChuaXiongWei"},"content":"","lastModifiedDate":"2021-09-28"},{"lineNumber":21,"author":{"gitId":"ChuaXiongWei"},"content":"            switch (instruction) {","lastModifiedDate":"2021-09-28"},{"lineNumber":22,"author":{"gitId":"ChuaXiongWei"},"content":"            case \"bye\": // When the command bye is given, the program exits the while loop and stops","lastModifiedDate":"2021-09-28"},{"lineNumber":23,"author":{"gitId":"ChuaXiongWei"},"content":"                System.out.println(\"widePeepoSad :(\");","lastModifiedDate":"2021-09-28"},{"lineNumber":24,"author":{"gitId":"ChuaXiongWei"},"content":"                message.printLineBreak();","lastModifiedDate":"2021-09-28"},{"lineNumber":25,"author":{"gitId":"ChuaXiongWei"},"content":"                condition \u003d false;","lastModifiedDate":"2021-09-28"},{"lineNumber":26,"author":{"gitId":"ChuaXiongWei"},"content":"                break;","lastModifiedDate":"2021-09-28"},{"lineNumber":27,"author":{"gitId":"ChuaXiongWei"},"content":"            case \"list\": // Lists out all the current tasks in the order that they were added in","lastModifiedDate":"2021-09-28"},{"lineNumber":28,"author":{"gitId":"ChuaXiongWei"},"content":"                TaskList.printList();","lastModifiedDate":"2021-09-28"},{"lineNumber":29,"author":{"gitId":"ChuaXiongWei"},"content":"                break;","lastModifiedDate":"2021-09-28"},{"lineNumber":30,"author":{"gitId":"ChuaXiongWei"},"content":"            case \"done\": // Has to be input with an integer value indicating the specific task to be marked as completed","lastModifiedDate":"2021-09-28"},{"lineNumber":31,"author":{"gitId":"ChuaXiongWei"},"content":"                TaskList.thisDone(instructionTask);","lastModifiedDate":"2021-09-28"},{"lineNumber":32,"author":{"gitId":"ChuaXiongWei"},"content":"                Storage.saveData();","lastModifiedDate":"2021-09-28"},{"lineNumber":33,"author":{"gitId":"ChuaXiongWei"},"content":"                break;","lastModifiedDate":"2021-09-28"},{"lineNumber":34,"author":{"gitId":"ChuaXiongWei"},"content":"            case \"todo\": // Adds a task to the list that is marked as to be done.","lastModifiedDate":"2021-09-28"},{"lineNumber":35,"author":{"gitId":"ChuaXiongWei"},"content":"                TaskList.addToDo(instructionTask);","lastModifiedDate":"2021-09-28"},{"lineNumber":36,"author":{"gitId":"ChuaXiongWei"},"content":"                Storage.saveData();","lastModifiedDate":"2021-09-28"},{"lineNumber":37,"author":{"gitId":"ChuaXiongWei"},"content":"                break;","lastModifiedDate":"2021-09-28"},{"lineNumber":38,"author":{"gitId":"ChuaXiongWei"},"content":"            case \"deadline\": // Adds a task to the list that has a deadline that it needs to be completed by, using \"/by\" as the input command","lastModifiedDate":"2021-09-28"},{"lineNumber":39,"author":{"gitId":"ChuaXiongWei"},"content":"                TaskList.addDeadline(instructionTask);","lastModifiedDate":"2021-09-28"},{"lineNumber":40,"author":{"gitId":"ChuaXiongWei"},"content":"                Storage.saveData();","lastModifiedDate":"2021-09-28"},{"lineNumber":41,"author":{"gitId":"ChuaXiongWei"},"content":"                break;","lastModifiedDate":"2021-09-28"},{"lineNumber":42,"author":{"gitId":"ChuaXiongWei"},"content":"            case \"event\": // Adds a task to the list that will occur in the future by a given date, using \"/at\" as the input command.","lastModifiedDate":"2021-09-28"},{"lineNumber":43,"author":{"gitId":"ChuaXiongWei"},"content":"                TaskList.addEvent(instructionTask);","lastModifiedDate":"2021-09-28"},{"lineNumber":44,"author":{"gitId":"ChuaXiongWei"},"content":"                Storage.saveData();","lastModifiedDate":"2021-09-28"},{"lineNumber":45,"author":{"gitId":"ChuaXiongWei"},"content":"                break;","lastModifiedDate":"2021-09-28"},{"lineNumber":46,"author":{"gitId":"ChuaXiongWei"},"content":"            case \"help\": // Prints a list of commands that the user can read to know what features are available","lastModifiedDate":"2021-09-28"},{"lineNumber":47,"author":{"gitId":"ChuaXiongWei"},"content":"                message.printHelp();","lastModifiedDate":"2021-09-28"},{"lineNumber":48,"author":{"gitId":"ChuaXiongWei"},"content":"                message.printLineBreak();","lastModifiedDate":"2021-09-28"},{"lineNumber":49,"author":{"gitId":"ChuaXiongWei"},"content":"                break;","lastModifiedDate":"2021-09-28"},{"lineNumber":50,"author":{"gitId":"ChuaXiongWei"},"content":"            case \"delete\": // Deletes a task from the list","lastModifiedDate":"2021-09-28"},{"lineNumber":51,"author":{"gitId":"ChuaXiongWei"},"content":"                TaskList.deleteTask(instructionTask);","lastModifiedDate":"2021-09-28"},{"lineNumber":52,"author":{"gitId":"ChuaXiongWei"},"content":"                Storage.saveData();","lastModifiedDate":"2021-09-28"},{"lineNumber":53,"author":{"gitId":"ChuaXiongWei"},"content":"                break;","lastModifiedDate":"2021-09-28"},{"lineNumber":54,"author":{"gitId":"ChuaXiongWei"},"content":"            case \"find\":","lastModifiedDate":"2021-09-28"},{"lineNumber":55,"author":{"gitId":"ChuaXiongWei"},"content":"                TaskList.findTask(instructionTask);","lastModifiedDate":"2021-09-28"},{"lineNumber":56,"author":{"gitId":"ChuaXiongWei"},"content":"                break;","lastModifiedDate":"2021-09-28"},{"lineNumber":57,"author":{"gitId":"ChuaXiongWei"},"content":"            default: // When no specific command is selected, the input is added automatically to the list of tasks.","lastModifiedDate":"2021-09-28"},{"lineNumber":58,"author":{"gitId":"ChuaXiongWei"},"content":"                message.printIntructionsUnclear();","lastModifiedDate":"2021-09-28"},{"lineNumber":59,"author":{"gitId":"ChuaXiongWei"},"content":"                message.printLineBreak();","lastModifiedDate":"2021-09-28"},{"lineNumber":60,"author":{"gitId":"ChuaXiongWei"},"content":"                break;","lastModifiedDate":"2021-09-28"},{"lineNumber":61,"author":{"gitId":"ChuaXiongWei"},"content":"            }","lastModifiedDate":"2021-09-28"},{"lineNumber":62,"author":{"gitId":"ChuaXiongWei"},"content":"        }","lastModifiedDate":"2021-09-28"},{"lineNumber":63,"author":{"gitId":"ChuaXiongWei"},"content":"    }","lastModifiedDate":"2021-09-28"},{"lineNumber":64,"author":{"gitId":"ChuaXiongWei"},"content":"","lastModifiedDate":"2021-09-28"},{"lineNumber":65,"author":{"gitId":"ChuaXiongWei"},"content":"}","lastModifiedDate":"2021-09-28"}],"authorContributionMap":{"ChuaXiongWei":65}},{"path":"src/main/java/Duke/Storage.java","fileType":"java","lines":[{"lineNumber":1,"author":{"gitId":"ChuaXiongWei"},"content":"package Duke;","lastModifiedDate":"2021-09-15"},{"lineNumber":2,"author":{"gitId":"ChuaXiongWei"},"content":"","lastModifiedDate":"2021-09-15"},{"lineNumber":3,"author":{"gitId":"ChuaXiongWei"},"content":"import Duke.Task.TaskList;","lastModifiedDate":"2021-09-28"},{"lineNumber":4,"author":{"gitId":"ChuaXiongWei"},"content":"","lastModifiedDate":"2021-09-15"},{"lineNumber":5,"author":{"gitId":"ChuaXiongWei"},"content":"import java.io.File;","lastModifiedDate":"2021-09-15"},{"lineNumber":6,"author":{"gitId":"ChuaXiongWei"},"content":"import java.io.FileNotFoundException;","lastModifiedDate":"2021-09-15"},{"lineNumber":7,"author":{"gitId":"ChuaXiongWei"},"content":"import java.io.FileWriter;","lastModifiedDate":"2021-09-15"},{"lineNumber":8,"author":{"gitId":"ChuaXiongWei"},"content":"import java.io.IOException;","lastModifiedDate":"2021-09-15"},{"lineNumber":9,"author":{"gitId":"ChuaXiongWei"},"content":"import java.nio.file.Files;","lastModifiedDate":"2021-09-15"},{"lineNumber":10,"author":{"gitId":"ChuaXiongWei"},"content":"import java.nio.file.Path;","lastModifiedDate":"2021-09-15"},{"lineNumber":11,"author":{"gitId":"ChuaXiongWei"},"content":"import java.nio.file.Paths;","lastModifiedDate":"2021-09-15"},{"lineNumber":12,"author":{"gitId":"ChuaXiongWei"},"content":"import java.util.Scanner;","lastModifiedDate":"2021-09-15"},{"lineNumber":13,"author":{"gitId":"ChuaXiongWei"},"content":"","lastModifiedDate":"2021-09-15"},{"lineNumber":14,"author":{"gitId":"ChuaXiongWei"},"content":"public class Storage {","lastModifiedDate":"2021-09-28"},{"lineNumber":15,"author":{"gitId":"ChuaXiongWei"},"content":"","lastModifiedDate":"2021-09-15"},{"lineNumber":16,"author":{"gitId":"ChuaXiongWei"},"content":"    public String fileLocation \u003d Paths.get(System.getProperty(\"user.dir\"), \"data/duke.txt\").normalize().toString();","lastModifiedDate":"2021-09-15"},{"lineNumber":17,"author":{"gitId":"ChuaXiongWei"},"content":"","lastModifiedDate":"2021-09-15"},{"lineNumber":18,"author":{"gitId":"ChuaXiongWei"},"content":"    public static void saveData() {","lastModifiedDate":"2021-09-15"},{"lineNumber":19,"author":{"gitId":"ChuaXiongWei"},"content":"        try {","lastModifiedDate":"2021-09-15"},{"lineNumber":20,"author":{"gitId":"ChuaXiongWei"},"content":"            Path filePath \u003d Paths.get(\"data/duke.txt\");","lastModifiedDate":"2021-09-15"},{"lineNumber":21,"author":{"gitId":"ChuaXiongWei"},"content":"            Files.createDirectories(filePath.getParent());","lastModifiedDate":"2021-09-15"},{"lineNumber":22,"author":{"gitId":"ChuaXiongWei"},"content":"            saveFile(\"data/duke.txt\");","lastModifiedDate":"2021-09-15"},{"lineNumber":23,"author":{"gitId":"ChuaXiongWei"},"content":"        } catch (IOException e) {","lastModifiedDate":"2021-09-15"},{"lineNumber":24,"author":{"gitId":"ChuaXiongWei"},"content":"            System.out.println(\"Error\");","lastModifiedDate":"2021-09-15"},{"lineNumber":25,"author":{"gitId":"ChuaXiongWei"},"content":"        }","lastModifiedDate":"2021-09-15"},{"lineNumber":26,"author":{"gitId":"ChuaXiongWei"},"content":"    }","lastModifiedDate":"2021-09-15"},{"lineNumber":27,"author":{"gitId":"ChuaXiongWei"},"content":"","lastModifiedDate":"2021-09-15"},{"lineNumber":28,"author":{"gitId":"ChuaXiongWei"},"content":"    public static void loadData() {","lastModifiedDate":"2021-09-15"},{"lineNumber":29,"author":{"gitId":"ChuaXiongWei"},"content":"        try {","lastModifiedDate":"2021-09-15"},{"lineNumber":30,"author":{"gitId":"ChuaXiongWei"},"content":"            checkExist(\"data/duke.txt\");","lastModifiedDate":"2021-09-15"},{"lineNumber":31,"author":{"gitId":"ChuaXiongWei"},"content":"            loadFile(\"data/duke.txt\");","lastModifiedDate":"2021-09-15"},{"lineNumber":32,"author":{"gitId":"ChuaXiongWei"},"content":"        } catch (IOException e) {","lastModifiedDate":"2021-09-15"},{"lineNumber":33,"author":{"gitId":"ChuaXiongWei"},"content":"            System.out.println(\"No save data found\");","lastModifiedDate":"2021-09-15"},{"lineNumber":34,"author":{"gitId":"ChuaXiongWei"},"content":"        }","lastModifiedDate":"2021-09-15"},{"lineNumber":35,"author":{"gitId":"ChuaXiongWei"},"content":"    }","lastModifiedDate":"2021-09-15"},{"lineNumber":36,"author":{"gitId":"ChuaXiongWei"},"content":"","lastModifiedDate":"2021-09-15"},{"lineNumber":37,"author":{"gitId":"ChuaXiongWei"},"content":"    public static void checkExist(String fileLocation) throws IOException {","lastModifiedDate":"2021-09-15"},{"lineNumber":38,"author":{"gitId":"ChuaXiongWei"},"content":"        File f \u003d new File(fileLocation);","lastModifiedDate":"2021-09-15"},{"lineNumber":39,"author":{"gitId":"ChuaXiongWei"},"content":"        if (!f.exists()) {","lastModifiedDate":"2021-09-15"},{"lineNumber":40,"author":{"gitId":"ChuaXiongWei"},"content":"            f.createNewFile();","lastModifiedDate":"2021-09-15"},{"lineNumber":41,"author":{"gitId":"ChuaXiongWei"},"content":"        }","lastModifiedDate":"2021-09-15"},{"lineNumber":42,"author":{"gitId":"ChuaXiongWei"},"content":"    }","lastModifiedDate":"2021-09-15"},{"lineNumber":43,"author":{"gitId":"ChuaXiongWei"},"content":"","lastModifiedDate":"2021-09-15"},{"lineNumber":44,"author":{"gitId":"ChuaXiongWei"},"content":"    public static void loadFile(String fileLocation) throws FileNotFoundException {","lastModifiedDate":"2021-09-15"},{"lineNumber":45,"author":{"gitId":"ChuaXiongWei"},"content":"        File f \u003d new File(fileLocation);","lastModifiedDate":"2021-09-15"},{"lineNumber":46,"author":{"gitId":"ChuaXiongWei"},"content":"        Scanner s \u003d new Scanner(f);","lastModifiedDate":"2021-09-15"},{"lineNumber":47,"author":{"gitId":"ChuaXiongWei"},"content":"        int counter \u003d 1;","lastModifiedDate":"2021-09-15"},{"lineNumber":48,"author":{"gitId":"ChuaXiongWei"},"content":"","lastModifiedDate":"2021-09-15"},{"lineNumber":49,"author":{"gitId":"ChuaXiongWei"},"content":"        while (s.hasNext()) {","lastModifiedDate":"2021-09-15"},{"lineNumber":50,"author":{"gitId":"ChuaXiongWei"},"content":"            String curr \u003d String.valueOf(counter);","lastModifiedDate":"2021-09-15"},{"lineNumber":51,"author":{"gitId":"ChuaXiongWei"},"content":"            String next \u003d s.nextLine();","lastModifiedDate":"2021-09-15"},{"lineNumber":52,"author":{"gitId":"ChuaXiongWei"},"content":"            String[] lines \u003d next.split(\"|\");","lastModifiedDate":"2021-09-15"},{"lineNumber":53,"author":{"gitId":"ChuaXiongWei"},"content":"            String taskIcon \u003d lines[0];","lastModifiedDate":"2021-09-15"},{"lineNumber":54,"author":{"gitId":"ChuaXiongWei"},"content":"            String description \u003d next.substring(4);","lastModifiedDate":"2021-09-15"},{"lineNumber":55,"author":{"gitId":"ChuaXiongWei"},"content":"            switch(taskIcon.trim()) {","lastModifiedDate":"2021-09-15"},{"lineNumber":56,"author":{"gitId":"ChuaXiongWei"},"content":"            case \"T\":","lastModifiedDate":"2021-09-15"},{"lineNumber":57,"author":{"gitId":"ChuaXiongWei"},"content":"                TaskList.addToDo(description);","lastModifiedDate":"2021-09-28"},{"lineNumber":58,"author":{"gitId":"ChuaXiongWei"},"content":"                if (lines[2].equals(\"X\")) {","lastModifiedDate":"2021-09-15"},{"lineNumber":59,"author":{"gitId":"ChuaXiongWei"},"content":"                    TaskList.thisDone(curr);","lastModifiedDate":"2021-09-28"},{"lineNumber":60,"author":{"gitId":"ChuaXiongWei"},"content":"                }","lastModifiedDate":"2021-09-15"},{"lineNumber":61,"author":{"gitId":"ChuaXiongWei"},"content":"                counter++;","lastModifiedDate":"2021-09-15"},{"lineNumber":62,"author":{"gitId":"ChuaXiongWei"},"content":"                break;","lastModifiedDate":"2021-09-15"},{"lineNumber":63,"author":{"gitId":"ChuaXiongWei"},"content":"            case \"D\":","lastModifiedDate":"2021-09-15"},{"lineNumber":64,"author":{"gitId":"ChuaXiongWei"},"content":"                TaskList.addDeadline(description);","lastModifiedDate":"2021-09-28"},{"lineNumber":65,"author":{"gitId":"ChuaXiongWei"},"content":"                if (lines[2].equals(\"X\")) {","lastModifiedDate":"2021-09-15"},{"lineNumber":66,"author":{"gitId":"ChuaXiongWei"},"content":"                    TaskList.thisDone(curr);","lastModifiedDate":"2021-09-28"},{"lineNumber":67,"author":{"gitId":"ChuaXiongWei"},"content":"                }","lastModifiedDate":"2021-09-15"},{"lineNumber":68,"author":{"gitId":"ChuaXiongWei"},"content":"                counter++;","lastModifiedDate":"2021-09-15"},{"lineNumber":69,"author":{"gitId":"ChuaXiongWei"},"content":"                break;","lastModifiedDate":"2021-09-15"},{"lineNumber":70,"author":{"gitId":"ChuaXiongWei"},"content":"            case \"E\":","lastModifiedDate":"2021-09-15"},{"lineNumber":71,"author":{"gitId":"ChuaXiongWei"},"content":"                TaskList.addEvent(description);","lastModifiedDate":"2021-09-28"},{"lineNumber":72,"author":{"gitId":"ChuaXiongWei"},"content":"                if (lines[2].equals(\"X\")) {","lastModifiedDate":"2021-09-15"},{"lineNumber":73,"author":{"gitId":"ChuaXiongWei"},"content":"                    TaskList.thisDone(curr);","lastModifiedDate":"2021-09-28"},{"lineNumber":74,"author":{"gitId":"ChuaXiongWei"},"content":"                }","lastModifiedDate":"2021-09-15"},{"lineNumber":75,"author":{"gitId":"ChuaXiongWei"},"content":"                counter++;","lastModifiedDate":"2021-09-15"},{"lineNumber":76,"author":{"gitId":"ChuaXiongWei"},"content":"                break;","lastModifiedDate":"2021-09-15"},{"lineNumber":77,"author":{"gitId":"ChuaXiongWei"},"content":"            default:","lastModifiedDate":"2021-09-15"},{"lineNumber":78,"author":{"gitId":"ChuaXiongWei"},"content":"                System.out.println(\"Huh?\");","lastModifiedDate":"2021-09-15"},{"lineNumber":79,"author":{"gitId":"ChuaXiongWei"},"content":"                break;","lastModifiedDate":"2021-09-15"},{"lineNumber":80,"author":{"gitId":"ChuaXiongWei"},"content":"            }","lastModifiedDate":"2021-09-15"},{"lineNumber":81,"author":{"gitId":"ChuaXiongWei"},"content":"        }","lastModifiedDate":"2021-09-15"},{"lineNumber":82,"author":{"gitId":"ChuaXiongWei"},"content":"    }","lastModifiedDate":"2021-09-15"},{"lineNumber":83,"author":{"gitId":"ChuaXiongWei"},"content":"","lastModifiedDate":"2021-09-15"},{"lineNumber":84,"author":{"gitId":"ChuaXiongWei"},"content":"    public static void saveFile(String fileLocation) throws IOException {","lastModifiedDate":"2021-09-15"},{"lineNumber":85,"author":{"gitId":"ChuaXiongWei"},"content":"        String text;","lastModifiedDate":"2021-09-15"},{"lineNumber":86,"author":{"gitId":"ChuaXiongWei"},"content":"        File f \u003d new File(fileLocation);","lastModifiedDate":"2021-09-15"},{"lineNumber":87,"author":{"gitId":"ChuaXiongWei"},"content":"        checkExist(fileLocation);","lastModifiedDate":"2021-09-15"},{"lineNumber":88,"author":{"gitId":"ChuaXiongWei"},"content":"        FileWriter fw \u003d new FileWriter(fileLocation, false);","lastModifiedDate":"2021-09-15"},{"lineNumber":89,"author":{"gitId":"ChuaXiongWei"},"content":"        fw.write(\"\");","lastModifiedDate":"2021-09-15"},{"lineNumber":90,"author":{"gitId":"ChuaXiongWei"},"content":"","lastModifiedDate":"2021-09-15"},{"lineNumber":91,"author":{"gitId":"ChuaXiongWei"},"content":"        for (int i \u003d 0; i \u003c TaskList.input.List.size(); i++) {","lastModifiedDate":"2021-09-28"},{"lineNumber":92,"author":{"gitId":"ChuaXiongWei"},"content":"            text \u003d TaskList.input.List.get(i).getTaskIcon() + \"|\" + TaskList.input.List.get(i).getStatusIcon() + \"|\" + TaskList.input.List.get(i).getOriginalDescription() + System.lineSeparator();","lastModifiedDate":"2021-09-28"},{"lineNumber":93,"author":{"gitId":"ChuaXiongWei"},"content":"            writeToFile(fileLocation, text);","lastModifiedDate":"2021-09-15"},{"lineNumber":94,"author":{"gitId":"ChuaXiongWei"},"content":"        }","lastModifiedDate":"2021-09-15"},{"lineNumber":95,"author":{"gitId":"ChuaXiongWei"},"content":"    }","lastModifiedDate":"2021-09-15"},{"lineNumber":96,"author":{"gitId":"ChuaXiongWei"},"content":"","lastModifiedDate":"2021-09-15"},{"lineNumber":97,"author":{"gitId":"ChuaXiongWei"},"content":"    public static void writeToFile(String fileLocation, String whatToWrite) throws IOException {","lastModifiedDate":"2021-09-15"},{"lineNumber":98,"author":{"gitId":"ChuaXiongWei"},"content":"        FileWriter fw \u003d new FileWriter(fileLocation, true);","lastModifiedDate":"2021-09-15"},{"lineNumber":99,"author":{"gitId":"ChuaXiongWei"},"content":"        fw.write(whatToWrite);","lastModifiedDate":"2021-09-15"},{"lineNumber":100,"author":{"gitId":"ChuaXiongWei"},"content":"        fw.close();","lastModifiedDate":"2021-09-15"},{"lineNumber":101,"author":{"gitId":"ChuaXiongWei"},"content":"    }","lastModifiedDate":"2021-09-15"},{"lineNumber":102,"author":{"gitId":"ChuaXiongWei"},"content":"}","lastModifiedDate":"2021-09-15"}],"authorContributionMap":{"ChuaXiongWei":102}},{"path":"src/main/java/Duke/Task/Deadline.java","fileType":"java","lines":[{"lineNumber":1,"author":{"gitId":"ChuaXiongWei"},"content":"package Duke.Task;","lastModifiedDate":"2021-09-08"},{"lineNumber":2,"author":{"gitId":"ChuaXiongWei"},"content":"","lastModifiedDate":"2021-09-07"},{"lineNumber":3,"author":{"gitId":"ChuaXiongWei"},"content":"import java.time.LocalDate;","lastModifiedDate":"2021-09-28"},{"lineNumber":4,"author":{"gitId":"ChuaXiongWei"},"content":"import java.time.LocalTime;","lastModifiedDate":"2021-09-28"},{"lineNumber":5,"author":{"gitId":"ChuaXiongWei"},"content":"import java.time.format.DateTimeFormatter;","lastModifiedDate":"2021-09-28"},{"lineNumber":6,"author":{"gitId":"ChuaXiongWei"},"content":"","lastModifiedDate":"2021-09-28"},{"lineNumber":7,"author":{"gitId":"ChuaXiongWei"},"content":"public class Deadline extends Task{","lastModifiedDate":"2021-09-07"},{"lineNumber":8,"author":{"gitId":"ChuaXiongWei"},"content":"    private String when \u003d \"0000\";","lastModifiedDate":"2021-09-28"},{"lineNumber":9,"author":{"gitId":"ChuaXiongWei"},"content":"    private String originalWhen;","lastModifiedDate":"2021-09-15"},{"lineNumber":10,"author":{"gitId":"ChuaXiongWei"},"content":"","lastModifiedDate":"2021-09-28"},{"lineNumber":11,"author":{"gitId":"ChuaXiongWei"},"content":"    protected LocalDate date;","lastModifiedDate":"2021-09-28"},{"lineNumber":12,"author":{"gitId":"ChuaXiongWei"},"content":"    protected LocalTime time;","lastModifiedDate":"2021-09-28"},{"lineNumber":13,"author":{"gitId":"ChuaXiongWei"},"content":"","lastModifiedDate":"2021-09-28"},{"lineNumber":14,"author":{"gitId":"ChuaXiongWei"},"content":"    public Deadline(String description, String when) {","lastModifiedDate":"2021-09-07"},{"lineNumber":15,"author":{"gitId":"ChuaXiongWei"},"content":"        super(description);","lastModifiedDate":"2021-09-07"},{"lineNumber":16,"author":{"gitId":"ChuaXiongWei"},"content":"        this.when \u003d when.contains(\":\") ? when.substring(when.indexOf(\":\") + 1) : this.when;","lastModifiedDate":"2021-09-28"},{"lineNumber":17,"author":{"gitId":"ChuaXiongWei"},"content":"        this.date \u003d LocalDate.parse(when.substring(4,when.indexOf(\":\")));","lastModifiedDate":"2021-09-28"},{"lineNumber":18,"author":{"gitId":"ChuaXiongWei"},"content":"        this.time \u003d getTime(this.when);","lastModifiedDate":"2021-09-28"},{"lineNumber":19,"author":{"gitId":"ChuaXiongWei"},"content":"        this.originalWhen \u003d when;","lastModifiedDate":"2021-09-15"},{"lineNumber":20,"author":{"gitId":"ChuaXiongWei"},"content":"    }","lastModifiedDate":"2021-09-07"},{"lineNumber":21,"author":{"gitId":"ChuaXiongWei"},"content":"","lastModifiedDate":"2021-09-07"},{"lineNumber":22,"author":{"gitId":"ChuaXiongWei"},"content":"    public LocalTime getTime(String time) {","lastModifiedDate":"2021-09-28"},{"lineNumber":23,"author":{"gitId":"ChuaXiongWei"},"content":"        String hourString \u003d time.substring(0,2);","lastModifiedDate":"2021-09-28"},{"lineNumber":24,"author":{"gitId":"ChuaXiongWei"},"content":"        String minuteString \u003d time.substring(2);","lastModifiedDate":"2021-09-28"},{"lineNumber":25,"author":{"gitId":"ChuaXiongWei"},"content":"        int hour \u003d Integer.parseInt(hourString);","lastModifiedDate":"2021-09-28"},{"lineNumber":26,"author":{"gitId":"ChuaXiongWei"},"content":"        int minute \u003d Integer.parseInt(minuteString);","lastModifiedDate":"2021-09-28"},{"lineNumber":27,"author":{"gitId":"ChuaXiongWei"},"content":"        return LocalTime.of(hour, minute);","lastModifiedDate":"2021-09-28"},{"lineNumber":28,"author":{"gitId":"ChuaXiongWei"},"content":"    }","lastModifiedDate":"2021-09-28"},{"lineNumber":29,"author":{"gitId":"ChuaXiongWei"},"content":"","lastModifiedDate":"2021-09-28"},{"lineNumber":30,"author":{"gitId":"ChuaXiongWei"},"content":"    @Override","lastModifiedDate":"2021-09-07"},{"lineNumber":31,"author":{"gitId":"ChuaXiongWei"},"content":"    public String getDescription() {","lastModifiedDate":"2021-09-07"},{"lineNumber":32,"author":{"gitId":"ChuaXiongWei"},"content":"        return description + \" (By: \" + date.format(DateTimeFormatter.ofPattern(\"MMM dd yyyy\")) + \" \" + time.format(DateTimeFormatter.ofPattern(\"h:mm a\")) + \")\";//\"%s (By:%s)\", description, when);","lastModifiedDate":"2021-09-28"},{"lineNumber":33,"author":{"gitId":"ChuaXiongWei"},"content":"    }","lastModifiedDate":"2021-09-07"},{"lineNumber":34,"author":{"gitId":"ChuaXiongWei"},"content":"    @Override","lastModifiedDate":"2021-09-15"},{"lineNumber":35,"author":{"gitId":"ChuaXiongWei"},"content":"    public String getTaskIcon() {","lastModifiedDate":"2021-09-15"},{"lineNumber":36,"author":{"gitId":"ChuaXiongWei"},"content":"        return \"D\";","lastModifiedDate":"2021-09-15"},{"lineNumber":37,"author":{"gitId":"ChuaXiongWei"},"content":"    }","lastModifiedDate":"2021-09-15"},{"lineNumber":38,"author":{"gitId":"ChuaXiongWei"},"content":"    @Override","lastModifiedDate":"2021-09-15"},{"lineNumber":39,"author":{"gitId":"ChuaXiongWei"},"content":"    public String getOriginalDescription() {","lastModifiedDate":"2021-09-15"},{"lineNumber":40,"author":{"gitId":"ChuaXiongWei"},"content":"        return this.description + \" \" + this.originalWhen;","lastModifiedDate":"2021-09-15"},{"lineNumber":41,"author":{"gitId":"ChuaXiongWei"},"content":"    }","lastModifiedDate":"2021-09-15"},{"lineNumber":42,"author":{"gitId":"ChuaXiongWei"},"content":"}","lastModifiedDate":"2021-09-07"}],"authorContributionMap":{"ChuaXiongWei":42}},{"path":"src/main/java/Duke/Task/Events.java","fileType":"java","lines":[{"lineNumber":1,"author":{"gitId":"ChuaXiongWei"},"content":"package Duke.Task;","lastModifiedDate":"2021-09-08"},{"lineNumber":2,"author":{"gitId":"ChuaXiongWei"},"content":"","lastModifiedDate":"2021-09-07"},{"lineNumber":3,"author":{"gitId":"ChuaXiongWei"},"content":"public class Events extends Task {","lastModifiedDate":"2021-09-07"},{"lineNumber":4,"author":{"gitId":"ChuaXiongWei"},"content":"    private String when;","lastModifiedDate":"2021-09-07"},{"lineNumber":5,"author":{"gitId":"ChuaXiongWei"},"content":"    private String originalWhen;","lastModifiedDate":"2021-09-15"},{"lineNumber":6,"author":{"gitId":"ChuaXiongWei"},"content":"    public Events(String description, String when) {","lastModifiedDate":"2021-09-07"},{"lineNumber":7,"author":{"gitId":"ChuaXiongWei"},"content":"        super(description);","lastModifiedDate":"2021-09-07"},{"lineNumber":8,"author":{"gitId":"ChuaXiongWei"},"content":"        this.when \u003d when.substring(3);","lastModifiedDate":"2021-09-07"},{"lineNumber":9,"author":{"gitId":"ChuaXiongWei"},"content":"        this.originalWhen \u003d when;","lastModifiedDate":"2021-09-15"},{"lineNumber":10,"author":{"gitId":"ChuaXiongWei"},"content":"    }","lastModifiedDate":"2021-09-07"},{"lineNumber":11,"author":{"gitId":"ChuaXiongWei"},"content":"","lastModifiedDate":"2021-09-07"},{"lineNumber":12,"author":{"gitId":"ChuaXiongWei"},"content":"    @Override","lastModifiedDate":"2021-09-07"},{"lineNumber":13,"author":{"gitId":"ChuaXiongWei"},"content":"    public String getDescription() {","lastModifiedDate":"2021-09-07"},{"lineNumber":14,"author":{"gitId":"ChuaXiongWei"},"content":"        return String.format(\"%s (At:%s)\", description, when);","lastModifiedDate":"2021-09-07"},{"lineNumber":15,"author":{"gitId":"ChuaXiongWei"},"content":"    }","lastModifiedDate":"2021-09-07"},{"lineNumber":16,"author":{"gitId":"ChuaXiongWei"},"content":"    @Override","lastModifiedDate":"2021-09-15"},{"lineNumber":17,"author":{"gitId":"ChuaXiongWei"},"content":"    public String getTaskIcon() {","lastModifiedDate":"2021-09-15"},{"lineNumber":18,"author":{"gitId":"ChuaXiongWei"},"content":"        return \"E\";","lastModifiedDate":"2021-09-15"},{"lineNumber":19,"author":{"gitId":"ChuaXiongWei"},"content":"    }","lastModifiedDate":"2021-09-15"},{"lineNumber":20,"author":{"gitId":"ChuaXiongWei"},"content":"    @Override","lastModifiedDate":"2021-09-15"},{"lineNumber":21,"author":{"gitId":"ChuaXiongWei"},"content":"    public String getOriginalDescription() {","lastModifiedDate":"2021-09-15"},{"lineNumber":22,"author":{"gitId":"ChuaXiongWei"},"content":"        return this.description + \" \" + this.originalWhen;","lastModifiedDate":"2021-09-15"},{"lineNumber":23,"author":{"gitId":"ChuaXiongWei"},"content":"    }","lastModifiedDate":"2021-09-15"},{"lineNumber":24,"author":{"gitId":"ChuaXiongWei"},"content":"}","lastModifiedDate":"2021-09-07"}],"authorContributionMap":{"ChuaXiongWei":24}},{"path":"src/main/java/Duke/Task/Task.java","fileType":"java","lines":[{"lineNumber":1,"author":{"gitId":"ChuaXiongWei"},"content":"package Duke.Task;","lastModifiedDate":"2021-09-08"},{"lineNumber":2,"author":{"gitId":"ChuaXiongWei"},"content":"","lastModifiedDate":"2021-09-07"},{"lineNumber":3,"author":{"gitId":"ChuaXiongWei"},"content":"public class Task {","lastModifiedDate":"2021-09-07"},{"lineNumber":4,"author":{"gitId":"ChuaXiongWei"},"content":"    protected boolean isDone;","lastModifiedDate":"2021-09-07"},{"lineNumber":5,"author":{"gitId":"ChuaXiongWei"},"content":"    protected String description;","lastModifiedDate":"2021-09-07"},{"lineNumber":6,"author":{"gitId":"ChuaXiongWei"},"content":"    private int id;","lastModifiedDate":"2021-09-07"},{"lineNumber":7,"author":{"gitId":"ChuaXiongWei"},"content":"    private static int totalTasks \u003d 0;","lastModifiedDate":"2021-09-07"},{"lineNumber":8,"author":{"gitId":"ChuaXiongWei"},"content":"    private String taskIcon;","lastModifiedDate":"2021-09-15"},{"lineNumber":9,"author":{"gitId":"ChuaXiongWei"},"content":"","lastModifiedDate":"2021-09-07"},{"lineNumber":10,"author":{"gitId":"ChuaXiongWei"},"content":"    public Task(String description) {","lastModifiedDate":"2021-09-07"},{"lineNumber":11,"author":{"gitId":"ChuaXiongWei"},"content":"        this.description \u003d description;","lastModifiedDate":"2021-09-07"},{"lineNumber":12,"author":{"gitId":"ChuaXiongWei"},"content":"        this.isDone \u003d false;","lastModifiedDate":"2021-09-07"},{"lineNumber":13,"author":{"gitId":"ChuaXiongWei"},"content":"","lastModifiedDate":"2021-09-07"},{"lineNumber":14,"author":{"gitId":"ChuaXiongWei"},"content":"        totalTasks++;","lastModifiedDate":"2021-09-07"},{"lineNumber":15,"author":{"gitId":"ChuaXiongWei"},"content":"        id \u003d totalTasks;","lastModifiedDate":"2021-09-07"},{"lineNumber":16,"author":{"gitId":"ChuaXiongWei"},"content":"    }","lastModifiedDate":"2021-09-07"},{"lineNumber":17,"author":{"gitId":"ChuaXiongWei"},"content":"","lastModifiedDate":"2021-09-07"},{"lineNumber":18,"author":{"gitId":"ChuaXiongWei"},"content":"    public int getID() {","lastModifiedDate":"2021-09-07"},{"lineNumber":19,"author":{"gitId":"ChuaXiongWei"},"content":"        return id;","lastModifiedDate":"2021-09-07"},{"lineNumber":20,"author":{"gitId":"ChuaXiongWei"},"content":"    }","lastModifiedDate":"2021-09-07"},{"lineNumber":21,"author":{"gitId":"ChuaXiongWei"},"content":"","lastModifiedDate":"2021-09-07"},{"lineNumber":22,"author":{"gitId":"ChuaXiongWei"},"content":"    public String getStatusIcon() {","lastModifiedDate":"2021-09-07"},{"lineNumber":23,"author":{"gitId":"ChuaXiongWei"},"content":"        return (isDone ? \"X\" : \" \");","lastModifiedDate":"2021-09-07"},{"lineNumber":24,"author":{"gitId":"ChuaXiongWei"},"content":"    }","lastModifiedDate":"2021-09-07"},{"lineNumber":25,"author":{"gitId":"ChuaXiongWei"},"content":"","lastModifiedDate":"2021-09-07"},{"lineNumber":26,"author":{"gitId":"ChuaXiongWei"},"content":"    public void markAsDone() {","lastModifiedDate":"2021-09-07"},{"lineNumber":27,"author":{"gitId":"ChuaXiongWei"},"content":"        this.isDone \u003d true;","lastModifiedDate":"2021-09-07"},{"lineNumber":28,"author":{"gitId":"ChuaXiongWei"},"content":"    }","lastModifiedDate":"2021-09-07"},{"lineNumber":29,"author":{"gitId":"ChuaXiongWei"},"content":"","lastModifiedDate":"2021-09-07"},{"lineNumber":30,"author":{"gitId":"ChuaXiongWei"},"content":"    public String getTaskIcon() {","lastModifiedDate":"2021-09-07"},{"lineNumber":31,"author":{"gitId":"ChuaXiongWei"},"content":"        return taskIcon;","lastModifiedDate":"2021-09-15"},{"lineNumber":32,"author":{"gitId":"ChuaXiongWei"},"content":"    }","lastModifiedDate":"2021-09-07"},{"lineNumber":33,"author":{"gitId":"ChuaXiongWei"},"content":"","lastModifiedDate":"2021-09-07"},{"lineNumber":34,"author":{"gitId":"ChuaXiongWei"},"content":"    public String getDescription(){","lastModifiedDate":"2021-09-07"},{"lineNumber":35,"author":{"gitId":"ChuaXiongWei"},"content":"        return description;","lastModifiedDate":"2021-09-07"},{"lineNumber":36,"author":{"gitId":"ChuaXiongWei"},"content":"    }","lastModifiedDate":"2021-09-07"},{"lineNumber":37,"author":{"gitId":"ChuaXiongWei"},"content":"","lastModifiedDate":"2021-09-07"},{"lineNumber":38,"author":{"gitId":"ChuaXiongWei"},"content":"    public String getOriginalDescription() { return description;}","lastModifiedDate":"2021-09-15"},{"lineNumber":39,"author":{"gitId":"ChuaXiongWei"},"content":"","lastModifiedDate":"2021-09-15"},{"lineNumber":40,"author":{"gitId":"ChuaXiongWei"},"content":"}","lastModifiedDate":"2021-09-07"}],"authorContributionMap":{"ChuaXiongWei":40}},{"path":"src/main/java/Duke/Task/TaskList.java","fileType":"java","lines":[{"lineNumber":1,"author":{"gitId":"ChuaXiongWei"},"content":"package Duke.Task;","lastModifiedDate":"2021-09-15"},{"lineNumber":2,"author":{"gitId":"ChuaXiongWei"},"content":"","lastModifiedDate":"2021-09-15"},{"lineNumber":3,"author":{"gitId":"ChuaXiongWei"},"content":"import Duke.Exception.DukeException;","lastModifiedDate":"2021-09-15"},{"lineNumber":4,"author":{"gitId":"ChuaXiongWei"},"content":"import Duke.Information;","lastModifiedDate":"2021-09-15"},{"lineNumber":5,"author":{"gitId":"ChuaXiongWei"},"content":"import Duke.Ui;","lastModifiedDate":"2021-09-28"},{"lineNumber":6,"author":{"gitId":"ChuaXiongWei"},"content":"","lastModifiedDate":"2021-09-15"},{"lineNumber":7,"author":{"gitId":"ChuaXiongWei"},"content":"import java.util.ArrayList;","lastModifiedDate":"2021-09-28"},{"lineNumber":8,"author":{"gitId":"ChuaXiongWei"},"content":"","lastModifiedDate":"2021-09-28"},{"lineNumber":9,"author":{"gitId":"ChuaXiongWei"},"content":"public class TaskList {","lastModifiedDate":"2021-09-28"},{"lineNumber":10,"author":{"gitId":"ChuaXiongWei"},"content":"    public static Information input \u003d new Information();","lastModifiedDate":"2021-09-15"},{"lineNumber":11,"author":{"gitId":"ChuaXiongWei"},"content":"    private static Ui message \u003d new Ui();","lastModifiedDate":"2021-09-28"},{"lineNumber":12,"author":{"gitId":"ChuaXiongWei"},"content":"","lastModifiedDate":"2021-09-15"},{"lineNumber":13,"author":{"gitId":"ChuaXiongWei"},"content":"    public static void printList() {","lastModifiedDate":"2021-09-15"},{"lineNumber":14,"author":{"gitId":"ChuaXiongWei"},"content":"        for (int i \u003d 0; i \u003c input.List.size(); i++) {","lastModifiedDate":"2021-09-15"},{"lineNumber":15,"author":{"gitId":"ChuaXiongWei"},"content":"            System.out.println((i + 1) + \".[\" + input.List.get(i).getTaskIcon() + \"]\" + \"[\" + input.List.get(i).getStatusIcon() + \"] \" + input.List.get(i).getDescription());","lastModifiedDate":"2021-09-15"},{"lineNumber":16,"author":{"gitId":"ChuaXiongWei"},"content":"        }","lastModifiedDate":"2021-09-15"},{"lineNumber":17,"author":{"gitId":"ChuaXiongWei"},"content":"        message.printLineBreak();","lastModifiedDate":"2021-09-15"},{"lineNumber":18,"author":{"gitId":"ChuaXiongWei"},"content":"    }","lastModifiedDate":"2021-09-15"},{"lineNumber":19,"author":{"gitId":"ChuaXiongWei"},"content":"","lastModifiedDate":"2021-09-15"},{"lineNumber":20,"author":{"gitId":"ChuaXiongWei"},"content":"    public static void thisDone(String instructionTask) {","lastModifiedDate":"2021-09-15"},{"lineNumber":21,"author":{"gitId":"ChuaXiongWei"},"content":"        try {","lastModifiedDate":"2021-09-15"},{"lineNumber":22,"author":{"gitId":"ChuaXiongWei"},"content":"            int whichTask \u003d Integer.parseInt(instructionTask.replaceAll(\"[\\\\D]\", \"\"));","lastModifiedDate":"2021-09-15"},{"lineNumber":23,"author":{"gitId":"ChuaXiongWei"},"content":"            if (whichTask \u003c\u003d 0) {","lastModifiedDate":"2021-09-15"},{"lineNumber":24,"author":{"gitId":"ChuaXiongWei"},"content":"                message.printListError();","lastModifiedDate":"2021-09-15"},{"lineNumber":25,"author":{"gitId":"ChuaXiongWei"},"content":"                message.printLineBreak();","lastModifiedDate":"2021-09-15"},{"lineNumber":26,"author":{"gitId":"ChuaXiongWei"},"content":"            } else if (whichTask \u003e input.List.size()) {","lastModifiedDate":"2021-09-15"},{"lineNumber":27,"author":{"gitId":"ChuaXiongWei"},"content":"                message.printListError();","lastModifiedDate":"2021-09-15"},{"lineNumber":28,"author":{"gitId":"ChuaXiongWei"},"content":"                message.printLineBreak();","lastModifiedDate":"2021-09-15"},{"lineNumber":29,"author":{"gitId":"ChuaXiongWei"},"content":"            } else {","lastModifiedDate":"2021-09-15"},{"lineNumber":30,"author":{"gitId":"ChuaXiongWei"},"content":"                input.List.get(whichTask - 1).markAsDone();","lastModifiedDate":"2021-09-15"},{"lineNumber":31,"author":{"gitId":"ChuaXiongWei"},"content":"                System.out.println(\"YAY! That task has been marked as complete\");","lastModifiedDate":"2021-09-15"},{"lineNumber":32,"author":{"gitId":"ChuaXiongWei"},"content":"                message.printLineBreak();","lastModifiedDate":"2021-09-15"},{"lineNumber":33,"author":{"gitId":"ChuaXiongWei"},"content":"            }","lastModifiedDate":"2021-09-15"},{"lineNumber":34,"author":{"gitId":"ChuaXiongWei"},"content":"        } catch (NumberFormatException e) {","lastModifiedDate":"2021-09-15"},{"lineNumber":35,"author":{"gitId":"ChuaXiongWei"},"content":"            message.printListError();","lastModifiedDate":"2021-09-15"},{"lineNumber":36,"author":{"gitId":"ChuaXiongWei"},"content":"            message.printLineBreak();","lastModifiedDate":"2021-09-15"},{"lineNumber":37,"author":{"gitId":"ChuaXiongWei"},"content":"        }","lastModifiedDate":"2021-09-15"},{"lineNumber":38,"author":{"gitId":"ChuaXiongWei"},"content":"    }","lastModifiedDate":"2021-09-15"},{"lineNumber":39,"author":{"gitId":"ChuaXiongWei"},"content":"","lastModifiedDate":"2021-09-15"},{"lineNumber":40,"author":{"gitId":"ChuaXiongWei"},"content":"    public static void addToDo(String instructionTask) {","lastModifiedDate":"2021-09-15"},{"lineNumber":41,"author":{"gitId":"ChuaXiongWei"},"content":"        try {","lastModifiedDate":"2021-09-15"},{"lineNumber":42,"author":{"gitId":"ChuaXiongWei"},"content":"            if (instructionTask.isEmpty() || instructionTask.equals(\" \")) {","lastModifiedDate":"2021-09-15"},{"lineNumber":43,"author":{"gitId":"ChuaXiongWei"},"content":"                throw new DukeException();","lastModifiedDate":"2021-09-15"},{"lineNumber":44,"author":{"gitId":"ChuaXiongWei"},"content":"            }","lastModifiedDate":"2021-09-15"},{"lineNumber":45,"author":{"gitId":"ChuaXiongWei"},"content":"            input.List.add(new ToDos(instructionTask));","lastModifiedDate":"2021-09-15"},{"lineNumber":46,"author":{"gitId":"ChuaXiongWei"},"content":"            System.out.println(\"Nice! The task has been added to your todo list\");","lastModifiedDate":"2021-09-15"},{"lineNumber":47,"author":{"gitId":"ChuaXiongWei"},"content":"            message.printLineBreak();","lastModifiedDate":"2021-09-15"},{"lineNumber":48,"author":{"gitId":"ChuaXiongWei"},"content":"        } catch (DukeException e) {","lastModifiedDate":"2021-09-15"},{"lineNumber":49,"author":{"gitId":"ChuaXiongWei"},"content":"            message.printEmptyDescription();","lastModifiedDate":"2021-09-15"},{"lineNumber":50,"author":{"gitId":"ChuaXiongWei"},"content":"            message.printLineBreak();","lastModifiedDate":"2021-09-15"},{"lineNumber":51,"author":{"gitId":"ChuaXiongWei"},"content":"        }","lastModifiedDate":"2021-09-15"},{"lineNumber":52,"author":{"gitId":"ChuaXiongWei"},"content":"    }","lastModifiedDate":"2021-09-15"},{"lineNumber":53,"author":{"gitId":"ChuaXiongWei"},"content":"","lastModifiedDate":"2021-09-15"},{"lineNumber":54,"author":{"gitId":"ChuaXiongWei"},"content":"    public static void addDeadline(String instructionTask) {","lastModifiedDate":"2021-09-15"},{"lineNumber":55,"author":{"gitId":"ChuaXiongWei"},"content":"        try {","lastModifiedDate":"2021-09-15"},{"lineNumber":56,"author":{"gitId":"ChuaXiongWei"},"content":"            if (!instructionTask.contains(\"/by\")) {","lastModifiedDate":"2021-09-15"},{"lineNumber":57,"author":{"gitId":"ChuaXiongWei"},"content":"                throw new DukeException();","lastModifiedDate":"2021-09-15"},{"lineNumber":58,"author":{"gitId":"ChuaXiongWei"},"content":"            }","lastModifiedDate":"2021-09-15"},{"lineNumber":59,"author":{"gitId":"ChuaXiongWei"},"content":"            int indexOfDeadline \u003d instructionTask.indexOf(\"/by\");","lastModifiedDate":"2021-09-15"},{"lineNumber":60,"author":{"gitId":"ChuaXiongWei"},"content":"            String theTask \u003d instructionTask.substring(0, indexOfDeadline - 1);","lastModifiedDate":"2021-09-15"},{"lineNumber":61,"author":{"gitId":"ChuaXiongWei"},"content":"            String theDeadline \u003d instructionTask.substring(indexOfDeadline);","lastModifiedDate":"2021-09-15"},{"lineNumber":62,"author":{"gitId":"ChuaXiongWei"},"content":"            input.List.add(new Deadline(theTask, theDeadline));","lastModifiedDate":"2021-09-15"},{"lineNumber":63,"author":{"gitId":"ChuaXiongWei"},"content":"            System.out.println(\"Nice! The task has been added to your deadlines\");","lastModifiedDate":"2021-09-15"},{"lineNumber":64,"author":{"gitId":"ChuaXiongWei"},"content":"            message.printLineBreak();","lastModifiedDate":"2021-09-15"},{"lineNumber":65,"author":{"gitId":"ChuaXiongWei"},"content":"        } catch (DukeException | NumberFormatException | IndexOutOfBoundsException e) {","lastModifiedDate":"2021-09-28"},{"lineNumber":66,"author":{"gitId":"ChuaXiongWei"},"content":"            message.printMissingDeadline();","lastModifiedDate":"2021-09-15"},{"lineNumber":67,"author":{"gitId":"ChuaXiongWei"},"content":"            message.printLineBreak();","lastModifiedDate":"2021-09-15"},{"lineNumber":68,"author":{"gitId":"ChuaXiongWei"},"content":"        }","lastModifiedDate":"2021-09-15"},{"lineNumber":69,"author":{"gitId":"ChuaXiongWei"},"content":"    }","lastModifiedDate":"2021-09-15"},{"lineNumber":70,"author":{"gitId":"ChuaXiongWei"},"content":"","lastModifiedDate":"2021-09-15"},{"lineNumber":71,"author":{"gitId":"ChuaXiongWei"},"content":"    public static void addEvent(String instructionTask) {","lastModifiedDate":"2021-09-15"},{"lineNumber":72,"author":{"gitId":"ChuaXiongWei"},"content":"        try {","lastModifiedDate":"2021-09-15"},{"lineNumber":73,"author":{"gitId":"ChuaXiongWei"},"content":"            if (!instructionTask.contains(\"/at\")) {","lastModifiedDate":"2021-09-15"},{"lineNumber":74,"author":{"gitId":"ChuaXiongWei"},"content":"                throw new DukeException();","lastModifiedDate":"2021-09-15"},{"lineNumber":75,"author":{"gitId":"ChuaXiongWei"},"content":"            }","lastModifiedDate":"2021-09-15"},{"lineNumber":76,"author":{"gitId":"ChuaXiongWei"},"content":"            int indexOfEvent \u003d instructionTask.indexOf(\"/at\");","lastModifiedDate":"2021-09-15"},{"lineNumber":77,"author":{"gitId":"ChuaXiongWei"},"content":"            String theTask2 \u003d instructionTask.substring(0, indexOfEvent - 1);","lastModifiedDate":"2021-09-15"},{"lineNumber":78,"author":{"gitId":"ChuaXiongWei"},"content":"            String theEvent \u003d instructionTask.substring(indexOfEvent);","lastModifiedDate":"2021-09-15"},{"lineNumber":79,"author":{"gitId":"ChuaXiongWei"},"content":"            input.List.add(new Events(theTask2, theEvent));","lastModifiedDate":"2021-09-15"},{"lineNumber":80,"author":{"gitId":"ChuaXiongWei"},"content":"            System.out.println(\"Nice! The task has been added to your events list\");","lastModifiedDate":"2021-09-15"},{"lineNumber":81,"author":{"gitId":"ChuaXiongWei"},"content":"            message.printLineBreak();","lastModifiedDate":"2021-09-15"},{"lineNumber":82,"author":{"gitId":"ChuaXiongWei"},"content":"        } catch (DukeException e) {","lastModifiedDate":"2021-09-15"},{"lineNumber":83,"author":{"gitId":"ChuaXiongWei"},"content":"            message.printMissingEvent();","lastModifiedDate":"2021-09-15"},{"lineNumber":84,"author":{"gitId":"ChuaXiongWei"},"content":"            message.printLineBreak();","lastModifiedDate":"2021-09-15"},{"lineNumber":85,"author":{"gitId":"ChuaXiongWei"},"content":"        }","lastModifiedDate":"2021-09-15"},{"lineNumber":86,"author":{"gitId":"ChuaXiongWei"},"content":"    }","lastModifiedDate":"2021-09-15"},{"lineNumber":87,"author":{"gitId":"ChuaXiongWei"},"content":"","lastModifiedDate":"2021-09-15"},{"lineNumber":88,"author":{"gitId":"ChuaXiongWei"},"content":"    public static void deleteTask(String instructionTask) {","lastModifiedDate":"2021-09-15"},{"lineNumber":89,"author":{"gitId":"ChuaXiongWei"},"content":"        try {","lastModifiedDate":"2021-09-15"},{"lineNumber":90,"author":{"gitId":"ChuaXiongWei"},"content":"            if (instructionTask.isEmpty() || instructionTask.equals(\" \")) {","lastModifiedDate":"2021-09-15"},{"lineNumber":91,"author":{"gitId":"ChuaXiongWei"},"content":"                throw new DukeException();","lastModifiedDate":"2021-09-15"},{"lineNumber":92,"author":{"gitId":"ChuaXiongWei"},"content":"            }","lastModifiedDate":"2021-09-15"},{"lineNumber":93,"author":{"gitId":"ChuaXiongWei"},"content":"            int number \u003d Integer.parseInt(instructionTask);","lastModifiedDate":"2021-09-15"},{"lineNumber":94,"author":{"gitId":"ChuaXiongWei"},"content":"            input.List.remove(number - 1);","lastModifiedDate":"2021-09-15"},{"lineNumber":95,"author":{"gitId":"ChuaXiongWei"},"content":"            System.out.println(\"Ok! The task has been deleted from your list\");","lastModifiedDate":"2021-09-15"},{"lineNumber":96,"author":{"gitId":"ChuaXiongWei"},"content":"            message.printLineBreak();","lastModifiedDate":"2021-09-15"},{"lineNumber":97,"author":{"gitId":"ChuaXiongWei"},"content":"        } catch (DukeException | NumberFormatException | IndexOutOfBoundsException e) {","lastModifiedDate":"2021-09-15"},{"lineNumber":98,"author":{"gitId":"ChuaXiongWei"},"content":"            message.printListError();","lastModifiedDate":"2021-09-15"},{"lineNumber":99,"author":{"gitId":"ChuaXiongWei"},"content":"            message.printLineBreak();","lastModifiedDate":"2021-09-15"},{"lineNumber":100,"author":{"gitId":"ChuaXiongWei"},"content":"        }","lastModifiedDate":"2021-09-15"},{"lineNumber":101,"author":{"gitId":"ChuaXiongWei"},"content":"    }","lastModifiedDate":"2021-09-15"},{"lineNumber":102,"author":{"gitId":"ChuaXiongWei"},"content":"","lastModifiedDate":"2021-09-28"},{"lineNumber":103,"author":{"gitId":"ChuaXiongWei"},"content":"    public static void findTask(String word) {","lastModifiedDate":"2021-09-28"},{"lineNumber":104,"author":{"gitId":"ChuaXiongWei"},"content":"        ArrayList\u003cTask\u003e matchingWordList \u003d new ArrayList\u003c\u003e();","lastModifiedDate":"2021-09-28"},{"lineNumber":105,"author":{"gitId":"ChuaXiongWei"},"content":"        try {","lastModifiedDate":"2021-09-28"},{"lineNumber":106,"author":{"gitId":"ChuaXiongWei"},"content":"            if (word.isEmpty() || word.equals(\" \")) {","lastModifiedDate":"2021-09-28"},{"lineNumber":107,"author":{"gitId":"ChuaXiongWei"},"content":"                throw new DukeException();","lastModifiedDate":"2021-09-28"},{"lineNumber":108,"author":{"gitId":"ChuaXiongWei"},"content":"            }","lastModifiedDate":"2021-09-28"},{"lineNumber":109,"author":{"gitId":"ChuaXiongWei"},"content":"            for (int i \u003d 0; i \u003c input.List.size(); i++) {","lastModifiedDate":"2021-09-28"},{"lineNumber":110,"author":{"gitId":"ChuaXiongWei"},"content":"                if (input.List.get(i).getDescription().contains(word)) {","lastModifiedDate":"2021-09-28"},{"lineNumber":111,"author":{"gitId":"ChuaXiongWei"},"content":"                    matchingWordList.add(input.List.get(i));","lastModifiedDate":"2021-09-28"},{"lineNumber":112,"author":{"gitId":"ChuaXiongWei"},"content":"                }","lastModifiedDate":"2021-09-28"},{"lineNumber":113,"author":{"gitId":"ChuaXiongWei"},"content":"            }","lastModifiedDate":"2021-09-28"},{"lineNumber":114,"author":{"gitId":"ChuaXiongWei"},"content":"            if (!matchingWordList.isEmpty()) {","lastModifiedDate":"2021-09-28"},{"lineNumber":115,"author":{"gitId":"ChuaXiongWei"},"content":"                System.out.println(\"These are the matching tasks in your list: \");","lastModifiedDate":"2021-09-28"},{"lineNumber":116,"author":{"gitId":"ChuaXiongWei"},"content":"                for (int i \u003d 0; i \u003c matchingWordList.size(); i++) {","lastModifiedDate":"2021-09-28"},{"lineNumber":117,"author":{"gitId":"ChuaXiongWei"},"content":"                    System.out.println((i + 1) + \".[\" + matchingWordList.get(i).getTaskIcon() + \"]\" + \"[\" + matchingWordList.get(i).getStatusIcon() + \"] \" + matchingWordList.get(i).getDescription());","lastModifiedDate":"2021-09-28"},{"lineNumber":118,"author":{"gitId":"ChuaXiongWei"},"content":"                }","lastModifiedDate":"2021-09-28"},{"lineNumber":119,"author":{"gitId":"ChuaXiongWei"},"content":"                message.printLineBreak();","lastModifiedDate":"2021-09-28"},{"lineNumber":120,"author":{"gitId":"ChuaXiongWei"},"content":"            } else {","lastModifiedDate":"2021-09-28"},{"lineNumber":121,"author":{"gitId":"ChuaXiongWei"},"content":"                System.out.println(\"There does not seem to be a task like that in your list :(\");","lastModifiedDate":"2021-09-28"},{"lineNumber":122,"author":{"gitId":"ChuaXiongWei"},"content":"                }","lastModifiedDate":"2021-09-28"},{"lineNumber":123,"author":{"gitId":"ChuaXiongWei"},"content":"            } catch (DukeException e) {","lastModifiedDate":"2021-09-28"},{"lineNumber":124,"author":{"gitId":"ChuaXiongWei"},"content":"            message.printMissingKeyword();","lastModifiedDate":"2021-09-28"},{"lineNumber":125,"author":{"gitId":"ChuaXiongWei"},"content":"            message.printLineBreak();","lastModifiedDate":"2021-09-28"},{"lineNumber":126,"author":{"gitId":"ChuaXiongWei"},"content":"        }","lastModifiedDate":"2021-09-28"},{"lineNumber":127,"author":{"gitId":"ChuaXiongWei"},"content":"    }","lastModifiedDate":"2021-09-28"},{"lineNumber":128,"author":{"gitId":"ChuaXiongWei"},"content":"}","lastModifiedDate":"2021-09-15"}],"authorContributionMap":{"ChuaXiongWei":128}},{"path":"src/main/java/Duke/Task/ToDos.java","fileType":"java","lines":[{"lineNumber":1,"author":{"gitId":"ChuaXiongWei"},"content":"package Duke.Task;","lastModifiedDate":"2021-09-08"},{"lineNumber":2,"author":{"gitId":"ChuaXiongWei"},"content":"","lastModifiedDate":"2021-09-07"},{"lineNumber":3,"author":{"gitId":"ChuaXiongWei"},"content":"public class ToDos extends Task {","lastModifiedDate":"2021-09-07"},{"lineNumber":4,"author":{"gitId":"ChuaXiongWei"},"content":"","lastModifiedDate":"2021-09-07"},{"lineNumber":5,"author":{"gitId":"ChuaXiongWei"},"content":"    public ToDos(String description) {","lastModifiedDate":"2021-09-07"},{"lineNumber":6,"author":{"gitId":"ChuaXiongWei"},"content":"        super(description);","lastModifiedDate":"2021-09-07"},{"lineNumber":7,"author":{"gitId":"ChuaXiongWei"},"content":"    }","lastModifiedDate":"2021-09-07"},{"lineNumber":8,"author":{"gitId":"ChuaXiongWei"},"content":"","lastModifiedDate":"2021-09-15"},{"lineNumber":9,"author":{"gitId":"ChuaXiongWei"},"content":"    @Override","lastModifiedDate":"2021-09-15"},{"lineNumber":10,"author":{"gitId":"ChuaXiongWei"},"content":"    public String getTaskIcon() {","lastModifiedDate":"2021-09-15"},{"lineNumber":11,"author":{"gitId":"ChuaXiongWei"},"content":"        return \"T\";","lastModifiedDate":"2021-09-15"},{"lineNumber":12,"author":{"gitId":"ChuaXiongWei"},"content":"    }","lastModifiedDate":"2021-09-15"},{"lineNumber":13,"author":{"gitId":"ChuaXiongWei"},"content":"}","lastModifiedDate":"2021-09-07"}],"authorContributionMap":{"ChuaXiongWei":13}},{"path":"src/main/java/Duke/Ui.java","fileType":"java","lines":[{"lineNumber":1,"author":{"gitId":"ChuaXiongWei"},"content":"package Duke;","lastModifiedDate":"2021-09-07"},{"lineNumber":2,"author":{"gitId":"ChuaXiongWei"},"content":"","lastModifiedDate":"2021-09-07"},{"lineNumber":3,"author":{"gitId":"ChuaXiongWei"},"content":"public class Ui {","lastModifiedDate":"2021-09-28"},{"lineNumber":4,"author":{"gitId":"ChuaXiongWei"},"content":"","lastModifiedDate":"2021-09-07"},{"lineNumber":5,"author":{"gitId":"ChuaXiongWei"},"content":"    public void printIntro() {","lastModifiedDate":"2021-09-07"},{"lineNumber":6,"author":{"gitId":"ChuaXiongWei"},"content":"        String logo \u003d \" _____     _____    _____     _____\\n\"","lastModifiedDate":"2021-09-07"},{"lineNumber":7,"author":{"gitId":"ChuaXiongWei"},"content":"                + \"|     |   |        |     |   |     |\\n\"","lastModifiedDate":"2021-09-07"},{"lineNumber":8,"author":{"gitId":"ChuaXiongWei"},"content":"                + \"|_____|   |_____   |_____|   |     |\\n\"","lastModifiedDate":"2021-09-07"},{"lineNumber":9,"author":{"gitId":"ChuaXiongWei"},"content":"                + \"|         |        |         |     |\\n\"","lastModifiedDate":"2021-09-07"},{"lineNumber":10,"author":{"gitId":"ChuaXiongWei"},"content":"                + \"|         |_____   |         |_____|\\n\";","lastModifiedDate":"2021-09-07"},{"lineNumber":11,"author":{"gitId":"ChuaXiongWei"},"content":"        System.out.println(\"Salutations from\\n\" + logo);","lastModifiedDate":"2021-09-07"},{"lineNumber":12,"author":{"gitId":"ChuaXiongWei"},"content":"        printLineBreak();","lastModifiedDate":"2021-09-07"},{"lineNumber":13,"author":{"gitId":"ChuaXiongWei"},"content":"        System.out.println(\"Hello! I\u0027m Pepo\");","lastModifiedDate":"2021-09-07"},{"lineNumber":14,"author":{"gitId":"ChuaXiongWei"},"content":"        System.out.println(\"How can I help you?\");","lastModifiedDate":"2021-09-07"},{"lineNumber":15,"author":{"gitId":"ChuaXiongWei"},"content":"        printLineBreak();","lastModifiedDate":"2021-09-07"},{"lineNumber":16,"author":{"gitId":"ChuaXiongWei"},"content":"    }","lastModifiedDate":"2021-09-07"},{"lineNumber":17,"author":{"gitId":"ChuaXiongWei"},"content":"","lastModifiedDate":"2021-09-07"},{"lineNumber":18,"author":{"gitId":"ChuaXiongWei"},"content":"    public void printLineBreak() {","lastModifiedDate":"2021-09-07"},{"lineNumber":19,"author":{"gitId":"ChuaXiongWei"},"content":"        System.out.println(\"____________________________________________________________________________________\");","lastModifiedDate":"2021-09-07"},{"lineNumber":20,"author":{"gitId":"ChuaXiongWei"},"content":"    }","lastModifiedDate":"2021-09-07"},{"lineNumber":21,"author":{"gitId":"ChuaXiongWei"},"content":"","lastModifiedDate":"2021-09-07"},{"lineNumber":22,"author":{"gitId":"ChuaXiongWei"},"content":"    public void printListError() {","lastModifiedDate":"2021-09-07"},{"lineNumber":23,"author":{"gitId":"ChuaXiongWei"},"content":"        System.out.println(\"Oh no! Please select a valid task from the list\");","lastModifiedDate":"2021-09-07"},{"lineNumber":24,"author":{"gitId":"ChuaXiongWei"},"content":"    }","lastModifiedDate":"2021-09-07"},{"lineNumber":25,"author":{"gitId":"ChuaXiongWei"},"content":"","lastModifiedDate":"2021-09-07"},{"lineNumber":26,"author":{"gitId":"ChuaXiongWei"},"content":"    public void printEmptyDescription() { System.out.println(\"OOPS! The description cannot be empty\"); }","lastModifiedDate":"2021-09-07"},{"lineNumber":27,"author":{"gitId":"ChuaXiongWei"},"content":"","lastModifiedDate":"2021-09-07"},{"lineNumber":28,"author":{"gitId":"ChuaXiongWei"},"content":"    public void printMissingDeadline() { System.out.println(\"There seems to be a problem! Please specify a deadline for the task using /by yyyy-mm-dd:tttt\"); }","lastModifiedDate":"2021-09-28"},{"lineNumber":29,"author":{"gitId":"ChuaXiongWei"},"content":"","lastModifiedDate":"2021-09-07"},{"lineNumber":30,"author":{"gitId":"ChuaXiongWei"},"content":"    public void printMissingEvent() { System.out.println(\"I see an issue here! Please specify a timing for the Event using /at\"); }","lastModifiedDate":"2021-09-07"},{"lineNumber":31,"author":{"gitId":"ChuaXiongWei"},"content":"","lastModifiedDate":"2021-09-07"},{"lineNumber":32,"author":{"gitId":"ChuaXiongWei"},"content":"    public void printIntructionsUnclear() { System.out.println(\"Instructions Unclear! Type \\\"help\\\" for a list of available commands.\"); }","lastModifiedDate":"2021-09-07"},{"lineNumber":33,"author":{"gitId":"ChuaXiongWei"},"content":"","lastModifiedDate":"2021-09-07"},{"lineNumber":34,"author":{"gitId":"ChuaXiongWei"},"content":"    public void printMissingKeyword() { System.out.println(\"Woops! This function requires a keyword\");}","lastModifiedDate":"2021-09-28"},{"lineNumber":35,"author":{"gitId":"ChuaXiongWei"},"content":"","lastModifiedDate":"2021-09-28"},{"lineNumber":36,"author":{"gitId":"ChuaXiongWei"},"content":"    public void printHelp() {","lastModifiedDate":"2021-09-07"},{"lineNumber":37,"author":{"gitId":"ChuaXiongWei"},"content":"        System.out.println(\"Hello, here are all the commands available\");","lastModifiedDate":"2021-09-07"},{"lineNumber":38,"author":{"gitId":"ChuaXiongWei"},"content":"        System.out.println(\"1. \\\"list\\\" to view all tasks in the todo list\");","lastModifiedDate":"2021-09-28"},{"lineNumber":39,"author":{"gitId":"ChuaXiongWei"},"content":"        System.out.println(\"2. \\\"todo\\\" to add a task to the todo list\");","lastModifiedDate":"2021-09-07"},{"lineNumber":40,"author":{"gitId":"ChuaXiongWei"},"content":"        System.out.println(\"3. \\\"deadline\\\", task details, \\\"/by yyyy-mm-dd:tttt\\\", in order to add a task to the list with a deadline\");","lastModifiedDate":"2021-09-28"},{"lineNumber":41,"author":{"gitId":"ChuaXiongWei"},"content":"        System.out.println(\"4. \\\"event\\\", task details, \\\"/at\\\" time, in order to add an event to the list along with the time it occurs.\");","lastModifiedDate":"2021-09-07"},{"lineNumber":42,"author":{"gitId":"ChuaXiongWei"},"content":"        System.out.println(\"5. \\\"bye\\\" to exit the program.\");","lastModifiedDate":"2021-09-07"},{"lineNumber":43,"author":{"gitId":"ChuaXiongWei"},"content":"    }","lastModifiedDate":"2021-09-07"},{"lineNumber":44,"author":{"gitId":"ChuaXiongWei"},"content":"}","lastModifiedDate":"2021-09-07"}],"authorContributionMap":{"ChuaXiongWei":44}},{"path":"src/main/java/OldCode/Deadline.java","fileType":"java","lines":[{"lineNumber":1,"author":{"gitId":"ChuaXiongWei"},"content":"package OldCode;","lastModifiedDate":"2021-09-08"},{"lineNumber":2,"author":{"gitId":"ChuaXiongWei"},"content":"","lastModifiedDate":"2021-09-08"},{"lineNumber":3,"author":{"gitId":"ChuaXiongWei"},"content":"public class Deadline extends Task{","lastModifiedDate":"2021-08-31"},{"lineNumber":4,"author":{"gitId":"ChuaXiongWei"},"content":"    private String when;","lastModifiedDate":"2021-08-31"},{"lineNumber":5,"author":{"gitId":"ChuaXiongWei"},"content":"    public Deadline(String description, String when) {","lastModifiedDate":"2021-08-31"},{"lineNumber":6,"author":{"gitId":"ChuaXiongWei"},"content":"        super(description);","lastModifiedDate":"2021-08-31"},{"lineNumber":7,"author":{"gitId":"ChuaXiongWei"},"content":"        this.when \u003d when.substring(3);","lastModifiedDate":"2021-08-31"},{"lineNumber":8,"author":{"gitId":"ChuaXiongWei"},"content":"    }","lastModifiedDate":"2021-08-31"},{"lineNumber":9,"author":{"gitId":"ChuaXiongWei"},"content":"","lastModifiedDate":"2021-08-31"},{"lineNumber":10,"author":{"gitId":"ChuaXiongWei"},"content":"    @Override","lastModifiedDate":"2021-08-31"},{"lineNumber":11,"author":{"gitId":"ChuaXiongWei"},"content":"    public String getDescription() {","lastModifiedDate":"2021-08-31"},{"lineNumber":12,"author":{"gitId":"ChuaXiongWei"},"content":"        return String.format(\"%s (By:%s)\", description, when);","lastModifiedDate":"2021-08-31"},{"lineNumber":13,"author":{"gitId":"ChuaXiongWei"},"content":"    }","lastModifiedDate":"2021-08-31"},{"lineNumber":14,"author":{"gitId":"ChuaXiongWei"},"content":"}","lastModifiedDate":"2021-08-31"}],"authorContributionMap":{"ChuaXiongWei":14}},{"path":"src/main/java/OldCode/Duke.java","fileType":"java","lines":[{"lineNumber":1,"author":{"gitId":"ChuaXiongWei"},"content":"package OldCode;","lastModifiedDate":"2021-09-08"},{"lineNumber":2,"author":{"gitId":"ChuaXiongWei"},"content":"import java.util.Scanner;","lastModifiedDate":"2021-08-25"},{"lineNumber":3,"author":{"gitId":"ChuaXiongWei"},"content":"","lastModifiedDate":"2021-08-25"},{"lineNumber":4,"author":{"gitId":"-"},"content":"public class Duke {","lastModifiedDate":"2019-07-29"},{"lineNumber":5,"author":{"gitId":"ChuaXiongWei"},"content":"","lastModifiedDate":"2021-08-25"},{"lineNumber":6,"author":{"gitId":"-"},"content":"    public static void main(String[] args) {","lastModifiedDate":"2019-07-29"},{"lineNumber":7,"author":{"gitId":"ChuaXiongWei"},"content":"","lastModifiedDate":"2021-09-07"},{"lineNumber":8,"author":{"gitId":"ChuaXiongWei"},"content":"        printMessage message \u003d new printMessage();","lastModifiedDate":"2021-09-07"},{"lineNumber":9,"author":{"gitId":"ChuaXiongWei"},"content":"        message.printIntro();","lastModifiedDate":"2021-09-07"},{"lineNumber":10,"author":{"gitId":"ChuaXiongWei"},"content":"        Information input \u003d new Information();","lastModifiedDate":"2021-08-25"},{"lineNumber":11,"author":{"gitId":"ChuaXiongWei"},"content":"        Scanner myObj \u003d new Scanner(System.in);","lastModifiedDate":"2021-08-25"},{"lineNumber":12,"author":{"gitId":"ChuaXiongWei"},"content":"        boolean condition \u003d true;","lastModifiedDate":"2021-08-31"},{"lineNumber":13,"author":{"gitId":"ChuaXiongWei"},"content":"        int counter \u003d 0;","lastModifiedDate":"2021-08-31"},{"lineNumber":14,"author":{"gitId":"ChuaXiongWei"},"content":"","lastModifiedDate":"2021-09-07"},{"lineNumber":15,"author":{"gitId":"ChuaXiongWei"},"content":"","lastModifiedDate":"2021-09-07"},{"lineNumber":16,"author":{"gitId":"ChuaXiongWei"},"content":"        while (condition) {","lastModifiedDate":"2021-08-31"},{"lineNumber":17,"author":{"gitId":"ChuaXiongWei"},"content":"            String userInput \u003d myObj.nextLine();","lastModifiedDate":"2021-08-25"},{"lineNumber":18,"author":{"gitId":"ChuaXiongWei"},"content":"            String instruction \u003d userInput.contains(\" \") ? userInput.substring(0, userInput.indexOf(\" \")): userInput;","lastModifiedDate":"2021-08-31"},{"lineNumber":19,"author":{"gitId":"ChuaXiongWei"},"content":"            String instructionTask \u003d userInput.contains(\" \") ? userInput.substring(userInput.indexOf(\" \") + 1) : userInput;","lastModifiedDate":"2021-08-31"},{"lineNumber":20,"author":{"gitId":"ChuaXiongWei"},"content":"","lastModifiedDate":"2021-08-31"},{"lineNumber":21,"author":{"gitId":"ChuaXiongWei"},"content":"            switch (instruction) {","lastModifiedDate":"2021-08-31"},{"lineNumber":22,"author":{"gitId":"ChuaXiongWei"},"content":"            case \"bye\":","lastModifiedDate":"2021-08-31"},{"lineNumber":23,"author":{"gitId":"ChuaXiongWei"},"content":"                System.out.println(\"widePeepoSad :(\" + \"\\n\" + \"_______________________________________________________\\n\");","lastModifiedDate":"2021-09-07"},{"lineNumber":24,"author":{"gitId":"ChuaXiongWei"},"content":"                condition \u003d false;","lastModifiedDate":"2021-08-31"},{"lineNumber":25,"author":{"gitId":"ChuaXiongWei"},"content":"                break;","lastModifiedDate":"2021-08-25"},{"lineNumber":26,"author":{"gitId":"ChuaXiongWei"},"content":"            case \"list\":","lastModifiedDate":"2021-08-31"},{"lineNumber":27,"author":{"gitId":"ChuaXiongWei"},"content":"                for (int i \u003d 0; i \u003c 100; i++) {","lastModifiedDate":"2021-08-25"},{"lineNumber":28,"author":{"gitId":"ChuaXiongWei"},"content":"                    if (input.List[i] \u003d\u003d null) {","lastModifiedDate":"2021-08-25"},{"lineNumber":29,"author":{"gitId":"ChuaXiongWei"},"content":"                        break;","lastModifiedDate":"2021-08-25"},{"lineNumber":30,"author":{"gitId":"ChuaXiongWei"},"content":"                    } else {","lastModifiedDate":"2021-08-25"},{"lineNumber":31,"author":{"gitId":"ChuaXiongWei"},"content":"                        System.out.println((i + 1) + \".[\" + input.List[i].getTaskIcon() + \"]\" + \"[\" + input.List[i].getStatusIcon() + \"] \" + input.List[i].getDescription());","lastModifiedDate":"2021-08-31"},{"lineNumber":32,"author":{"gitId":"ChuaXiongWei"},"content":"                    }","lastModifiedDate":"2021-08-25"},{"lineNumber":33,"author":{"gitId":"ChuaXiongWei"},"content":"                }","lastModifiedDate":"2021-08-25"},{"lineNumber":34,"author":{"gitId":"ChuaXiongWei"},"content":"                message.printLineBreak();","lastModifiedDate":"2021-09-07"},{"lineNumber":35,"author":{"gitId":"ChuaXiongWei"},"content":"                break;","lastModifiedDate":"2021-08-31"},{"lineNumber":36,"author":{"gitId":"ChuaXiongWei"},"content":"            case \"done\":","lastModifiedDate":"2021-08-31"},{"lineNumber":37,"author":{"gitId":"ChuaXiongWei"},"content":"                int whichTask \u003d 0;","lastModifiedDate":"2021-08-31"},{"lineNumber":38,"author":{"gitId":"ChuaXiongWei"},"content":"                if (!instructionTask.equals(userInput)) {","lastModifiedDate":"2021-08-31"},{"lineNumber":39,"author":{"gitId":"ChuaXiongWei"},"content":"                    whichTask \u003d Integer.parseInt(instructionTask.replaceAll(\"[\\\\D]\", \"\"));","lastModifiedDate":"2021-08-31"},{"lineNumber":40,"author":{"gitId":"ChuaXiongWei"},"content":"                }","lastModifiedDate":"2021-08-31"},{"lineNumber":41,"author":{"gitId":"ChuaXiongWei"},"content":"                if (whichTask \u003c\u003d 0) {","lastModifiedDate":"2021-08-31"},{"lineNumber":42,"author":{"gitId":"ChuaXiongWei"},"content":"                    message.printListError();","lastModifiedDate":"2021-09-07"},{"lineNumber":43,"author":{"gitId":"ChuaXiongWei"},"content":"                    message.printLineBreak();","lastModifiedDate":"2021-09-07"},{"lineNumber":44,"author":{"gitId":"ChuaXiongWei"},"content":"                } else if (whichTask \u003e counter) {","lastModifiedDate":"2021-08-31"},{"lineNumber":45,"author":{"gitId":"ChuaXiongWei"},"content":"                    message.printListError();","lastModifiedDate":"2021-09-07"},{"lineNumber":46,"author":{"gitId":"ChuaXiongWei"},"content":"                    message.printLineBreak();","lastModifiedDate":"2021-09-07"},{"lineNumber":47,"author":{"gitId":"ChuaXiongWei"},"content":"                } else {","lastModifiedDate":"2021-08-25"},{"lineNumber":48,"author":{"gitId":"ChuaXiongWei"},"content":"                    input.List[whichTask - 1].markAsDone();","lastModifiedDate":"2021-08-25"},{"lineNumber":49,"author":{"gitId":"ChuaXiongWei"},"content":"                    System.out.println(\"OK! That task has been marked as complete\");","lastModifiedDate":"2021-08-25"},{"lineNumber":50,"author":{"gitId":"ChuaXiongWei"},"content":"                    message.printLineBreak();","lastModifiedDate":"2021-09-07"},{"lineNumber":51,"author":{"gitId":"ChuaXiongWei"},"content":"                }","lastModifiedDate":"2021-08-25"},{"lineNumber":52,"author":{"gitId":"ChuaXiongWei"},"content":"                break;","lastModifiedDate":"2021-08-31"},{"lineNumber":53,"author":{"gitId":"ChuaXiongWei"},"content":"            case \"todo\":","lastModifiedDate":"2021-08-31"},{"lineNumber":54,"author":{"gitId":"ChuaXiongWei"},"content":"                input.List[counter] \u003d new ToDos(instructionTask);","lastModifiedDate":"2021-08-31"},{"lineNumber":55,"author":{"gitId":"ChuaXiongWei"},"content":"                System.out.println(\"The task has been added to your todo list\");","lastModifiedDate":"2021-08-31"},{"lineNumber":56,"author":{"gitId":"ChuaXiongWei"},"content":"                message.printLineBreak();","lastModifiedDate":"2021-09-07"},{"lineNumber":57,"author":{"gitId":"ChuaXiongWei"},"content":"                counter++;","lastModifiedDate":"2021-08-31"},{"lineNumber":58,"author":{"gitId":"ChuaXiongWei"},"content":"                break;","lastModifiedDate":"2021-08-31"},{"lineNumber":59,"author":{"gitId":"ChuaXiongWei"},"content":"            case \"deadline\":","lastModifiedDate":"2021-08-31"},{"lineNumber":60,"author":{"gitId":"ChuaXiongWei"},"content":"                int indexOfDeadline \u003d instructionTask.indexOf(\"/by\");","lastModifiedDate":"2021-08-31"},{"lineNumber":61,"author":{"gitId":"ChuaXiongWei"},"content":"                String theTask \u003d instructionTask.substring(0, indexOfDeadline - 1);","lastModifiedDate":"2021-08-31"},{"lineNumber":62,"author":{"gitId":"ChuaXiongWei"},"content":"                String theDeadline \u003d instructionTask.substring(indexOfDeadline);","lastModifiedDate":"2021-08-31"},{"lineNumber":63,"author":{"gitId":"ChuaXiongWei"},"content":"                input.List[counter] \u003d new Deadline(theTask, theDeadline);","lastModifiedDate":"2021-08-31"},{"lineNumber":64,"author":{"gitId":"ChuaXiongWei"},"content":"                System.out.println(\"The task has been added to your deadlines\");","lastModifiedDate":"2021-08-31"},{"lineNumber":65,"author":{"gitId":"ChuaXiongWei"},"content":"                message.printLineBreak();","lastModifiedDate":"2021-09-07"},{"lineNumber":66,"author":{"gitId":"ChuaXiongWei"},"content":"                counter++;","lastModifiedDate":"2021-08-31"},{"lineNumber":67,"author":{"gitId":"ChuaXiongWei"},"content":"                break;","lastModifiedDate":"2021-08-31"},{"lineNumber":68,"author":{"gitId":"ChuaXiongWei"},"content":"            case \"event\":","lastModifiedDate":"2021-08-31"},{"lineNumber":69,"author":{"gitId":"ChuaXiongWei"},"content":"                int indexOfEvent \u003d instructionTask.indexOf(\"/at\");","lastModifiedDate":"2021-08-31"},{"lineNumber":70,"author":{"gitId":"ChuaXiongWei"},"content":"                String theTask2 \u003d instructionTask.substring(0, indexOfEvent - 1);","lastModifiedDate":"2021-08-31"},{"lineNumber":71,"author":{"gitId":"ChuaXiongWei"},"content":"                String theEvent \u003d instructionTask.substring(indexOfEvent);","lastModifiedDate":"2021-08-31"},{"lineNumber":72,"author":{"gitId":"ChuaXiongWei"},"content":"                input.List[counter] \u003d new Events(theTask2, theEvent);","lastModifiedDate":"2021-08-31"},{"lineNumber":73,"author":{"gitId":"ChuaXiongWei"},"content":"                System.out.println(\"The task has been added to your events list\");","lastModifiedDate":"2021-08-31"},{"lineNumber":74,"author":{"gitId":"ChuaXiongWei"},"content":"                message.printLineBreak();","lastModifiedDate":"2021-09-07"},{"lineNumber":75,"author":{"gitId":"ChuaXiongWei"},"content":"                counter++;","lastModifiedDate":"2021-08-31"},{"lineNumber":76,"author":{"gitId":"ChuaXiongWei"},"content":"                break;","lastModifiedDate":"2021-08-31"},{"lineNumber":77,"author":{"gitId":"ChuaXiongWei"},"content":"            default:","lastModifiedDate":"2021-08-31"},{"lineNumber":78,"author":{"gitId":"ChuaXiongWei"},"content":"                input.List[counter] \u003d new Task(userInput);","lastModifiedDate":"2021-08-25"},{"lineNumber":79,"author":{"gitId":"ChuaXiongWei"},"content":"                message.printLineBreak();","lastModifiedDate":"2021-09-07"},{"lineNumber":80,"author":{"gitId":"ChuaXiongWei"},"content":"                counter++;","lastModifiedDate":"2021-08-25"},{"lineNumber":81,"author":{"gitId":"ChuaXiongWei"},"content":"                break;","lastModifiedDate":"2021-08-31"},{"lineNumber":82,"author":{"gitId":"ChuaXiongWei"},"content":"            }","lastModifiedDate":"2021-08-31"},{"lineNumber":83,"author":{"gitId":"ChuaXiongWei"},"content":"        }","lastModifiedDate":"2021-08-25"},{"lineNumber":84,"author":{"gitId":"-"},"content":"    }","lastModifiedDate":"2019-07-29"},{"lineNumber":85,"author":{"gitId":"-"},"content":"}","lastModifiedDate":"2019-07-29"}],"authorContributionMap":{"ChuaXiongWei":81,"-":4}},{"path":"src/main/java/OldCode/Events.java","fileType":"java","lines":[{"lineNumber":1,"author":{"gitId":"ChuaXiongWei"},"content":"package OldCode;","lastModifiedDate":"2021-09-08"},{"lineNumber":2,"author":{"gitId":"ChuaXiongWei"},"content":"","lastModifiedDate":"2021-09-08"},{"lineNumber":3,"author":{"gitId":"ChuaXiongWei"},"content":"public class Events extends Task {","lastModifiedDate":"2021-08-31"},{"lineNumber":4,"author":{"gitId":"ChuaXiongWei"},"content":"    private String when;","lastModifiedDate":"2021-08-31"},{"lineNumber":5,"author":{"gitId":"ChuaXiongWei"},"content":"    public Events(String description, String when) {","lastModifiedDate":"2021-08-31"},{"lineNumber":6,"author":{"gitId":"ChuaXiongWei"},"content":"        super(description);","lastModifiedDate":"2021-08-31"},{"lineNumber":7,"author":{"gitId":"ChuaXiongWei"},"content":"        this.when \u003d when.substring(3);","lastModifiedDate":"2021-08-31"},{"lineNumber":8,"author":{"gitId":"ChuaXiongWei"},"content":"    }","lastModifiedDate":"2021-08-31"},{"lineNumber":9,"author":{"gitId":"ChuaXiongWei"},"content":"","lastModifiedDate":"2021-08-31"},{"lineNumber":10,"author":{"gitId":"ChuaXiongWei"},"content":"    @Override","lastModifiedDate":"2021-08-31"},{"lineNumber":11,"author":{"gitId":"ChuaXiongWei"},"content":"    public String getDescription() {","lastModifiedDate":"2021-08-31"},{"lineNumber":12,"author":{"gitId":"ChuaXiongWei"},"content":"        return String.format(\"%s (At:%s)\", description, when);","lastModifiedDate":"2021-08-31"},{"lineNumber":13,"author":{"gitId":"ChuaXiongWei"},"content":"    }","lastModifiedDate":"2021-08-31"},{"lineNumber":14,"author":{"gitId":"ChuaXiongWei"},"content":"}","lastModifiedDate":"2021-08-31"}],"authorContributionMap":{"ChuaXiongWei":14}},{"path":"src/main/java/OldCode/Information.java","fileType":"java","lines":[{"lineNumber":1,"author":{"gitId":"ChuaXiongWei"},"content":"package OldCode;","lastModifiedDate":"2021-09-08"},{"lineNumber":2,"author":{"gitId":"ChuaXiongWei"},"content":"","lastModifiedDate":"2021-09-08"},{"lineNumber":3,"author":{"gitId":"ChuaXiongWei"},"content":"public class Information {","lastModifiedDate":"2021-08-25"},{"lineNumber":4,"author":{"gitId":"ChuaXiongWei"},"content":"    Task List[] \u003d new Task[100];","lastModifiedDate":"2021-08-25"},{"lineNumber":5,"author":{"gitId":"ChuaXiongWei"},"content":"    int listLength \u003d 0;","lastModifiedDate":"2021-08-25"},{"lineNumber":6,"author":{"gitId":"ChuaXiongWei"},"content":"}","lastModifiedDate":"2021-08-25"}],"authorContributionMap":{"ChuaXiongWei":6}},{"path":"src/main/java/OldCode/Task.java","fileType":"java","lines":[{"lineNumber":1,"author":{"gitId":"ChuaXiongWei"},"content":"package OldCode;","lastModifiedDate":"2021-09-08"},{"lineNumber":2,"author":{"gitId":"ChuaXiongWei"},"content":"","lastModifiedDate":"2021-09-08"},{"lineNumber":3,"author":{"gitId":"ChuaXiongWei"},"content":"public class Task {","lastModifiedDate":"2021-08-25"},{"lineNumber":4,"author":{"gitId":"ChuaXiongWei"},"content":"    protected boolean isDone;","lastModifiedDate":"2021-08-25"},{"lineNumber":5,"author":{"gitId":"ChuaXiongWei"},"content":"    protected String description;","lastModifiedDate":"2021-08-25"},{"lineNumber":6,"author":{"gitId":"ChuaXiongWei"},"content":"    private int id;","lastModifiedDate":"2021-08-25"},{"lineNumber":7,"author":{"gitId":"ChuaXiongWei"},"content":"    private static int totalTasks \u003d 0;","lastModifiedDate":"2021-08-25"},{"lineNumber":8,"author":{"gitId":"ChuaXiongWei"},"content":"","lastModifiedDate":"2021-08-25"},{"lineNumber":9,"author":{"gitId":"ChuaXiongWei"},"content":"    public Task(String description) {","lastModifiedDate":"2021-08-25"},{"lineNumber":10,"author":{"gitId":"ChuaXiongWei"},"content":"        this.description \u003d description;","lastModifiedDate":"2021-08-25"},{"lineNumber":11,"author":{"gitId":"ChuaXiongWei"},"content":"        this.isDone \u003d false;","lastModifiedDate":"2021-08-25"},{"lineNumber":12,"author":{"gitId":"ChuaXiongWei"},"content":"","lastModifiedDate":"2021-08-25"},{"lineNumber":13,"author":{"gitId":"ChuaXiongWei"},"content":"        totalTasks++;","lastModifiedDate":"2021-08-25"},{"lineNumber":14,"author":{"gitId":"ChuaXiongWei"},"content":"        id \u003d totalTasks;","lastModifiedDate":"2021-08-25"},{"lineNumber":15,"author":{"gitId":"ChuaXiongWei"},"content":"    }","lastModifiedDate":"2021-08-25"},{"lineNumber":16,"author":{"gitId":"ChuaXiongWei"},"content":"","lastModifiedDate":"2021-08-25"},{"lineNumber":17,"author":{"gitId":"ChuaXiongWei"},"content":"    public int getID() {","lastModifiedDate":"2021-08-25"},{"lineNumber":18,"author":{"gitId":"ChuaXiongWei"},"content":"        return id;","lastModifiedDate":"2021-08-25"},{"lineNumber":19,"author":{"gitId":"ChuaXiongWei"},"content":"    }","lastModifiedDate":"2021-08-25"},{"lineNumber":20,"author":{"gitId":"ChuaXiongWei"},"content":"","lastModifiedDate":"2021-08-25"},{"lineNumber":21,"author":{"gitId":"ChuaXiongWei"},"content":"    public String getStatusIcon() {","lastModifiedDate":"2021-08-25"},{"lineNumber":22,"author":{"gitId":"ChuaXiongWei"},"content":"        return (isDone ? \"X\" : \" \");","lastModifiedDate":"2021-08-25"},{"lineNumber":23,"author":{"gitId":"ChuaXiongWei"},"content":"    }","lastModifiedDate":"2021-08-25"},{"lineNumber":24,"author":{"gitId":"ChuaXiongWei"},"content":"","lastModifiedDate":"2021-08-25"},{"lineNumber":25,"author":{"gitId":"ChuaXiongWei"},"content":"    public void markAsDone() {","lastModifiedDate":"2021-08-25"},{"lineNumber":26,"author":{"gitId":"ChuaXiongWei"},"content":"        this.isDone \u003d true;","lastModifiedDate":"2021-08-25"},{"lineNumber":27,"author":{"gitId":"ChuaXiongWei"},"content":"    }","lastModifiedDate":"2021-08-25"},{"lineNumber":28,"author":{"gitId":"ChuaXiongWei"},"content":"","lastModifiedDate":"2021-08-31"},{"lineNumber":29,"author":{"gitId":"ChuaXiongWei"},"content":"    public String getTaskIcon() {","lastModifiedDate":"2021-08-31"},{"lineNumber":30,"author":{"gitId":"ChuaXiongWei"},"content":"        if (Task.class.equals(this.getClass())) {return \" \";}","lastModifiedDate":"2021-08-31"},{"lineNumber":31,"author":{"gitId":"ChuaXiongWei"},"content":"        else {","lastModifiedDate":"2021-08-31"},{"lineNumber":32,"author":{"gitId":"ChuaXiongWei"},"content":"            return this.getClass().getName().substring(0,1);","lastModifiedDate":"2021-08-31"},{"lineNumber":33,"author":{"gitId":"ChuaXiongWei"},"content":"        }","lastModifiedDate":"2021-08-31"},{"lineNumber":34,"author":{"gitId":"ChuaXiongWei"},"content":"    }","lastModifiedDate":"2021-08-31"},{"lineNumber":35,"author":{"gitId":"ChuaXiongWei"},"content":"","lastModifiedDate":"2021-09-07"},{"lineNumber":36,"author":{"gitId":"ChuaXiongWei"},"content":"    public String getDescription(){","lastModifiedDate":"2021-08-31"},{"lineNumber":37,"author":{"gitId":"ChuaXiongWei"},"content":"        return description;","lastModifiedDate":"2021-08-31"},{"lineNumber":38,"author":{"gitId":"ChuaXiongWei"},"content":"    }","lastModifiedDate":"2021-08-31"},{"lineNumber":39,"author":{"gitId":"ChuaXiongWei"},"content":"","lastModifiedDate":"2021-08-31"},{"lineNumber":40,"author":{"gitId":"ChuaXiongWei"},"content":"}","lastModifiedDate":"2021-08-25"}],"authorContributionMap":{"ChuaXiongWei":40}},{"path":"src/main/java/OldCode/ToDos.java","fileType":"java","lines":[{"lineNumber":1,"author":{"gitId":"ChuaXiongWei"},"content":"package OldCode;","lastModifiedDate":"2021-09-08"},{"lineNumber":2,"author":{"gitId":"ChuaXiongWei"},"content":"","lastModifiedDate":"2021-09-08"},{"lineNumber":3,"author":{"gitId":"ChuaXiongWei"},"content":"public class ToDos extends Task {","lastModifiedDate":"2021-08-31"},{"lineNumber":4,"author":{"gitId":"ChuaXiongWei"},"content":"","lastModifiedDate":"2021-08-31"},{"lineNumber":5,"author":{"gitId":"ChuaXiongWei"},"content":"    public ToDos(String description) {","lastModifiedDate":"2021-08-31"},{"lineNumber":6,"author":{"gitId":"ChuaXiongWei"},"content":"        super(description);","lastModifiedDate":"2021-08-31"},{"lineNumber":7,"author":{"gitId":"ChuaXiongWei"},"content":"    }","lastModifiedDate":"2021-08-31"},{"lineNumber":8,"author":{"gitId":"ChuaXiongWei"},"content":"}","lastModifiedDate":"2021-08-31"}],"authorContributionMap":{"ChuaXiongWei":8}},{"path":"src/main/java/OldCode/printMessage.java","fileType":"java","lines":[{"lineNumber":1,"author":{"gitId":"ChuaXiongWei"},"content":"package OldCode;","lastModifiedDate":"2021-09-08"},{"lineNumber":2,"author":{"gitId":"ChuaXiongWei"},"content":"","lastModifiedDate":"2021-09-08"},{"lineNumber":3,"author":{"gitId":"ChuaXiongWei"},"content":"public class printMessage {","lastModifiedDate":"2021-09-07"},{"lineNumber":4,"author":{"gitId":"ChuaXiongWei"},"content":"","lastModifiedDate":"2021-09-07"},{"lineNumber":5,"author":{"gitId":"ChuaXiongWei"},"content":"    public void printIntro() {","lastModifiedDate":"2021-09-07"},{"lineNumber":6,"author":{"gitId":"ChuaXiongWei"},"content":"        String logo \u003d \" _____     _____    _____     _____\\n\"","lastModifiedDate":"2021-09-07"},{"lineNumber":7,"author":{"gitId":"ChuaXiongWei"},"content":"                + \"|     |   |        |     |   |     |\\n\"","lastModifiedDate":"2021-09-07"},{"lineNumber":8,"author":{"gitId":"ChuaXiongWei"},"content":"                + \"|_____|   |_____   |_____|   |     |\\n\"","lastModifiedDate":"2021-09-07"},{"lineNumber":9,"author":{"gitId":"ChuaXiongWei"},"content":"                + \"|         |        |         |     |\\n\"","lastModifiedDate":"2021-09-07"},{"lineNumber":10,"author":{"gitId":"ChuaXiongWei"},"content":"                + \"|         |_____   |         |_____|\\n\";","lastModifiedDate":"2021-09-07"},{"lineNumber":11,"author":{"gitId":"ChuaXiongWei"},"content":"        System.out.println(\"Hello from\\n\" + logo);","lastModifiedDate":"2021-09-07"},{"lineNumber":12,"author":{"gitId":"ChuaXiongWei"},"content":"        System.out.println(\"_______________________________________________________\");","lastModifiedDate":"2021-09-07"},{"lineNumber":13,"author":{"gitId":"ChuaXiongWei"},"content":"        System.out.println(\"Hello! I\u0027m Pepo\");","lastModifiedDate":"2021-09-07"},{"lineNumber":14,"author":{"gitId":"ChuaXiongWei"},"content":"        System.out.println(\"How can I help you?\");","lastModifiedDate":"2021-09-07"},{"lineNumber":15,"author":{"gitId":"ChuaXiongWei"},"content":"        System.out.println(\"_______________________________________________________\");","lastModifiedDate":"2021-09-07"},{"lineNumber":16,"author":{"gitId":"ChuaXiongWei"},"content":"    }","lastModifiedDate":"2021-09-07"},{"lineNumber":17,"author":{"gitId":"ChuaXiongWei"},"content":"","lastModifiedDate":"2021-09-07"},{"lineNumber":18,"author":{"gitId":"ChuaXiongWei"},"content":"    public void printLineBreak() {","lastModifiedDate":"2021-09-07"},{"lineNumber":19,"author":{"gitId":"ChuaXiongWei"},"content":"        System.out.println(\"_______________________________________________________\");","lastModifiedDate":"2021-09-07"},{"lineNumber":20,"author":{"gitId":"ChuaXiongWei"},"content":"    }","lastModifiedDate":"2021-09-07"},{"lineNumber":21,"author":{"gitId":"ChuaXiongWei"},"content":"","lastModifiedDate":"2021-09-07"},{"lineNumber":22,"author":{"gitId":"ChuaXiongWei"},"content":"    public void printListError() {","lastModifiedDate":"2021-09-07"},{"lineNumber":23,"author":{"gitId":"ChuaXiongWei"},"content":"        System.out.println(\"Please select a valid task from the list\");","lastModifiedDate":"2021-09-07"},{"lineNumber":24,"author":{"gitId":"ChuaXiongWei"},"content":"    }","lastModifiedDate":"2021-09-07"},{"lineNumber":25,"author":{"gitId":"ChuaXiongWei"},"content":"}","lastModifiedDate":"2021-09-07"}],"authorContributionMap":{"ChuaXiongWei":25}},{"path":"text-ui-test/input.txt","fileType":"txt","lines":[{"lineNumber":1,"author":{"gitId":"ChuaXiongWei"},"content":"boo","lastModifiedDate":"2021-09-08"},{"lineNumber":2,"author":{"gitId":"ChuaXiongWei"},"content":"todo run","lastModifiedDate":"2021-09-08"},{"lineNumber":3,"author":{"gitId":"ChuaXiongWei"},"content":"deadline exam /by sunday","lastModifiedDate":"2021-09-08"},{"lineNumber":4,"author":{"gitId":"ChuaXiongWei"},"content":"event new game /at december 7th 2021","lastModifiedDate":"2021-09-08"},{"lineNumber":5,"author":{"gitId":"ChuaXiongWei"},"content":"list","lastModifiedDate":"2021-09-08"},{"lineNumber":6,"author":{"gitId":"ChuaXiongWei"},"content":"done 3","lastModifiedDate":"2021-09-08"},{"lineNumber":7,"author":{"gitId":"ChuaXiongWei"},"content":"list","lastModifiedDate":"2021-09-08"},{"lineNumber":8,"author":{"gitId":"ChuaXiongWei"},"content":"bye","lastModifiedDate":"2021-09-08"}],"authorContributionMap":{"ChuaXiongWei":8}}]
