{"authorDailyContributionsMap":{"ChuaXiongWei":[{"date":"2021-08-25","commitResults":[{"hash":"62b9236e4605166fcca9cc238a2861ff30b1924b","messageTitle":"Level 0","messageBody":"","tags":["Level-0"],"fileTypesAndContributionMap":{"java":{"insertions":5,"deletions":0}}},{"hash":"b5f767faa61352afc75dd56a524920ac2ae6ad07","messageTitle":"Level 1","messageBody":"","fileTypesAndContributionMap":{"java":{"insertions":3,"deletions":0}}},{"hash":"f1fbe8ff5fbdd6af16cb4f645ebcc8430f873520","messageTitle":"Level 1","messageBody":"","tags":["Test"],"fileTypesAndContributionMap":{"java":{"insertions":16,"deletions":3}}},{"hash":"741ca6bb3fbdcd1d8de9b282b72c6856d8ed55a7","messageTitle":"Level 1","messageBody":"","tags":["Level-1"],"fileTypesAndContributionMap":{"java":{"insertions":1,"deletions":5}}},{"hash":"9c09053ceec88f2e7572a4d551f43d11a6499442","messageTitle":"Level 2","messageBody":"","tags":["Level-2"],"fileTypesAndContributionMap":{"java":{"insertions":15,"deletions":1}}},{"hash":"47eae67860b4101841fdd84f14bb57bb182913c5","messageTitle":"Level 3","messageBody":"","tags":["Level-3"],"fileTypesAndContributionMap":{"java":{"insertions":42,"deletions":5}}},{"hash":"7bd4d9af90fdad047f2c86b23a443998a1947186","messageTitle":"Level 3","messageBody":"","tags":["A-CodingStandard"],"fileTypesAndContributionMap":{"java":{"insertions":6,"deletions":2}}}]},{"date":"2021-08-31","commitResults":[{"hash":"16fa41e068a02db055137ccdbea4988f93f51d5f","messageTitle":"Level 4","messageBody":"","tags":["Level-4"],"fileTypesAndContributionMap":{"java":{"insertions":97,"deletions":17}}}]},{"date":"2021-09-07","commitResults":[{"hash":"0441ec4a8250cd1515df9291b28c0fb7edaf5cf9","messageTitle":"A-CodeQuality","messageBody":"","fileTypesAndContributionMap":{"java":{"insertions":39,"deletions":22}}},{"hash":"4d9cf526d4e87731c08b13fbd718077c35590331","messageTitle":"A-CodeQuality","messageBody":"","fileTypesAndContributionMap":{"java":{"insertions":0,"deletions":1}}},{"hash":"d57c7f3dafe22d7619bf57ce474aa72bcb23cb84","messageTitle":"A-CodeQuality","messageBody":"","fileTypesAndContributionMap":{"java":{"insertions":1,"deletions":0}}},{"hash":"6ea14ed04268827f15046a4b946d8a11de8e42c0","messageTitle":"Level-5","messageBody":"Level-5\n","tags":["Level-5"],"fileTypesAndContributionMap":{"java":{"insertions":252,"deletions":0}}},{"hash":"fe129ef60ec30b44b2bb8e291fb6941422da3a45","messageTitle":"A-Exceptions","messageBody":"","tags":["A-Exceptions"],"fileTypesAndContributionMap":{"java":{"insertions":1,"deletions":1}}},{"hash":"d6e562cf20e7a18ab05d82eae4ecbb93c067e669","messageTitle":"Update Duke.java","messageBody":"branch-A-Packages\n","tags":["A-Packages"],"fileTypesAndContributionMap":{"java":{"insertions":121,"deletions":0}}}]},{"date":"2021-09-08","commitResults":[{"hash":"301c2035643a48398eb09688f1d0deb59a4caee2","messageTitle":"A-TextUiTesting","messageBody":"","tags":["A-TextUiTesting"],"fileTypesAndContributionMap":{"txt":{"insertions":8,"deletions":0}}},{"hash":"b8fb63037c2f6a5c43c0d18acf2f64d9675ba8a8","messageTitle":"Code Cleanup","messageBody":"","fileTypesAndContributionMap":{"java":{"insertions":13,"deletions":0}}},{"hash":"8594813abe061c73b0046855c99b8af8a49526c7","messageTitle":"Code Cleanup V2.0","messageBody":"","fileTypesAndContributionMap":{"java":{"insertions":10,"deletions":10}}}]}]},"authorFileTypeContributionMap":{"ChuaXiongWei":{"java":440,"md":0,"fxml":0,"sh":0,"bat":0,"gradle":0,"txt":8}},"authorContributionVariance":{"ChuaXiongWei":908.38477},"authorDisplayNameMap":{"ChuaXiongWei":"CS2113T-W13-2 CHUA.. WEI"}}
