{"authorDailyContributionsMap":{"ChuaXiongWei":[{"date":"2021-08-25","commitResults":[{"hash":"62b9236e4605166fcca9cc238a2861ff30b1924b","messageTitle":"Level 0","messageBody":"","fileTypesAndContributionMap":{"java":{"insertions":5,"deletions":0}}},{"hash":"b5f767faa61352afc75dd56a524920ac2ae6ad07","messageTitle":"Level 1","messageBody":"","fileTypesAndContributionMap":{"java":{"insertions":3,"deletions":0}}},{"hash":"f1fbe8ff5fbdd6af16cb4f645ebcc8430f873520","messageTitle":"Level 1","messageBody":"","fileTypesAndContributionMap":{"java":{"insertions":16,"deletions":3}}},{"hash":"741ca6bb3fbdcd1d8de9b282b72c6856d8ed55a7","messageTitle":"Level 1","messageBody":"","fileTypesAndContributionMap":{"java":{"insertions":1,"deletions":5}}},{"hash":"9c09053ceec88f2e7572a4d551f43d11a6499442","messageTitle":"Level 2","messageBody":"","fileTypesAndContributionMap":{"java":{"insertions":15,"deletions":1}}},{"hash":"47eae67860b4101841fdd84f14bb57bb182913c5","messageTitle":"Level 3","messageBody":"","fileTypesAndContributionMap":{"java":{"insertions":42,"deletions":5}}},{"hash":"7bd4d9af90fdad047f2c86b23a443998a1947186","messageTitle":"Level 3","messageBody":"","fileTypesAndContributionMap":{"java":{"insertions":6,"deletions":2}}}]}]},"authorFileTypeContributionMap":{"ChuaXiongWei":{"java":72,"md":0,"fxml":0,"sh":0,"bat":0,"gradle":0,"txt":0}},"authorContributionVariance":{"ChuaXiongWei":48.28474},"authorDisplayNameMap":{"ChuaXiongWei":"CHUA.. WEI"}}
