[{"path":"src/main/java/Deadline.java","fileType":"java","lines":[{"lineNumber":1,"author":{"gitId":"yapjoonsiong"},"content":"public class Deadline extends Task{","lastModifiedDate":"2021-09-01"},{"lineNumber":2,"author":{"gitId":"yapjoonsiong"},"content":"    protected String by;","lastModifiedDate":"2021-09-01"},{"lineNumber":3,"author":{"gitId":"yapjoonsiong"},"content":"    public Deadline(String description, String by) {","lastModifiedDate":"2021-09-01"},{"lineNumber":4,"author":{"gitId":"yapjoonsiong"},"content":"        super(description);","lastModifiedDate":"2021-09-01"},{"lineNumber":5,"author":{"gitId":"yapjoonsiong"},"content":"        this.by \u003d by;","lastModifiedDate":"2021-09-01"},{"lineNumber":6,"author":{"gitId":"yapjoonsiong"},"content":"    }","lastModifiedDate":"2021-09-01"},{"lineNumber":7,"author":{"gitId":"yapjoonsiong"},"content":"","lastModifiedDate":"2021-09-01"},{"lineNumber":8,"author":{"gitId":"yapjoonsiong"},"content":"    public void setBy(String by) {","lastModifiedDate":"2021-09-01"},{"lineNumber":9,"author":{"gitId":"yapjoonsiong"},"content":"        this.by \u003d by;","lastModifiedDate":"2021-09-01"},{"lineNumber":10,"author":{"gitId":"yapjoonsiong"},"content":"    }","lastModifiedDate":"2021-09-01"},{"lineNumber":11,"author":{"gitId":"yapjoonsiong"},"content":"","lastModifiedDate":"2021-09-01"},{"lineNumber":12,"author":{"gitId":"yapjoonsiong"},"content":"    public String getBy() {","lastModifiedDate":"2021-09-01"},{"lineNumber":13,"author":{"gitId":"yapjoonsiong"},"content":"        return by;","lastModifiedDate":"2021-09-01"},{"lineNumber":14,"author":{"gitId":"yapjoonsiong"},"content":"    }","lastModifiedDate":"2021-09-01"},{"lineNumber":15,"author":{"gitId":"yapjoonsiong"},"content":"","lastModifiedDate":"2021-09-01"},{"lineNumber":16,"author":{"gitId":"yapjoonsiong"},"content":"    public String toString() {","lastModifiedDate":"2021-09-01"},{"lineNumber":17,"author":{"gitId":"yapjoonsiong"},"content":"        return \"[D]\" + super.toString() + \" (\" + by + \")\";","lastModifiedDate":"2021-09-01"},{"lineNumber":18,"author":{"gitId":"yapjoonsiong"},"content":"    }","lastModifiedDate":"2021-09-01"},{"lineNumber":19,"author":{"gitId":"yapjoonsiong"},"content":"}","lastModifiedDate":"2021-09-01"}],"authorContributionMap":{"yapjoonsiong":19}},{"path":"src/main/java/Duke.java","fileType":"java","lines":[{"lineNumber":1,"author":{"gitId":"yapjoonsiong"},"content":"import java.util.Random;","lastModifiedDate":"2021-09-01"},{"lineNumber":2,"author":{"gitId":"yapjoonsiong"},"content":"import java.util.Scanner;","lastModifiedDate":"2021-09-01"},{"lineNumber":3,"author":{"gitId":"yapjoonsiong"},"content":"","lastModifiedDate":"2021-08-23"},{"lineNumber":4,"author":{"gitId":"-"},"content":"public class Duke {","lastModifiedDate":"2019-07-29"},{"lineNumber":5,"author":{"gitId":"yapjoonsiong"},"content":"    public static String addTaskSalutation(String item) {","lastModifiedDate":"2021-09-01"},{"lineNumber":6,"author":{"gitId":"yapjoonsiong"},"content":"        Random rand \u003d new Random();","lastModifiedDate":"2021-09-01"},{"lineNumber":7,"author":{"gitId":"yapjoonsiong"},"content":"        String out \u003d \"\";","lastModifiedDate":"2021-09-01"},{"lineNumber":8,"author":{"gitId":"yapjoonsiong"},"content":"        switch(rand.nextInt(3)) {","lastModifiedDate":"2021-09-01"},{"lineNumber":9,"author":{"gitId":"yapjoonsiong"},"content":"        case 0:","lastModifiedDate":"2021-09-01"},{"lineNumber":10,"author":{"gitId":"yapjoonsiong"},"content":"            out \u003d \"Right away sir. I have added \" + item + \" to your list of tasks\\n\";","lastModifiedDate":"2021-09-01"},{"lineNumber":11,"author":{"gitId":"yapjoonsiong"},"content":"            break;","lastModifiedDate":"2021-09-01"},{"lineNumber":12,"author":{"gitId":"yapjoonsiong"},"content":"        case 1:","lastModifiedDate":"2021-09-01"},{"lineNumber":13,"author":{"gitId":"yapjoonsiong"},"content":"            out \u003d \"Understood sir. \" + item + \" has been added to your list of tasks\\n\";","lastModifiedDate":"2021-09-01"},{"lineNumber":14,"author":{"gitId":"yapjoonsiong"},"content":"            break;","lastModifiedDate":"2021-09-01"},{"lineNumber":15,"author":{"gitId":"yapjoonsiong"},"content":"        case 2:","lastModifiedDate":"2021-09-01"},{"lineNumber":16,"author":{"gitId":"yapjoonsiong"},"content":"            out \u003d \"Sir, I can confirm that \" + item + \" has been added to your list of tasks\\n\";","lastModifiedDate":"2021-09-01"},{"lineNumber":17,"author":{"gitId":"yapjoonsiong"},"content":"            break;","lastModifiedDate":"2021-09-01"},{"lineNumber":18,"author":{"gitId":"yapjoonsiong"},"content":"        default:","lastModifiedDate":"2021-09-01"},{"lineNumber":19,"author":{"gitId":"yapjoonsiong"},"content":"            break;","lastModifiedDate":"2021-09-01"},{"lineNumber":20,"author":{"gitId":"yapjoonsiong"},"content":"        }","lastModifiedDate":"2021-09-01"},{"lineNumber":21,"author":{"gitId":"yapjoonsiong"},"content":"        return out;","lastModifiedDate":"2021-09-01"},{"lineNumber":22,"author":{"gitId":"yapjoonsiong"},"content":"    }","lastModifiedDate":"2021-09-01"},{"lineNumber":23,"author":{"gitId":"yapjoonsiong"},"content":"    public static void line() {","lastModifiedDate":"2021-08-23"},{"lineNumber":24,"author":{"gitId":"yapjoonsiong"},"content":"        System.out.println(\"\\t____________________________________________________________\\n\");","lastModifiedDate":"2021-08-23"},{"lineNumber":25,"author":{"gitId":"yapjoonsiong"},"content":"    }","lastModifiedDate":"2021-08-23"},{"lineNumber":26,"author":{"gitId":"yapjoonsiong"},"content":"","lastModifiedDate":"2021-09-01"},{"lineNumber":27,"author":{"gitId":"yapjoonsiong"},"content":"    public static void showList(Tasks user) {","lastModifiedDate":"2021-09-01"},{"lineNumber":28,"author":{"gitId":"yapjoonsiong"},"content":"        for (int i \u003d 0; i \u003c user.listLength; i++) {","lastModifiedDate":"2021-08-23"},{"lineNumber":29,"author":{"gitId":"yapjoonsiong"},"content":"            System.out.println(\"\\t\" + (i + 1) + \". \" + user.list[i] + \"\\n\");","lastModifiedDate":"2021-09-01"},{"lineNumber":30,"author":{"gitId":"yapjoonsiong"},"content":"        }","lastModifiedDate":"2021-08-23"},{"lineNumber":31,"author":{"gitId":"yapjoonsiong"},"content":"    }","lastModifiedDate":"2021-08-23"},{"lineNumber":32,"author":{"gitId":"yapjoonsiong"},"content":"    public static void addTodo(String input, Tasks user) {","lastModifiedDate":"2021-09-01"},{"lineNumber":33,"author":{"gitId":"yapjoonsiong"},"content":"        user.list[user.listLength] \u003d new Todo(input.substring(5));","lastModifiedDate":"2021-09-01"},{"lineNumber":34,"author":{"gitId":"yapjoonsiong"},"content":"        System.out.println(\"\\t\" + addTaskSalutation(input.substring(5)));","lastModifiedDate":"2021-09-01"},{"lineNumber":35,"author":{"gitId":"yapjoonsiong"},"content":"        user.listLength ++;","lastModifiedDate":"2021-09-01"},{"lineNumber":36,"author":{"gitId":"yapjoonsiong"},"content":"        user.tasksIncomplete ++;","lastModifiedDate":"2021-09-01"},{"lineNumber":37,"author":{"gitId":"yapjoonsiong"},"content":"        System.out.println(\"\\tNow you have \" + user.listLength + \" tasks in the list, \" + user.tasksIncomplete + \" incomplete tasks\");","lastModifiedDate":"2021-09-01"},{"lineNumber":38,"author":{"gitId":"yapjoonsiong"},"content":"    }","lastModifiedDate":"2021-08-23"},{"lineNumber":39,"author":{"gitId":"yapjoonsiong"},"content":"    public static void addDeadline(String input, Tasks user) {","lastModifiedDate":"2021-09-01"},{"lineNumber":40,"author":{"gitId":"yapjoonsiong"},"content":"        user.list[user.listLength] \u003d new Deadline(input.substring(9, input.indexOf(\"/\") - 1), input.substring(input.indexOf(\"/\") + 1));","lastModifiedDate":"2021-09-01"},{"lineNumber":41,"author":{"gitId":"yapjoonsiong"},"content":"        System.out.println(\"\\t\" + addTaskSalutation(input.substring(9, input.indexOf(\"/\") - 1)));","lastModifiedDate":"2021-09-01"},{"lineNumber":42,"author":{"gitId":"yapjoonsiong"},"content":"        user.listLength ++;","lastModifiedDate":"2021-08-23"},{"lineNumber":43,"author":{"gitId":"yapjoonsiong"},"content":"        user.tasksIncomplete ++;","lastModifiedDate":"2021-09-01"},{"lineNumber":44,"author":{"gitId":"yapjoonsiong"},"content":"        System.out.println(\"\\tNow you have \" + user.listLength + \" tasks in the list, \" + user.tasksIncomplete + \" incomplete tasks\");","lastModifiedDate":"2021-09-01"},{"lineNumber":45,"author":{"gitId":"yapjoonsiong"},"content":"    }","lastModifiedDate":"2021-09-01"},{"lineNumber":46,"author":{"gitId":"yapjoonsiong"},"content":"    public static void addEvent(String input, Tasks user) {","lastModifiedDate":"2021-09-01"},{"lineNumber":47,"author":{"gitId":"yapjoonsiong"},"content":"        user.list[user.listLength] \u003d new Event(input.substring(6, input.indexOf(\"/\") - 1), input.substring(input.indexOf(\"/\") + 1));","lastModifiedDate":"2021-09-01"},{"lineNumber":48,"author":{"gitId":"yapjoonsiong"},"content":"        System.out.println(\"\\t\" + addTaskSalutation(input.substring(6, input.indexOf(\"/\") - 1)));","lastModifiedDate":"2021-09-01"},{"lineNumber":49,"author":{"gitId":"yapjoonsiong"},"content":"        user.listLength ++;","lastModifiedDate":"2021-09-01"},{"lineNumber":50,"author":{"gitId":"yapjoonsiong"},"content":"        user.tasksIncomplete ++;","lastModifiedDate":"2021-09-01"},{"lineNumber":51,"author":{"gitId":"yapjoonsiong"},"content":"        System.out.println(\"\\tNow you have \" + user.listLength + \" tasks in the list, \" + user.tasksIncomplete + \" incomplete tasks\");","lastModifiedDate":"2021-09-01"},{"lineNumber":52,"author":{"gitId":"yapjoonsiong"},"content":"    }","lastModifiedDate":"2021-09-01"},{"lineNumber":53,"author":{"gitId":"yapjoonsiong"},"content":"    public static void markDone(String input, Tasks user) {","lastModifiedDate":"2021-09-01"},{"lineNumber":54,"author":{"gitId":"yapjoonsiong"},"content":"        int index \u003d Integer.parseInt(input.substring(5)) - 1;","lastModifiedDate":"2021-08-23"},{"lineNumber":55,"author":{"gitId":"yapjoonsiong"},"content":"        if (index \u003c user.listLength) {","lastModifiedDate":"2021-08-23"},{"lineNumber":56,"author":{"gitId":"yapjoonsiong"},"content":"            user.list[index].markComplete();","lastModifiedDate":"2021-08-23"},{"lineNumber":57,"author":{"gitId":"yapjoonsiong"},"content":"            user.tasksIncomplete --;","lastModifiedDate":"2021-09-01"},{"lineNumber":58,"author":{"gitId":"yapjoonsiong"},"content":"            System.out.println(\"\\tAs you wish sir. I have marked this task as done:\\n\\t[X] \" + user.list[index].item + \"\\n\\tNow you have \" + user.tasksIncomplete + \" incomplete tasks\");","lastModifiedDate":"2021-09-01"},{"lineNumber":59,"author":{"gitId":"yapjoonsiong"},"content":"        }","lastModifiedDate":"2021-08-23"},{"lineNumber":60,"author":{"gitId":"yapjoonsiong"},"content":"    }","lastModifiedDate":"2021-09-01"},{"lineNumber":61,"author":{"gitId":"yapjoonsiong"},"content":"    public static void response(String input, Tasks user) {","lastModifiedDate":"2021-09-01"},{"lineNumber":62,"author":{"gitId":"yapjoonsiong"},"content":"        String[] inputArr \u003d input.split(\" \");","lastModifiedDate":"2021-09-01"},{"lineNumber":63,"author":{"gitId":"yapjoonsiong"},"content":"        switch (inputArr[0]) {","lastModifiedDate":"2021-09-01"},{"lineNumber":64,"author":{"gitId":"yapjoonsiong"},"content":"        case (\"list\"):","lastModifiedDate":"2021-09-01"},{"lineNumber":65,"author":{"gitId":"yapjoonsiong"},"content":"            showList(user);","lastModifiedDate":"2021-09-01"},{"lineNumber":66,"author":{"gitId":"yapjoonsiong"},"content":"            break;","lastModifiedDate":"2021-09-01"},{"lineNumber":67,"author":{"gitId":"yapjoonsiong"},"content":"        case (\"deadline\"):","lastModifiedDate":"2021-09-01"},{"lineNumber":68,"author":{"gitId":"yapjoonsiong"},"content":"            addDeadline(input, user);","lastModifiedDate":"2021-09-01"},{"lineNumber":69,"author":{"gitId":"yapjoonsiong"},"content":"            break;","lastModifiedDate":"2021-09-01"},{"lineNumber":70,"author":{"gitId":"yapjoonsiong"},"content":"        case (\"todo\"):","lastModifiedDate":"2021-09-01"},{"lineNumber":71,"author":{"gitId":"yapjoonsiong"},"content":"            addTodo(input, user);","lastModifiedDate":"2021-09-01"},{"lineNumber":72,"author":{"gitId":"yapjoonsiong"},"content":"            break;","lastModifiedDate":"2021-09-01"},{"lineNumber":73,"author":{"gitId":"yapjoonsiong"},"content":"        case (\"event\"):","lastModifiedDate":"2021-09-01"},{"lineNumber":74,"author":{"gitId":"yapjoonsiong"},"content":"            addEvent(input, user);","lastModifiedDate":"2021-09-01"},{"lineNumber":75,"author":{"gitId":"yapjoonsiong"},"content":"            break;","lastModifiedDate":"2021-09-01"},{"lineNumber":76,"author":{"gitId":"yapjoonsiong"},"content":"        case (\"done\"):","lastModifiedDate":"2021-09-01"},{"lineNumber":77,"author":{"gitId":"yapjoonsiong"},"content":"            markDone(input, user);","lastModifiedDate":"2021-09-01"},{"lineNumber":78,"author":{"gitId":"yapjoonsiong"},"content":"            break;","lastModifiedDate":"2021-09-01"},{"lineNumber":79,"author":{"gitId":"yapjoonsiong"},"content":"        default:","lastModifiedDate":"2021-09-01"},{"lineNumber":80,"author":{"gitId":"yapjoonsiong"},"content":"            break;","lastModifiedDate":"2021-09-01"},{"lineNumber":81,"author":{"gitId":"yapjoonsiong"},"content":"        }","lastModifiedDate":"2021-08-23"},{"lineNumber":82,"author":{"gitId":"yapjoonsiong"},"content":"    }","lastModifiedDate":"2021-08-23"},{"lineNumber":83,"author":{"gitId":"yapjoonsiong"},"content":"    public static void greet(String logo) {","lastModifiedDate":"2021-08-23"},{"lineNumber":84,"author":{"gitId":"yapjoonsiong"},"content":"        System.out.println(\"\\n\" + logo);","lastModifiedDate":"2021-09-01"},{"lineNumber":85,"author":{"gitId":"yapjoonsiong"},"content":"        line();","lastModifiedDate":"2021-08-23"},{"lineNumber":86,"author":{"gitId":"yapjoonsiong"},"content":"        System.out.println(\"\\tHello Sir,\\n\" + \"\\tWhat can I do for you?\\n\"); // greet","lastModifiedDate":"2021-09-01"},{"lineNumber":87,"author":{"gitId":"yapjoonsiong"},"content":"        line();","lastModifiedDate":"2021-08-23"},{"lineNumber":88,"author":{"gitId":"yapjoonsiong"},"content":"    }","lastModifiedDate":"2021-08-23"},{"lineNumber":89,"author":{"gitId":"yapjoonsiong"},"content":"    public static void exit() {","lastModifiedDate":"2021-08-23"},{"lineNumber":90,"author":{"gitId":"yapjoonsiong"},"content":"        System.out.println(\"Goodbye Sir. I shall be at your service again whenever you require\\n\"); //exit message","lastModifiedDate":"2021-09-01"},{"lineNumber":91,"author":{"gitId":"yapjoonsiong"},"content":"        line();","lastModifiedDate":"2021-08-23"},{"lineNumber":92,"author":{"gitId":"yapjoonsiong"},"content":"    }","lastModifiedDate":"2021-08-23"},{"lineNumber":93,"author":{"gitId":"-"},"content":"    public static void main(String[] args) {","lastModifiedDate":"2019-07-29"},{"lineNumber":94,"author":{"gitId":"yapjoonsiong"},"content":"        String logo \u003d \"                       ./((((((((((((((/.                    \\n\" +","lastModifiedDate":"2021-09-01"},{"lineNumber":95,"author":{"gitId":"yapjoonsiong"},"content":"                \"                  /(((/.  .,*////*,.   *((((                \\n\" +","lastModifiedDate":"2021-09-01"},{"lineNumber":96,"author":{"gitId":"yapjoonsiong"},"content":"                \"               (#(*  (.       ,((*.     #. ,#(#             \\n\" +","lastModifiedDate":"2021-09-01"},{"lineNumber":97,"author":{"gitId":"yapjoonsiong"},"content":"                \"            .((/ .*    (*     ,   ./((((,  ,, *((,          \\n\" +","lastModifiedDate":"2021-09-01"},{"lineNumber":98,"author":{"gitId":"yapjoonsiong"},"content":"                \"           ((/ /   .(        (##        (((,  ( *((.        \\n\" +","lastModifiedDate":"2021-09-01"},{"lineNumber":99,"author":{"gitId":"yapjoonsiong"},"content":"                \"         .(( ..  .,         #####         .((,  , #(*       \\n\" +","lastModifiedDate":"2021-09-01"},{"lineNumber":100,"author":{"gitId":"yapjoonsiong"},"content":"                \"        .(( ,   #          ####( ,,         /((  / ((,      \\n\" +","lastModifiedDate":"2021-09-01"},{"lineNumber":101,"author":{"gitId":"yapjoonsiong"},"content":"                \"        ((  ,  (         ,####* /##(         *(( .. ((      \\n\" +","lastModifiedDate":"2021-09-01"},{"lineNumber":102,"author":{"gitId":"yapjoonsiong"},"content":"                \"        (( /  ..        (####,  #####         #(. # ((.     \\n\" +","lastModifiedDate":"2021-09-01"},{"lineNumber":103,"author":{"gitId":"yapjoonsiong"},"content":"                \"        /              %####     #####        #(.    #      \\n\" +","lastModifiedDate":"2021-09-01"},{"lineNumber":104,"author":{"gitId":"yapjoonsiong"},"content":"                \"        ,  *   ,                  /####,      ((  (  /      \\n\" +","lastModifiedDate":"2021-09-01"},{"lineNumber":105,"author":{"gitId":"yapjoonsiong"},"content":"                \"         (  *  /    ,###################(    ((* ,  ,       \\n\" +","lastModifiedDate":"2021-09-01"},{"lineNumber":106,"author":{"gitId":"yapjoonsiong"},"content":"                \"         .   ,  *  /######################  ((* ..  ,       \\n\" +","lastModifiedDate":"2021-09-01"},{"lineNumber":107,"author":{"gitId":"yapjoonsiong"},"content":"                \"           ,  #   (                       (((  (   .        \\n\" +","lastModifiedDate":"2021-09-01"},{"lineNumber":108,"author":{"gitId":"yapjoonsiong"},"content":"                \"            (   (   ,/                 (((/  *.  #          \\n\" +","lastModifiedDate":"2021-09-01"},{"lineNumber":109,"author":{"gitId":"yapjoonsiong"},"content":"                \"              (   *,    ,(*.  ,/((#((((,  ./   #            \\n\" +","lastModifiedDate":"2021-09-01"},{"lineNumber":110,"author":{"gitId":"yapjoonsiong"},"content":"                \"                 #    (*              ,(    (.              \\n\" +","lastModifiedDate":"2021-09-01"},{"lineNumber":111,"author":{"gitId":"yapjoonsiong"},"content":"                \"                    ,#                  (*                  \\n\" +","lastModifiedDate":"2021-09-01"},{"lineNumber":112,"author":{"gitId":"yapjoonsiong"},"content":"                \"                           .,.   ,.                         \\n\" +","lastModifiedDate":"2021-09-01"},{"lineNumber":113,"author":{"gitId":"yapjoonsiong"},"content":"                \"                                                            \\n\" +","lastModifiedDate":"2021-09-01"},{"lineNumber":114,"author":{"gitId":"yapjoonsiong"},"content":"                \"                                                            \\n\" +","lastModifiedDate":"2021-09-01"},{"lineNumber":115,"author":{"gitId":"yapjoonsiong"},"content":"                \"      ,/,     ,//      //////*    //      */. */.    */////*\\n\" +","lastModifiedDate":"2021-09-01"},{"lineNumber":116,"author":{"gitId":"yapjoonsiong"},"content":"                \"      /@*    (@#@\u0026            @@  .@\u0026    %@*  #@*  \u0026@       \\n\" +","lastModifiedDate":"2021-09-01"},{"lineNumber":117,"author":{"gitId":"yapjoonsiong"},"content":"                \"      /@*   #@* .@@    @@@@@@@@*   .@@  @@,   #@*  .@@@@@@@.\\n\" +","lastModifiedDate":"2021-09-01"},{"lineNumber":118,"author":{"gitId":"yapjoonsiong"},"content":"                \"      @@.  %@,    @@   @@   #@(      @@\u0026@.    #@*         @\u0026\\n\" +","lastModifiedDate":"2021-09-01"},{"lineNumber":119,"author":{"gitId":"yapjoonsiong"},"content":"                \" */**.    */.      /*  **    ./*      */      ,*.  ,******  \";","lastModifiedDate":"2021-09-01"},{"lineNumber":120,"author":{"gitId":"yapjoonsiong"},"content":"        greet(logo);","lastModifiedDate":"2021-08-23"},{"lineNumber":121,"author":{"gitId":"yapjoonsiong"},"content":"        Tasks user \u003d new Tasks();","lastModifiedDate":"2021-09-01"},{"lineNumber":122,"author":{"gitId":"yapjoonsiong"},"content":"        Scanner sc\u003d new Scanner(System.in);","lastModifiedDate":"2021-08-23"},{"lineNumber":123,"author":{"gitId":"yapjoonsiong"},"content":"        String input \u003d sc.nextLine();","lastModifiedDate":"2021-08-23"},{"lineNumber":124,"author":{"gitId":"yapjoonsiong"},"content":"        line();","lastModifiedDate":"2021-08-23"},{"lineNumber":125,"author":{"gitId":"yapjoonsiong"},"content":"        while (!input.equals(\"bye\")) {","lastModifiedDate":"2021-08-23"},{"lineNumber":126,"author":{"gitId":"yapjoonsiong"},"content":"            response(input, user);","lastModifiedDate":"2021-08-23"},{"lineNumber":127,"author":{"gitId":"yapjoonsiong"},"content":"            line();","lastModifiedDate":"2021-08-23"},{"lineNumber":128,"author":{"gitId":"yapjoonsiong"},"content":"            input \u003d sc.nextLine();","lastModifiedDate":"2021-08-23"},{"lineNumber":129,"author":{"gitId":"yapjoonsiong"},"content":"            line();","lastModifiedDate":"2021-08-23"},{"lineNumber":130,"author":{"gitId":"yapjoonsiong"},"content":"        }","lastModifiedDate":"2021-08-23"},{"lineNumber":131,"author":{"gitId":"yapjoonsiong"},"content":"        exit();","lastModifiedDate":"2021-08-23"},{"lineNumber":132,"author":{"gitId":"-"},"content":"    }","lastModifiedDate":"2019-07-29"},{"lineNumber":133,"author":{"gitId":"-"},"content":"}","lastModifiedDate":"2019-07-29"}],"authorContributionMap":{"yapjoonsiong":129,"-":4}},{"path":"src/main/java/Event.java","fileType":"java","lines":[{"lineNumber":1,"author":{"gitId":"yapjoonsiong"},"content":"public class Event extends Task{","lastModifiedDate":"2021-09-01"},{"lineNumber":2,"author":{"gitId":"yapjoonsiong"},"content":"    protected String at;","lastModifiedDate":"2021-09-01"},{"lineNumber":3,"author":{"gitId":"yapjoonsiong"},"content":"    public Event (String description, String at) {","lastModifiedDate":"2021-09-01"},{"lineNumber":4,"author":{"gitId":"yapjoonsiong"},"content":"        super(description);","lastModifiedDate":"2021-09-01"},{"lineNumber":5,"author":{"gitId":"yapjoonsiong"},"content":"        this.at \u003d at;","lastModifiedDate":"2021-09-01"},{"lineNumber":6,"author":{"gitId":"yapjoonsiong"},"content":"    }","lastModifiedDate":"2021-09-01"},{"lineNumber":7,"author":{"gitId":"yapjoonsiong"},"content":"    public void setAt(String at) {","lastModifiedDate":"2021-09-01"},{"lineNumber":8,"author":{"gitId":"yapjoonsiong"},"content":"        this.at \u003d at;","lastModifiedDate":"2021-09-01"},{"lineNumber":9,"author":{"gitId":"yapjoonsiong"},"content":"    }","lastModifiedDate":"2021-09-01"},{"lineNumber":10,"author":{"gitId":"yapjoonsiong"},"content":"    public String getAt() {","lastModifiedDate":"2021-09-01"},{"lineNumber":11,"author":{"gitId":"yapjoonsiong"},"content":"        return at;","lastModifiedDate":"2021-09-01"},{"lineNumber":12,"author":{"gitId":"yapjoonsiong"},"content":"    }","lastModifiedDate":"2021-09-01"},{"lineNumber":13,"author":{"gitId":"yapjoonsiong"},"content":"","lastModifiedDate":"2021-09-01"},{"lineNumber":14,"author":{"gitId":"yapjoonsiong"},"content":"    public String toString() {","lastModifiedDate":"2021-09-01"},{"lineNumber":15,"author":{"gitId":"yapjoonsiong"},"content":"        return \"[E]\" + super.toString() + \" (\" + at + \")\";","lastModifiedDate":"2021-09-01"},{"lineNumber":16,"author":{"gitId":"yapjoonsiong"},"content":"    }","lastModifiedDate":"2021-09-01"},{"lineNumber":17,"author":{"gitId":"yapjoonsiong"},"content":"}","lastModifiedDate":"2021-09-01"}],"authorContributionMap":{"yapjoonsiong":17}},{"path":"src/main/java/Task.java","fileType":"java","lines":[{"lineNumber":1,"author":{"gitId":"yapjoonsiong"},"content":"public class Task {","lastModifiedDate":"2021-08-26"},{"lineNumber":2,"author":{"gitId":"yapjoonsiong"},"content":"    protected String item;","lastModifiedDate":"2021-08-26"},{"lineNumber":3,"author":{"gitId":"yapjoonsiong"},"content":"    protected boolean complete;","lastModifiedDate":"2021-08-26"},{"lineNumber":4,"author":{"gitId":"yapjoonsiong"},"content":"    public Task(String description) {","lastModifiedDate":"2021-08-26"},{"lineNumber":5,"author":{"gitId":"yapjoonsiong"},"content":"        this.item \u003d description;","lastModifiedDate":"2021-08-26"},{"lineNumber":6,"author":{"gitId":"yapjoonsiong"},"content":"        this.complete \u003d false;","lastModifiedDate":"2021-08-26"},{"lineNumber":7,"author":{"gitId":"yapjoonsiong"},"content":"    }","lastModifiedDate":"2021-08-26"},{"lineNumber":8,"author":{"gitId":"yapjoonsiong"},"content":"    public void markComplete() {","lastModifiedDate":"2021-08-26"},{"lineNumber":9,"author":{"gitId":"yapjoonsiong"},"content":"        this.complete \u003d true;","lastModifiedDate":"2021-08-26"},{"lineNumber":10,"author":{"gitId":"yapjoonsiong"},"content":"    }","lastModifiedDate":"2021-08-26"},{"lineNumber":11,"author":{"gitId":"yapjoonsiong"},"content":"","lastModifiedDate":"2021-09-01"},{"lineNumber":12,"author":{"gitId":"yapjoonsiong"},"content":"    public String toString() {","lastModifiedDate":"2021-09-01"},{"lineNumber":13,"author":{"gitId":"yapjoonsiong"},"content":"        if (complete) {","lastModifiedDate":"2021-09-01"},{"lineNumber":14,"author":{"gitId":"yapjoonsiong"},"content":"            return \"[X] \" + item;","lastModifiedDate":"2021-09-01"},{"lineNumber":15,"author":{"gitId":"yapjoonsiong"},"content":"        }","lastModifiedDate":"2021-09-01"},{"lineNumber":16,"author":{"gitId":"yapjoonsiong"},"content":"        return \"[ ] \" + item;","lastModifiedDate":"2021-09-01"},{"lineNumber":17,"author":{"gitId":"yapjoonsiong"},"content":"    }","lastModifiedDate":"2021-09-01"},{"lineNumber":18,"author":{"gitId":"yapjoonsiong"},"content":"}","lastModifiedDate":"2021-08-26"}],"authorContributionMap":{"yapjoonsiong":18}},{"path":"src/main/java/Tasks.java","fileType":"java","lines":[{"lineNumber":1,"author":{"gitId":"yapjoonsiong"},"content":"public class Tasks {","lastModifiedDate":"2021-09-01"},{"lineNumber":2,"author":{"gitId":"yapjoonsiong"},"content":"    Task list[] \u003d new Task[100];","lastModifiedDate":"2021-08-26"},{"lineNumber":3,"author":{"gitId":"yapjoonsiong"},"content":"    int listLength \u003d 0;","lastModifiedDate":"2021-08-26"},{"lineNumber":4,"author":{"gitId":"yapjoonsiong"},"content":"    int tasksIncomplete \u003d 0;","lastModifiedDate":"2021-09-01"},{"lineNumber":5,"author":{"gitId":"yapjoonsiong"},"content":"}","lastModifiedDate":"2021-08-26"},{"lineNumber":6,"author":{"gitId":"yapjoonsiong"},"content":"","lastModifiedDate":"2021-09-01"}],"authorContributionMap":{"yapjoonsiong":6}},{"path":"src/main/java/Todo.java","fileType":"java","lines":[{"lineNumber":1,"author":{"gitId":"yapjoonsiong"},"content":"public class Todo extends Task {","lastModifiedDate":"2021-09-01"},{"lineNumber":2,"author":{"gitId":"yapjoonsiong"},"content":"    public Todo(String description) {","lastModifiedDate":"2021-09-01"},{"lineNumber":3,"author":{"gitId":"yapjoonsiong"},"content":"        super(description);","lastModifiedDate":"2021-09-01"},{"lineNumber":4,"author":{"gitId":"yapjoonsiong"},"content":"        complete \u003d false;","lastModifiedDate":"2021-09-01"},{"lineNumber":5,"author":{"gitId":"yapjoonsiong"},"content":"    }","lastModifiedDate":"2021-09-01"},{"lineNumber":6,"author":{"gitId":"yapjoonsiong"},"content":"    public String toString() {","lastModifiedDate":"2021-09-01"},{"lineNumber":7,"author":{"gitId":"yapjoonsiong"},"content":"        return \"[T]\" + super.toString();","lastModifiedDate":"2021-09-01"},{"lineNumber":8,"author":{"gitId":"yapjoonsiong"},"content":"    }","lastModifiedDate":"2021-09-01"},{"lineNumber":9,"author":{"gitId":"yapjoonsiong"},"content":"}","lastModifiedDate":"2021-09-01"}],"authorContributionMap":{"yapjoonsiong":9}},{"path":"text-ui-test/input.txt","fileType":"txt","lines":[{"lineNumber":1,"author":{"gitId":"yapjoonsiong"},"content":"deadline task1 /by day","lastModifiedDate":"2021-09-01"},{"lineNumber":2,"author":{"gitId":"yapjoonsiong"},"content":"list","lastModifiedDate":"2021-09-01"},{"lineNumber":3,"author":{"gitId":"yapjoonsiong"},"content":"event task2 /at day","lastModifiedDate":"2021-09-01"},{"lineNumber":4,"author":{"gitId":"yapjoonsiong"},"content":"list","lastModifiedDate":"2021-09-01"},{"lineNumber":5,"author":{"gitId":"yapjoonsiong"},"content":"done 1","lastModifiedDate":"2021-09-01"},{"lineNumber":6,"author":{"gitId":"yapjoonsiong"},"content":"list","lastModifiedDate":"2021-09-01"},{"lineNumber":7,"author":{"gitId":"yapjoonsiong"},"content":"done 2","lastModifiedDate":"2021-09-01"},{"lineNumber":8,"author":{"gitId":"yapjoonsiong"},"content":"list","lastModifiedDate":"2021-09-01"},{"lineNumber":9,"author":{"gitId":"yapjoonsiong"},"content":"bye","lastModifiedDate":"2021-09-01"}],"authorContributionMap":{"yapjoonsiong":9}}]
