{"authorDailyContributionsMap":{"yapjoonsiong":[{"date":"2021-08-23","commitResults":[{"hash":"3d64ed67e8edd5433f0db2e156c543c76c7888cb","messageTitle":"Implement an initial skeletal version of the Duke that simply greets the user and exits.","messageBody":"","tags":["Level-0"],"fileTypesAndContributionMap":{"java":{"insertions":4,"deletions":1}}},{"hash":"daaef83dbe4ca9409fae61f01f56c42f72f3255a","messageTitle":"Implement a skeletal version of Duke that starts by greeting the user, simply echos commands entered by the user, and exits when the user types bye.","messageBody":"","tags":["Level-1"],"fileTypesAndContributionMap":{"java":{"insertions":23,"deletions":4}}},{"hash":"401403795e03ef609fd4e2db7b5a5cd793b6981e","messageTitle":"Add the ability to store whatever text entered by the user and display them back to the user when requested.","messageBody":"","tags":["Level-2"],"fileTypesAndContributionMap":{"java":{"insertions":45,"deletions":14}}},{"hash":"a81bc62b33f41210b994a2c0e08f9ceb2c26cfdd","messageTitle":"Add the ability to mark tasks as done.","messageBody":"","tags":["Level-3"],"fileTypesAndContributionMap":{"java":{"insertions":30,"deletions":10}}}]},{"date":"2021-08-26","commitResults":[{"hash":"cd250acad687a2f1c77032eba8134f00ae3ced0b","messageTitle":"Separate Task and Information classes","messageBody":"","tags":["A-CodingStandard"],"fileTypesAndContributionMap":{"java":{"insertions":16,"deletions":18}}}]},{"date":"2021-09-01","commitResults":[{"hash":"aee5770248b420ab1fa09abac7c034ffcff4a882","messageTitle":"Add support for tracking three types of tasks. Change program personality. Add varying responses for adding tasks.","messageBody":"","fileTypesAndContributionMap":{"java":{"insertions":160,"deletions":39}}},{"hash":"7bdb99973e1cfc0a33e385d3ce72f06f0e8b1c51","messageTitle":"Correct spacing in response message. update ui-test input and expected output","messageBody":"","tags":["Level-4","A-TextUiTesting","A-CodeQuality"],"fileTypesAndContributionMap":{"txt":{"insertions":9,"deletions":0},"java":{"insertions":1,"deletions":1}}}]}]},"authorFileTypeContributionMap":{"yapjoonsiong":{"java":198,"md":0,"fxml":0,"sh":0,"bat":0,"gradle":0,"txt":9}},"authorContributionVariance":{"yapjoonsiong":268.71997},"authorDisplayNameMap":{"yapjoonsiong":"CS2113T-F11-1 YAP ..IONG"}}
