{"authorDailyContributionsMap":{"Jon-the-MELON":[{"date":"2021-08-22","commitResults":[{"hash":"8e9e238a9d879c13cfcee6b4166057674f823801","messageTitle":"level 0 increment","messageBody":"","fileTypesAndContributionMap":{"java":{"insertions":13,"deletions":6}}}]},{"date":"2021-08-24","commitResults":[{"hash":"278e2e93add29fa5d13e51f863035c6019cc3650","messageTitle":"Level 1","messageBody":"","fileTypesAndContributionMap":{"java":{"insertions":23,"deletions":6}}},{"hash":"5c35ddc4174a1ed61214ded2f840b65fd14f2b7f","messageTitle":"Level 2.0","messageBody":"","fileTypesAndContributionMap":{"java":{"insertions":43,"deletions":4}}}]},{"date":"2021-08-26","commitResults":[{"hash":"e36543f39cb60ff6098d0ac5d34b85ccf17e5510","messageTitle":"Level 1.0: Echo","messageBody":"","tags":["Level-1"],"fileTypesAndContributionMap":{"java":{"insertions":13,"deletions":54}}},{"hash":"2c94e9f94002cf27d637ac9a5d898d280dafbcd7","messageTitle":"Level 2.0: Echo + List","messageBody":"","tags":["Level-2"],"fileTypesAndContributionMap":{"java":{"insertions":58,"deletions":13}}},{"hash":"79b1e8e15bea9292c3c9eaea8a09a6f97b30cabe","messageTitle":"Level 3.0: Mark as Done","messageBody":"","tags":["Level-3","A-CodingStandard"],"fileTypesAndContributionMap":{"java":{"insertions":50,"deletions":10}}}]},{"date":"2021-08-29","commitResults":[{"hash":"859c7812112f6e19b1a27aadcf118dbe32683aca","messageTitle":"Level 4.0: Todos, Events, Deadlines","messageBody":"","fileTypesAndContributionMap":{"java":{"insertions":126,"deletions":39}}},{"hash":"9c074ef4e23132fbff2a35664620dff90a4e458f","messageTitle":"Level 4.1: Todos, Events, Deadlines","messageBody":"","fileTypesAndContributionMap":{"java":{"insertions":5,"deletions":5}}},{"hash":"9b9e6f6e552c718270710c9f2baa3a1618ae0eab","messageTitle":"Level 4.2: Todos, Deadlines, and Events","messageBody":"","tags":["Level-4"],"fileTypesAndContributionMap":{"java":{"insertions":3,"deletions":3}}}]},{"date":"2021-08-31","commitResults":[{"hash":"e9762c4be3be1a34c4dac16e6286e6751959be8c","messageTitle":"Level 4.3: Improved Code Quality","messageBody":"","fileTypesAndContributionMap":{"java":{"insertions":145,"deletions":91}}}]},{"date":"2021-09-02","commitResults":[{"hash":"97ea481704fcbabab2404c25a2ea194ab410b1d9","messageTitle":"Level 4.4: Improved Code Quality","messageBody":"","tags":["A-Inheritance","A-CodeQuality"],"fileTypesAndContributionMap":{"java":{"insertions":2,"deletions":2}}}]},{"date":"2021-09-08","commitResults":[{"hash":"23eab9fff1e277f3315a8f57eea902d1c59bdbe3","messageTitle":"Level 5.0: Handle errors with Exceptions","messageBody":"","fileTypesAndContributionMap":{"java":{"insertions":126,"deletions":63}}}]},{"date":"2021-09-09","commitResults":[{"hash":"c9980bc7fca38ac9b83390ffecd93933ffea681e","messageTitle":"branch test","messageBody":"","fileTypesAndContributionMap":{"java":{"insertions":1,"deletions":1}}},{"hash":"673608e3a43d47aee99d7b1092064e8b3dc73e66","messageTitle":"Level 5.1: FIXED BUG","messageBody":"","fileTypesAndContributionMap":{"java":{"insertions":10,"deletions":4}}},{"hash":"8a78a3b51fdadd7d4934b67967407a7c539dbda4","messageTitle":"Level 5.2: Tidied comments","messageBody":"","fileTypesAndContributionMap":{"java":{"insertions":0,"deletions":6}}},{"hash":"1b16d86d5408e40cc8c3e916e9f579ea3247be38","messageTitle":"Level 5.2: Tidied comments","messageBody":"","fileTypesAndContributionMap":{"java":{"insertions":1,"deletions":1}}}]},{"date":"2021-09-14","commitResults":[{"hash":"98a8e726aa5a61003206c09c6c22588918e777c9","messageTitle":"added import file","messageBody":"","fileTypesAndContributionMap":{"java":{"insertions":78,"deletions":40}}},{"hash":"3eb94380bddfd9f54883d2439e58dfd39e4aab89","messageTitle":"added functions. to be filled in","messageBody":"","fileTypesAndContributionMap":{"txt":{"insertions":0,"deletions":0},"java":{"insertions":24,"deletions":7}}}]},{"date":"2021-09-15","commitResults":[{"hash":"2d1274fa50501ae0ccf85ae0aadafe9dcd288f7f","messageTitle":"Level 7.0: Save","messageBody":"","fileTypesAndContributionMap":{"java":{"insertions":194,"deletions":46}}}]},{"date":"2021-09-16","commitResults":[{"hash":"3aa1bf8f204e7fdfda2d55176f5b97c899c3c0a9","messageTitle":"changed else statements","messageBody":"","fileTypesAndContributionMap":{"java":{"insertions":25,"deletions":51}}},{"hash":"ffab638baf74d7c757b42e61b612296260d33c87","messageTitle":"changed regex at split","messageBody":"","fileTypesAndContributionMap":{"java":{"insertions":17,"deletions":22}}},{"hash":"fac390d6fbcbd47a620938ef4793ed2eac7235d0","messageTitle":"fixed clear","messageBody":"","tags":["Level-7","A-Jar"],"fileTypesAndContributionMap":{"java":{"insertions":1,"deletions":1}}}]}]},"authorFileTypeContributionMap":{"Jon-the-MELON":{"java":490,"md":0,"fxml":0,"sh":0,"bat":0,"gradle":0,"txt":0}},"authorContributionVariance":{"Jon-the-MELON":1041.7114},"authorDisplayNameMap":{"Jon-the-MELON":"CS2113T-F12-3 JON ..KIAT"}}
