{"authorDailyContributionsMap":{"Kair0s3":[{"date":"2021-08-15","commitResults":[{"hash":"487902aed55bd0c90de0ea26605f1825bec0059f","messageTitle":"Level-0","messageBody":"Level-0 increment for Week 2\u0027s iP task. Adding a simple greeting and an ASCII Art as the logo.\n","fileTypesAndContributionMap":{"java":{"insertions":20,"deletions":6}}}]},{"date":"2021-08-20","commitResults":[{"hash":"7564cb1acb3872ff80ec64f45ac602137031ce5c","messageTitle":"Level-0 Increment 2.0","messageBody":"Second round of Level-0 increment to make the program more casual/fun - referencing marvel films. Along with some formatting of the strings.\n","tags":["Level-0"],"fileTypesAndContributionMap":{"java":{"insertions":14,"deletions":13}}},{"hash":"69a63533e88bdea7ce01cae4661612f7c742267a","messageTitle":"Increment Level-1. Greet, Echo, Exit","messageBody":"Added skeletal functionalities for user input, then echo and repeat until user provides \"bye\" as the command. For Week 3 Level-1 Increment.\n","fileTypesAndContributionMap":{"java":{"insertions":24,"deletions":2}}},{"hash":"8bcff824a447aca6a9de15ec25294f3f2e21293f","messageTitle":"Update to Increment Level-1.  Greet, Echo, Exit","messageBody":"Removal of the extra \"ech\" that was accidentally typed in and committed in previous commit.\n","tags":["Level-1"],"fileTypesAndContributionMap":{"java":{"insertions":1,"deletions":1}}}]},{"date":"2021-08-21","commitResults":[{"hash":"7baca7b4aef23938434fc13cc6145c6004a5d02f","messageTitle":"NOTE - NOT AN INCREMENT UPDATE","messageBody":"Just a commit to move some functionalities into seperate method calls eg. the printing of greeting, farewell and logo display.\n","fileTypesAndContributionMap":{"java":{"insertions":18,"deletions":8}}},{"hash":"14edbb6af1d1e6ec24aeedfc33299c56de8b38c6","messageTitle":"Increment Level-2. Add, List","messageBody":"Added functionality to store text entered by user and listing them when requested\n","tags":["Level-2"],"fileTypesAndContributionMap":{"java":{"insertions":30,"deletions":9}}},{"hash":"a2b091ca5b901e23d9e50847a47b77ec8bc088d3","messageTitle":"Increment Level-3. Mark as Done","messageBody":"Added functionalities to mark task as done.\nExtension - Implemented a \"Task\" class for the Task object.\nTidy up of some past increments.\n\nOoooWeeeeeeee, definitely productive day today!\n\n*For those who are seeing this comment and wondering what even am I even saying but its a reference to Mr Poopybutthole from a show called Rick and Morty.\n","tags":["Level-3","A-Classes"],"fileTypesAndContributionMap":{"java":{"insertions":71,"deletions":19}}},{"hash":"bc9b5decd7c92ed2041eda7fd16f54d05360b8b5","messageTitle":"Increment A-CodingStandard","messageBody":"Formatting of Codes to fit specified Code Style.\n\nPersonal comment/reference - IDEA IDE can format using CTRL+ALT+L\n","tags":["A-CodingStandard"],"fileTypesAndContributionMap":{"java":{"insertions":19,"deletions":21}}}]},{"date":"2021-08-28","commitResults":[{"hash":"3a49fe384783a05d69916552e33477079525a9a5","messageTitle":"NOTE - NOT AN INCREMENT UPDATE","messageBody":"Just a simple commit to add line to close scanner\n","fileTypesAndContributionMap":{"java":{"insertions":1,"deletions":1}}},{"hash":"fea685c4eb7f7de065599f2ab1118c441bc1bbc6","messageTitle":"Increment Level 4. ToDos, Events, Deadlines","messageBody":"Added functionality and implemented 3 classes to track different type of tasks - Todo, Event, Deadline.\n\nAlso, I have made some changes to the function signature, (mainly the String taskType) and moved taskCounter out of the parameters.\n\nWill do the Code Quality improvements tomorrow morning.\n\nWeekly Nonsense - NEVER GONNA GIVE YOU UP, NEVER GONNA LET YOU DOWNNNN.\nhttps://tinyurl.com/td23zhfc\n","tags":["Level-4"],"fileTypesAndContributionMap":{"java":{"insertions":108,"deletions":22}}}]},{"date":"2021-08-29","commitResults":[{"hash":"c95aa6beb03046d0ae275b98b746817852c6b9c1","messageTitle":"Increment A-TextUiTesting","messageBody":"Changed EXPECTED.TXT to really be the expected output from the respective inputs I have ran it with. Also, I have removed 2 extra trailing spaces in the logo that resulted in differences between ACTUAL.TXT and EXPECTED.TXT.\n","tags":["A-TextUiTesting"],"fileTypesAndContributionMap":{"txt":{"insertions":13,"deletions":0},"java":{"insertions":2,"deletions":2}}}]}]},"authorFileTypeContributionMap":{"Kair0s3":{"java":210,"md":0,"fxml":0,"sh":0,"bat":0,"gradle":0,"txt":13}},"authorContributionVariance":{"Kair0s3":258.34045},"authorDisplayNameMap":{"Kair0s3":"SIM ..BOON"}}
