{"authorDailyContributionsMap":{"deonchung":[{"date":"2021-08-20","commitResults":[{"hash":"5f97838fadbe5879f8d3970c820287d68e411863","messageTitle":"level 0: greet","messageBody":"","fileTypesAndContributionMap":{"java":{"insertions":5,"deletions":0}}},{"hash":"ebf86d54fbbed836fea8fee6a3ca2a7ff8f41ff5","messageTitle":"add line","messageBody":"","fileTypesAndContributionMap":{"java":{"insertions":3,"deletions":1}}}]},{"date":"2021-08-24","commitResults":[{"hash":"7a3531b95743f4efe3e1d1134fd322daa2f2a219","messageTitle":"level 1 greet,echo,exit","messageBody":"","fileTypesAndContributionMap":{"java":{"insertions":19,"deletions":2}}},{"hash":"decb7ccf4b886ef498d85ab5bdb63c72e4033352","messageTitle":"level 1 greet,echo,exit","messageBody":"","tags":["Level-1"],"fileTypesAndContributionMap":{"java":{"insertions":0,"deletions":1}}},{"hash":"cb0455b62136de6b0ac316b6d8e4a86769e14fae","messageTitle":"level 2 Add,List","messageBody":"","tags":["Level-2"],"fileTypesAndContributionMap":{"java":{"insertions":25,"deletions":10}}}]},{"date":"2021-08-25","commitResults":[{"hash":"e166589d6c6e1a89bf9d4eb0fa80ca7cf90a1179","messageTitle":"level 3 Mark as Done","messageBody":"","tags":["Level-3"],"fileTypesAndContributionMap":{"java":{"insertions":16,"deletions":3}}},{"hash":"4f83a78fbbb338e848eca3cd3ec41142ac9ce7e2","messageTitle":"Level 3 Mark As Done","messageBody":"","tags":["A-CodingStandard"],"fileTypesAndContributionMap":{"java":{"insertions":9,"deletions":12}}}]},{"date":"2021-08-26","commitResults":[{"hash":"93aa7263c4350bf585f542f7a0e1a24166bb7e47","messageTitle":"Level 3 Mark As Done","messageBody":"","fileTypesAndContributionMap":{"java":{"insertions":25,"deletions":1}}},{"hash":"297d9700b5c7fa4e11de783bd4280a43f83cb47f","messageTitle":"Level 3 Mark As Done","messageBody":"","fileTypesAndContributionMap":{"java":{"insertions":0,"deletions":1}}},{"hash":"bfce9e3d8d92cffe9a1e693f33f60375622deb19","messageTitle":"Level 3 Mark As Done","messageBody":"","fileTypesAndContributionMap":{"java":{"insertions":0,"deletions":3}}}]},{"date":"2021-08-30","commitResults":[{"hash":"c1ffdfeb9f89f81c88cc44d5a6107aebfaa0da5f","messageTitle":"Add increment: Level 4","messageBody":"","tags":["Level-4"],"fileTypesAndContributionMap":{"java":{"insertions":130,"deletions":34}}},{"hash":"313c6c32fb9c933010cbd18a9b66c04f7549da33","messageTitle":"Create test input and expected output","messageBody":"","tags":["A-TextUiTesting","A-CodeQuality"],"fileTypesAndContributionMap":{"txt":{"insertions":14,"deletions":0},"java":{"insertions":3,"deletions":6}}}]},{"date":"2021-09-05","commitResults":[{"hash":"df335241cabd38b8701a3ef8ebb7564441931d4b","messageTitle":"Implement error handling","messageBody":"","tags":["Level-5"],"fileTypesAndContributionMap":{"java":{"insertions":61,"deletions":31}}}]},{"date":"2021-09-06","commitResults":[{"hash":"d34cd4bc4dcd1492c7c9b4ae38468f20d6a35b34","messageTitle":"Put classes into different packaged and rename description","messageBody":"","tags":["A-Packages"],"fileTypesAndContributionMap":{"java":{"insertions":17,"deletions":2}}},{"hash":"ac38911f133f5b580abb6bf73ceddeb2687a0469","messageTitle":"Update ui-test","messageBody":"","fileTypesAndContributionMap":{"txt":{"insertions":3,"deletions":0},"bat":{"insertions":2,"deletions":2}}},{"hash":"d9a83e2d2fbbcb6e7cd8779b0f6b46020ea4da52","messageTitle":"update runtest.sh","messageBody":"","fileTypesAndContributionMap":{"sh":{"insertions":1,"deletions":1}}}]},{"date":"2021-09-07","commitResults":[{"hash":"ac9481e2892e0bf803ce2c348cc57b90f4cff65e","messageTitle":"Improve coding standard","messageBody":"","tags":["A-Exceptions"],"fileTypesAndContributionMap":{"java":{"insertions":11,"deletions":8}}}]},{"date":"2021-09-11","commitResults":[{"hash":"0ef692d3e88bb5c30fdf154832512b68758317b8","messageTitle":"Add level 6 delete","messageBody":"","fileTypesAndContributionMap":{"java":{"insertions":19,"deletions":2}}},{"hash":"3078792c2a9a794cb3590ee8a78a64dc2e2e71bc","messageTitle":"Revert \"Add level 6 delete\"","messageBody":"This reverts commit 0ef692d3e88bb5c30fdf154832512b68758317b8.\n","fileTypesAndContributionMap":{"java":{"insertions":2,"deletions":19}}},{"hash":"a85f4c68af6e855708f70899d537024cf06be848","messageTitle":"Add delete to level 6 branch","messageBody":"","tags":["Level-6","A-Collections"],"fileTypesAndContributionMap":{"java":{"insertions":1,"deletions":1}}}]},{"date":"2021-09-13","commitResults":[{"hash":"f6ddbf6afb652e0b22872b743cc640f5af34afbc","messageTitle":"Add Level 7 Save","messageBody":"","fileTypesAndContributionMap":{"java":{"insertions":99,"deletions":4}}},{"hash":"27119283644f112859d83170aef3ee6fccb34eb6","messageTitle":"Add Level 7 Save","messageBody":"","tags":["Level-7"],"fileTypesAndContributionMap":{"java":{"insertions":118,"deletions":6}}},{"hash":"ae69fca32c8b39848e5bc5de2142b8a35d925c9e","messageTitle":"Revert \"Add Level 7 Save\"","messageBody":"This reverts commit f6ddbf6afb652e0b22872b743cc640f5af34afbc.\n","fileTypesAndContributionMap":{"java":{"insertions":4,"deletions":99}}},{"hash":"49a0b30f4c942208bb8fc9259388e9bea2d70817","messageTitle":"Remove duplicated deletetask function","messageBody":"","tags":["A-Jar"],"fileTypesAndContributionMap":{"java":{"insertions":0,"deletions":16}}}]},{"date":"2021-09-27","commitResults":[{"hash":"2989fa9491b97d6b30ec26c9f1199b2d0749aa54","messageTitle":"Add OOP","messageBody":"","tags":["A-MoreOOP"],"fileTypesAndContributionMap":{"java":{"insertions":273,"deletions":208}}}]},{"date":"2021-09-28","commitResults":[{"hash":"3725efa1bca89c85f6ff4f5d65d4f9502cf5d366","messageTitle":"add level 9","messageBody":"","fileTypesAndContributionMap":{"java":{"insertions":27,"deletions":3}}},{"hash":"24b82bd0e3c13cb73af5eaed0d833c6e840fd626","messageTitle":"Add JavaDoc","messageBody":"","fileTypesAndContributionMap":{"java":{"insertions":90,"deletions":6}}},{"hash":"839d4f03cf824dd1700e8405097823a281a7c685","messageTitle":"Add user guide","messageBody":"","fileTypesAndContributionMap":{"md":{"insertions":209,"deletions":13}}}]},{"date":"2021-09-29","commitResults":[{"hash":"496ed7edf612e79ad51cda134b436243a9eb8288","messageTitle":"Fix bug, edit duke","messageBody":"","tags":["A-Release"],"fileTypesAndContributionMap":{"java":{"insertions":80,"deletions":48}}}]}]},"authorFileTypeContributionMap":{"deonchung":{"java":549,"md":204,"fxml":0,"sh":1,"bat":2,"gradle":0,"txt":17}},"authorContributionVariance":{"deonchung":2047.3832},"authorDisplayNameMap":{"deonchung":"CS2113T-T10-1 DEON.. HUI"}}
