{"authorDailyContributionsMap":{"KishorKumar11":[{"date":"2021-08-15","commitResults":[{"hash":"e360d1ab5eb204a304631ebfdbef23791694a619","messageTitle":"Increment Added: Level 0","messageBody":"","fileTypesAndContributionMap":{"java":{"insertions":6,"deletions":0}}}]},{"date":"2021-08-21","commitResults":[{"hash":"4f0f6b26131d8b84dd1d1d7bb7907420f46d3495","messageTitle":"Add increment level 1","messageBody":"","tags":["Level-1"],"fileTypesAndContributionMap":{"java":{"insertions":21,"deletions":4}}},{"hash":"2f8ea1dc39490e8db97f3f9722e078e93f3a993f","messageTitle":"Add increment level 2","messageBody":"","tags":["Level-2"],"fileTypesAndContributionMap":{"java":{"insertions":15,"deletions":3}}}]},{"date":"2021-08-22","commitResults":[{"hash":"24458f626954195d158690a55225f3f22350ca8a","messageTitle":"Add increment level 3","messageBody":"","tags":["Level-3"],"fileTypesAndContributionMap":{"java":{"insertions":39,"deletions":5}}},{"hash":"54599557c0aa04df15686ddf6073d501cd47042a","messageTitle":"Add increment coding standard","messageBody":"","tags":["A-CodingStandard"],"fileTypesAndContributionMap":{"java":{"insertions":23,"deletions":11}}}]},{"date":"2021-08-30","commitResults":[{"hash":"c8d6a188d05ddfcf9e098129d344b78ba845e6b1","messageTitle":"Add increment level 4: todo, event and deadline","messageBody":"","tags":["Level-4"],"fileTypesAndContributionMap":{"java":{"insertions":200,"deletions":43}}}]},{"date":"2021-08-31","commitResults":[{"hash":"790eec7d7177f6491908dd9afb1b6166dc8f00e3","messageTitle":"Improve variable naming and add comments","messageBody":"","fileTypesAndContributionMap":{"java":{"insertions":41,"deletions":34}}},{"hash":"560559002a7ff8d7b9722074bfd8ac02fa1e494e","messageTitle":"Improve code quality","messageBody":"","tags":["A-CodeQuality"],"fileTypesAndContributionMap":{"java":{"insertions":14,"deletions":9}}},{"hash":"9f2eb994408fd46a0e84aeab3f5a3887f9475327","messageTitle":"Automate text UI testing","messageBody":"","tags":["A-TextUiTesting"],"fileTypesAndContributionMap":{"txt":{"insertions":12,"deletions":0},"java":{"insertions":3,"deletions":3}}}]},{"date":"2021-09-05","commitResults":[{"hash":"90b3dfbc944d2197ade061b6f87ab32a9e416ce5","messageTitle":"Implement suggestions by peer reviews","messageBody":"","fileTypesAndContributionMap":{"java":{"insertions":3,"deletions":0}}}]},{"date":"2021-09-06","commitResults":[{"hash":"65067441ce9dac61ba9d9cd027a0047d45b1919e","messageTitle":"Add error handlers using exceptions","messageBody":"","tags":["A-Exceptions"],"fileTypesAndContributionMap":{"java":{"insertions":201,"deletions":119}}},{"hash":"7106a18d55e7d51d045c1c5bcd9c4f1a16a5fd3f","messageTitle":"Refactor classes into packages","messageBody":"","tags":["A-Packages"],"fileTypesAndContributionMap":{"java":{"insertions":44,"deletions":7}}}]},{"date":"2021-09-09","commitResults":[{"hash":"aee8624f272018b53560d6050c9570094ab722e9","messageTitle":"Update UI test","messageBody":"","fileTypesAndContributionMap":{"txt":{"insertions":10,"deletions":6},"java":{"insertions":2,"deletions":2},"bat":{"insertions":2,"deletions":2},"sh":{"insertions":2,"deletions":2}}},{"hash":"f111fe03bcdf4100abc5ae8975879234fc4fc7b0","messageTitle":"Debug UI test","messageBody":"","fileTypesAndContributionMap":{"sh":{"insertions":1,"deletions":1}}}]},{"date":"2021-09-11","commitResults":[{"hash":"c178c6b6077fd6e4f62c5b1019f3a92924edc45e","messageTitle":"Modify runtest.bat","messageBody":"","fileTypesAndContributionMap":{"bat":{"insertions":2,"deletions":2}}},{"hash":"ce969e3968af52b5fa6a47d993942448944689e6","messageTitle":"Implement ArrayList collection","messageBody":"","tags":["A-Collections"],"fileTypesAndContributionMap":{"java":{"insertions":10,"deletions":9}}},{"hash":"e58a505f188b7a58600c69aa6e6aec07923d4c40","messageTitle":"Increment Level 6 delete feature","messageBody":"","tags":["Level-6"],"fileTypesAndContributionMap":{"java":{"insertions":25,"deletions":4}}}]},{"date":"2021-09-15","commitResults":[{"hash":"4fefc4254ea089f8d09b3c36153f5ec625018812","messageTitle":"Increment Level 7 save feature","messageBody":"","fileTypesAndContributionMap":{"txt":{"insertions":3,"deletions":0},"java":{"insertions":212,"deletions":32}}},{"hash":"1727b4b924a5789c199ff2785e028a0a6c53c988","messageTitle":"Minor updates and add java doc","messageBody":"","tags":["A-Jar"],"fileTypesAndContributionMap":{"java":{"insertions":17,"deletions":19}}}]},{"date":"2021-09-17","commitResults":[{"hash":"e39a9804b3fb75bfd1b3ec432bc2836af9baf5b7","messageTitle":"Update ui-test","messageBody":"","fileTypesAndContributionMap":{"txt":{"insertions":4,"deletions":0}}}]},{"date":"2021-09-22","commitResults":[{"hash":"61688eb71ddbc5ce0b36bd2adbfa268976b44134","messageTitle":"Add OOP concepts","messageBody":"","tags":["A-MoreOOP"],"fileTypesAndContributionMap":{"txt":{"insertions":1,"deletions":0},"java":{"insertions":442,"deletions":294}}},{"hash":"a5a9802edc24b77c49b486cb92c566f8f43cf3e1","messageTitle":"Add data and time feature","messageBody":"","fileTypesAndContributionMap":{"java":{"insertions":31,"deletions":23}}},{"hash":"aa8242acdeed30d9b80312ca6af99003f3668de3","messageTitle":"Add find feature","messageBody":"","fileTypesAndContributionMap":{"txt":{"insertions":0,"deletions":1},"java":{"insertions":79,"deletions":10}}},{"hash":"309d8ca436a71940a0b246dd6a24ac2898191863","messageTitle":"Add JavaDoc","messageBody":"","fileTypesAndContributionMap":{"java":{"insertions":20,"deletions":21}}}]}]},"authorFileTypeContributionMap":{"KishorKumar11":{"java":814,"md":0,"fxml":0,"sh":2,"bat":0,"gradle":0,"txt":20}},"authorContributionVariance":{"KishorKumar11":4515.8706},"authorDisplayNameMap":{"KishorKumar11":"CS2113T-F12-2 KISH..SKAR"}}
