[{"path":"src/main/java/Deadline.java","fileType":"java","lines":[{"lineNumber":1,"author":{"gitId":"swatimahadevan"},"content":"public class Deadline extends Task {","lastModifiedDate":"2021-08-27"},{"lineNumber":2,"author":{"gitId":"swatimahadevan"},"content":"","lastModifiedDate":"2021-08-27"},{"lineNumber":3,"author":{"gitId":"swatimahadevan"},"content":"    protected String by;","lastModifiedDate":"2021-08-27"},{"lineNumber":4,"author":{"gitId":"swatimahadevan"},"content":"","lastModifiedDate":"2021-08-27"},{"lineNumber":5,"author":{"gitId":"swatimahadevan"},"content":"    public Deadline(String description, String by) {","lastModifiedDate":"2021-08-27"},{"lineNumber":6,"author":{"gitId":"swatimahadevan"},"content":"        super(description);","lastModifiedDate":"2021-08-27"},{"lineNumber":7,"author":{"gitId":"swatimahadevan"},"content":"        this.by \u003d by;","lastModifiedDate":"2021-08-27"},{"lineNumber":8,"author":{"gitId":"swatimahadevan"},"content":"    }","lastModifiedDate":"2021-08-27"},{"lineNumber":9,"author":{"gitId":"swatimahadevan"},"content":"","lastModifiedDate":"2021-08-27"},{"lineNumber":10,"author":{"gitId":"swatimahadevan"},"content":"    @Override","lastModifiedDate":"2021-08-27"},{"lineNumber":11,"author":{"gitId":"swatimahadevan"},"content":"    public String toString() {","lastModifiedDate":"2021-08-27"},{"lineNumber":12,"author":{"gitId":"swatimahadevan"},"content":"        return \"[D]\" + super.toString() + \" (by: \" + by + \")\";","lastModifiedDate":"2021-08-27"},{"lineNumber":13,"author":{"gitId":"swatimahadevan"},"content":"    }","lastModifiedDate":"2021-08-27"},{"lineNumber":14,"author":{"gitId":"swatimahadevan"},"content":"}","lastModifiedDate":"2021-08-27"}],"authorContributionMap":{"swatimahadevan":14}},{"path":"src/main/java/Duke.java","fileType":"java","lines":[{"lineNumber":1,"author":{"gitId":"swatimahadevan"},"content":"import java.util.ArrayList;","lastModifiedDate":"2021-08-20"},{"lineNumber":2,"author":{"gitId":"swatimahadevan"},"content":"import java.util.Scanner;","lastModifiedDate":"2021-08-20"},{"lineNumber":3,"author":{"gitId":"swatimahadevan"},"content":"","lastModifiedDate":"2021-08-20"},{"lineNumber":4,"author":{"gitId":"-"},"content":"public class Duke {","lastModifiedDate":"2021-08-21"},{"lineNumber":5,"author":{"gitId":"swatimahadevan"},"content":"    private static ArrayList\u003cTask\u003e tasksList \u003d new ArrayList\u003c\u003e();","lastModifiedDate":"2021-08-22"},{"lineNumber":6,"author":{"gitId":"swatimahadevan"},"content":"","lastModifiedDate":"2021-08-20"},{"lineNumber":7,"author":{"gitId":"swatimahadevan"},"content":"    public static void printDividerLine() {","lastModifiedDate":"2021-08-21"},{"lineNumber":8,"author":{"gitId":"swatimahadevan"},"content":"        System.out.println(\"____________________________________________________________\");","lastModifiedDate":"2021-08-21"},{"lineNumber":9,"author":{"gitId":"swatimahadevan"},"content":"    }","lastModifiedDate":"2021-08-21"},{"lineNumber":10,"author":{"gitId":"swatimahadevan"},"content":"","lastModifiedDate":"2021-08-21"},{"lineNumber":11,"author":{"gitId":"swatimahadevan"},"content":"    public static void printGreetMessage() {","lastModifiedDate":"2021-08-21"},{"lineNumber":12,"author":{"gitId":"swatimahadevan"},"content":"        String logo \u003d \" _____    ______      \\n\"","lastModifiedDate":"2021-08-28"},{"lineNumber":13,"author":{"gitId":"swatimahadevan"},"content":"                + \"|_   _|   |  _  \\\\     \\n\"","lastModifiedDate":"2021-08-28"},{"lineNumber":14,"author":{"gitId":"swatimahadevan"},"content":"                + \"  | | ___ | | | |___  \\n\"","lastModifiedDate":"2021-08-28"},{"lineNumber":15,"author":{"gitId":"swatimahadevan"},"content":"                + \"  | |/ _ \\\\| | | / _ \\\\ \\n\"","lastModifiedDate":"2021-08-28"},{"lineNumber":16,"author":{"gitId":"swatimahadevan"},"content":"                + \"  | | (_) | |/ / (_) |\\n\"","lastModifiedDate":"2021-08-28"},{"lineNumber":17,"author":{"gitId":"swatimahadevan"},"content":"                + \"  \\\\_/\\\\___/|___/ \\\\___/ \\n\";","lastModifiedDate":"2021-08-28"},{"lineNumber":18,"author":{"gitId":"swatimahadevan"},"content":"        System.out.println(logo);","lastModifiedDate":"2021-08-28"},{"lineNumber":19,"author":{"gitId":"swatimahadevan"},"content":"        printDividerLine();","lastModifiedDate":"2021-08-21"},{"lineNumber":20,"author":{"gitId":"swatimahadevan"},"content":"        System.out.println(\"Hello, I\u0027m ToDo, your personal planner!\\n\" + \"What\u0027s on today\u0027s agenda?\");","lastModifiedDate":"2021-08-28"},{"lineNumber":21,"author":{"gitId":"swatimahadevan"},"content":"        printDividerLine();","lastModifiedDate":"2021-08-21"},{"lineNumber":22,"author":{"gitId":"swatimahadevan"},"content":"    }","lastModifiedDate":"2021-08-20"},{"lineNumber":23,"author":{"gitId":"swatimahadevan"},"content":"","lastModifiedDate":"2021-08-20"},{"lineNumber":24,"author":{"gitId":"swatimahadevan"},"content":"    public static void printByeMessage() {","lastModifiedDate":"2021-08-21"},{"lineNumber":25,"author":{"gitId":"swatimahadevan"},"content":"        printDividerLine();","lastModifiedDate":"2021-08-21"},{"lineNumber":26,"author":{"gitId":"swatimahadevan"},"content":"        System.out.println(\"Bye!\");","lastModifiedDate":"2021-08-28"},{"lineNumber":27,"author":{"gitId":"swatimahadevan"},"content":"        printDividerLine();","lastModifiedDate":"2021-08-21"},{"lineNumber":28,"author":{"gitId":"swatimahadevan"},"content":"    }","lastModifiedDate":"2021-08-20"},{"lineNumber":29,"author":{"gitId":"swatimahadevan"},"content":"","lastModifiedDate":"2021-08-20"},{"lineNumber":30,"author":{"gitId":"swatimahadevan"},"content":"    public static void addTaskToList(String task) {","lastModifiedDate":"2021-08-20"},{"lineNumber":31,"author":{"gitId":"swatimahadevan"},"content":"        if (task.startsWith(\"deadline\")) {","lastModifiedDate":"2021-08-27"},{"lineNumber":32,"author":{"gitId":"swatimahadevan"},"content":"            addDeadline(task);","lastModifiedDate":"2021-08-27"},{"lineNumber":33,"author":{"gitId":"swatimahadevan"},"content":"        } else if (task.startsWith(\"event\")) {","lastModifiedDate":"2021-08-27"},{"lineNumber":34,"author":{"gitId":"swatimahadevan"},"content":"            addEvent(task);","lastModifiedDate":"2021-08-27"},{"lineNumber":35,"author":{"gitId":"swatimahadevan"},"content":"        } else if (task.startsWith(\"todo\")) {","lastModifiedDate":"2021-08-27"},{"lineNumber":36,"author":{"gitId":"swatimahadevan"},"content":"            addToDo(task);","lastModifiedDate":"2021-08-27"},{"lineNumber":37,"author":{"gitId":"swatimahadevan"},"content":"        } else {","lastModifiedDate":"2021-08-27"},{"lineNumber":38,"author":{"gitId":"swatimahadevan"},"content":"            tasksList.add(new Task(task));","lastModifiedDate":"2021-08-22"},{"lineNumber":39,"author":{"gitId":"swatimahadevan"},"content":"        }","lastModifiedDate":"2021-08-27"},{"lineNumber":40,"author":{"gitId":"swatimahadevan"},"content":"","lastModifiedDate":"2021-08-27"},{"lineNumber":41,"author":{"gitId":"swatimahadevan"},"content":"        printDividerLine();","lastModifiedDate":"2021-08-21"},{"lineNumber":42,"author":{"gitId":"swatimahadevan"},"content":"        System.out.println(\"Got it. I\u0027ve added this task:\");","lastModifiedDate":"2021-08-27"},{"lineNumber":43,"author":{"gitId":"swatimahadevan"},"content":"        System.out.println(tasksList.get(tasksList.size() - 1));","lastModifiedDate":"2021-08-27"},{"lineNumber":44,"author":{"gitId":"swatimahadevan"},"content":"        System.out.println(\"Now you have \" + tasksList.size() + \" tasks in the list.\");","lastModifiedDate":"2021-08-27"},{"lineNumber":45,"author":{"gitId":"swatimahadevan"},"content":"        printDividerLine();","lastModifiedDate":"2021-08-21"},{"lineNumber":46,"author":{"gitId":"swatimahadevan"},"content":"    }","lastModifiedDate":"2021-08-20"},{"lineNumber":47,"author":{"gitId":"swatimahadevan"},"content":"","lastModifiedDate":"2021-08-20"},{"lineNumber":48,"author":{"gitId":"swatimahadevan"},"content":"    private static void addToDo(String input) {","lastModifiedDate":"2021-08-27"},{"lineNumber":49,"author":{"gitId":"swatimahadevan"},"content":"        input \u003d input.split(\"todo\")[1].trim();","lastModifiedDate":"2021-08-27"},{"lineNumber":50,"author":{"gitId":"swatimahadevan"},"content":"        tasksList.add(new ToDo(input));","lastModifiedDate":"2021-08-27"},{"lineNumber":51,"author":{"gitId":"swatimahadevan"},"content":"    }","lastModifiedDate":"2021-08-27"},{"lineNumber":52,"author":{"gitId":"swatimahadevan"},"content":"","lastModifiedDate":"2021-08-27"},{"lineNumber":53,"author":{"gitId":"swatimahadevan"},"content":"    private static void addEvent(String input) {","lastModifiedDate":"2021-08-27"},{"lineNumber":54,"author":{"gitId":"swatimahadevan"},"content":"        input \u003d input.split(\"event\")[1].trim();","lastModifiedDate":"2021-08-27"},{"lineNumber":55,"author":{"gitId":"swatimahadevan"},"content":"        String description \u003d input.split(\"/at\")[0].trim();","lastModifiedDate":"2021-08-27"},{"lineNumber":56,"author":{"gitId":"swatimahadevan"},"content":"        String time \u003d input.split(\"/at\")[1].trim();","lastModifiedDate":"2021-08-27"},{"lineNumber":57,"author":{"gitId":"swatimahadevan"},"content":"        tasksList.add(new Event(description, time));","lastModifiedDate":"2021-08-27"},{"lineNumber":58,"author":{"gitId":"swatimahadevan"},"content":"    }","lastModifiedDate":"2021-08-27"},{"lineNumber":59,"author":{"gitId":"swatimahadevan"},"content":"","lastModifiedDate":"2021-08-27"},{"lineNumber":60,"author":{"gitId":"swatimahadevan"},"content":"    private static void addDeadline(String input) {","lastModifiedDate":"2021-08-27"},{"lineNumber":61,"author":{"gitId":"swatimahadevan"},"content":"        input \u003d input.split(\"deadline\")[1].trim();","lastModifiedDate":"2021-08-27"},{"lineNumber":62,"author":{"gitId":"swatimahadevan"},"content":"        String description \u003d input.split(\"/by\")[0].trim();","lastModifiedDate":"2021-08-27"},{"lineNumber":63,"author":{"gitId":"swatimahadevan"},"content":"        String by \u003d input.split(\"/by\")[1].trim();","lastModifiedDate":"2021-08-27"},{"lineNumber":64,"author":{"gitId":"swatimahadevan"},"content":"        tasksList.add(new Deadline(description, by));","lastModifiedDate":"2021-08-27"},{"lineNumber":65,"author":{"gitId":"swatimahadevan"},"content":"    }","lastModifiedDate":"2021-08-27"},{"lineNumber":66,"author":{"gitId":"swatimahadevan"},"content":"","lastModifiedDate":"2021-08-27"},{"lineNumber":67,"author":{"gitId":"swatimahadevan"},"content":"    public static void printTasksList() {","lastModifiedDate":"2021-08-20"},{"lineNumber":68,"author":{"gitId":"swatimahadevan"},"content":"        printDividerLine();","lastModifiedDate":"2021-08-21"},{"lineNumber":69,"author":{"gitId":"swatimahadevan"},"content":"        System.out.println(\"Here are the tasks in your list:\");","lastModifiedDate":"2021-08-20"},{"lineNumber":70,"author":{"gitId":"swatimahadevan"},"content":"        int i \u003d 1;","lastModifiedDate":"2021-08-20"},{"lineNumber":71,"author":{"gitId":"swatimahadevan"},"content":"        for (Task item: tasksList) {","lastModifiedDate":"2021-08-22"},{"lineNumber":72,"author":{"gitId":"swatimahadevan"},"content":"            System.out.println((i++) + \". \" + item);","lastModifiedDate":"2021-08-27"},{"lineNumber":73,"author":{"gitId":"swatimahadevan"},"content":"        }","lastModifiedDate":"2021-08-20"},{"lineNumber":74,"author":{"gitId":"swatimahadevan"},"content":"        printDividerLine();","lastModifiedDate":"2021-08-21"},{"lineNumber":75,"author":{"gitId":"swatimahadevan"},"content":"    }","lastModifiedDate":"2021-08-20"},{"lineNumber":76,"author":{"gitId":"swatimahadevan"},"content":"","lastModifiedDate":"2021-08-20"},{"lineNumber":77,"author":{"gitId":"swatimahadevan"},"content":"    public static void markTaskAsDone(int taskIndex) {","lastModifiedDate":"2021-08-20"},{"lineNumber":78,"author":{"gitId":"swatimahadevan"},"content":"        if (taskIndex \u003c\u003d tasksList.size()) {","lastModifiedDate":"2021-08-27"},{"lineNumber":79,"author":{"gitId":"swatimahadevan"},"content":"            tasksList.get(taskIndex - 1).markAsDone();","lastModifiedDate":"2021-08-22"},{"lineNumber":80,"author":{"gitId":"swatimahadevan"},"content":"            printDividerLine();","lastModifiedDate":"2021-08-21"},{"lineNumber":81,"author":{"gitId":"swatimahadevan"},"content":"            System.out.println(\"Nice! I\u0027ve marked this task as done:\");","lastModifiedDate":"2021-08-20"},{"lineNumber":82,"author":{"gitId":"swatimahadevan"},"content":"            System.out.println(\"[X] \" + tasksList.get(taskIndex - 1).getDescription());","lastModifiedDate":"2021-08-22"},{"lineNumber":83,"author":{"gitId":"swatimahadevan"},"content":"        } else {","lastModifiedDate":"2021-08-27"},{"lineNumber":84,"author":{"gitId":"swatimahadevan"},"content":"            printDividerLine();","lastModifiedDate":"2021-08-27"},{"lineNumber":85,"author":{"gitId":"swatimahadevan"},"content":"            System.out.println(\"Invalid index!\");","lastModifiedDate":"2021-08-27"},{"lineNumber":86,"author":{"gitId":"swatimahadevan"},"content":"        }","lastModifiedDate":"2021-08-27"},{"lineNumber":87,"author":{"gitId":"swatimahadevan"},"content":"        printDividerLine();","lastModifiedDate":"2021-08-21"},{"lineNumber":88,"author":{"gitId":"swatimahadevan"},"content":"    }","lastModifiedDate":"2021-08-20"},{"lineNumber":89,"author":{"gitId":"swatimahadevan"},"content":"","lastModifiedDate":"2021-08-20"},{"lineNumber":90,"author":{"gitId":"swatimahadevan"},"content":"    public static String handleInput(String input) {","lastModifiedDate":"2021-08-28"},{"lineNumber":91,"author":{"gitId":"swatimahadevan"},"content":"        String[] wordsInInputString \u003d input.split(\" \");","lastModifiedDate":"2021-08-28"},{"lineNumber":92,"author":{"gitId":"swatimahadevan"},"content":"        if (input.equals(\"bye\")) {","lastModifiedDate":"2021-08-28"},{"lineNumber":93,"author":{"gitId":"swatimahadevan"},"content":"            return \"End\";","lastModifiedDate":"2021-08-28"},{"lineNumber":94,"author":{"gitId":"swatimahadevan"},"content":"        }","lastModifiedDate":"2021-08-28"},{"lineNumber":95,"author":{"gitId":"swatimahadevan"},"content":"        if (input.equals(\"list\")) {","lastModifiedDate":"2021-08-20"},{"lineNumber":96,"author":{"gitId":"swatimahadevan"},"content":"            printTasksList();","lastModifiedDate":"2021-08-20"},{"lineNumber":97,"author":{"gitId":"swatimahadevan"},"content":"        }","lastModifiedDate":"2021-08-20"},{"lineNumber":98,"author":{"gitId":"swatimahadevan"},"content":"        else if (wordsInInputString[0].equals(\"done\")) {","lastModifiedDate":"2021-08-28"},{"lineNumber":99,"author":{"gitId":"swatimahadevan"},"content":"            int taskIndex \u003d Integer.parseInt(wordsInInputString[1]);","lastModifiedDate":"2021-08-28"},{"lineNumber":100,"author":{"gitId":"swatimahadevan"},"content":"            markTaskAsDone(taskIndex);","lastModifiedDate":"2021-08-20"},{"lineNumber":101,"author":{"gitId":"swatimahadevan"},"content":"        }","lastModifiedDate":"2021-08-20"},{"lineNumber":102,"author":{"gitId":"swatimahadevan"},"content":"        else {","lastModifiedDate":"2021-08-20"},{"lineNumber":103,"author":{"gitId":"swatimahadevan"},"content":"            addTaskToList(input);","lastModifiedDate":"2021-08-20"},{"lineNumber":104,"author":{"gitId":"swatimahadevan"},"content":"        }","lastModifiedDate":"2021-08-20"},{"lineNumber":105,"author":{"gitId":"swatimahadevan"},"content":"        return \"Continue\";","lastModifiedDate":"2021-08-28"},{"lineNumber":106,"author":{"gitId":"swatimahadevan"},"content":"    }","lastModifiedDate":"2021-08-20"},{"lineNumber":107,"author":{"gitId":"swatimahadevan"},"content":"","lastModifiedDate":"2021-08-28"},{"lineNumber":108,"author":{"gitId":"-"},"content":"    public static void main(String[] args) {","lastModifiedDate":"2021-08-28"},{"lineNumber":109,"author":{"gitId":"swatimahadevan"},"content":"        Scanner in \u003d new Scanner(System.in);","lastModifiedDate":"2021-08-28"},{"lineNumber":110,"author":{"gitId":"swatimahadevan"},"content":"        printGreetMessage();","lastModifiedDate":"2021-08-28"},{"lineNumber":111,"author":{"gitId":"swatimahadevan"},"content":"        String input;","lastModifiedDate":"2021-08-28"},{"lineNumber":112,"author":{"gitId":"swatimahadevan"},"content":"        do {","lastModifiedDate":"2021-08-28"},{"lineNumber":113,"author":{"gitId":"swatimahadevan"},"content":"            input \u003d in.nextLine();","lastModifiedDate":"2021-08-28"},{"lineNumber":114,"author":{"gitId":"swatimahadevan"},"content":"        } while (handleInput(input) \u003d\u003d \"Continue\");","lastModifiedDate":"2021-08-28"},{"lineNumber":115,"author":{"gitId":"swatimahadevan"},"content":"        printByeMessage();","lastModifiedDate":"2021-08-21"},{"lineNumber":116,"author":{"gitId":"swatimahadevan"},"content":"        in.close();","lastModifiedDate":"2021-08-20"},{"lineNumber":117,"author":{"gitId":"-"},"content":"    }","lastModifiedDate":"2019-07-29"},{"lineNumber":118,"author":{"gitId":"-"},"content":"}","lastModifiedDate":"2019-07-29"}],"authorContributionMap":{"-":4,"swatimahadevan":114}},{"path":"src/main/java/Event.java","fileType":"java","lines":[{"lineNumber":1,"author":{"gitId":"swatimahadevan"},"content":"public class Event extends Task {","lastModifiedDate":"2021-08-27"},{"lineNumber":2,"author":{"gitId":"swatimahadevan"},"content":"","lastModifiedDate":"2021-08-27"},{"lineNumber":3,"author":{"gitId":"swatimahadevan"},"content":"    protected String at;","lastModifiedDate":"2021-08-27"},{"lineNumber":4,"author":{"gitId":"swatimahadevan"},"content":"","lastModifiedDate":"2021-08-27"},{"lineNumber":5,"author":{"gitId":"swatimahadevan"},"content":"    Event(String description, String at) {","lastModifiedDate":"2021-08-27"},{"lineNumber":6,"author":{"gitId":"swatimahadevan"},"content":"        super(description);","lastModifiedDate":"2021-08-27"},{"lineNumber":7,"author":{"gitId":"swatimahadevan"},"content":"        this.at \u003d at;","lastModifiedDate":"2021-08-27"},{"lineNumber":8,"author":{"gitId":"swatimahadevan"},"content":"    }","lastModifiedDate":"2021-08-27"},{"lineNumber":9,"author":{"gitId":"swatimahadevan"},"content":"","lastModifiedDate":"2021-08-27"},{"lineNumber":10,"author":{"gitId":"swatimahadevan"},"content":"    @Override","lastModifiedDate":"2021-08-27"},{"lineNumber":11,"author":{"gitId":"swatimahadevan"},"content":"    public String toString() {","lastModifiedDate":"2021-08-27"},{"lineNumber":12,"author":{"gitId":"swatimahadevan"},"content":"        return \"[E]\" + super.toString() + \" (at: \" + at + \")\";","lastModifiedDate":"2021-08-27"},{"lineNumber":13,"author":{"gitId":"swatimahadevan"},"content":"    }","lastModifiedDate":"2021-08-27"},{"lineNumber":14,"author":{"gitId":"swatimahadevan"},"content":"}","lastModifiedDate":"2021-08-27"}],"authorContributionMap":{"swatimahadevan":14}},{"path":"src/main/java/Task.java","fileType":"java","lines":[{"lineNumber":1,"author":{"gitId":"swatimahadevan"},"content":"public class Task {","lastModifiedDate":"2021-08-20"},{"lineNumber":2,"author":{"gitId":"swatimahadevan"},"content":"","lastModifiedDate":"2021-08-27"},{"lineNumber":3,"author":{"gitId":"swatimahadevan"},"content":"    protected String description;","lastModifiedDate":"2021-08-20"},{"lineNumber":4,"author":{"gitId":"swatimahadevan"},"content":"    protected boolean isDone;","lastModifiedDate":"2021-08-20"},{"lineNumber":5,"author":{"gitId":"swatimahadevan"},"content":"","lastModifiedDate":"2021-08-20"},{"lineNumber":6,"author":{"gitId":"swatimahadevan"},"content":"    public Task(String description) {","lastModifiedDate":"2021-08-20"},{"lineNumber":7,"author":{"gitId":"swatimahadevan"},"content":"        this.description \u003d description;","lastModifiedDate":"2021-08-20"},{"lineNumber":8,"author":{"gitId":"swatimahadevan"},"content":"        this.isDone \u003d false;","lastModifiedDate":"2021-08-20"},{"lineNumber":9,"author":{"gitId":"swatimahadevan"},"content":"    }","lastModifiedDate":"2021-08-20"},{"lineNumber":10,"author":{"gitId":"swatimahadevan"},"content":"","lastModifiedDate":"2021-08-20"},{"lineNumber":11,"author":{"gitId":"swatimahadevan"},"content":"    public String getStatusIcon() {","lastModifiedDate":"2021-08-20"},{"lineNumber":12,"author":{"gitId":"swatimahadevan"},"content":"        return (isDone ? \"[X]\" : \"[ ]\"); // mark done task with X","lastModifiedDate":"2021-08-20"},{"lineNumber":13,"author":{"gitId":"swatimahadevan"},"content":"    }","lastModifiedDate":"2021-08-20"},{"lineNumber":14,"author":{"gitId":"swatimahadevan"},"content":"","lastModifiedDate":"2021-08-20"},{"lineNumber":15,"author":{"gitId":"swatimahadevan"},"content":"    public void markAsDone() {","lastModifiedDate":"2021-08-27"},{"lineNumber":16,"author":{"gitId":"swatimahadevan"},"content":"        this.isDone \u003d true;","lastModifiedDate":"2021-08-27"},{"lineNumber":17,"author":{"gitId":"swatimahadevan"},"content":"    }","lastModifiedDate":"2021-08-27"},{"lineNumber":18,"author":{"gitId":"swatimahadevan"},"content":"","lastModifiedDate":"2021-08-27"},{"lineNumber":19,"author":{"gitId":"swatimahadevan"},"content":"    public String getDescription() {","lastModifiedDate":"2021-08-20"},{"lineNumber":20,"author":{"gitId":"swatimahadevan"},"content":"        return description;","lastModifiedDate":"2021-08-20"},{"lineNumber":21,"author":{"gitId":"swatimahadevan"},"content":"    }","lastModifiedDate":"2021-08-20"},{"lineNumber":22,"author":{"gitId":"swatimahadevan"},"content":"","lastModifiedDate":"2021-08-20"},{"lineNumber":23,"author":{"gitId":"swatimahadevan"},"content":"    @Override","lastModifiedDate":"2021-08-27"},{"lineNumber":24,"author":{"gitId":"swatimahadevan"},"content":"    public String toString() {","lastModifiedDate":"2021-08-27"},{"lineNumber":25,"author":{"gitId":"swatimahadevan"},"content":"        return getStatusIcon() + \" \" + description;","lastModifiedDate":"2021-08-27"},{"lineNumber":26,"author":{"gitId":"swatimahadevan"},"content":"    }","lastModifiedDate":"2021-08-20"},{"lineNumber":27,"author":{"gitId":"swatimahadevan"},"content":"}","lastModifiedDate":"2021-08-20"}],"authorContributionMap":{"swatimahadevan":27}},{"path":"src/main/java/ToDo.java","fileType":"java","lines":[{"lineNumber":1,"author":{"gitId":"swatimahadevan"},"content":"public class ToDo extends Task {","lastModifiedDate":"2021-08-27"},{"lineNumber":2,"author":{"gitId":"swatimahadevan"},"content":"","lastModifiedDate":"2021-08-27"},{"lineNumber":3,"author":{"gitId":"swatimahadevan"},"content":"    ToDo(String description) {","lastModifiedDate":"2021-08-27"},{"lineNumber":4,"author":{"gitId":"swatimahadevan"},"content":"        super(description);","lastModifiedDate":"2021-08-27"},{"lineNumber":5,"author":{"gitId":"swatimahadevan"},"content":"    }","lastModifiedDate":"2021-08-27"},{"lineNumber":6,"author":{"gitId":"swatimahadevan"},"content":"","lastModifiedDate":"2021-08-27"},{"lineNumber":7,"author":{"gitId":"swatimahadevan"},"content":"    @Override","lastModifiedDate":"2021-08-27"},{"lineNumber":8,"author":{"gitId":"swatimahadevan"},"content":"    public String toString() {","lastModifiedDate":"2021-08-27"},{"lineNumber":9,"author":{"gitId":"swatimahadevan"},"content":"        return \"[T]\" + super.toString();","lastModifiedDate":"2021-08-27"},{"lineNumber":10,"author":{"gitId":"swatimahadevan"},"content":"    }","lastModifiedDate":"2021-08-27"},{"lineNumber":11,"author":{"gitId":"swatimahadevan"},"content":"}","lastModifiedDate":"2021-08-27"}],"authorContributionMap":{"swatimahadevan":11}},{"path":"text-ui-test/input.txt","fileType":"txt","lines":[{"lineNumber":1,"author":{"gitId":"swatimahadevan"},"content":"todo borrow book","lastModifiedDate":"2021-08-27"},{"lineNumber":2,"author":{"gitId":"swatimahadevan"},"content":"deadline return book /by Sunday","lastModifiedDate":"2021-08-27"},{"lineNumber":3,"author":{"gitId":"swatimahadevan"},"content":"event project meeting /at Mon 2-4pm","lastModifiedDate":"2021-08-27"},{"lineNumber":4,"author":{"gitId":"swatimahadevan"},"content":"list","lastModifiedDate":"2021-08-27"},{"lineNumber":5,"author":{"gitId":"swatimahadevan"},"content":"done 1","lastModifiedDate":"2021-08-27"},{"lineNumber":6,"author":{"gitId":"swatimahadevan"},"content":"done 2","lastModifiedDate":"2021-08-27"},{"lineNumber":7,"author":{"gitId":"swatimahadevan"},"content":"list","lastModifiedDate":"2021-08-27"}],"authorContributionMap":{"swatimahadevan":7}},{"path":"text-ui-test/runtest.bat","fileType":"bat","lines":[{"lineNumber":1,"author":{"gitId":"-"},"content":"@ECHO OFF","lastModifiedDate":"2020-05-25"},{"lineNumber":2,"author":{"gitId":"-"},"content":"","lastModifiedDate":"2020-05-25"},{"lineNumber":3,"author":{"gitId":"-"},"content":"REM create bin directory if it doesn\u0027t exist","lastModifiedDate":"2020-05-25"},{"lineNumber":4,"author":{"gitId":"-"},"content":"if not exist ..\\bin mkdir ..\\bin","lastModifiedDate":"2020-05-25"},{"lineNumber":5,"author":{"gitId":"-"},"content":"","lastModifiedDate":"2020-05-25"},{"lineNumber":6,"author":{"gitId":"-"},"content":"REM delete output from previous run","lastModifiedDate":"2020-05-25"},{"lineNumber":7,"author":{"gitId":"-"},"content":"if exist ACTUAL.TXT del ACTUAL.TXT","lastModifiedDate":"2020-08-25"},{"lineNumber":8,"author":{"gitId":"-"},"content":"","lastModifiedDate":"2020-05-25"},{"lineNumber":9,"author":{"gitId":"-"},"content":"REM compile the code into the bin folder","lastModifiedDate":"2020-05-25"},{"lineNumber":10,"author":{"gitId":"swatimahadevan"},"content":"javac  -cp ..\\src\\main\\java -Xlint:none -d ..\\bin ..\\src\\main\\java\\Duke.java","lastModifiedDate":"2021-08-27"},{"lineNumber":11,"author":{"gitId":"-"},"content":"IF ERRORLEVEL 1 (","lastModifiedDate":"2020-05-25"},{"lineNumber":12,"author":{"gitId":"-"},"content":"    echo ********** BUILD FAILURE **********","lastModifiedDate":"2020-05-25"},{"lineNumber":13,"author":{"gitId":"-"},"content":"    exit /b 1","lastModifiedDate":"2020-05-25"},{"lineNumber":14,"author":{"gitId":"-"},"content":")","lastModifiedDate":"2020-05-25"},{"lineNumber":15,"author":{"gitId":"-"},"content":"REM no error here, errorlevel \u003d\u003d 0","lastModifiedDate":"2020-05-25"},{"lineNumber":16,"author":{"gitId":"-"},"content":"","lastModifiedDate":"2020-05-25"},{"lineNumber":17,"author":{"gitId":"-"},"content":"REM run the program, feed commands from input.txt file and redirect the output to the ACTUAL.TXT","lastModifiedDate":"2020-05-25"},{"lineNumber":18,"author":{"gitId":"-"},"content":"java -classpath ..\\bin Duke \u003c input.txt \u003e ACTUAL.TXT","lastModifiedDate":"2020-05-25"},{"lineNumber":19,"author":{"gitId":"-"},"content":"","lastModifiedDate":"2020-05-25"},{"lineNumber":20,"author":{"gitId":"-"},"content":"REM compare the output to the expected output","lastModifiedDate":"2020-05-25"},{"lineNumber":21,"author":{"gitId":"-"},"content":"FC ACTUAL.TXT EXPECTED.TXT","lastModifiedDate":"2020-05-25"}],"authorContributionMap":{"-":20,"swatimahadevan":1}}]
