{"authorDailyContributionsMap":{"izdiyadfrhn":[{"date":"2021-08-19","commitResults":[{"hash":"0ae4476154b8012aa1b3b54e6f135a8f4d2b6f59","messageTitle":"Level 0: Greet","messageBody":"","tags":["Level-0"],"fileTypesAndContributionMap":{"java":{"insertions":7,"deletions":1}}}]},{"date":"2021-08-24","commitResults":[{"hash":"f1e5cedcee290b0376734ff00bd1b0b38f7e1d41","messageTitle":"Level-1","messageBody":"","tags":["Level-1"],"fileTypesAndContributionMap":{"java":{"insertions":41,"deletions":7}}},{"hash":"3414427f6bdbcf5de95086b2cc19898ed836f4c1","messageTitle":"Add, List","messageBody":"","tags":["Level-2"],"fileTypesAndContributionMap":{"java":{"insertions":29,"deletions":9}}},{"hash":"73e3f7f17e57265704f69fffb8046012b430f83c","messageTitle":"Mark as Done","messageBody":"","tags":["Level-3"],"fileTypesAndContributionMap":{"java":{"insertions":38,"deletions":5}}}]},{"date":"2021-08-26","commitResults":[{"hash":"3422f000e7cbb3ea4e7f7cbf2ff7a8788c780ae0","messageTitle":"Follow the Coding Standard","messageBody":"","tags":["A-CodingStandard"],"fileTypesAndContributionMap":{"java":{"insertions":9,"deletions":2}}}]},{"date":"2021-09-01","commitResults":[{"hash":"875b0d988c7fce9f174874e2e5e04fbad973963a","messageTitle":"ToDos, Events, Deadlines","messageBody":"","tags":["Level-4"],"fileTypesAndContributionMap":{"java":{"insertions":137,"deletions":48}}},{"hash":"8ee920b64fdbb25262b0a74e49bf523aa267c33c","messageTitle":"A-TextUiTesting","messageBody":"","tags":["A-TextUiTesting"],"fileTypesAndContributionMap":{"txt":{"insertions":19,"deletions":0},"bat":{"insertions":1,"deletions":1}}},{"hash":"d053ba6bc6dda34dce7fe7ffb74ae304c90cc95c","messageTitle":"Improve code quality","messageBody":"","tags":["A-CodeQuality"],"fileTypesAndContributionMap":{"java":{"insertions":13,"deletions":10}}}]},{"date":"2021-09-05","commitResults":[{"hash":"8ffc16c35ed16e201853d1d4d6de1dc0084f4c9d","messageTitle":"Handle Errors","messageBody":"","tags":["Level-5","A-Exceptions"],"fileTypesAndContributionMap":{"java":{"insertions":114,"deletions":69}}}]},{"date":"2021-09-06","commitResults":[{"hash":"01d5ff967d3b9e89e3265fc35950a163fcef2951","messageTitle":"Organize into packages","messageBody":"","tags":["A-Packages"],"fileTypesAndContributionMap":{"java":{"insertions":77,"deletions":44}}}]},{"date":"2021-09-12","commitResults":[{"hash":"eb201874d887ad2f9dd3daa97d1a7d0ba7111e45","messageTitle":"Add support for deleting tasks from the list.","messageBody":"","tags":["Level-6","A-Collections"],"fileTypesAndContributionMap":{"java":{"insertions":56,"deletions":29}}},{"hash":"d2b41c7eb7476e284b511aa8af59b58f7acdb9ba","messageTitle":"Save the tasks in the hard disk automatically whenever the task list changes.","messageBody":"","tags":["Level-7"],"fileTypesAndContributionMap":{"txt":{"insertions":4,"deletions":0},"java":{"insertions":84,"deletions":2}}}]},{"date":"2021-09-17","commitResults":[{"hash":"67b4f6d35e55723af30c03cf7a09fa35fd9b0288","messageTitle":"Use More OOP","messageBody":"","tags":["A-MoreOOP"],"fileTypesAndContributionMap":{"txt":{"insertions":0,"deletions":1},"java":{"insertions":516,"deletions":277}}}]},{"date":"2021-09-18","commitResults":[{"hash":"5d454d852fe3fd7b7fde80fcb6909176deaa3d1e","messageTitle":"Give users a way to find a task by searching for a keyword.","messageBody":"","tags":["Level-9"],"fileTypesAndContributionMap":{"txt":{"insertions":3,"deletions":0},"java":{"insertions":44,"deletions":0}}},{"hash":"236ed11407eec8448305606755d6b2706f500d81","messageTitle":"Add JavaDoc comments to the code.","messageBody":"","tags":["A-JavaDoc"],"fileTypesAndContributionMap":{"java":{"insertions":186,"deletions":43}}}]},{"date":"2021-09-19","commitResults":[{"hash":"cac1c93b3cf36f5ac638dae98fb840ca9b72878d","messageTitle":"Changed task manager\u0027s name","messageBody":"","fileTypesAndContributionMap":{"txt":{"insertions":0,"deletions":3},"java":{"insertions":104,"deletions":104}}},{"hash":"2a1bdf260c0c60fccf84f2e457ab329185ff7b70","messageTitle":"Reviewed code after comments from TA","messageBody":"","fileTypesAndContributionMap":{"txt":{"insertions":4,"deletions":12},"java":{"insertions":18,"deletions":19},"bat":{"insertions":2,"deletions":2},"sh":{"insertions":1,"deletions":1}}}]}]},"authorFileTypeContributionMap":{"izdiyadfrhn":{"java":819,"md":0,"fxml":0,"sh":1,"bat":2,"gradle":0,"txt":11}},"authorContributionVariance":{"izdiyadfrhn":3661.6482},"authorDisplayNameMap":{"izdiyadfrhn":"CS2113T-F12-4 IZDI..ZURI"}}
