{"authorDailyContributionsMap":{"jiexiong-zeng":[{"date":"2021-08-25","commitResults":[{"hash":"c935cd21d2a81ca62a2261f1638f74ddcb0fbe78","messageTitle":"Greet and Bye","messageBody":"","tags":["Level-0"],"fileTypesAndContributionMap":{"java":{"insertions":23,"deletions":0}}},{"hash":"3feaa68c55f0810eb8dd8a7277df8a6edc592375","messageTitle":"Added echo function","messageBody":"","tags":["Level-1"],"fileTypesAndContributionMap":{"java":{"insertions":19,"deletions":0}}},{"hash":"5e02b133a2992bcb14ae31e702b658d6b5b4f582","messageTitle":"Added functions to add items to list and display the list","messageBody":"","tags":["Level-2"],"fileTypesAndContributionMap":{"java":{"insertions":90,"deletions":8}}},{"hash":"8d689f77ac58adcb58e19990e77dfa8a7a2594ea","messageTitle":"Added Task class Added method to mark task as completed","messageBody":"","tags":["Level-3"],"fileTypesAndContributionMap":{"java":{"insertions":52,"deletions":3}}},{"hash":"9868325b964a7e8a30e77850376b0ff7e7910784","messageTitle":"Update code format","messageBody":"","tags":["A-CodingStandard"],"fileTypesAndContributionMap":{"java":{"insertions":17,"deletions":17}}}]},{"date":"2021-08-29","commitResults":[{"hash":"b17fc0f3b18b7e9e2e6c70ccc6b7eed490bc5704","messageTitle":"Add ToDo, Deadline, Event classes","messageBody":"","tags":["Level-4"],"fileTypesAndContributionMap":{"java":{"insertions":77,"deletions":21}}},{"hash":"bc6df981647bf83b6754c1286f2fa0969dcd23ad","messageTitle":"Improve code quality","messageBody":"","tags":["A-CodeQuality"],"fileTypesAndContributionMap":{"java":{"insertions":14,"deletions":18}}}]},{"date":"2021-09-04","commitResults":[{"hash":"f7c3bf4aef9ee211eaf0596f26caad6b6a08af59","messageTitle":"change duke structure implement simpler task selection","messageBody":"","fileTypesAndContributionMap":{"java":{"insertions":66,"deletions":66}}}]},{"date":"2021-09-05","commitResults":[{"hash":"d74a60ca37ce0f581a632da6828725de3a362ea7","messageTitle":"add error handling for the following: missing event for add task missing date for add task invalid input done task that does not exist","messageBody":"","tags":["Level-5"],"fileTypesAndContributionMap":{"java":{"insertions":55,"deletions":32}}},{"hash":"f5e712e60aaa9b8beff4abe75d44fb5840c654ba","messageTitle":"divide classes into packages","messageBody":"","tags":["A-Packages"],"fileTypesAndContributionMap":{"java":{"insertions":17,"deletions":0}}}]}]},"authorFileTypeContributionMap":{"jiexiong-zeng":{"java":271,"md":0,"fxml":0,"sh":0,"bat":0,"gradle":0,"txt":0}},"authorContributionVariance":{"jiexiong-zeng":410.54733},"authorDisplayNameMap":{"jiexiong-zeng":"CS2113T-F11-1 ZENG..IONG"}}
