[{"path":"src/main/java/Display.java","fileType":"java","lines":[{"lineNumber":1,"author":{"gitId":"theodorekwok"},"content":"public class Display {","lastModifiedDate":"2021-08-20"},{"lineNumber":2,"author":{"gitId":"theodorekwok"},"content":"    public static void printListTaskLine() {","lastModifiedDate":"2021-08-20"},{"lineNumber":3,"author":{"gitId":"theodorekwok"},"content":"        System.out.println(\"\u003e\u003e\u003e\u003e\u003e\u003e\u003e\u003e\u003e\u003e\u003e\u003e\u003e\u003e\u003e\u003e\u003e\u003e\u003e\u003e\u003e\u003e\u003e\u003e\u003e\u003e\u003e\u003e\u003e\u003e\u003e\u003e\u003e\");","lastModifiedDate":"2021-08-20"},{"lineNumber":4,"author":{"gitId":"theodorekwok"},"content":"    }","lastModifiedDate":"2021-08-20"},{"lineNumber":5,"author":{"gitId":"theodorekwok"},"content":"    public static void printAddTaskLine() {","lastModifiedDate":"2021-08-20"},{"lineNumber":6,"author":{"gitId":"theodorekwok"},"content":"        System.out.println(\"*********************************\");","lastModifiedDate":"2021-08-20"},{"lineNumber":7,"author":{"gitId":"theodorekwok"},"content":"    }","lastModifiedDate":"2021-08-20"},{"lineNumber":8,"author":{"gitId":"theodorekwok"},"content":"    public static void printSeparatingLine() {","lastModifiedDate":"2021-08-20"},{"lineNumber":9,"author":{"gitId":"theodorekwok"},"content":"        System.out.println(\"---------------------------------\");","lastModifiedDate":"2021-08-20"},{"lineNumber":10,"author":{"gitId":"theodorekwok"},"content":"    }","lastModifiedDate":"2021-08-20"},{"lineNumber":11,"author":{"gitId":"theodorekwok"},"content":"}","lastModifiedDate":"2021-08-20"}],"authorContributionMap":{"theodorekwok":11}},{"path":"src/main/java/Duke.java","fileType":"java","lines":[{"lineNumber":1,"author":{"gitId":"theodorekwok"},"content":"import java.util.Scanner;","lastModifiedDate":"2021-08-20"},{"lineNumber":2,"author":{"gitId":"theodorekwok"},"content":"","lastModifiedDate":"2021-08-20"},{"lineNumber":3,"author":{"gitId":"-"},"content":"public class Duke {","lastModifiedDate":"2019-07-29"},{"lineNumber":4,"author":{"gitId":"theodorekwok"},"content":"","lastModifiedDate":"2021-08-20"},{"lineNumber":5,"author":{"gitId":"theodorekwok"},"content":"    public static final String EXIT_PROGRAM \u003d \"bye\";","lastModifiedDate":"2021-08-20"},{"lineNumber":6,"author":{"gitId":"theodorekwok"},"content":"    public static final String LIST_TASK \u003d \"list\";","lastModifiedDate":"2021-08-20"},{"lineNumber":7,"author":{"gitId":"theodorekwok"},"content":"    public static final String MARK_DONE \u003d \"done\";","lastModifiedDate":"2021-08-20"},{"lineNumber":8,"author":{"gitId":"theodorekwok"},"content":"","lastModifiedDate":"2021-08-13"},{"lineNumber":9,"author":{"gitId":"theodorekwok"},"content":"    public static void greet() {","lastModifiedDate":"2021-08-13"},{"lineNumber":10,"author":{"gitId":"theodorekwok"},"content":"        Display.printSeparatingLine();","lastModifiedDate":"2021-08-20"},{"lineNumber":11,"author":{"gitId":"theodorekwok"},"content":"        System.out.println(\"Hello! I\u0027m Duke\");","lastModifiedDate":"2021-08-13"},{"lineNumber":12,"author":{"gitId":"theodorekwok"},"content":"        System.out.println(\"What can I do for you?\\n\");","lastModifiedDate":"2021-08-13"},{"lineNumber":13,"author":{"gitId":"theodorekwok"},"content":"    }","lastModifiedDate":"2021-08-13"},{"lineNumber":14,"author":{"gitId":"theodorekwok"},"content":"","lastModifiedDate":"2021-08-13"},{"lineNumber":15,"author":{"gitId":"theodorekwok"},"content":"    public static void goodbye() {","lastModifiedDate":"2021-08-13"},{"lineNumber":16,"author":{"gitId":"theodorekwok"},"content":"        Display.printSeparatingLine();","lastModifiedDate":"2021-08-20"},{"lineNumber":17,"author":{"gitId":"theodorekwok"},"content":"        System.out.println(\"Bye. Hope to see you again soon!\\n\");","lastModifiedDate":"2021-08-13"},{"lineNumber":18,"author":{"gitId":"theodorekwok"},"content":"        Display.printSeparatingLine();","lastModifiedDate":"2021-08-20"},{"lineNumber":19,"author":{"gitId":"theodorekwok"},"content":"    }","lastModifiedDate":"2021-08-13"},{"lineNumber":20,"author":{"gitId":"theodorekwok"},"content":"","lastModifiedDate":"2021-08-13"},{"lineNumber":21,"author":{"gitId":"theodorekwok"},"content":"    public static void interact() {","lastModifiedDate":"2021-08-20"},{"lineNumber":22,"author":{"gitId":"theodorekwok"},"content":"        String line;","lastModifiedDate":"2021-08-20"},{"lineNumber":23,"author":{"gitId":"theodorekwok"},"content":"        Scanner in \u003d new Scanner(System.in);","lastModifiedDate":"2021-08-20"},{"lineNumber":24,"author":{"gitId":"theodorekwok"},"content":"        TaskManager taskManager \u003d new TaskManager();","lastModifiedDate":"2021-08-20"},{"lineNumber":25,"author":{"gitId":"theodorekwok"},"content":"        Boolean isStillInteracting \u003d true;","lastModifiedDate":"2021-08-20"},{"lineNumber":26,"author":{"gitId":"theodorekwok"},"content":"        while (isStillInteracting) {","lastModifiedDate":"2021-08-20"},{"lineNumber":27,"author":{"gitId":"theodorekwok"},"content":"            line \u003d in.nextLine();","lastModifiedDate":"2021-08-20"},{"lineNumber":28,"author":{"gitId":"theodorekwok"},"content":"            String[] words \u003d line.trim().split(\" \");","lastModifiedDate":"2021-08-20"},{"lineNumber":29,"author":{"gitId":"theodorekwok"},"content":"","lastModifiedDate":"2021-08-20"},{"lineNumber":30,"author":{"gitId":"theodorekwok"},"content":"            switch (words[0]) {","lastModifiedDate":"2021-08-20"},{"lineNumber":31,"author":{"gitId":"theodorekwok"},"content":"            case LIST_TASK:","lastModifiedDate":"2021-08-20"},{"lineNumber":32,"author":{"gitId":"theodorekwok"},"content":"                taskManager.listTask();","lastModifiedDate":"2021-08-20"},{"lineNumber":33,"author":{"gitId":"theodorekwok"},"content":"                break;","lastModifiedDate":"2021-08-20"},{"lineNumber":34,"author":{"gitId":"theodorekwok"},"content":"            case MARK_DONE:","lastModifiedDate":"2021-08-20"},{"lineNumber":35,"author":{"gitId":"theodorekwok"},"content":"                int taskNumber \u003d Integer.parseInt(words[1]) - 1;","lastModifiedDate":"2021-08-20"},{"lineNumber":36,"author":{"gitId":"theodorekwok"},"content":"                taskManager.markTaskAsCompleted(taskNumber);","lastModifiedDate":"2021-08-20"},{"lineNumber":37,"author":{"gitId":"theodorekwok"},"content":"                break;","lastModifiedDate":"2021-08-20"},{"lineNumber":38,"author":{"gitId":"theodorekwok"},"content":"            case EXIT_PROGRAM:","lastModifiedDate":"2021-08-20"},{"lineNumber":39,"author":{"gitId":"theodorekwok"},"content":"                isStillInteracting \u003d false;","lastModifiedDate":"2021-08-20"},{"lineNumber":40,"author":{"gitId":"theodorekwok"},"content":"                break;","lastModifiedDate":"2021-08-20"},{"lineNumber":41,"author":{"gitId":"theodorekwok"},"content":"            default:","lastModifiedDate":"2021-08-20"},{"lineNumber":42,"author":{"gitId":"theodorekwok"},"content":"                taskManager.addTask(line);","lastModifiedDate":"2021-08-20"},{"lineNumber":43,"author":{"gitId":"theodorekwok"},"content":"                break;","lastModifiedDate":"2021-08-20"},{"lineNumber":44,"author":{"gitId":"theodorekwok"},"content":"            }","lastModifiedDate":"2021-08-20"},{"lineNumber":45,"author":{"gitId":"theodorekwok"},"content":"        }","lastModifiedDate":"2021-08-20"},{"lineNumber":46,"author":{"gitId":"theodorekwok"},"content":"    }","lastModifiedDate":"2021-08-20"},{"lineNumber":47,"author":{"gitId":"theodorekwok"},"content":"","lastModifiedDate":"2021-08-20"},{"lineNumber":48,"author":{"gitId":"-"},"content":"    public static void main(String[] args) {","lastModifiedDate":"2019-07-29"},{"lineNumber":49,"author":{"gitId":"-"},"content":"        String logo \u003d \" ____        _        \\n\"","lastModifiedDate":"2019-07-29"},{"lineNumber":50,"author":{"gitId":"-"},"content":"                + \"|  _ \\\\ _   _| | _____ \\n\"","lastModifiedDate":"2019-07-29"},{"lineNumber":51,"author":{"gitId":"-"},"content":"                + \"| | | | | | | |/ / _ \\\\\\n\"","lastModifiedDate":"2019-07-29"},{"lineNumber":52,"author":{"gitId":"-"},"content":"                + \"| |_| | |_| |   \u003c  __/\\n\"","lastModifiedDate":"2019-07-29"},{"lineNumber":53,"author":{"gitId":"-"},"content":"                + \"|____/ \\\\__,_|_|\\\\_\\\\___|\\n\";","lastModifiedDate":"2019-07-29"},{"lineNumber":54,"author":{"gitId":"-"},"content":"        System.out.println(\"Hello from\\n\" + logo);","lastModifiedDate":"2019-07-29"},{"lineNumber":55,"author":{"gitId":"theodorekwok"},"content":"        greet();","lastModifiedDate":"2021-08-13"},{"lineNumber":56,"author":{"gitId":"theodorekwok"},"content":"        interact();","lastModifiedDate":"2021-08-20"},{"lineNumber":57,"author":{"gitId":"theodorekwok"},"content":"        goodbye();","lastModifiedDate":"2021-08-13"},{"lineNumber":58,"author":{"gitId":"-"},"content":"    }","lastModifiedDate":"2019-07-29"},{"lineNumber":59,"author":{"gitId":"-"},"content":"}","lastModifiedDate":"2019-07-29"}],"authorContributionMap":{"theodorekwok":49,"-":10}},{"path":"src/main/java/Task.java","fileType":"java","lines":[{"lineNumber":1,"author":{"gitId":"theodorekwok"},"content":"public class Task {","lastModifiedDate":"2021-08-20"},{"lineNumber":2,"author":{"gitId":"theodorekwok"},"content":"    private String taskName;","lastModifiedDate":"2021-08-20"},{"lineNumber":3,"author":{"gitId":"theodorekwok"},"content":"    private Boolean isCompleted;","lastModifiedDate":"2021-08-20"},{"lineNumber":4,"author":{"gitId":"theodorekwok"},"content":"","lastModifiedDate":"2021-08-20"},{"lineNumber":5,"author":{"gitId":"theodorekwok"},"content":"    public Task(String taskName) {","lastModifiedDate":"2021-08-20"},{"lineNumber":6,"author":{"gitId":"theodorekwok"},"content":"        this.taskName \u003d taskName;","lastModifiedDate":"2021-08-20"},{"lineNumber":7,"author":{"gitId":"theodorekwok"},"content":"        isCompleted \u003d false;","lastModifiedDate":"2021-08-20"},{"lineNumber":8,"author":{"gitId":"theodorekwok"},"content":"        Display.printAddTaskLine();","lastModifiedDate":"2021-08-20"},{"lineNumber":9,"author":{"gitId":"theodorekwok"},"content":"        System.out.println(\"Task Added: \" + taskName + \"\\n\");","lastModifiedDate":"2021-08-20"},{"lineNumber":10,"author":{"gitId":"theodorekwok"},"content":"        Display.printAddTaskLine();","lastModifiedDate":"2021-08-20"},{"lineNumber":11,"author":{"gitId":"theodorekwok"},"content":"    }","lastModifiedDate":"2021-08-20"},{"lineNumber":12,"author":{"gitId":"theodorekwok"},"content":"","lastModifiedDate":"2021-08-20"},{"lineNumber":13,"author":{"gitId":"theodorekwok"},"content":"    public String getTask() {","lastModifiedDate":"2021-08-20"},{"lineNumber":14,"author":{"gitId":"theodorekwok"},"content":"        return taskName;","lastModifiedDate":"2021-08-20"},{"lineNumber":15,"author":{"gitId":"theodorekwok"},"content":"    }","lastModifiedDate":"2021-08-20"},{"lineNumber":16,"author":{"gitId":"theodorekwok"},"content":"","lastModifiedDate":"2021-08-20"},{"lineNumber":17,"author":{"gitId":"theodorekwok"},"content":"    public void setTaskCompleted() {","lastModifiedDate":"2021-08-20"},{"lineNumber":18,"author":{"gitId":"theodorekwok"},"content":"        isCompleted \u003d true;","lastModifiedDate":"2021-08-20"},{"lineNumber":19,"author":{"gitId":"theodorekwok"},"content":"    }","lastModifiedDate":"2021-08-20"},{"lineNumber":20,"author":{"gitId":"theodorekwok"},"content":"","lastModifiedDate":"2021-08-20"},{"lineNumber":21,"author":{"gitId":"theodorekwok"},"content":"    public Boolean getIsCompleted() {","lastModifiedDate":"2021-08-20"},{"lineNumber":22,"author":{"gitId":"theodorekwok"},"content":"        return isCompleted;","lastModifiedDate":"2021-08-20"},{"lineNumber":23,"author":{"gitId":"theodorekwok"},"content":"    }","lastModifiedDate":"2021-08-20"},{"lineNumber":24,"author":{"gitId":"theodorekwok"},"content":"}","lastModifiedDate":"2021-08-20"}],"authorContributionMap":{"theodorekwok":24}},{"path":"src/main/java/TaskManager.java","fileType":"java","lines":[{"lineNumber":1,"author":{"gitId":"theodorekwok"},"content":"public class TaskManager {","lastModifiedDate":"2021-08-20"},{"lineNumber":2,"author":{"gitId":"theodorekwok"},"content":"    private Task[] taskList \u003d new Task[100];","lastModifiedDate":"2021-08-20"},{"lineNumber":3,"author":{"gitId":"theodorekwok"},"content":"    private int taskCount;","lastModifiedDate":"2021-08-20"},{"lineNumber":4,"author":{"gitId":"theodorekwok"},"content":"","lastModifiedDate":"2021-08-20"},{"lineNumber":5,"author":{"gitId":"theodorekwok"},"content":"    public void addTask(String taskName) {","lastModifiedDate":"2021-08-20"},{"lineNumber":6,"author":{"gitId":"theodorekwok"},"content":"        taskList[taskCount] \u003d new Task(taskName);","lastModifiedDate":"2021-08-20"},{"lineNumber":7,"author":{"gitId":"theodorekwok"},"content":"        taskCount++;","lastModifiedDate":"2021-08-20"},{"lineNumber":8,"author":{"gitId":"theodorekwok"},"content":"    }","lastModifiedDate":"2021-08-20"},{"lineNumber":9,"author":{"gitId":"theodorekwok"},"content":"","lastModifiedDate":"2021-08-20"},{"lineNumber":10,"author":{"gitId":"theodorekwok"},"content":"    public void markTaskAsCompleted(int taskNumber) {","lastModifiedDate":"2021-08-20"},{"lineNumber":11,"author":{"gitId":"theodorekwok"},"content":"        taskList[taskNumber].setTaskCompleted();","lastModifiedDate":"2021-08-20"},{"lineNumber":12,"author":{"gitId":"theodorekwok"},"content":"        System.out.println(\"Nice! Marking \" + taskList[taskNumber].getTask() + \" as done!\");","lastModifiedDate":"2021-08-20"},{"lineNumber":13,"author":{"gitId":"theodorekwok"},"content":"        System.out.println(createCheckboxDisplay(taskList[taskNumber]) + \" \" + taskList[taskNumber].getTask());","lastModifiedDate":"2021-08-20"},{"lineNumber":14,"author":{"gitId":"theodorekwok"},"content":"    }","lastModifiedDate":"2021-08-20"},{"lineNumber":15,"author":{"gitId":"theodorekwok"},"content":"","lastModifiedDate":"2021-08-20"},{"lineNumber":16,"author":{"gitId":"theodorekwok"},"content":"    public String createCheckboxDisplay(Task task) {","lastModifiedDate":"2021-08-20"},{"lineNumber":17,"author":{"gitId":"theodorekwok"},"content":"        String checkboxDisplay \u003d \"[ ]\";","lastModifiedDate":"2021-08-20"},{"lineNumber":18,"author":{"gitId":"theodorekwok"},"content":"        if (task.getIsCompleted()) {","lastModifiedDate":"2021-08-20"},{"lineNumber":19,"author":{"gitId":"theodorekwok"},"content":"            checkboxDisplay \u003d checkboxDisplay.replace(\" \", \"X\");","lastModifiedDate":"2021-08-20"},{"lineNumber":20,"author":{"gitId":"theodorekwok"},"content":"        }","lastModifiedDate":"2021-08-20"},{"lineNumber":21,"author":{"gitId":"theodorekwok"},"content":"        return checkboxDisplay;","lastModifiedDate":"2021-08-20"},{"lineNumber":22,"author":{"gitId":"theodorekwok"},"content":"    }","lastModifiedDate":"2021-08-20"},{"lineNumber":23,"author":{"gitId":"theodorekwok"},"content":"","lastModifiedDate":"2021-08-20"},{"lineNumber":24,"author":{"gitId":"theodorekwok"},"content":"    public void listTask() {","lastModifiedDate":"2021-08-20"},{"lineNumber":25,"author":{"gitId":"theodorekwok"},"content":"        Display.printListTaskLine();","lastModifiedDate":"2021-08-20"},{"lineNumber":26,"author":{"gitId":"theodorekwok"},"content":"        for (int i \u003d 0; i \u003c taskCount; i++) {","lastModifiedDate":"2021-08-20"},{"lineNumber":27,"author":{"gitId":"theodorekwok"},"content":"            System.out.println(i + 1 + \".\" + createCheckboxDisplay(taskList[i]) + \" \" + taskList[i].getTask());","lastModifiedDate":"2021-08-20"},{"lineNumber":28,"author":{"gitId":"theodorekwok"},"content":"        }","lastModifiedDate":"2021-08-20"},{"lineNumber":29,"author":{"gitId":"theodorekwok"},"content":"        Display.printListTaskLine();","lastModifiedDate":"2021-08-20"},{"lineNumber":30,"author":{"gitId":"theodorekwok"},"content":"    }","lastModifiedDate":"2021-08-20"},{"lineNumber":31,"author":{"gitId":"theodorekwok"},"content":"}","lastModifiedDate":"2021-08-20"}],"authorContributionMap":{"theodorekwok":31}}]
