{"authorDailyContributionsMap":{"theodorekwok":[{"date":"2021-08-13","commitResults":[{"hash":"f12158617a8d1465cdb30fbbeedd473355e61b83","messageTitle":"Add greet method","messageBody":"","fileTypesAndContributionMap":{"java":{"insertions":6,"deletions":0}}},{"hash":"36448f2b43662e49c1f28e7eaa3c6caa2b5ffaff","messageTitle":"Add goodbye method","messageBody":"","fileTypesAndContributionMap":{"java":{"insertions":5,"deletions":0}}},{"hash":"232075a397d1e59886d8b318c08e3e65ff84d65b","messageTitle":"Add printSeparatingLine method","messageBody":"","fileTypesAndContributionMap":{"java":{"insertions":8,"deletions":1}}}]},{"date":"2021-08-20","commitResults":[{"hash":"5137063b945d8d17404f6264b0dfab9898d9cfee","messageTitle":"Add interacting functionality","messageBody":"","tags":["Level-1"],"fileTypesAndContributionMap":{"java":{"insertions":17,"deletions":0}}},{"hash":"344277236b48680c0c7b99f4cec47ef327fee28b","messageTitle":"Add task add/list functionality","messageBody":"","tags":["Level-2"],"fileTypesAndContributionMap":{"java":{"insertions":37,"deletions":4}}},{"hash":"1fd67f6a8c8932966c09d353e9eb7c5727a3d930","messageTitle":"Add task mark functionality","messageBody":"","tags":["Level-3"],"fileTypesAndContributionMap":{"java":{"insertions":43,"deletions":2}}},{"hash":"8f3148b7387727506f0aaedf4d79beb03f5ff113","messageTitle":"Extract out display functions and change variable names","messageBody":"","tags":["A-CodingStandard"],"fileTypesAndContributionMap":{"java":{"insertions":40,"deletions":34}}}]},{"date":"2021-08-27","commitResults":[{"hash":"e1beedccb7a3885120ea12f509dcc689a40541c9","messageTitle":"Add todo task and refactored display functionalities","messageBody":"","fileTypesAndContributionMap":{"java":{"insertions":52,"deletions":16}}},{"hash":"212c8915ad0f719a41c13c65d6676dfc72d7365a","messageTitle":"Shift display after task creation to task manager","messageBody":"","fileTypesAndContributionMap":{"java":{"insertions":5,"deletions":3}}},{"hash":"476f32f6d2dd95df4e886f69f993782224d116f7","messageTitle":"Add deadline functionality","messageBody":"","fileTypesAndContributionMap":{"java":{"insertions":43,"deletions":1}}},{"hash":"a54b32772652aa5b2d0ce64ee029011ecdfd6dbe","messageTitle":"Add the event functionality","messageBody":"","tags":["Level-4"],"fileTypesAndContributionMap":{"java":{"insertions":33,"deletions":0}}},{"hash":"6ed6bf99507072cda1f3f6d12a76683309e4f5fe","messageTitle":"Refactor code to the right classes and functions","messageBody":"","tags":["A-CodeQuality"],"fileTypesAndContributionMap":{"java":{"insertions":76,"deletions":63}}},{"hash":"4eac22282fb97b566ff011e30efe6f774b86bc68","messageTitle":"Add testing to Duke","messageBody":"","tags":["A-TextUiTesting"],"fileTypesAndContributionMap":{"txt":{"insertions":12,"deletions":0},"java":{"insertions":2,"deletions":2}}}]},{"date":"2021-08-28","commitResults":[{"hash":"1b7b44237defb59a3c1c376d318e0687910afa22","messageTitle":"Improve variable naming and add error handling","messageBody":"","fileTypesAndContributionMap":{"java":{"insertions":64,"deletions":26}}}]},{"date":"2021-09-04","commitResults":[{"hash":"eba6d75e417459805be8bdc71d25a7ae843a59ca","messageTitle":"Fix code quality issues from comments in PR","messageBody":"","fileTypesAndContributionMap":{"java":{"insertions":21,"deletions":22}}},{"hash":"08d119fcaacf1106d3a91dcb062fe273b6b707e3","messageTitle":"Refactor input functionality","messageBody":"","fileTypesAndContributionMap":{"java":{"insertions":37,"deletions":30}}},{"hash":"f5297ef6888048a0e19e4fdada4071314b09e3c4","messageTitle":"Add error handling for Duke","messageBody":"","tags":["A-Exceptions"],"fileTypesAndContributionMap":{"java":{"insertions":55,"deletions":31}}},{"hash":"ddb812062259db77eb69ec26275edb68e84d9d0d","messageTitle":"Add and modify error messages","messageBody":"","fileTypesAndContributionMap":{"java":{"insertions":22,"deletions":12}}},{"hash":"4506e4263abb698952b8822cbc966537c1f84a8e","messageTitle":"Refactor classes into packages","messageBody":"","fileTypesAndContributionMap":{"java":{"insertions":41,"deletions":0}}},{"hash":"0642bbe9d8ccc99124c057ef3612e89d856d5f85","messageTitle":"Rename a constant","messageBody":"","fileTypesAndContributionMap":{"java":{"insertions":2,"deletions":2}}}]},{"date":"2021-09-10","commitResults":[{"hash":"f923a3c7b0762cb6b50facad96e597652316607e","messageTitle":"Use java Arraylist container class instead of array","messageBody":"","tags":["A-Collections"],"fileTypesAndContributionMap":{"java":{"insertions":13,"deletions":12}}},{"hash":"8ed3ea38b41354451c8a6648608226198a933c20","messageTitle":"Add delete functionality","messageBody":"","fileTypesAndContributionMap":{"java":{"insertions":31,"deletions":1}}},{"hash":"c85345b2f1c4bf3989c2ed59710a6d9e5a29e83b","messageTitle":"Create file manager class","messageBody":"","fileTypesAndContributionMap":{"java":{"insertions":40,"deletions":0}}}]},{"date":"2021-09-11","commitResults":[{"hash":"8e60a67ffd3d57d1e62317bc00e32004156839b8","messageTitle":"Refactor commands to a class and implement file updating","messageBody":"","fileTypesAndContributionMap":{"java":{"insertions":90,"deletions":43}}},{"hash":"a7c26017ba8fd31330a4a84c915a485485ebce34","messageTitle":"Add task system functionality","messageBody":"","fileTypesAndContributionMap":{"java":{"insertions":120,"deletions":6}}}]},{"date":"2021-09-15","commitResults":[{"hash":"dfeb68f1beaeacf41e5e6f90ccb8644bcb056bb0","messageTitle":"Change function return type","messageBody":"","fileTypesAndContributionMap":{"java":{"insertions":3,"deletions":6}}}]},{"date":"2021-09-18","commitResults":[{"hash":"6adf6051467e3e9ca63cbcff6fd13acf675ca884","messageTitle":"Refactor and use more OOP","messageBody":"","fileTypesAndContributionMap":{"java":{"insertions":454,"deletions":231}}},{"hash":"db6acf81fc7650b44a2461205ff45800b7dcdb97","messageTitle":"Add help command and help display","messageBody":"","fileTypesAndContributionMap":{"java":{"insertions":86,"deletions":6}}},{"hash":"cc3f6c8c853636a735dcf5816de38fbfd79bcd77","messageTitle":"Add functions to get date time information","messageBody":"","fileTypesAndContributionMap":{"java":{"insertions":51,"deletions":1}}},{"hash":"0bbe419ef747984a66545ce2fb6cc0555e317fdc","messageTitle":"Update error class to include date time input errors","messageBody":"","fileTypesAndContributionMap":{"java":{"insertions":17,"deletions":2}}},{"hash":"ad430a035ff2da700fd140201d9c262722d2cd19","messageTitle":"Decouple parser function from TaskManager function","messageBody":"","fileTypesAndContributionMap":{"java":{"insertions":23,"deletions":26}}},{"hash":"60a70955791e77af44102058caa8126915dfa71a","messageTitle":"Use localDateTime type for the time information","messageBody":"","fileTypesAndContributionMap":{"java":{"insertions":18,"deletions":9}}},{"hash":"02f76d081f512a36c7d52060324a2d3e0e0b7fe1","messageTitle":"Update helper text","messageBody":"","fileTypesAndContributionMap":{"java":{"insertions":2,"deletions":2}}},{"hash":"61307eab7bf863236a0cffe032b926581612b6e4","messageTitle":"Update the test","messageBody":"","fileTypesAndContributionMap":{"txt":{"insertions":3,"deletions":3}}},{"hash":"a68673da47805ee1e29f9520764eb876c12e277a","messageTitle":"Add find task by keyword functionality","messageBody":"","fileTypesAndContributionMap":{"java":{"insertions":41,"deletions":0}}},{"hash":"4b3630cf5ce7e8183f4728671b761a5d9807d3ba","messageTitle":"Add javadocs for the duke class","messageBody":"","fileTypesAndContributionMap":{"java":{"insertions":13,"deletions":0}}},{"hash":"4404314df877c68c5d538127f73e4378327fe23d","messageTitle":"Add javadocs for display class","messageBody":"","fileTypesAndContributionMap":{"java":{"insertions":71,"deletions":1}}},{"hash":"ca818735e3684cf3a3557032d697b48df097d5c5","messageTitle":"Add javadocs for taskmanager class","messageBody":"","fileTypesAndContributionMap":{"java":{"insertions":70,"deletions":0}}},{"hash":"51b67f0a9c7af6ae0963021d97549eafd176600c","messageTitle":"Update javadocs for display class","messageBody":"","fileTypesAndContributionMap":{"java":{"insertions":5,"deletions":10}}},{"hash":"c55a8941da4a873cbb3ed7622736c6992fa8e156","messageTitle":"Add javadocs for task class","messageBody":"","fileTypesAndContributionMap":{"java":{"insertions":9,"deletions":0}}},{"hash":"98e7cc3ca9646d919f7fc050a8747ac8459df966","messageTitle":"Add javadocs for all subtask classes","messageBody":"","fileTypesAndContributionMap":{"java":{"insertions":42,"deletions":1}}},{"hash":"a9988b2e4702557220c51644d2ff88405696fc1f","messageTitle":"Add javadocs for taskencoder class","messageBody":"","fileTypesAndContributionMap":{"java":{"insertions":33,"deletions":0}}},{"hash":"38c82ee14d37d8ad7eac65d53ab6c05f012336c6","messageTitle":"Add javadocs for taskdecoder class","messageBody":"","fileTypesAndContributionMap":{"java":{"insertions":29,"deletions":0}}},{"hash":"13e5b804061ffe425249f8838100671b92c002fe","messageTitle":"Add javadocs for storage class","messageBody":"","fileTypesAndContributionMap":{"java":{"insertions":25,"deletions":3}}},{"hash":"797b2f974b40afbfd85a4bea90a91bc90cded583","messageTitle":"Add javadocs for error class","messageBody":"","fileTypesAndContributionMap":{"java":{"insertions":13,"deletions":0}}},{"hash":"822355f86955e1975543e2dc19e8000c66eebb45","messageTitle":"Add javadocs for dukeexception class","messageBody":"","fileTypesAndContributionMap":{"java":{"insertions":3,"deletions":0}}},{"hash":"d871d7cb505fdb3661926b063686d72069c6e6a5","messageTitle":"Add javadocs for inputparser class","messageBody":"","fileTypesAndContributionMap":{"java":{"insertions":51,"deletions":3}}},{"hash":"e53e40372ab66f27e825d352f91a8e228987028e","messageTitle":"Add javadocs for all command classes","messageBody":"","fileTypesAndContributionMap":{"java":{"insertions":112,"deletions":0}}}]},{"date":"2021-09-19","commitResults":[{"hash":"c7edb0ecc2402e69a2b5f865b4e7c594dea3c25f","messageTitle":"Fix load date data error","messageBody":"","fileTypesAndContributionMap":{"java":{"insertions":33,"deletions":10}}}]},{"date":"2021-09-20","commitResults":[{"hash":"979aa39e0078753483106054746b2db796d02f4a","messageTitle":"Rename variable to datetime","messageBody":"","fileTypesAndContributionMap":{"java":{"insertions":3,"deletions":3}}},{"hash":"63d7238476ebac484b0c40ba64c21234e9da530d","messageTitle":"Rename variables to improve clarity","messageBody":"","fileTypesAndContributionMap":{"java":{"insertions":13,"deletions":13}}},{"hash":"f5676485db7490c16a8ff24ace961f05bd6868cd","messageTitle":"Fix import ordering","messageBody":"","fileTypesAndContributionMap":{"java":{"insertions":5,"deletions":5}}},{"hash":"42f1b5eb572857c75226ac5a7f8ec7c4bbe939f5","messageTitle":"Extract out a method","messageBody":"","fileTypesAndContributionMap":{"java":{"insertions":15,"deletions":9}}},{"hash":"1e81ed5d6819d6085451db1441ffba5fcfcda05a","messageTitle":"Decouple try catch for addTodo method in TaskManager","messageBody":"","fileTypesAndContributionMap":{"java":{"insertions":14,"deletions":10}}},{"hash":"9c888d615a9dc99e9c95eec6edad94008969facf","messageTitle":"Decouple addDeadline method from error catching","messageBody":"","fileTypesAndContributionMap":{"java":{"insertions":22,"deletions":15}}},{"hash":"532cda8b94d9992ff28e7a57a2c244a5e91df785","messageTitle":"Decouple addEvent method from error catching","messageBody":"","fileTypesAndContributionMap":{"java":{"insertions":27,"deletions":18}}},{"hash":"13036da7b39f1fd4d8d9fbeb460a4889b32f1030","messageTitle":"Decouple delete method from error catching","messageBody":"","fileTypesAndContributionMap":{"java":{"insertions":16,"deletions":13}}},{"hash":"ed099d91149aaedd05a9f13ca8d847397352a3a8","messageTitle":"Decouple markTask method from error catching","messageBody":"","fileTypesAndContributionMap":{"java":{"insertions":15,"deletions":11}}},{"hash":"a240c564079d6c82fec289936a27586424027876","messageTitle":"Decouple addsavedtodo method from error catching","messageBody":"","fileTypesAndContributionMap":{"java":{"insertions":26,"deletions":10}}},{"hash":"69e0d10589f7d5d60a892e926c633898b22f49eb","messageTitle":"Decouple addsaveddeadline and addsavedevent method from error catching","messageBody":"","fileTypesAndContributionMap":{"java":{"insertions":26,"deletions":30}}},{"hash":"4235922bcef3d6ec132b27b9aace0babcd21148a","messageTitle":"Abstract out saved task, taskManager update in a method","messageBody":"","fileTypesAndContributionMap":{"java":{"insertions":14,"deletions":16}}}]},{"date":"2021-09-22","commitResults":[{"hash":"db2a31cbf77c6ddf48f0cf0ffa3dac15fdb28244","messageTitle":"Add features in README.md","messageBody":"","fileTypesAndContributionMap":{"md":{"insertions":195,"deletions":13}}},{"hash":"1bb09ef76cc8caade53d1b647a0efd7cd27f89db","messageTitle":"Make README.md less verbose","messageBody":"","fileTypesAndContributionMap":{"md":{"insertions":0,"deletions":24}}}]}]},"authorFileTypeContributionMap":{"theodorekwok":{"java":1631,"md":174,"fxml":0,"sh":0,"bat":0,"gradle":0,"txt":12}},"authorContributionVariance":{"theodorekwok":10271.706},"authorDisplayNameMap":{"theodorekwok":"CS2113T-T12-1 KWOK..DORE"}}
