[{"path":"src/main/java/Deadline.java","fileType":"java","lines":[{"lineNumber":1,"author":{"gitId":"astralum"},"content":"public class Deadline extends Task {","lastModifiedDate":"2021-09-02"},{"lineNumber":2,"author":{"gitId":"astralum"},"content":"","lastModifiedDate":"2021-09-02"},{"lineNumber":3,"author":{"gitId":"astralum"},"content":"    protected String by;","lastModifiedDate":"2021-09-02"},{"lineNumber":4,"author":{"gitId":"astralum"},"content":"","lastModifiedDate":"2021-09-02"},{"lineNumber":5,"author":{"gitId":"astralum"},"content":"    public Deadline(String description, String by) {","lastModifiedDate":"2021-09-02"},{"lineNumber":6,"author":{"gitId":"astralum"},"content":"        super(description);","lastModifiedDate":"2021-09-02"},{"lineNumber":7,"author":{"gitId":"astralum"},"content":"        this.by \u003d by;","lastModifiedDate":"2021-09-02"},{"lineNumber":8,"author":{"gitId":"astralum"},"content":"    }","lastModifiedDate":"2021-09-02"},{"lineNumber":9,"author":{"gitId":"astralum"},"content":"","lastModifiedDate":"2021-09-02"},{"lineNumber":10,"author":{"gitId":"astralum"},"content":"    @Override","lastModifiedDate":"2021-09-02"},{"lineNumber":11,"author":{"gitId":"astralum"},"content":"    public String toString() {","lastModifiedDate":"2021-09-02"},{"lineNumber":12,"author":{"gitId":"astralum"},"content":"        return (this.getId() + 1) + \".[D]\" + super.toString() + \" (by: \" + by + \")\";","lastModifiedDate":"2021-09-02"},{"lineNumber":13,"author":{"gitId":"astralum"},"content":"    }","lastModifiedDate":"2021-09-02"},{"lineNumber":14,"author":{"gitId":"astralum"},"content":"}","lastModifiedDate":"2021-09-02"}],"authorContributionMap":{"astralum":14}},{"path":"src/main/java/Duke.java","fileType":"java","lines":[{"lineNumber":1,"author":{"gitId":"astralum"},"content":"import java.util.Scanner;","lastModifiedDate":"2021-08-26"},{"lineNumber":2,"author":{"gitId":"astralum"},"content":"","lastModifiedDate":"2021-08-26"},{"lineNumber":3,"author":{"gitId":"-"},"content":"public class Duke {","lastModifiedDate":"2019-07-29"},{"lineNumber":4,"author":{"gitId":"astralum"},"content":"","lastModifiedDate":"2021-08-26"},{"lineNumber":5,"author":{"gitId":"astralum"},"content":"    public static void sayHello() {","lastModifiedDate":"2021-09-02"},{"lineNumber":6,"author":{"gitId":"-"},"content":"        String logo \u003d \" ____        _        \\n\"","lastModifiedDate":"2021-09-02"},{"lineNumber":7,"author":{"gitId":"-"},"content":"                + \"|  _ \\\\ _   _| | _____ \\n\"","lastModifiedDate":"2021-09-02"},{"lineNumber":8,"author":{"gitId":"-"},"content":"                + \"| | | | | | | |/ / _ \\\\\\n\"","lastModifiedDate":"2021-09-02"},{"lineNumber":9,"author":{"gitId":"-"},"content":"                + \"| |_| | |_| |   \u003c  __/\\n\"","lastModifiedDate":"2021-09-02"},{"lineNumber":10,"author":{"gitId":"-"},"content":"                + \"|____/ \\\\__,_|_|\\\\_\\\\___|\\n\";","lastModifiedDate":"2021-09-02"},{"lineNumber":11,"author":{"gitId":"-"},"content":"        System.out.println(\"Hello from\\n\" + logo);","lastModifiedDate":"2021-09-02"},{"lineNumber":12,"author":{"gitId":"astralum"},"content":"        System.out.println(\"What can I do for you, my liege?\");","lastModifiedDate":"2021-09-02"},{"lineNumber":13,"author":{"gitId":"astralum"},"content":"    }","lastModifiedDate":"2021-08-26"},{"lineNumber":14,"author":{"gitId":"astralum"},"content":"","lastModifiedDate":"2021-08-26"},{"lineNumber":15,"author":{"gitId":"astralum"},"content":"    public static void sayBye() {","lastModifiedDate":"2021-09-02"},{"lineNumber":16,"author":{"gitId":"astralum"},"content":"        printFormattedOutput(\"Farewell, my liege. Happy hunting!\");","lastModifiedDate":"2021-09-02"},{"lineNumber":17,"author":{"gitId":"astralum"},"content":"    }","lastModifiedDate":"2021-08-26"},{"lineNumber":18,"author":{"gitId":"astralum"},"content":"","lastModifiedDate":"2021-08-26"},{"lineNumber":19,"author":{"gitId":"astralum"},"content":"    public static void printFormattedOutput(String output) {","lastModifiedDate":"2021-09-02"},{"lineNumber":20,"author":{"gitId":"astralum"},"content":"        String[] outputLines \u003d output.split(System.lineSeparator());","lastModifiedDate":"2021-09-02"},{"lineNumber":21,"author":{"gitId":"astralum"},"content":"","lastModifiedDate":"2021-09-02"},{"lineNumber":22,"author":{"gitId":"astralum"},"content":"        System.out.println(InoutputFormatter.printOutputSeparator());","lastModifiedDate":"2021-09-02"},{"lineNumber":23,"author":{"gitId":"astralum"},"content":"        for (String line : outputLines) {","lastModifiedDate":"2021-09-02"},{"lineNumber":24,"author":{"gitId":"astralum"},"content":"            System.out.print(InoutputFormatter.printOutputStart());","lastModifiedDate":"2021-09-02"},{"lineNumber":25,"author":{"gitId":"astralum"},"content":"            System.out.println(line);","lastModifiedDate":"2021-09-02"},{"lineNumber":26,"author":{"gitId":"astralum"},"content":"        }","lastModifiedDate":"2021-09-02"},{"lineNumber":27,"author":{"gitId":"astralum"},"content":"        System.out.println(InoutputFormatter.printOutputSeparator());","lastModifiedDate":"2021-09-02"},{"lineNumber":28,"author":{"gitId":"astralum"},"content":"    }","lastModifiedDate":"2021-08-26"},{"lineNumber":29,"author":{"gitId":"astralum"},"content":"","lastModifiedDate":"2021-09-02"},{"lineNumber":30,"author":{"gitId":"astralum"},"content":"    public static void echoUserInput(String input) {","lastModifiedDate":"2021-09-02"},{"lineNumber":31,"author":{"gitId":"astralum"},"content":"        InoutputFormatter.printOutputSeparator();","lastModifiedDate":"2021-09-02"},{"lineNumber":32,"author":{"gitId":"astralum"},"content":"        InoutputFormatter.printInputStart();","lastModifiedDate":"2021-09-02"},{"lineNumber":33,"author":{"gitId":"astralum"},"content":"        System.out.println(input);","lastModifiedDate":"2021-09-02"},{"lineNumber":34,"author":{"gitId":"astralum"},"content":"        InoutputFormatter.printOutputSeparator();","lastModifiedDate":"2021-08-26"},{"lineNumber":35,"author":{"gitId":"astralum"},"content":"    }","lastModifiedDate":"2021-08-26"},{"lineNumber":36,"author":{"gitId":"astralum"},"content":"","lastModifiedDate":"2021-08-26"},{"lineNumber":37,"author":{"gitId":"-"},"content":"    public static void main(String[] args) {","lastModifiedDate":"2019-07-29"},{"lineNumber":38,"author":{"gitId":"astralum"},"content":"        String line;","lastModifiedDate":"2021-08-26"},{"lineNumber":39,"author":{"gitId":"astralum"},"content":"        TaskHandler th \u003d new TaskHandler();","lastModifiedDate":"2021-09-02"},{"lineNumber":40,"author":{"gitId":"astralum"},"content":"","lastModifiedDate":"2021-08-26"},{"lineNumber":41,"author":{"gitId":"astralum"},"content":"        Scanner in \u003d new Scanner(System.in);","lastModifiedDate":"2021-08-26"},{"lineNumber":42,"author":{"gitId":"astralum"},"content":"","lastModifiedDate":"2021-08-26"},{"lineNumber":43,"author":{"gitId":"astralum"},"content":"        sayHello();","lastModifiedDate":"2021-09-02"},{"lineNumber":44,"author":{"gitId":"astralum"},"content":"","lastModifiedDate":"2021-08-26"},{"lineNumber":45,"author":{"gitId":"astralum"},"content":"        System.out.print(InoutputFormatter.printInputStart());","lastModifiedDate":"2021-09-02"},{"lineNumber":46,"author":{"gitId":"astralum"},"content":"        line \u003d in.nextLine();","lastModifiedDate":"2021-08-26"},{"lineNumber":47,"author":{"gitId":"astralum"},"content":"        ","lastModifiedDate":"2021-08-26"},{"lineNumber":48,"author":{"gitId":"astralum"},"content":"        while (!th.inputIsBye(line.toLowerCase())) {","lastModifiedDate":"2021-09-02"},{"lineNumber":49,"author":{"gitId":"astralum"},"content":"            printFormattedOutput(th.handleTasks(line));","lastModifiedDate":"2021-09-02"},{"lineNumber":50,"author":{"gitId":"astralum"},"content":"            System.out.print(InoutputFormatter.printInputStart());","lastModifiedDate":"2021-09-02"},{"lineNumber":51,"author":{"gitId":"astralum"},"content":"            line \u003d in.nextLine();","lastModifiedDate":"2021-08-26"},{"lineNumber":52,"author":{"gitId":"astralum"},"content":"        }","lastModifiedDate":"2021-08-26"},{"lineNumber":53,"author":{"gitId":"astralum"},"content":"","lastModifiedDate":"2021-09-02"},{"lineNumber":54,"author":{"gitId":"astralum"},"content":"        sayBye();","lastModifiedDate":"2021-09-02"},{"lineNumber":55,"author":{"gitId":"-"},"content":"    }","lastModifiedDate":"2019-07-29"},{"lineNumber":56,"author":{"gitId":"-"},"content":"}","lastModifiedDate":"2019-07-29"}],"authorContributionMap":{"astralum":46,"-":10}},{"path":"src/main/java/Event.java","fileType":"java","lines":[{"lineNumber":1,"author":{"gitId":"astralum"},"content":"public class Event extends Task {","lastModifiedDate":"2021-09-02"},{"lineNumber":2,"author":{"gitId":"astralum"},"content":"","lastModifiedDate":"2021-09-02"},{"lineNumber":3,"author":{"gitId":"astralum"},"content":"    protected String at;","lastModifiedDate":"2021-09-02"},{"lineNumber":4,"author":{"gitId":"astralum"},"content":"","lastModifiedDate":"2021-09-02"},{"lineNumber":5,"author":{"gitId":"astralum"},"content":"    public Event(String description, String at) {","lastModifiedDate":"2021-09-02"},{"lineNumber":6,"author":{"gitId":"astralum"},"content":"        super(description);","lastModifiedDate":"2021-09-02"},{"lineNumber":7,"author":{"gitId":"astralum"},"content":"        this.at \u003d at;","lastModifiedDate":"2021-09-02"},{"lineNumber":8,"author":{"gitId":"astralum"},"content":"    }","lastModifiedDate":"2021-09-02"},{"lineNumber":9,"author":{"gitId":"astralum"},"content":"","lastModifiedDate":"2021-09-02"},{"lineNumber":10,"author":{"gitId":"astralum"},"content":"    @Override","lastModifiedDate":"2021-09-02"},{"lineNumber":11,"author":{"gitId":"astralum"},"content":"    public String toString() {","lastModifiedDate":"2021-09-02"},{"lineNumber":12,"author":{"gitId":"astralum"},"content":"        return (this.getId() + 1) + \".[E]\" + super.toString() + \" (at: \" + at + \")\";","lastModifiedDate":"2021-09-02"},{"lineNumber":13,"author":{"gitId":"astralum"},"content":"    }","lastModifiedDate":"2021-09-02"},{"lineNumber":14,"author":{"gitId":"astralum"},"content":"}","lastModifiedDate":"2021-09-02"}],"authorContributionMap":{"astralum":14}},{"path":"src/main/java/InoutputFormatter.java","fileType":"java","lines":[{"lineNumber":1,"author":{"gitId":"astralum"},"content":"public class InoutputFormatter {","lastModifiedDate":"2021-08-26"},{"lineNumber":2,"author":{"gitId":"astralum"},"content":"    public static String printInputStart() {","lastModifiedDate":"2021-09-02"},{"lineNumber":3,"author":{"gitId":"astralum"},"content":"        return \"\u003e\u003e\u003e \";","lastModifiedDate":"2021-09-02"},{"lineNumber":4,"author":{"gitId":"astralum"},"content":"    }","lastModifiedDate":"2021-08-26"},{"lineNumber":5,"author":{"gitId":"astralum"},"content":"    public static String printOutputStart() {","lastModifiedDate":"2021-09-02"},{"lineNumber":6,"author":{"gitId":"astralum"},"content":"        return \"  \";","lastModifiedDate":"2021-09-02"},{"lineNumber":7,"author":{"gitId":"astralum"},"content":"    }","lastModifiedDate":"2021-08-26"},{"lineNumber":8,"author":{"gitId":"astralum"},"content":"    public static String printOutputSeparator() {","lastModifiedDate":"2021-09-02"},{"lineNumber":9,"author":{"gitId":"astralum"},"content":"        return \"********************************************\";","lastModifiedDate":"2021-09-02"},{"lineNumber":10,"author":{"gitId":"astralum"},"content":"    }","lastModifiedDate":"2021-08-26"},{"lineNumber":11,"author":{"gitId":"astralum"},"content":"}","lastModifiedDate":"2021-08-26"},{"lineNumber":12,"author":{"gitId":"astralum"},"content":"","lastModifiedDate":"2021-08-26"}],"authorContributionMap":{"astralum":12}},{"path":"src/main/java/Task.java","fileType":"java","lines":[{"lineNumber":1,"author":{"gitId":"astralum"},"content":"public class Task {","lastModifiedDate":"2021-08-26"},{"lineNumber":2,"author":{"gitId":"astralum"},"content":"    protected String description;","lastModifiedDate":"2021-08-26"},{"lineNumber":3,"author":{"gitId":"astralum"},"content":"    protected boolean isDone;","lastModifiedDate":"2021-08-26"},{"lineNumber":4,"author":{"gitId":"astralum"},"content":"","lastModifiedDate":"2021-08-26"},{"lineNumber":5,"author":{"gitId":"astralum"},"content":"    private static int numOfTasks \u003d 0;","lastModifiedDate":"2021-08-26"},{"lineNumber":6,"author":{"gitId":"astralum"},"content":"    private int id;","lastModifiedDate":"2021-08-26"},{"lineNumber":7,"author":{"gitId":"astralum"},"content":"","lastModifiedDate":"2021-08-26"},{"lineNumber":8,"author":{"gitId":"astralum"},"content":"    public Task(String description) {","lastModifiedDate":"2021-08-26"},{"lineNumber":9,"author":{"gitId":"astralum"},"content":"        this.description \u003d description;","lastModifiedDate":"2021-08-26"},{"lineNumber":10,"author":{"gitId":"astralum"},"content":"        this.isDone \u003d false;","lastModifiedDate":"2021-08-26"},{"lineNumber":11,"author":{"gitId":"astralum"},"content":"        this.id \u003d numOfTasks;","lastModifiedDate":"2021-08-26"},{"lineNumber":12,"author":{"gitId":"astralum"},"content":"        Task.numOfTasks++;","lastModifiedDate":"2021-08-26"},{"lineNumber":13,"author":{"gitId":"astralum"},"content":"    }","lastModifiedDate":"2021-08-26"},{"lineNumber":14,"author":{"gitId":"astralum"},"content":"","lastModifiedDate":"2021-08-26"},{"lineNumber":15,"author":{"gitId":"astralum"},"content":"    public static int getNumOfTasks() {","lastModifiedDate":"2021-08-26"},{"lineNumber":16,"author":{"gitId":"astralum"},"content":"        return Task.numOfTasks;","lastModifiedDate":"2021-08-26"},{"lineNumber":17,"author":{"gitId":"astralum"},"content":"    }","lastModifiedDate":"2021-08-26"},{"lineNumber":18,"author":{"gitId":"astralum"},"content":"","lastModifiedDate":"2021-08-26"},{"lineNumber":19,"author":{"gitId":"astralum"},"content":"    public String getStatusIcon() {","lastModifiedDate":"2021-08-26"},{"lineNumber":20,"author":{"gitId":"astralum"},"content":"        return (isDone ? \"X\" : \" \"); // mark done task with X","lastModifiedDate":"2021-08-26"},{"lineNumber":21,"author":{"gitId":"astralum"},"content":"    }","lastModifiedDate":"2021-08-26"},{"lineNumber":22,"author":{"gitId":"astralum"},"content":"    ","lastModifiedDate":"2021-08-26"},{"lineNumber":23,"author":{"gitId":"astralum"},"content":"    public void setDone() {","lastModifiedDate":"2021-08-26"},{"lineNumber":24,"author":{"gitId":"astralum"},"content":"        this.isDone \u003d true;","lastModifiedDate":"2021-08-26"},{"lineNumber":25,"author":{"gitId":"astralum"},"content":"    }","lastModifiedDate":"2021-08-26"},{"lineNumber":26,"author":{"gitId":"astralum"},"content":"","lastModifiedDate":"2021-08-26"},{"lineNumber":27,"author":{"gitId":"astralum"},"content":"    public int getId() {","lastModifiedDate":"2021-08-26"},{"lineNumber":28,"author":{"gitId":"astralum"},"content":"        return id;","lastModifiedDate":"2021-08-26"},{"lineNumber":29,"author":{"gitId":"astralum"},"content":"    }","lastModifiedDate":"2021-08-26"},{"lineNumber":30,"author":{"gitId":"astralum"},"content":"    ","lastModifiedDate":"2021-08-26"},{"lineNumber":31,"author":{"gitId":"astralum"},"content":"    @Override","lastModifiedDate":"2021-08-26"},{"lineNumber":32,"author":{"gitId":"astralum"},"content":"    public boolean equals(Object obj) {","lastModifiedDate":"2021-08-26"},{"lineNumber":33,"author":{"gitId":"astralum"},"content":"        if (obj instanceof Task) {","lastModifiedDate":"2021-08-26"},{"lineNumber":34,"author":{"gitId":"astralum"},"content":"            @SuppressWarnings(\"unchecked\")","lastModifiedDate":"2021-08-26"},{"lineNumber":35,"author":{"gitId":"astralum"},"content":"            Task t \u003d (Task) obj;","lastModifiedDate":"2021-08-26"},{"lineNumber":36,"author":{"gitId":"astralum"},"content":"            return this.description.equals(t.description) \u0026\u0026 this.isDone \u003d\u003d (t.isDone);","lastModifiedDate":"2021-08-26"},{"lineNumber":37,"author":{"gitId":"astralum"},"content":"        }","lastModifiedDate":"2021-08-26"},{"lineNumber":38,"author":{"gitId":"astralum"},"content":"        return false;","lastModifiedDate":"2021-08-26"},{"lineNumber":39,"author":{"gitId":"astralum"},"content":"    }","lastModifiedDate":"2021-08-26"},{"lineNumber":40,"author":{"gitId":"astralum"},"content":"","lastModifiedDate":"2021-08-26"},{"lineNumber":41,"author":{"gitId":"astralum"},"content":"    @Override","lastModifiedDate":"2021-08-26"},{"lineNumber":42,"author":{"gitId":"astralum"},"content":"    public String toString() {","lastModifiedDate":"2021-08-26"},{"lineNumber":43,"author":{"gitId":"astralum"},"content":"        return \"[\" + this.getStatusIcon() + \"] \" + this.description;","lastModifiedDate":"2021-09-02"},{"lineNumber":44,"author":{"gitId":"astralum"},"content":"    }","lastModifiedDate":"2021-08-26"},{"lineNumber":45,"author":{"gitId":"astralum"},"content":"}","lastModifiedDate":"2021-08-26"},{"lineNumber":46,"author":{"gitId":"astralum"},"content":"","lastModifiedDate":"2021-08-26"}],"authorContributionMap":{"astralum":46}},{"path":"src/main/java/TaskHandler.java","fileType":"java","lines":[{"lineNumber":1,"author":{"gitId":"astralum"},"content":"public class TaskHandler {","lastModifiedDate":"2021-09-02"},{"lineNumber":2,"author":{"gitId":"astralum"},"content":"","lastModifiedDate":"2021-09-02"},{"lineNumber":3,"author":{"gitId":"astralum"},"content":"    protected Task[] tasks;","lastModifiedDate":"2021-09-02"},{"lineNumber":4,"author":{"gitId":"astralum"},"content":"","lastModifiedDate":"2021-09-02"},{"lineNumber":5,"author":{"gitId":"astralum"},"content":"    public TaskHandler() {","lastModifiedDate":"2021-09-02"},{"lineNumber":6,"author":{"gitId":"astralum"},"content":"        this.tasks \u003d new Task[100];","lastModifiedDate":"2021-09-02"},{"lineNumber":7,"author":{"gitId":"astralum"},"content":"    }","lastModifiedDate":"2021-09-02"},{"lineNumber":8,"author":{"gitId":"astralum"},"content":"","lastModifiedDate":"2021-09-02"},{"lineNumber":9,"author":{"gitId":"astralum"},"content":"    public String handleTasks(String line) {","lastModifiedDate":"2021-09-02"},{"lineNumber":10,"author":{"gitId":"astralum"},"content":"        String lc \u003d line.toLowerCase();","lastModifiedDate":"2021-09-02"},{"lineNumber":11,"author":{"gitId":"astralum"},"content":"        if (inputIsList(lc)) {","lastModifiedDate":"2021-09-02"},{"lineNumber":12,"author":{"gitId":"astralum"},"content":"            return listTasks();","lastModifiedDate":"2021-09-02"},{"lineNumber":13,"author":{"gitId":"astralum"},"content":"        } else if (inputIsDone(lc)) {","lastModifiedDate":"2021-09-02"},{"lineNumber":14,"author":{"gitId":"astralum"},"content":"            return doTask(lc);","lastModifiedDate":"2021-09-02"},{"lineNumber":15,"author":{"gitId":"astralum"},"content":"        } else if (inputIsTodo(lc)) {","lastModifiedDate":"2021-09-02"},{"lineNumber":16,"author":{"gitId":"astralum"},"content":"            return addTodo(line);","lastModifiedDate":"2021-09-02"},{"lineNumber":17,"author":{"gitId":"astralum"},"content":"        } else if (inputIsDeadline(lc)) {","lastModifiedDate":"2021-09-02"},{"lineNumber":18,"author":{"gitId":"astralum"},"content":"            if (!deadlineContainsBy(lc)) {","lastModifiedDate":"2021-09-02"},{"lineNumber":19,"author":{"gitId":"astralum"},"content":"                return returnDeadlineNoBy();","lastModifiedDate":"2021-09-02"},{"lineNumber":20,"author":{"gitId":"astralum"},"content":"            } else {","lastModifiedDate":"2021-09-02"},{"lineNumber":21,"author":{"gitId":"astralum"},"content":"                return addDeadline(line);","lastModifiedDate":"2021-09-02"},{"lineNumber":22,"author":{"gitId":"astralum"},"content":"            }","lastModifiedDate":"2021-09-02"},{"lineNumber":23,"author":{"gitId":"astralum"},"content":"        } else if (inputIsEvent(lc)) {","lastModifiedDate":"2021-09-02"},{"lineNumber":24,"author":{"gitId":"astralum"},"content":"            if (!eventContainsAt(lc)) {","lastModifiedDate":"2021-09-02"},{"lineNumber":25,"author":{"gitId":"astralum"},"content":"                return returnEventNoAt();","lastModifiedDate":"2021-09-02"},{"lineNumber":26,"author":{"gitId":"astralum"},"content":"            } else {","lastModifiedDate":"2021-09-02"},{"lineNumber":27,"author":{"gitId":"astralum"},"content":"                return addEvent(line);","lastModifiedDate":"2021-09-02"},{"lineNumber":28,"author":{"gitId":"astralum"},"content":"            }","lastModifiedDate":"2021-09-02"},{"lineNumber":29,"author":{"gitId":"astralum"},"content":"        } else {","lastModifiedDate":"2021-09-02"},{"lineNumber":30,"author":{"gitId":"astralum"},"content":"            return returnInputInvalid();","lastModifiedDate":"2021-09-02"},{"lineNumber":31,"author":{"gitId":"astralum"},"content":"        }","lastModifiedDate":"2021-09-02"},{"lineNumber":32,"author":{"gitId":"astralum"},"content":"    }","lastModifiedDate":"2021-09-02"},{"lineNumber":33,"author":{"gitId":"astralum"},"content":"","lastModifiedDate":"2021-09-02"},{"lineNumber":34,"author":{"gitId":"astralum"},"content":"    public boolean inputIsTodo(String lc) {","lastModifiedDate":"2021-09-02"},{"lineNumber":35,"author":{"gitId":"astralum"},"content":"        //lc: lowercase line","lastModifiedDate":"2021-09-02"},{"lineNumber":36,"author":{"gitId":"astralum"},"content":"        return lc.contains(\"todo\") \u0026\u0026 lc.substring(0, 4).equals(\"todo\");","lastModifiedDate":"2021-09-02"},{"lineNumber":37,"author":{"gitId":"astralum"},"content":"    }","lastModifiedDate":"2021-09-02"},{"lineNumber":38,"author":{"gitId":"astralum"},"content":"","lastModifiedDate":"2021-09-02"},{"lineNumber":39,"author":{"gitId":"astralum"},"content":"    public boolean inputIsDeadline(String lc) {","lastModifiedDate":"2021-09-02"},{"lineNumber":40,"author":{"gitId":"astralum"},"content":"        return lc.contains(\"deadline\") \u0026\u0026 lc.substring(0, 8).equals(\"deadline\");","lastModifiedDate":"2021-09-02"},{"lineNumber":41,"author":{"gitId":"astralum"},"content":"    }","lastModifiedDate":"2021-09-02"},{"lineNumber":42,"author":{"gitId":"astralum"},"content":"","lastModifiedDate":"2021-09-02"},{"lineNumber":43,"author":{"gitId":"astralum"},"content":"    public boolean deadlineContainsBy(String lc) {","lastModifiedDate":"2021-09-02"},{"lineNumber":44,"author":{"gitId":"astralum"},"content":"        return lc.contains(\"/by\");","lastModifiedDate":"2021-09-02"},{"lineNumber":45,"author":{"gitId":"astralum"},"content":"    }","lastModifiedDate":"2021-09-02"},{"lineNumber":46,"author":{"gitId":"astralum"},"content":"","lastModifiedDate":"2021-09-02"},{"lineNumber":47,"author":{"gitId":"astralum"},"content":"    public String returnDeadlineNoBy() {","lastModifiedDate":"2021-09-02"},{"lineNumber":48,"author":{"gitId":"astralum"},"content":"        //TODO: make random phrases","lastModifiedDate":"2021-09-02"},{"lineNumber":49,"author":{"gitId":"astralum"},"content":"        return \"By when, my liege?\";","lastModifiedDate":"2021-09-02"},{"lineNumber":50,"author":{"gitId":"astralum"},"content":"    }","lastModifiedDate":"2021-09-02"},{"lineNumber":51,"author":{"gitId":"astralum"},"content":"","lastModifiedDate":"2021-09-02"},{"lineNumber":52,"author":{"gitId":"astralum"},"content":"    public boolean inputIsEvent(String lc) {","lastModifiedDate":"2021-09-02"},{"lineNumber":53,"author":{"gitId":"astralum"},"content":"        return lc.contains(\"event\") \u0026\u0026 lc.substring(0, 5).equals(\"event\");","lastModifiedDate":"2021-09-02"},{"lineNumber":54,"author":{"gitId":"astralum"},"content":"    }","lastModifiedDate":"2021-09-02"},{"lineNumber":55,"author":{"gitId":"astralum"},"content":"","lastModifiedDate":"2021-09-02"},{"lineNumber":56,"author":{"gitId":"astralum"},"content":"    public boolean eventContainsAt(String lc) {","lastModifiedDate":"2021-09-02"},{"lineNumber":57,"author":{"gitId":"astralum"},"content":"        return lc.contains(\"/at\");","lastModifiedDate":"2021-09-02"},{"lineNumber":58,"author":{"gitId":"astralum"},"content":"    }","lastModifiedDate":"2021-09-02"},{"lineNumber":59,"author":{"gitId":"astralum"},"content":"","lastModifiedDate":"2021-09-02"},{"lineNumber":60,"author":{"gitId":"astralum"},"content":"    public String returnEventNoAt() {","lastModifiedDate":"2021-09-02"},{"lineNumber":61,"author":{"gitId":"astralum"},"content":"        return \"Where or when is this event, my liege?\";","lastModifiedDate":"2021-09-02"},{"lineNumber":62,"author":{"gitId":"astralum"},"content":"    }","lastModifiedDate":"2021-09-02"},{"lineNumber":63,"author":{"gitId":"astralum"},"content":"","lastModifiedDate":"2021-09-02"},{"lineNumber":64,"author":{"gitId":"astralum"},"content":"    public boolean inputIsDone(String lc) {","lastModifiedDate":"2021-09-02"},{"lineNumber":65,"author":{"gitId":"astralum"},"content":"        return lc.contains(\"done\") \u0026\u0026 lc.substring(0, 4).equals(\"done\");","lastModifiedDate":"2021-09-02"},{"lineNumber":66,"author":{"gitId":"astralum"},"content":"    }","lastModifiedDate":"2021-09-02"},{"lineNumber":67,"author":{"gitId":"astralum"},"content":"","lastModifiedDate":"2021-09-02"},{"lineNumber":68,"author":{"gitId":"astralum"},"content":"    public boolean inputIsBye(String lc) {","lastModifiedDate":"2021-09-02"},{"lineNumber":69,"author":{"gitId":"astralum"},"content":"        return lc.equals(\"bye\");","lastModifiedDate":"2021-09-02"},{"lineNumber":70,"author":{"gitId":"astralum"},"content":"    }","lastModifiedDate":"2021-09-02"},{"lineNumber":71,"author":{"gitId":"astralum"},"content":"","lastModifiedDate":"2021-09-02"},{"lineNumber":72,"author":{"gitId":"astralum"},"content":"    public String returnAddTaskSuccess() {","lastModifiedDate":"2021-09-02"},{"lineNumber":73,"author":{"gitId":"astralum"},"content":"        return \"As you command. Added: \";","lastModifiedDate":"2021-09-02"},{"lineNumber":74,"author":{"gitId":"astralum"},"content":"    }","lastModifiedDate":"2021-09-02"},{"lineNumber":75,"author":{"gitId":"astralum"},"content":"","lastModifiedDate":"2021-09-02"},{"lineNumber":76,"author":{"gitId":"astralum"},"content":"    public String addTodo(String line) {","lastModifiedDate":"2021-09-02"},{"lineNumber":77,"author":{"gitId":"astralum"},"content":"        Todo newTodo \u003d new Todo(line);","lastModifiedDate":"2021-09-02"},{"lineNumber":78,"author":{"gitId":"astralum"},"content":"        tasks[Task.getNumOfTasks() - 1] \u003d newTodo;","lastModifiedDate":"2021-09-02"},{"lineNumber":79,"author":{"gitId":"astralum"},"content":"        return returnAddTaskSuccess() + newTodo.toString();","lastModifiedDate":"2021-09-02"},{"lineNumber":80,"author":{"gitId":"astralum"},"content":"    }","lastModifiedDate":"2021-09-02"},{"lineNumber":81,"author":{"gitId":"astralum"},"content":"","lastModifiedDate":"2021-09-02"},{"lineNumber":82,"author":{"gitId":"astralum"},"content":"    public String addDeadline(String line) {","lastModifiedDate":"2021-09-02"},{"lineNumber":83,"author":{"gitId":"astralum"},"content":"        String lc \u003d line.toLowerCase();","lastModifiedDate":"2021-09-02"},{"lineNumber":84,"author":{"gitId":"astralum"},"content":"        int dividerPosition \u003d lc.indexOf(\"/by\");","lastModifiedDate":"2021-09-02"},{"lineNumber":85,"author":{"gitId":"astralum"},"content":"        String description \u003d line.substring(9, dividerPosition).trim();","lastModifiedDate":"2021-09-02"},{"lineNumber":86,"author":{"gitId":"astralum"},"content":"        String by \u003d line.substring(dividerPosition + 3).trim();","lastModifiedDate":"2021-09-02"},{"lineNumber":87,"author":{"gitId":"astralum"},"content":"        Deadline newDeadline \u003d new Deadline(description, by);","lastModifiedDate":"2021-09-02"},{"lineNumber":88,"author":{"gitId":"astralum"},"content":"        tasks[Task.getNumOfTasks() - 1] \u003d newDeadline;","lastModifiedDate":"2021-09-02"},{"lineNumber":89,"author":{"gitId":"astralum"},"content":"        return returnAddTaskSuccess() + newDeadline.toString();","lastModifiedDate":"2021-09-02"},{"lineNumber":90,"author":{"gitId":"astralum"},"content":"    }","lastModifiedDate":"2021-09-02"},{"lineNumber":91,"author":{"gitId":"astralum"},"content":"","lastModifiedDate":"2021-09-02"},{"lineNumber":92,"author":{"gitId":"astralum"},"content":"    public String addEvent(String line) {","lastModifiedDate":"2021-09-02"},{"lineNumber":93,"author":{"gitId":"astralum"},"content":"        String lc \u003d line.toLowerCase();","lastModifiedDate":"2021-09-02"},{"lineNumber":94,"author":{"gitId":"astralum"},"content":"        int dividerPosition \u003d lc.indexOf(\"/at\");","lastModifiedDate":"2021-09-02"},{"lineNumber":95,"author":{"gitId":"astralum"},"content":"        String description \u003d line.substring(6, dividerPosition).trim();","lastModifiedDate":"2021-09-02"},{"lineNumber":96,"author":{"gitId":"astralum"},"content":"        String at \u003d line.substring(dividerPosition + 3).trim();","lastModifiedDate":"2021-09-02"},{"lineNumber":97,"author":{"gitId":"astralum"},"content":"        Event newEvent \u003d new Event(description, at);","lastModifiedDate":"2021-09-02"},{"lineNumber":98,"author":{"gitId":"astralum"},"content":"        tasks[Task.getNumOfTasks() - 1] \u003d newEvent;","lastModifiedDate":"2021-09-02"},{"lineNumber":99,"author":{"gitId":"astralum"},"content":"        return returnAddTaskSuccess() + newEvent.toString();","lastModifiedDate":"2021-09-02"},{"lineNumber":100,"author":{"gitId":"astralum"},"content":"    }","lastModifiedDate":"2021-09-02"},{"lineNumber":101,"author":{"gitId":"astralum"},"content":"","lastModifiedDate":"2021-09-02"},{"lineNumber":102,"author":{"gitId":"astralum"},"content":"    public String returnTaskCompleted() {","lastModifiedDate":"2021-09-02"},{"lineNumber":103,"author":{"gitId":"astralum"},"content":"        return \"Transcendent, my liege. You have completed: \";","lastModifiedDate":"2021-09-02"},{"lineNumber":104,"author":{"gitId":"astralum"},"content":"    }","lastModifiedDate":"2021-09-02"},{"lineNumber":105,"author":{"gitId":"astralum"},"content":"","lastModifiedDate":"2021-09-02"},{"lineNumber":106,"author":{"gitId":"astralum"},"content":"    public String returnDoTaskFail() {","lastModifiedDate":"2021-09-02"},{"lineNumber":107,"author":{"gitId":"astralum"},"content":"        return \"Have mercy, for that is beyond my knowledge.\";","lastModifiedDate":"2021-09-02"},{"lineNumber":108,"author":{"gitId":"astralum"},"content":"    }","lastModifiedDate":"2021-09-02"},{"lineNumber":109,"author":{"gitId":"astralum"},"content":"","lastModifiedDate":"2021-09-02"},{"lineNumber":110,"author":{"gitId":"astralum"},"content":"    public String returnDoTaskNone() {","lastModifiedDate":"2021-09-02"},{"lineNumber":111,"author":{"gitId":"astralum"},"content":"        return \"You have no tasks, my liege.\";","lastModifiedDate":"2021-09-02"},{"lineNumber":112,"author":{"gitId":"astralum"},"content":"    }","lastModifiedDate":"2021-09-02"},{"lineNumber":113,"author":{"gitId":"astralum"},"content":"","lastModifiedDate":"2021-09-02"},{"lineNumber":114,"author":{"gitId":"astralum"},"content":"    public String doTask(String lc) {","lastModifiedDate":"2021-09-02"},{"lineNumber":115,"author":{"gitId":"astralum"},"content":"        if (Task.getNumOfTasks() \u003e 0) {","lastModifiedDate":"2021-09-02"},{"lineNumber":116,"author":{"gitId":"astralum"},"content":"            String inputNumStr \u003d lc.replace(\"done\", \"\").trim();","lastModifiedDate":"2021-09-02"},{"lineNumber":117,"author":{"gitId":"astralum"},"content":"            int inputNum \u003d Integer.parseInt(inputNumStr);","lastModifiedDate":"2021-09-02"},{"lineNumber":118,"author":{"gitId":"astralum"},"content":"            if (inputNum \u003e 0 \u0026\u0026 inputNum \u003c\u003d Task.getNumOfTasks()) {","lastModifiedDate":"2021-09-02"},{"lineNumber":119,"author":{"gitId":"astralum"},"content":"                int id \u003d inputNum - 1;","lastModifiedDate":"2021-09-02"},{"lineNumber":120,"author":{"gitId":"astralum"},"content":"                tasks[id].setDone();","lastModifiedDate":"2021-09-02"},{"lineNumber":121,"author":{"gitId":"astralum"},"content":"                return returnTaskCompleted() + System.lineSeparator()","lastModifiedDate":"2021-09-02"},{"lineNumber":122,"author":{"gitId":"astralum"},"content":"                        + InoutputFormatter.printOutputStart() + tasks[id].toString();","lastModifiedDate":"2021-09-02"},{"lineNumber":123,"author":{"gitId":"astralum"},"content":"            } else {","lastModifiedDate":"2021-09-02"},{"lineNumber":124,"author":{"gitId":"astralum"},"content":"                return returnDoTaskFail();","lastModifiedDate":"2021-09-02"},{"lineNumber":125,"author":{"gitId":"astralum"},"content":"            }","lastModifiedDate":"2021-09-02"},{"lineNumber":126,"author":{"gitId":"astralum"},"content":"        } else {","lastModifiedDate":"2021-09-02"},{"lineNumber":127,"author":{"gitId":"astralum"},"content":"            return returnDoTaskNone();","lastModifiedDate":"2021-09-02"},{"lineNumber":128,"author":{"gitId":"astralum"},"content":"        }","lastModifiedDate":"2021-09-02"},{"lineNumber":129,"author":{"gitId":"astralum"},"content":"    }","lastModifiedDate":"2021-09-02"},{"lineNumber":130,"author":{"gitId":"astralum"},"content":"","lastModifiedDate":"2021-09-02"},{"lineNumber":131,"author":{"gitId":"astralum"},"content":"    public boolean inputIsList(String lc) {","lastModifiedDate":"2021-09-02"},{"lineNumber":132,"author":{"gitId":"astralum"},"content":"        return lc.equals(\"list\");","lastModifiedDate":"2021-09-02"},{"lineNumber":133,"author":{"gitId":"astralum"},"content":"    }","lastModifiedDate":"2021-09-02"},{"lineNumber":134,"author":{"gitId":"astralum"},"content":"","lastModifiedDate":"2021-09-02"},{"lineNumber":135,"author":{"gitId":"astralum"},"content":"    public String listTasks() {","lastModifiedDate":"2021-09-02"},{"lineNumber":136,"author":{"gitId":"astralum"},"content":"        String out \u003d \"Your magnificent tasks:\";","lastModifiedDate":"2021-09-02"},{"lineNumber":137,"author":{"gitId":"astralum"},"content":"        for (int i \u003d 0; i \u003c tasks.length \u0026\u0026 tasks[i] !\u003d null; i++) {","lastModifiedDate":"2021-09-02"},{"lineNumber":138,"author":{"gitId":"astralum"},"content":"            //output will be doubly \"indented\"","lastModifiedDate":"2021-09-02"},{"lineNumber":139,"author":{"gitId":"astralum"},"content":"            out +\u003d System.lineSeparator() + InoutputFormatter.printOutputStart()","lastModifiedDate":"2021-09-02"},{"lineNumber":140,"author":{"gitId":"astralum"},"content":"                    + tasks[i].toString();","lastModifiedDate":"2021-09-02"},{"lineNumber":141,"author":{"gitId":"astralum"},"content":"        }","lastModifiedDate":"2021-09-02"},{"lineNumber":142,"author":{"gitId":"astralum"},"content":"        return out;","lastModifiedDate":"2021-09-02"},{"lineNumber":143,"author":{"gitId":"astralum"},"content":"    }","lastModifiedDate":"2021-09-02"},{"lineNumber":144,"author":{"gitId":"astralum"},"content":"","lastModifiedDate":"2021-09-02"},{"lineNumber":145,"author":{"gitId":"astralum"},"content":"    public String returnInputInvalid() {","lastModifiedDate":"2021-09-02"},{"lineNumber":146,"author":{"gitId":"astralum"},"content":"        return \"I do not comprehend, my liege.\";","lastModifiedDate":"2021-09-02"},{"lineNumber":147,"author":{"gitId":"astralum"},"content":"    }","lastModifiedDate":"2021-09-02"},{"lineNumber":148,"author":{"gitId":"astralum"},"content":"","lastModifiedDate":"2021-09-02"},{"lineNumber":149,"author":{"gitId":"astralum"},"content":"}","lastModifiedDate":"2021-09-02"}],"authorContributionMap":{"astralum":149}},{"path":"src/main/java/Todo.java","fileType":"java","lines":[{"lineNumber":1,"author":{"gitId":"astralum"},"content":"public class Todo extends Task {","lastModifiedDate":"2021-09-02"},{"lineNumber":2,"author":{"gitId":"astralum"},"content":"","lastModifiedDate":"2021-09-02"},{"lineNumber":3,"author":{"gitId":"astralum"},"content":"    public Todo(String description) {","lastModifiedDate":"2021-09-02"},{"lineNumber":4,"author":{"gitId":"astralum"},"content":"        super(description);","lastModifiedDate":"2021-09-02"},{"lineNumber":5,"author":{"gitId":"astralum"},"content":"    }","lastModifiedDate":"2021-09-02"},{"lineNumber":6,"author":{"gitId":"astralum"},"content":"","lastModifiedDate":"2021-09-02"},{"lineNumber":7,"author":{"gitId":"astralum"},"content":"    @Override","lastModifiedDate":"2021-09-02"},{"lineNumber":8,"author":{"gitId":"astralum"},"content":"    public String toString() {","lastModifiedDate":"2021-09-02"},{"lineNumber":9,"author":{"gitId":"astralum"},"content":"        return (this.getId() + 1) + \".[T]\" + super.toString();","lastModifiedDate":"2021-09-02"},{"lineNumber":10,"author":{"gitId":"astralum"},"content":"    }","lastModifiedDate":"2021-09-02"},{"lineNumber":11,"author":{"gitId":"astralum"},"content":"}","lastModifiedDate":"2021-09-02"}],"authorContributionMap":{"astralum":11}},{"path":"text-ui-test/input.txt","fileType":"txt","lines":[{"lineNumber":1,"author":{"gitId":"astralum"},"content":"hi","lastModifiedDate":"2021-09-02"},{"lineNumber":2,"author":{"gitId":"astralum"},"content":"done","lastModifiedDate":"2021-09-02"},{"lineNumber":3,"author":{"gitId":"astralum"},"content":"list","lastModifiedDate":"2021-09-02"},{"lineNumber":4,"author":{"gitId":"astralum"},"content":"todo eat cake","lastModifiedDate":"2021-09-02"},{"lineNumber":5,"author":{"gitId":"astralum"},"content":"deadline execute peasant","lastModifiedDate":"2021-09-02"},{"lineNumber":6,"author":{"gitId":"astralum"},"content":"deadline execute peasant /by noon","lastModifiedDate":"2021-09-02"},{"lineNumber":7,"author":{"gitId":"astralum"},"content":"event royal council","lastModifiedDate":"2021-09-02"},{"lineNumber":8,"author":{"gitId":"astralum"},"content":"event royal council /at throne room, 12PM","lastModifiedDate":"2021-09-02"},{"lineNumber":9,"author":{"gitId":"astralum"},"content":"list","lastModifiedDate":"2021-09-02"},{"lineNumber":10,"author":{"gitId":"astralum"},"content":"done 1","lastModifiedDate":"2021-09-02"},{"lineNumber":11,"author":{"gitId":"astralum"},"content":"done 2","lastModifiedDate":"2021-09-02"},{"lineNumber":12,"author":{"gitId":"astralum"},"content":"done 3","lastModifiedDate":"2021-09-02"},{"lineNumber":13,"author":{"gitId":"astralum"},"content":"done 4","lastModifiedDate":"2021-09-02"},{"lineNumber":14,"author":{"gitId":"astralum"},"content":"done 0","lastModifiedDate":"2021-09-02"},{"lineNumber":15,"author":{"gitId":"astralum"},"content":"done -1","lastModifiedDate":"2021-09-02"},{"lineNumber":16,"author":{"gitId":"astralum"},"content":"bye","lastModifiedDate":"2021-09-02"}],"authorContributionMap":{"astralum":16}},{"path":"text-ui-test/runtest.sh","fileType":"sh","lines":[{"lineNumber":1,"author":{"gitId":"-"},"content":"#!/usr/bin/env bash","lastModifiedDate":"2020-05-25"},{"lineNumber":2,"author":{"gitId":"-"},"content":"","lastModifiedDate":"2020-05-25"},{"lineNumber":3,"author":{"gitId":"-"},"content":"# create bin directory if it doesn\u0027t exist","lastModifiedDate":"2020-05-25"},{"lineNumber":4,"author":{"gitId":"-"},"content":"if [ ! -d \"../bin\" ]","lastModifiedDate":"2020-05-25"},{"lineNumber":5,"author":{"gitId":"-"},"content":"then","lastModifiedDate":"2020-05-25"},{"lineNumber":6,"author":{"gitId":"-"},"content":"    mkdir ../bin","lastModifiedDate":"2020-05-25"},{"lineNumber":7,"author":{"gitId":"-"},"content":"fi","lastModifiedDate":"2020-05-25"},{"lineNumber":8,"author":{"gitId":"-"},"content":"","lastModifiedDate":"2020-05-25"},{"lineNumber":9,"author":{"gitId":"-"},"content":"# delete output from previous run","lastModifiedDate":"2020-05-25"},{"lineNumber":10,"author":{"gitId":"-"},"content":"if [ -e \"./ACTUAL.TXT\" ]","lastModifiedDate":"2020-05-25"},{"lineNumber":11,"author":{"gitId":"-"},"content":"then","lastModifiedDate":"2020-05-25"},{"lineNumber":12,"author":{"gitId":"-"},"content":"    rm ACTUAL.TXT","lastModifiedDate":"2020-05-25"},{"lineNumber":13,"author":{"gitId":"-"},"content":"fi","lastModifiedDate":"2020-05-25"},{"lineNumber":14,"author":{"gitId":"-"},"content":"","lastModifiedDate":"2020-05-25"},{"lineNumber":15,"author":{"gitId":"-"},"content":"# compile the code into the bin folder, terminates if error occurred","lastModifiedDate":"2020-05-25"},{"lineNumber":16,"author":{"gitId":"-"},"content":"if ! javac -cp ../src/main/java -Xlint:none -d ../bin ../src/main/java/*.java","lastModifiedDate":"2020-08-25"},{"lineNumber":17,"author":{"gitId":"-"},"content":"then","lastModifiedDate":"2020-05-25"},{"lineNumber":18,"author":{"gitId":"-"},"content":"    echo \"********** BUILD FAILURE **********\"","lastModifiedDate":"2020-05-25"},{"lineNumber":19,"author":{"gitId":"-"},"content":"    exit 1","lastModifiedDate":"2020-05-25"},{"lineNumber":20,"author":{"gitId":"-"},"content":"fi","lastModifiedDate":"2020-05-25"},{"lineNumber":21,"author":{"gitId":"-"},"content":"","lastModifiedDate":"2020-05-25"},{"lineNumber":22,"author":{"gitId":"-"},"content":"# run the program, feed commands from input.txt file and redirect the output to the ACTUAL.TXT","lastModifiedDate":"2020-05-25"},{"lineNumber":23,"author":{"gitId":"-"},"content":"java -classpath ../bin Duke \u003c input.txt \u003e ACTUAL.TXT","lastModifiedDate":"2020-05-25"},{"lineNumber":24,"author":{"gitId":"-"},"content":"","lastModifiedDate":"2020-05-25"},{"lineNumber":25,"author":{"gitId":"-"},"content":"# convert to UNIX format","lastModifiedDate":"2020-05-25"},{"lineNumber":26,"author":{"gitId":"astralum"},"content":"#cp EXPECTED.TXT EXPECTED-UNIX.TXT","lastModifiedDate":"2021-09-02"},{"lineNumber":27,"author":{"gitId":"astralum"},"content":"#dos2unix ACTUAL.TXT EXPECTED-UNIX.TXT","lastModifiedDate":"2021-09-02"},{"lineNumber":28,"author":{"gitId":"-"},"content":"","lastModifiedDate":"2020-05-25"},{"lineNumber":29,"author":{"gitId":"-"},"content":"# compare the output to the expected output","lastModifiedDate":"2020-05-25"},{"lineNumber":30,"author":{"gitId":"-"},"content":"diff ACTUAL.TXT EXPECTED-UNIX.TXT","lastModifiedDate":"2020-05-25"},{"lineNumber":31,"author":{"gitId":"-"},"content":"if [ $? -eq 0 ]","lastModifiedDate":"2020-05-25"},{"lineNumber":32,"author":{"gitId":"-"},"content":"then","lastModifiedDate":"2020-05-25"},{"lineNumber":33,"author":{"gitId":"-"},"content":"    echo \"Test result: PASSED\"","lastModifiedDate":"2020-05-25"},{"lineNumber":34,"author":{"gitId":"-"},"content":"    exit 0","lastModifiedDate":"2020-05-25"},{"lineNumber":35,"author":{"gitId":"-"},"content":"else","lastModifiedDate":"2020-05-25"},{"lineNumber":36,"author":{"gitId":"-"},"content":"    echo \"Test result: FAILED\"","lastModifiedDate":"2020-05-25"},{"lineNumber":37,"author":{"gitId":"-"},"content":"    exit 1","lastModifiedDate":"2020-05-25"},{"lineNumber":38,"author":{"gitId":"-"},"content":"fi","lastModifiedDate":"2020-05-25"}],"authorContributionMap":{"astralum":2,"-":36}}]
