{"authorDailyContributionsMap":{"DuckWillow":[{"date":"2021-08-24","commitResults":[{"hash":"29058ec9c17073a3e3bb725c12f5eae088ac67ec","messageTitle":"TEST","messageBody":"","fileTypesAndContributionMap":{"java":{"insertions":2,"deletions":2}}},{"hash":"1e514395129ade7f28f399a9240af5bbc68574d3","messageTitle":"Level 0. Greet","messageBody":"","fileTypesAndContributionMap":{"java":{"insertions":6,"deletions":5}}},{"hash":"5ff4390a6185993d85d3790a86ef678c4a5ecec0","messageTitle":"Level 1. Greet, Echo, Exit","messageBody":"","tags":["Level-1"],"fileTypesAndContributionMap":{"java":{"insertions":30,"deletions":2}}},{"hash":"e1180ef253b57b650840cfcc51908718215f4f3b","messageTitle":"Level 2. Add, List","messageBody":"","tags":["Level-2"],"fileTypesAndContributionMap":{"java":{"insertions":14,"deletions":4}}},{"hash":"de360bb025c5ff41cc40645a4b0307ab39499a40","messageTitle":"Level 3. Mark as Done","messageBody":"","tags":["Level-3"],"fileTypesAndContributionMap":{"java":{"insertions":39,"deletions":29}}}]},{"date":"2021-09-01","commitResults":[{"hash":"364487c3c86a407cd71c12eb6307497d7eb19e39","messageTitle":"Level 3 (recommended)","messageBody":"Using class Task to replace class String\n","fileTypesAndContributionMap":{"java":{"insertions":46,"deletions":8}}}]},{"date":"2021-09-02","commitResults":[{"hash":"afe0fbced505e1aee762502315ebc9e35fa2ee61","messageTitle":"A-CodingStandard","messageBody":"","tags":["A-CodingStandard"],"fileTypesAndContributionMap":{"java":{"insertions":31,"deletions":31}}},{"hash":"de64202a799af387b26a23157caded722bf9ce05","messageTitle":"Level 4. ToDos, Events, Deadlines","messageBody":"","tags":["Level-4"],"fileTypesAndContributionMap":{"java":{"insertions":50,"deletions":7}}}]}]},"authorFileTypeContributionMap":{"DuckWillow":{"java":136,"md":0,"fxml":0,"sh":0,"bat":0,"gradle":0,"txt":0}},"authorContributionVariance":{"DuckWillow":148.74736},"authorDisplayNameMap":{"DuckWillow":"CS2113-T13-4 SHI ..NSEN"}}
