{"authorDailyContributionsMap":{"VishalJeyaram":[{"date":"2021-08-26","commitResults":[{"hash":"0acc03a30def9722982582ba0a6f7a172206a644","messageTitle":"Level-0","messageBody":"","tags":["Level-0"],"fileTypesAndContributionMap":{"java":{"insertions":6,"deletions":1}}},{"hash":"e5a6c76d01e124a128f2a7f3962759f5d7d4ac40","messageTitle":"echo commands entered by the user","messageBody":"exits when the user types \u0027bye\u0027.\n","tags":["Level-1"],"fileTypesAndContributionMap":{"java":{"insertions":49,"deletions":10}}},{"hash":"73e933ef42f132f3cb1d1d6365aedb2158196e77","messageTitle":"Add the ability to store whatever text entered by the user and display them back to the user when requested","messageBody":"","tags":["Level-2"],"fileTypesAndContributionMap":{"java":{"insertions":21,"deletions":6}}},{"hash":"9aa6701f16fede59c6b8473b53b7d84bf0e0c853","messageTitle":"Added the ability to mark tasks as done.","messageBody":"","tags":["Level-3"],"fileTypesAndContributionMap":{"java":{"insertions":29,"deletions":3}}},{"hash":"9d224de9b48356481a7502c21650780902bffdcc","messageTitle":"Tweaked the code to comply with a coding standard","messageBody":"","tags":["A-CodingStandard"],"fileTypesAndContributionMap":{"java":{"insertions":8,"deletions":8}}}]},{"date":"2021-09-02","commitResults":[{"hash":"d10b24961262b532c458a50b32a1624e7aa71d11","messageTitle":"Added support for tracking three types of tasks","messageBody":"","tags":["Level-4"],"fileTypesAndContributionMap":{"java":{"insertions":169,"deletions":20}}},{"hash":"431e205a6d526a294070a82959ce876559a33713","messageTitle":"Coding quality and standard improved","messageBody":"","tags":["A-CodeQuality"],"fileTypesAndContributionMap":{"java":{"insertions":84,"deletions":79}}},{"hash":"423e4b66e6586a91f8897dedbf901cb8822adb57","messageTitle":"testing optimized","messageBody":"","tags":["A-TextUiTesting"],"fileTypesAndContributionMap":{"txt":{"insertions":3,"deletions":0},"bat":{"insertions":2,"deletions":0}}}]},{"date":"2021-09-09","commitResults":[{"hash":"dd62bad41695c8a66001f2afe002f0820750b56e","messageTitle":"Testing commit","messageBody":"","fileTypesAndContributionMap":{"java":{"insertions":3,"deletions":2}}},{"hash":"0fd82f9ffc981cf111fddc9031745fe14065beda","messageTitle":"fixing bugs","messageBody":"","fileTypesAndContributionMap":{"java":{"insertions":6,"deletions":6}}},{"hash":"f2d4394e2906d08b9daca84abd5975ec857a2628","messageTitle":"printing statements fixed","messageBody":"","fileTypesAndContributionMap":{"java":{"insertions":3,"deletions":2}}},{"hash":"0a70a2ed3e0465105b2ce506c2fcfa65610a101e","messageTitle":"Line 118 printing formatting fixed","messageBody":"","fileTypesAndContributionMap":{"java":{"insertions":3,"deletions":3}}},{"hash":"199fc4c16d4fe07589b52411ffdea39bcf9a179f","messageTitle":"Work in progress level 5","messageBody":"","fileTypesAndContributionMap":{"java":{"insertions":49,"deletions":43}}},{"hash":"e893cef7afc0ee8af9d8916a2283d98d7e03bc5c","messageTitle":"Teach Duke to deal with errors such as incorrect inputs entered by the user","messageBody":"","tags":["A-Exceptions"],"fileTypesAndContributionMap":{"java":{"insertions":2,"deletions":1}}}]},{"date":"2021-09-10","commitResults":[{"hash":"75c9f1676e3b6283265ad79dc8c5a52293b083df","messageTitle":"Divide classes into packages","messageBody":"","fileTypesAndContributionMap":{"java":{"insertions":12,"deletions":3},"bat":{"insertions":1,"deletions":1},"md":{"insertions":2,"deletions":2}}}]},{"date":"2021-09-13","commitResults":[{"hash":"b88ba299dc6d65b2ed6544c69d451e0f091e457c","messageTitle":"Add support for deleting tasks from the list.","messageBody":"","fileTypesAndContributionMap":{"java":{"insertions":53,"deletions":25}}},{"hash":"da1e49effbfb1315ddf0b49c1eb4e91ce26aa8d1","messageTitle":"Add support for deleting tasks from the list. (latest)","messageBody":"","fileTypesAndContributionMap":{"java":{"insertions":1,"deletions":1}}}]},{"date":"2021-09-14","commitResults":[{"hash":"23fdf30799cd8a197931121a0830a98f7cec5e5b","messageTitle":"Save the tasks in the hard disk automatically whenever the task list changes","messageBody":"","fileTypesAndContributionMap":{"txt":{"insertions":9,"deletions":0},"java":{"insertions":148,"deletions":36}}},{"hash":"4643e2118dfd1212310af5c7eec1d354ea44adce","messageTitle":"Changed text file","messageBody":"","fileTypesAndContributionMap":{"txt":{"insertions":0,"deletions":9}}},{"hash":"d87aae0104436c2fbbf8a6451c207967b8b7b241","messageTitle":"Level 7 commit","messageBody":"","fileTypesAndContributionMap":{"java":{"insertions":2,"deletions":2}}},{"hash":"9609e5f9df1c04fa3f536423842d27945e562d3f","messageTitle":"Adding the text file","messageBody":"","fileTypesAndContributionMap":{"txt":{"insertions":0,"deletions":0}}},{"hash":"47dd64e7df4e5451a1cb4bbad44815732ee27502","messageTitle":"Level 7 final commit","messageBody":"","fileTypesAndContributionMap":{"java":{"insertions":0,"deletions":1}}}]},{"date":"2021-09-16","commitResults":[{"hash":"db8bd73047c77c30c42d2dbfd840965f1d81a9de","messageTitle":"A-JAR","messageBody":"","tags":["A-Jar"],"fileTypesAndContributionMap":{"txt":{"insertions":1,"deletions":2},"java":{"insertions":116,"deletions":85}}}]},{"date":"2021-09-20","commitResults":[{"hash":"57a79f054d1ca5b8777218014d2a67a1d187e2dc","messageTitle":"Updated master","messageBody":"","fileTypesAndContributionMap":{"txt":{"insertions":1,"deletions":1},"java":{"insertions":1,"deletions":1}}},{"hash":"8e7fd03322e7e220b7cc4b186fc78a606701e692","messageTitle":"Minor edits to master","messageBody":"","fileTypesAndContributionMap":{"txt":{"insertions":3,"deletions":0},"java":{"insertions":15,"deletions":0}}},{"hash":"21c07047af20209a511122059a5de932fa7be127","messageTitle":"Give users a way to find a task by searching for a keyword.","messageBody":"","tags":["Level-9"],"fileTypesAndContributionMap":{"java":{"insertions":13,"deletions":1}}},{"hash":"a1a550c41998ce32b992a4f694d4fed0e7be02ed","messageTitle":"Teach Duke how to understand dates and times.","messageBody":"","fileTypesAndContributionMap":{"txt":{"insertions":1,"deletions":4},"java":{"insertions":17,"deletions":5}}}]},{"date":"2021-09-22","commitResults":[{"hash":"32656a1380b19312951ba4c705532801ce7cbb82","messageTitle":"Print out tasks which happened on a specified date","messageBody":"","fileTypesAndContributionMap":{"txt":{"insertions":3,"deletions":1},"java":{"insertions":51,"deletions":6}}},{"hash":"7306402ac5f75e472ee80a9a4480d158462722a2","messageTitle":"Date command updated","messageBody":"","tags":["Level-8"],"fileTypesAndContributionMap":{"java":{"insertions":2,"deletions":4}}}]},{"date":"2021-09-23","commitResults":[{"hash":"a332d1a147057e9c93d3ea16605ce84abea18386","messageTitle":"Text file issue solved","messageBody":"","fileTypesAndContributionMap":{"txt":{"insertions":0,"deletions":1}}}]},{"date":"2021-09-24","commitResults":[{"hash":"4561808bbb75cc78b4ef75fae07941e4a126f924","messageTitle":"Added storage class halfway done","messageBody":"","fileTypesAndContributionMap":{"txt":{"insertions":3,"deletions":1},"java":{"insertions":73,"deletions":6}}},{"hash":"a3b5c81e4e2ff7fed366f0cf4128337e1fe28bdf","messageTitle":"Ui and tasklist updated","messageBody":"","fileTypesAndContributionMap":{"java":{"insertions":21,"deletions":14}}},{"hash":"f16c13feca17f306c0e9370564bd1b1efd248e92","messageTitle":"Task file updated","messageBody":"","fileTypesAndContributionMap":{"txt":{"insertions":1,"deletions":2}}}]},{"date":"2021-09-26","commitResults":[{"hash":"99cffd9d55ab96c2471682cbaa0312bdbfd59ddb","messageTitle":"More OOP 90 percent implemented","messageBody":"","fileTypesAndContributionMap":{"txt":{"insertions":2,"deletions":2},"java":{"insertions":385,"deletions":365}}},{"hash":"55f4c5bc5773e83b611245461c86cacf656e2559","messageTitle":"More OOP done","messageBody":"","fileTypesAndContributionMap":{"txt":{"insertions":0,"deletions":3},"java":{"insertions":97,"deletions":77}}},{"hash":"63102399f1e75377dcb6591cc84d6868537e09bb","messageTitle":"AJava Doc done","messageBody":"","fileTypesAndContributionMap":{"txt":{"insertions":1,"deletions":0},"java":{"insertions":167,"deletions":37}}}]},{"date":"2021-09-28","commitResults":[{"hash":"4e96b08511e0e66b3abe4311063d3679858fc696","messageTitle":"Bugs fixed and comments added","messageBody":"","fileTypesAndContributionMap":{"txt":{"insertions":1,"deletions":1},"java":{"insertions":58,"deletions":13}}},{"hash":"5a77160c5bd536db35a1e2a605e7ba55768b506d","messageTitle":"A Java Doc Done","messageBody":"","fileTypesAndContributionMap":{"txt":{"insertions":1,"deletions":1},"java":{"insertions":102,"deletions":30}}},{"hash":"4f230f3243a9197f456e88c2971162109aab4c93","messageTitle":"Merged Master and A-java doc","messageBody":"","tags":["A-JavaDoc"],"fileTypesAndContributionMap":{"java":{"insertions":0,"deletions":1}}},{"hash":"6022a07d7a4f81126413c9ab95d529487d088967","messageTitle":"More OOP completed","messageBody":"","tags":["A-MoreOOP"],"fileTypesAndContributionMap":{"java":{"insertions":1,"deletions":1}}},{"hash":"d89f1517f021fb1aae82a6926487da06b771700e","messageTitle":"Exception erros changed","messageBody":"","fileTypesAndContributionMap":{"java":{"insertions":1,"deletions":1}}}]},{"date":"2021-09-29","commitResults":[{"hash":"abf55fd9ef5e49f46be066f90f77a270962849fa","messageTitle":"Class name changed and Ui messages updated","messageBody":"","fileTypesAndContributionMap":{"txt":{"insertions":0,"deletions":1},"java":{"insertions":5,"deletions":5},"bat":{"insertions":1,"deletions":1},"md":{"insertions":163,"deletions":13}}}]},{"date":"2021-09-30","commitResults":[{"hash":"553b120e76116d5fced2e16a1e8d60a47e800b89","messageTitle":"User Guide/README updated","messageBody":"","tags":["A-UserGuide"],"fileTypesAndContributionMap":{"md":{"insertions":61,"deletions":31}}},{"hash":"7154720160a269f8984726e228d290bd1bf08cd6","messageTitle":"Updated Ui messages","messageBody":"","fileTypesAndContributionMap":{"txt":{"insertions":0,"deletions":0},"java":{"insertions":12,"deletions":4}}},{"hash":"3b0adcff99aa6e316810eedd268eb9a881061fe5","messageTitle":"Command summary table updated","messageBody":"","fileTypesAndContributionMap":{"md":{"insertions":9,"deletions":8}}},{"hash":"55bc19a4dcc949f177f7f1d2e8dffd708a9945c7","messageTitle":"Heading sizes updated for user guide","messageBody":"","fileTypesAndContributionMap":{"md":{"insertions":13,"deletions":10}}},{"hash":"d2019f2482c27030946160139373d3e63ea29ac9","messageTitle":"Hyperlinks for user guide updated","messageBody":"","fileTypesAndContributionMap":{"md":{"insertions":1,"deletions":1}}}]},{"date":"2021-10-01","commitResults":[{"hash":"3bc240cfced96108368ef5da9051d6902a44b579","messageTitle":"User guide sections separated","messageBody":"","fileTypesAndContributionMap":{"md":{"insertions":4,"deletions":0}}},{"hash":"56bb84414dda474a4230bc039f19f0069409757c","messageTitle":"Final changes made. Code quality improved.","messageBody":"","fileTypesAndContributionMap":{"txt":{"insertions":7,"deletions":0},"java":{"insertions":117,"deletions":66},"md":{"insertions":5,"deletions":0}}},{"hash":"ffa27897bef4486eb569c1dc1cf677551e13cb40","messageTitle":"Userguide final update","messageBody":"","fileTypesAndContributionMap":{"md":{"insertions":1,"deletions":1}}},{"hash":"8cb4736cd5c78cc1b8c534dc44c3386050069a46","messageTitle":"User guide final update","messageBody":"","tags":["A-Release"],"fileTypesAndContributionMap":{"md":{"insertions":1,"deletions":1}}}]}]},"authorFileTypeContributionMap":{"VishalJeyaram":{"java":905,"md":201,"fxml":0,"sh":0,"bat":3,"gradle":0,"txt":10}},"authorContributionVariance":{"VishalJeyaram":6424.933},"authorDisplayNameMap":{"VishalJeyaram":"CS2113T-F14-3 VISH..ARAM"}}
