[{"path":"src/duke/Assistant.java","fileType":"java","lines":[{"lineNumber":1,"author":{"gitId":"ng-andre"},"content":"package duke;","lastModifiedDate":"2021-09-06"},{"lineNumber":2,"author":{"gitId":"ng-andre"},"content":"","lastModifiedDate":"2021-09-06"},{"lineNumber":3,"author":{"gitId":"ng-andre"},"content":"import duke.exception.InvalidIndexException;","lastModifiedDate":"2021-09-08"},{"lineNumber":4,"author":{"gitId":"ng-andre"},"content":"import duke.exception.MissingInputException;","lastModifiedDate":"2021-09-08"},{"lineNumber":5,"author":{"gitId":"ng-andre"},"content":"import duke.task.Deadline;","lastModifiedDate":"2021-09-08"},{"lineNumber":6,"author":{"gitId":"ng-andre"},"content":"import duke.task.Event;","lastModifiedDate":"2021-09-08"},{"lineNumber":7,"author":{"gitId":"ng-andre"},"content":"import duke.task.Task;","lastModifiedDate":"2021-09-06"},{"lineNumber":8,"author":{"gitId":"ng-andre"},"content":"import duke.task.ToDo;","lastModifiedDate":"2021-09-08"},{"lineNumber":9,"author":{"gitId":"ng-andre"},"content":"","lastModifiedDate":"2021-09-15"},{"lineNumber":10,"author":{"gitId":"ng-andre"},"content":"import java.util.ArrayList;","lastModifiedDate":"2021-09-13"},{"lineNumber":11,"author":{"gitId":"ng-andre"},"content":"","lastModifiedDate":"2021-08-31"},{"lineNumber":12,"author":{"gitId":"ng-andre"},"content":"import java.io.File;","lastModifiedDate":"2021-09-15"},{"lineNumber":13,"author":{"gitId":"ng-andre"},"content":"import java.io.FileWriter;","lastModifiedDate":"2021-09-15"},{"lineNumber":14,"author":{"gitId":"ng-andre"},"content":"import java.io.IOException;","lastModifiedDate":"2021-09-15"},{"lineNumber":15,"author":{"gitId":"ng-andre"},"content":"import java.util.Scanner;","lastModifiedDate":"2021-09-15"},{"lineNumber":16,"author":{"gitId":"ng-andre"},"content":"","lastModifiedDate":"2021-09-15"},{"lineNumber":17,"author":{"gitId":"ng-andre"},"content":"public class Assistant {","lastModifiedDate":"2021-08-31"},{"lineNumber":18,"author":{"gitId":"ng-andre"},"content":"    public static final String SEPARATOR_SLASH \u003d \"/\";","lastModifiedDate":"2021-09-08"},{"lineNumber":19,"author":{"gitId":"ng-andre"},"content":"","lastModifiedDate":"2021-09-08"},{"lineNumber":20,"author":{"gitId":"ng-andre"},"content":"    private ArrayList\u003cTask\u003e tasks;","lastModifiedDate":"2021-09-13"},{"lineNumber":21,"author":{"gitId":"ng-andre"},"content":"    public static final String FILE_NAME \u003d \"duke/data/duke.txt\";","lastModifiedDate":"2021-09-15"},{"lineNumber":22,"author":{"gitId":"ng-andre"},"content":"    public static final String DIRECTORY_NAME \u003d \"duke/data/\";","lastModifiedDate":"2021-09-15"},{"lineNumber":23,"author":{"gitId":"ng-andre"},"content":"","lastModifiedDate":"2021-08-31"},{"lineNumber":24,"author":{"gitId":"ng-andre"},"content":"    public Assistant() {","lastModifiedDate":"2021-08-31"},{"lineNumber":25,"author":{"gitId":"ng-andre"},"content":"        tasks \u003d new ArrayList\u003c\u003e();","lastModifiedDate":"2021-09-13"},{"lineNumber":26,"author":{"gitId":"ng-andre"},"content":"    }","lastModifiedDate":"2021-08-31"},{"lineNumber":27,"author":{"gitId":"ng-andre"},"content":"","lastModifiedDate":"2021-08-31"},{"lineNumber":28,"author":{"gitId":"ng-andre"},"content":"    public void listTasks() {","lastModifiedDate":"2021-08-31"},{"lineNumber":29,"author":{"gitId":"ng-andre"},"content":"        for (int i \u003d 0; i \u003c tasks.size(); i++) {","lastModifiedDate":"2021-09-13"},{"lineNumber":30,"author":{"gitId":"ng-andre"},"content":"            System.out.println((i + 1) + \". \" + tasks.get(i).getStatus() + tasks.get(i).toString());","lastModifiedDate":"2021-09-15"},{"lineNumber":31,"author":{"gitId":"ng-andre"},"content":"        }","lastModifiedDate":"2021-08-31"},{"lineNumber":32,"author":{"gitId":"ng-andre"},"content":"    }","lastModifiedDate":"2021-08-31"},{"lineNumber":33,"author":{"gitId":"ng-andre"},"content":"","lastModifiedDate":"2021-08-31"},{"lineNumber":34,"author":{"gitId":"ng-andre"},"content":"    public void addTask(Task newTask) {","lastModifiedDate":"2021-08-31"},{"lineNumber":35,"author":{"gitId":"ng-andre"},"content":"        tasks.add(newTask);","lastModifiedDate":"2021-09-13"},{"lineNumber":36,"author":{"gitId":"ng-andre"},"content":"        System.out.println(\"added: \" + newTask.getTaskName());","lastModifiedDate":"2021-08-31"},{"lineNumber":37,"author":{"gitId":"ng-andre"},"content":"    }","lastModifiedDate":"2021-08-31"},{"lineNumber":38,"author":{"gitId":"ng-andre"},"content":"","lastModifiedDate":"2021-08-31"},{"lineNumber":39,"author":{"gitId":"ng-andre"},"content":"    public void completeTask(String input) throws InvalidIndexException {","lastModifiedDate":"2021-09-08"},{"lineNumber":40,"author":{"gitId":"ng-andre"},"content":"        int index \u003d Integer.parseInt(input) - 1;","lastModifiedDate":"2021-09-08"},{"lineNumber":41,"author":{"gitId":"ng-andre"},"content":"        if (index \u003e\u003d tasks.size()) {","lastModifiedDate":"2021-09-13"},{"lineNumber":42,"author":{"gitId":"ng-andre"},"content":"            throw new InvalidIndexException();","lastModifiedDate":"2021-09-08"},{"lineNumber":43,"author":{"gitId":"ng-andre"},"content":"        }","lastModifiedDate":"2021-09-08"},{"lineNumber":44,"author":{"gitId":"ng-andre"},"content":"        tasks.get(index).finishTask();","lastModifiedDate":"2021-09-13"},{"lineNumber":45,"author":{"gitId":"ng-andre"},"content":"        System.out.println(\"Completed task: \" + tasks.get(index).getTaskName());","lastModifiedDate":"2021-09-13"},{"lineNumber":46,"author":{"gitId":"ng-andre"},"content":"    }","lastModifiedDate":"2021-08-31"},{"lineNumber":47,"author":{"gitId":"ng-andre"},"content":"","lastModifiedDate":"2021-09-08"},{"lineNumber":48,"author":{"gitId":"ng-andre"},"content":"    public void addDeadline(String deadline) throws MissingInputException {","lastModifiedDate":"2021-09-08"},{"lineNumber":49,"author":{"gitId":"ng-andre"},"content":"        String[] inputs \u003d deadline.split(SEPARATOR_SLASH, 2);","lastModifiedDate":"2021-09-08"},{"lineNumber":50,"author":{"gitId":"ng-andre"},"content":"        if (inputs.length \u003d\u003d 1 || inputs[1].equals(\"\")) { //no / detected","lastModifiedDate":"2021-09-13"},{"lineNumber":51,"author":{"gitId":"ng-andre"},"content":"            throw new MissingInputException();","lastModifiedDate":"2021-09-08"},{"lineNumber":52,"author":{"gitId":"ng-andre"},"content":"        }","lastModifiedDate":"2021-09-08"},{"lineNumber":53,"author":{"gitId":"ng-andre"},"content":"        addTask(new Deadline(inputs[0], inputs[1]));","lastModifiedDate":"2021-09-08"},{"lineNumber":54,"author":{"gitId":"ng-andre"},"content":"    }","lastModifiedDate":"2021-09-08"},{"lineNumber":55,"author":{"gitId":"ng-andre"},"content":"","lastModifiedDate":"2021-09-08"},{"lineNumber":56,"author":{"gitId":"ng-andre"},"content":"    public void addEvent(String event) throws MissingInputException {","lastModifiedDate":"2021-09-08"},{"lineNumber":57,"author":{"gitId":"ng-andre"},"content":"        String[] inputs \u003d event.split(SEPARATOR_SLASH, 2);","lastModifiedDate":"2021-09-08"},{"lineNumber":58,"author":{"gitId":"ng-andre"},"content":"        if (inputs.length \u003d\u003d 1 || inputs[1].equals(\"\")) { //no / detected or / without input","lastModifiedDate":"2021-09-13"},{"lineNumber":59,"author":{"gitId":"ng-andre"},"content":"            throw new MissingInputException();","lastModifiedDate":"2021-09-08"},{"lineNumber":60,"author":{"gitId":"ng-andre"},"content":"        }","lastModifiedDate":"2021-09-08"},{"lineNumber":61,"author":{"gitId":"ng-andre"},"content":"        addTask(new Event(inputs[0], inputs[1]));","lastModifiedDate":"2021-09-08"},{"lineNumber":62,"author":{"gitId":"ng-andre"},"content":"    }","lastModifiedDate":"2021-09-08"},{"lineNumber":63,"author":{"gitId":"ng-andre"},"content":"","lastModifiedDate":"2021-09-08"},{"lineNumber":64,"author":{"gitId":"ng-andre"},"content":"    public void addToDo(String todo) {","lastModifiedDate":"2021-09-08"},{"lineNumber":65,"author":{"gitId":"ng-andre"},"content":"        //no MissingInputException required since ArrayOutOfBounds will be thrown in main","lastModifiedDate":"2021-09-13"},{"lineNumber":66,"author":{"gitId":"ng-andre"},"content":"        addTask(new ToDo(todo));","lastModifiedDate":"2021-09-08"},{"lineNumber":67,"author":{"gitId":"ng-andre"},"content":"    }","lastModifiedDate":"2021-09-08"},{"lineNumber":68,"author":{"gitId":"ng-andre"},"content":"","lastModifiedDate":"2021-09-13"},{"lineNumber":69,"author":{"gitId":"ng-andre"},"content":"    public void deleteTask(String input) {","lastModifiedDate":"2021-09-13"},{"lineNumber":70,"author":{"gitId":"ng-andre"},"content":"        int index \u003d Integer.parseInt(input) - 1;","lastModifiedDate":"2021-09-13"},{"lineNumber":71,"author":{"gitId":"ng-andre"},"content":"        System.out.println(\"Removed task: \" + tasks.get(index).getTaskName());","lastModifiedDate":"2021-09-13"},{"lineNumber":72,"author":{"gitId":"ng-andre"},"content":"        tasks.remove(index);","lastModifiedDate":"2021-09-13"},{"lineNumber":73,"author":{"gitId":"ng-andre"},"content":"    }","lastModifiedDate":"2021-09-13"},{"lineNumber":74,"author":{"gitId":"ng-andre"},"content":"","lastModifiedDate":"2021-09-15"},{"lineNumber":75,"author":{"gitId":"ng-andre"},"content":"    public void loadFile() {","lastModifiedDate":"2021-09-15"},{"lineNumber":76,"author":{"gitId":"ng-andre"},"content":"        File saveDataFile \u003d new File(FILE_NAME);","lastModifiedDate":"2021-09-15"},{"lineNumber":77,"author":{"gitId":"ng-andre"},"content":"        File saveDataDirectory \u003d new File(DIRECTORY_NAME);","lastModifiedDate":"2021-09-15"},{"lineNumber":78,"author":{"gitId":"ng-andre"},"content":"        //if save file does not exist, create new file","lastModifiedDate":"2021-09-15"},{"lineNumber":79,"author":{"gitId":"ng-andre"},"content":"        //otherwise, read and load duke.data","lastModifiedDate":"2021-09-15"},{"lineNumber":80,"author":{"gitId":"ng-andre"},"content":"        try {","lastModifiedDate":"2021-09-15"},{"lineNumber":81,"author":{"gitId":"ng-andre"},"content":"            if (!saveDataDirectory.exists()) {","lastModifiedDate":"2021-09-15"},{"lineNumber":82,"author":{"gitId":"ng-andre"},"content":"                saveDataFile.getParentFile().mkdirs();","lastModifiedDate":"2021-09-15"},{"lineNumber":83,"author":{"gitId":"ng-andre"},"content":"            }","lastModifiedDate":"2021-09-15"},{"lineNumber":84,"author":{"gitId":"ng-andre"},"content":"            if (!saveDataFile.exists()) {","lastModifiedDate":"2021-09-15"},{"lineNumber":85,"author":{"gitId":"ng-andre"},"content":"                saveDataFile.createNewFile();","lastModifiedDate":"2021-09-15"},{"lineNumber":86,"author":{"gitId":"ng-andre"},"content":"                System.out.println(\"No existing save duke.data\\nNew file created\");","lastModifiedDate":"2021-09-15"},{"lineNumber":87,"author":{"gitId":"ng-andre"},"content":"            }","lastModifiedDate":"2021-09-15"},{"lineNumber":88,"author":{"gitId":"ng-andre"},"content":"            else {","lastModifiedDate":"2021-09-15"},{"lineNumber":89,"author":{"gitId":"ng-andre"},"content":"                Scanner in \u003d new Scanner(saveDataFile);","lastModifiedDate":"2021-09-15"},{"lineNumber":90,"author":{"gitId":"ng-andre"},"content":"                while (in.hasNext()) {","lastModifiedDate":"2021-09-15"},{"lineNumber":91,"author":{"gitId":"ng-andre"},"content":"                    String nextLine \u003d in.nextLine();","lastModifiedDate":"2021-09-15"},{"lineNumber":92,"author":{"gitId":"ng-andre"},"content":"                    String[] inputs \u003d nextLine.split(\"\\\\|\");","lastModifiedDate":"2021-09-15"},{"lineNumber":93,"author":{"gitId":"ng-andre"},"content":"                    switch (inputs[0]) {","lastModifiedDate":"2021-09-15"},{"lineNumber":94,"author":{"gitId":"ng-andre"},"content":"                    case \"T\":","lastModifiedDate":"2021-09-15"},{"lineNumber":95,"author":{"gitId":"ng-andre"},"content":"                        addToDo(inputs[2]);","lastModifiedDate":"2021-09-15"},{"lineNumber":96,"author":{"gitId":"ng-andre"},"content":"                        break;","lastModifiedDate":"2021-09-15"},{"lineNumber":97,"author":{"gitId":"ng-andre"},"content":"                    case \"E\":","lastModifiedDate":"2021-09-15"},{"lineNumber":98,"author":{"gitId":"ng-andre"},"content":"                        String event \u003d inputs[2] + \"/\" + inputs[3];","lastModifiedDate":"2021-09-15"},{"lineNumber":99,"author":{"gitId":"ng-andre"},"content":"                        addEvent(event);","lastModifiedDate":"2021-09-15"},{"lineNumber":100,"author":{"gitId":"ng-andre"},"content":"                        break;","lastModifiedDate":"2021-09-15"},{"lineNumber":101,"author":{"gitId":"ng-andre"},"content":"                    case \"D\":","lastModifiedDate":"2021-09-15"},{"lineNumber":102,"author":{"gitId":"ng-andre"},"content":"                        String deadline \u003d inputs[2] + \"/\" + inputs[3];","lastModifiedDate":"2021-09-15"},{"lineNumber":103,"author":{"gitId":"ng-andre"},"content":"                        addDeadline(deadline);","lastModifiedDate":"2021-09-15"},{"lineNumber":104,"author":{"gitId":"ng-andre"},"content":"                        break;","lastModifiedDate":"2021-09-15"},{"lineNumber":105,"author":{"gitId":"ng-andre"},"content":"                    default:","lastModifiedDate":"2021-09-15"},{"lineNumber":106,"author":{"gitId":"ng-andre"},"content":"                        throw new MissingInputException();","lastModifiedDate":"2021-09-15"},{"lineNumber":107,"author":{"gitId":"ng-andre"},"content":"                    }","lastModifiedDate":"2021-09-15"},{"lineNumber":108,"author":{"gitId":"ng-andre"},"content":"                    if (inputs[1].equals(\"[X]\")) {","lastModifiedDate":"2021-09-15"},{"lineNumber":109,"author":{"gitId":"ng-andre"},"content":"                        tasks.get(tasks.size() - 1).finishTask();","lastModifiedDate":"2021-09-15"},{"lineNumber":110,"author":{"gitId":"ng-andre"},"content":"                    }","lastModifiedDate":"2021-09-15"},{"lineNumber":111,"author":{"gitId":"ng-andre"},"content":"                }","lastModifiedDate":"2021-09-15"},{"lineNumber":112,"author":{"gitId":"ng-andre"},"content":"            }","lastModifiedDate":"2021-09-15"},{"lineNumber":113,"author":{"gitId":"ng-andre"},"content":"        } catch (IOException e) {","lastModifiedDate":"2021-09-15"},{"lineNumber":114,"author":{"gitId":"ng-andre"},"content":"            e.printStackTrace();","lastModifiedDate":"2021-09-15"},{"lineNumber":115,"author":{"gitId":"ng-andre"},"content":"            System.out.println(\"Error loading save file\");","lastModifiedDate":"2021-09-15"},{"lineNumber":116,"author":{"gitId":"ng-andre"},"content":"        } catch (MissingInputException e) {","lastModifiedDate":"2021-09-15"},{"lineNumber":117,"author":{"gitId":"ng-andre"},"content":"            System.out.println(e + \" contains invalid duke.data\");","lastModifiedDate":"2021-09-15"},{"lineNumber":118,"author":{"gitId":"ng-andre"},"content":"        }","lastModifiedDate":"2021-09-15"},{"lineNumber":119,"author":{"gitId":"ng-andre"},"content":"    }","lastModifiedDate":"2021-09-15"},{"lineNumber":120,"author":{"gitId":"ng-andre"},"content":"","lastModifiedDate":"2021-09-15"},{"lineNumber":121,"author":{"gitId":"ng-andre"},"content":"    public void saveFile() {","lastModifiedDate":"2021-09-15"},{"lineNumber":122,"author":{"gitId":"ng-andre"},"content":"        try {","lastModifiedDate":"2021-09-15"},{"lineNumber":123,"author":{"gitId":"ng-andre"},"content":"            FileWriter fileWriter \u003d new FileWriter(FILE_NAME, false);","lastModifiedDate":"2021-09-15"},{"lineNumber":124,"author":{"gitId":"ng-andre"},"content":"            for (int i \u003d 0; i \u003c tasks.size(); i++) {","lastModifiedDate":"2021-09-15"},{"lineNumber":125,"author":{"gitId":"ng-andre"},"content":"                String data \u003d tasks.get(i).exportTask();","lastModifiedDate":"2021-09-15"},{"lineNumber":126,"author":{"gitId":"ng-andre"},"content":"                fileWriter.write(data);","lastModifiedDate":"2021-09-15"},{"lineNumber":127,"author":{"gitId":"ng-andre"},"content":"            }","lastModifiedDate":"2021-09-15"},{"lineNumber":128,"author":{"gitId":"ng-andre"},"content":"            fileWriter.close();","lastModifiedDate":"2021-09-15"},{"lineNumber":129,"author":{"gitId":"ng-andre"},"content":"        } catch (IOException e) {","lastModifiedDate":"2021-09-15"},{"lineNumber":130,"author":{"gitId":"ng-andre"},"content":"            e.printStackTrace();","lastModifiedDate":"2021-09-15"},{"lineNumber":131,"author":{"gitId":"ng-andre"},"content":"            System.out.println(\"Error writing to save file\");","lastModifiedDate":"2021-09-15"},{"lineNumber":132,"author":{"gitId":"ng-andre"},"content":"        }","lastModifiedDate":"2021-09-15"},{"lineNumber":133,"author":{"gitId":"ng-andre"},"content":"    }","lastModifiedDate":"2021-09-15"},{"lineNumber":134,"author":{"gitId":"ng-andre"},"content":"}","lastModifiedDate":"2021-08-31"}],"authorContributionMap":{"ng-andre":134}},{"path":"src/duke/Duke.java","fileType":"java","lines":[{"lineNumber":1,"author":{"gitId":"ng-andre"},"content":"package duke;","lastModifiedDate":"2021-09-06"},{"lineNumber":2,"author":{"gitId":"ng-andre"},"content":"","lastModifiedDate":"2021-09-06"},{"lineNumber":3,"author":{"gitId":"ng-andre"},"content":"import duke.exception.InvalidCommandException;","lastModifiedDate":"2021-09-08"},{"lineNumber":4,"author":{"gitId":"ng-andre"},"content":"import duke.exception.InvalidIndexException;","lastModifiedDate":"2021-09-08"},{"lineNumber":5,"author":{"gitId":"ng-andre"},"content":"import duke.exception.MissingInputException;","lastModifiedDate":"2021-09-08"},{"lineNumber":6,"author":{"gitId":"ng-andre"},"content":"","lastModifiedDate":"2021-08-17"},{"lineNumber":7,"author":{"gitId":"ng-andre"},"content":"import java.util.Scanner;","lastModifiedDate":"2021-08-24"},{"lineNumber":8,"author":{"gitId":"ng-andre"},"content":"","lastModifiedDate":"2021-08-24"},{"lineNumber":9,"author":{"gitId":"ng-andre"},"content":"public class Duke {","lastModifiedDate":"2021-08-31"},{"lineNumber":10,"author":{"gitId":"ng-andre"},"content":"    public static final String WELCOME_MESSAGE \u003d","lastModifiedDate":"2021-08-31"},{"lineNumber":11,"author":{"gitId":"ng-andre"},"content":"            \" ____        _        \\n\"","lastModifiedDate":"2021-08-31"},{"lineNumber":12,"author":{"gitId":"ng-andre"},"content":"            + \"|  _ \\\\ _   _| | _____ \\n\"","lastModifiedDate":"2021-08-24"},{"lineNumber":13,"author":{"gitId":"ng-andre"},"content":"            + \"| | | | | | | |/ / _ \\\\\\n\"","lastModifiedDate":"2021-08-24"},{"lineNumber":14,"author":{"gitId":"ng-andre"},"content":"            + \"| |_| | |_| |   \u003c  __/\\n\"","lastModifiedDate":"2021-08-24"},{"lineNumber":15,"author":{"gitId":"ng-andre"},"content":"            + \"|____/ \\\\__,_|_|\\\\_\\\\___|\\n\"","lastModifiedDate":"2021-08-31"},{"lineNumber":16,"author":{"gitId":"ng-andre"},"content":"            + \"Hello I\u0027m Duke\\nWhat can I do for you?\";","lastModifiedDate":"2021-08-31"},{"lineNumber":17,"author":{"gitId":"ng-andre"},"content":"    public static final String COMMAND_EXIT \u003d \"bye\";","lastModifiedDate":"2021-08-31"},{"lineNumber":18,"author":{"gitId":"ng-andre"},"content":"    public static final String COMMAND_LIST \u003d \"list\";","lastModifiedDate":"2021-08-31"},{"lineNumber":19,"author":{"gitId":"ng-andre"},"content":"    public static final String COMMAND_DONE \u003d \"done\";","lastModifiedDate":"2021-08-31"},{"lineNumber":20,"author":{"gitId":"ng-andre"},"content":"    public static final String COMMAND_TODO \u003d \"todo\";","lastModifiedDate":"2021-08-31"},{"lineNumber":21,"author":{"gitId":"ng-andre"},"content":"    public static final String COMMAND_DEADLINE \u003d \"deadline\";","lastModifiedDate":"2021-08-31"},{"lineNumber":22,"author":{"gitId":"ng-andre"},"content":"    public static final String COMMAND_EVENT \u003d \"event\";","lastModifiedDate":"2021-08-31"},{"lineNumber":23,"author":{"gitId":"ng-andre"},"content":"    public static final String INVALID_COMMAND \u003d \"Please enter a valid command\";","lastModifiedDate":"2021-08-31"},{"lineNumber":24,"author":{"gitId":"ng-andre"},"content":"    public static final String INVALID_INDEX \u003d \"Please enter a valid task number\";","lastModifiedDate":"2021-09-08"},{"lineNumber":25,"author":{"gitId":"ng-andre"},"content":"    public static final String INVALID_DESCRIPTION \u003d \"Please enter a valid description\";","lastModifiedDate":"2021-09-08"},{"lineNumber":26,"author":{"gitId":"ng-andre"},"content":"    public static final String SEPARATOR_SPACE \u003d \" \";","lastModifiedDate":"2021-09-06"},{"lineNumber":27,"author":{"gitId":"ng-andre"},"content":"    public static final String CASE_DELETE \u003d \"delete\";","lastModifiedDate":"2021-09-13"},{"lineNumber":28,"author":{"gitId":"ng-andre"},"content":"","lastModifiedDate":"2021-08-31"},{"lineNumber":29,"author":{"gitId":"ng-andre"},"content":"    public static void main(String[] args) {","lastModifiedDate":"2021-08-31"},{"lineNumber":30,"author":{"gitId":"ng-andre"},"content":"        System.out.println(WELCOME_MESSAGE);","lastModifiedDate":"2021-09-15"},{"lineNumber":31,"author":{"gitId":"ng-andre"},"content":"        Assistant duke \u003d new Assistant();","lastModifiedDate":"2021-08-31"},{"lineNumber":32,"author":{"gitId":"ng-andre"},"content":"        duke.loadFile();","lastModifiedDate":"2021-09-15"},{"lineNumber":33,"author":{"gitId":"ng-andre"},"content":"        String userInput;","lastModifiedDate":"2021-08-31"},{"lineNumber":34,"author":{"gitId":"ng-andre"},"content":"        Scanner in \u003d new Scanner(System.in);","lastModifiedDate":"2021-08-24"},{"lineNumber":35,"author":{"gitId":"ng-andre"},"content":"        userInput \u003d in.nextLine();","lastModifiedDate":"2021-08-31"},{"lineNumber":36,"author":{"gitId":"ng-andre"},"content":"        String[] inputs \u003d userInput.split(SEPARATOR_SPACE,2);","lastModifiedDate":"2021-09-08"},{"lineNumber":37,"author":{"gitId":"ng-andre"},"content":"        while (!inputs[0].equals(COMMAND_EXIT)) { //check command","lastModifiedDate":"2021-09-08"},{"lineNumber":38,"author":{"gitId":"ng-andre"},"content":"            try {","lastModifiedDate":"2021-09-08"},{"lineNumber":39,"author":{"gitId":"ng-andre"},"content":"                switch (inputs[0]) {","lastModifiedDate":"2021-09-08"},{"lineNumber":40,"author":{"gitId":"ng-andre"},"content":"                case COMMAND_LIST:","lastModifiedDate":"2021-08-31"},{"lineNumber":41,"author":{"gitId":"ng-andre"},"content":"                    duke.listTasks();","lastModifiedDate":"2021-08-31"},{"lineNumber":42,"author":{"gitId":"ng-andre"},"content":"                    break;","lastModifiedDate":"2021-08-31"},{"lineNumber":43,"author":{"gitId":"ng-andre"},"content":"                case COMMAND_DONE:","lastModifiedDate":"2021-08-31"},{"lineNumber":44,"author":{"gitId":"ng-andre"},"content":"                    duke.completeTask(inputs[1]);","lastModifiedDate":"2021-09-08"},{"lineNumber":45,"author":{"gitId":"ng-andre"},"content":"                    break;","lastModifiedDate":"2021-08-31"},{"lineNumber":46,"author":{"gitId":"ng-andre"},"content":"                case COMMAND_DEADLINE:","lastModifiedDate":"2021-08-31"},{"lineNumber":47,"author":{"gitId":"ng-andre"},"content":"                    duke.addDeadline(inputs[1]);","lastModifiedDate":"2021-09-08"},{"lineNumber":48,"author":{"gitId":"ng-andre"},"content":"                    break;","lastModifiedDate":"2021-08-31"},{"lineNumber":49,"author":{"gitId":"ng-andre"},"content":"                case COMMAND_EVENT:","lastModifiedDate":"2021-08-31"},{"lineNumber":50,"author":{"gitId":"ng-andre"},"content":"                    duke.addEvent(inputs[1]);","lastModifiedDate":"2021-09-08"},{"lineNumber":51,"author":{"gitId":"ng-andre"},"content":"                    break;","lastModifiedDate":"2021-08-31"},{"lineNumber":52,"author":{"gitId":"ng-andre"},"content":"                case COMMAND_TODO:","lastModifiedDate":"2021-08-31"},{"lineNumber":53,"author":{"gitId":"ng-andre"},"content":"                    duke.addToDo(inputs[1]);","lastModifiedDate":"2021-09-08"},{"lineNumber":54,"author":{"gitId":"ng-andre"},"content":"                    break;","lastModifiedDate":"2021-08-31"},{"lineNumber":55,"author":{"gitId":"ng-andre"},"content":"                case CASE_DELETE:","lastModifiedDate":"2021-09-13"},{"lineNumber":56,"author":{"gitId":"ng-andre"},"content":"                    duke.deleteTask(inputs[1]);","lastModifiedDate":"2021-09-13"},{"lineNumber":57,"author":{"gitId":"ng-andre"},"content":"                    break;","lastModifiedDate":"2021-09-13"},{"lineNumber":58,"author":{"gitId":"ng-andre"},"content":"                default:","lastModifiedDate":"2021-08-31"},{"lineNumber":59,"author":{"gitId":"ng-andre"},"content":"                    throw new InvalidCommandException();","lastModifiedDate":"2021-09-08"},{"lineNumber":60,"author":{"gitId":"ng-andre"},"content":"                }","lastModifiedDate":"2021-09-08"},{"lineNumber":61,"author":{"gitId":"ng-andre"},"content":"            } catch (MissingInputException | ArrayIndexOutOfBoundsException | NullPointerException e) {","lastModifiedDate":"2021-09-15"},{"lineNumber":62,"author":{"gitId":"ng-andre"},"content":"                System.out.println(INVALID_DESCRIPTION);","lastModifiedDate":"2021-09-08"},{"lineNumber":63,"author":{"gitId":"ng-andre"},"content":"            } catch (InvalidCommandException e) {","lastModifiedDate":"2021-09-08"},{"lineNumber":64,"author":{"gitId":"ng-andre"},"content":"                System.out.println(INVALID_COMMAND);","lastModifiedDate":"2021-08-31"},{"lineNumber":65,"author":{"gitId":"ng-andre"},"content":"            } catch (InvalidIndexException e) {","lastModifiedDate":"2021-09-08"},{"lineNumber":66,"author":{"gitId":"ng-andre"},"content":"                System.out.println(INVALID_INDEX);","lastModifiedDate":"2021-09-08"},{"lineNumber":67,"author":{"gitId":"ng-andre"},"content":"            }","lastModifiedDate":"2021-08-24"},{"lineNumber":68,"author":{"gitId":"ng-andre"},"content":"            duke.saveFile();","lastModifiedDate":"2021-09-15"},{"lineNumber":69,"author":{"gitId":"ng-andre"},"content":"            userInput \u003d in.nextLine();","lastModifiedDate":"2021-08-31"},{"lineNumber":70,"author":{"gitId":"ng-andre"},"content":"            inputs \u003d userInput.split(SEPARATOR_SPACE,2);","lastModifiedDate":"2021-09-08"},{"lineNumber":71,"author":{"gitId":"ng-andre"},"content":"        }","lastModifiedDate":"2021-08-24"},{"lineNumber":72,"author":{"gitId":"ng-andre"},"content":"        System.out.println(\"Bye. Hope to see you again soon!\");","lastModifiedDate":"2021-08-17"},{"lineNumber":73,"author":{"gitId":"-"},"content":"    }","lastModifiedDate":"2019-07-29"},{"lineNumber":74,"author":{"gitId":"-"},"content":"}","lastModifiedDate":"2019-07-29"}],"authorContributionMap":{"ng-andre":72,"-":2}},{"path":"src/duke/exception/InvalidCommandException.java","fileType":"java","lines":[{"lineNumber":1,"author":{"gitId":"ng-andre"},"content":"package duke.exception;","lastModifiedDate":"2021-09-08"},{"lineNumber":2,"author":{"gitId":"ng-andre"},"content":"","lastModifiedDate":"2021-09-08"},{"lineNumber":3,"author":{"gitId":"ng-andre"},"content":"public class InvalidCommandException extends Exception{","lastModifiedDate":"2021-09-08"},{"lineNumber":4,"author":{"gitId":"ng-andre"},"content":"}","lastModifiedDate":"2021-09-08"}],"authorContributionMap":{"ng-andre":4}},{"path":"src/duke/exception/InvalidIndexException.java","fileType":"java","lines":[{"lineNumber":1,"author":{"gitId":"ng-andre"},"content":"package duke.exception;","lastModifiedDate":"2021-09-08"},{"lineNumber":2,"author":{"gitId":"ng-andre"},"content":"","lastModifiedDate":"2021-09-08"},{"lineNumber":3,"author":{"gitId":"ng-andre"},"content":"public class InvalidIndexException extends Throwable {","lastModifiedDate":"2021-09-08"},{"lineNumber":4,"author":{"gitId":"ng-andre"},"content":"}","lastModifiedDate":"2021-09-08"}],"authorContributionMap":{"ng-andre":4}},{"path":"src/duke/exception/MissingInputException.java","fileType":"java","lines":[{"lineNumber":1,"author":{"gitId":"ng-andre"},"content":"package duke.exception;","lastModifiedDate":"2021-09-08"},{"lineNumber":2,"author":{"gitId":"ng-andre"},"content":"","lastModifiedDate":"2021-09-08"},{"lineNumber":3,"author":{"gitId":"ng-andre"},"content":"public class MissingInputException extends Exception{","lastModifiedDate":"2021-09-08"},{"lineNumber":4,"author":{"gitId":"ng-andre"},"content":"}","lastModifiedDate":"2021-09-08"}],"authorContributionMap":{"ng-andre":4}},{"path":"src/duke/task/Deadline.java","fileType":"java","lines":[{"lineNumber":1,"author":{"gitId":"ng-andre"},"content":"package duke.task;","lastModifiedDate":"2021-09-06"},{"lineNumber":2,"author":{"gitId":"ng-andre"},"content":"","lastModifiedDate":"2021-08-31"},{"lineNumber":3,"author":{"gitId":"ng-andre"},"content":"public class Deadline extends Task {","lastModifiedDate":"2021-08-31"},{"lineNumber":4,"author":{"gitId":"ng-andre"},"content":"    public static final String DEADLINE_ICON \u003d \"[D]\";","lastModifiedDate":"2021-09-06"},{"lineNumber":5,"author":{"gitId":"ng-andre"},"content":"    private String dueDate;","lastModifiedDate":"2021-08-31"},{"lineNumber":6,"author":{"gitId":"ng-andre"},"content":"","lastModifiedDate":"2021-08-31"},{"lineNumber":7,"author":{"gitId":"ng-andre"},"content":"    public Deadline(String taskName, String dueDate) {","lastModifiedDate":"2021-08-31"},{"lineNumber":8,"author":{"gitId":"ng-andre"},"content":"        super(taskName);","lastModifiedDate":"2021-08-31"},{"lineNumber":9,"author":{"gitId":"ng-andre"},"content":"        this.dueDate \u003d dueDate;","lastModifiedDate":"2021-08-31"},{"lineNumber":10,"author":{"gitId":"ng-andre"},"content":"    }","lastModifiedDate":"2021-08-31"},{"lineNumber":11,"author":{"gitId":"ng-andre"},"content":"","lastModifiedDate":"2021-08-31"},{"lineNumber":12,"author":{"gitId":"ng-andre"},"content":"    @Override","lastModifiedDate":"2021-09-15"},{"lineNumber":13,"author":{"gitId":"ng-andre"},"content":"    public String exportTask() {","lastModifiedDate":"2021-09-15"},{"lineNumber":14,"author":{"gitId":"ng-andre"},"content":"        return \"D|\" + super.getStatus() + \"|\" + super.toString() + \"|\" + dueDate + System.lineSeparator();","lastModifiedDate":"2021-09-15"},{"lineNumber":15,"author":{"gitId":"ng-andre"},"content":"    }","lastModifiedDate":"2021-09-15"},{"lineNumber":16,"author":{"gitId":"ng-andre"},"content":"","lastModifiedDate":"2021-09-15"},{"lineNumber":17,"author":{"gitId":"ng-andre"},"content":"    @Override","lastModifiedDate":"2021-08-31"},{"lineNumber":18,"author":{"gitId":"ng-andre"},"content":"    public String toString() {","lastModifiedDate":"2021-08-31"},{"lineNumber":19,"author":{"gitId":"ng-andre"},"content":"        return DEADLINE_ICON + super.toString() + \" (by: \" + dueDate + \")\";","lastModifiedDate":"2021-09-06"},{"lineNumber":20,"author":{"gitId":"ng-andre"},"content":"    }","lastModifiedDate":"2021-08-31"},{"lineNumber":21,"author":{"gitId":"ng-andre"},"content":"}","lastModifiedDate":"2021-08-31"}],"authorContributionMap":{"ng-andre":21}},{"path":"src/duke/task/Event.java","fileType":"java","lines":[{"lineNumber":1,"author":{"gitId":"ng-andre"},"content":"package duke.task;","lastModifiedDate":"2021-09-06"},{"lineNumber":2,"author":{"gitId":"ng-andre"},"content":"","lastModifiedDate":"2021-08-31"},{"lineNumber":3,"author":{"gitId":"ng-andre"},"content":"public class Event extends Task{","lastModifiedDate":"2021-08-31"},{"lineNumber":4,"author":{"gitId":"ng-andre"},"content":"    public static final String EVENT_ICON \u003d \"[E]\";","lastModifiedDate":"2021-09-06"},{"lineNumber":5,"author":{"gitId":"ng-andre"},"content":"    private String duration;","lastModifiedDate":"2021-08-31"},{"lineNumber":6,"author":{"gitId":"ng-andre"},"content":"","lastModifiedDate":"2021-08-31"},{"lineNumber":7,"author":{"gitId":"ng-andre"},"content":"    public Event(String taskName, String duration) {","lastModifiedDate":"2021-08-31"},{"lineNumber":8,"author":{"gitId":"ng-andre"},"content":"        super(taskName);","lastModifiedDate":"2021-08-31"},{"lineNumber":9,"author":{"gitId":"ng-andre"},"content":"        this.duration \u003d duration;","lastModifiedDate":"2021-08-31"},{"lineNumber":10,"author":{"gitId":"ng-andre"},"content":"    }","lastModifiedDate":"2021-08-31"},{"lineNumber":11,"author":{"gitId":"ng-andre"},"content":"","lastModifiedDate":"2021-08-31"},{"lineNumber":12,"author":{"gitId":"ng-andre"},"content":"    @Override","lastModifiedDate":"2021-09-15"},{"lineNumber":13,"author":{"gitId":"ng-andre"},"content":"    public String exportTask() {","lastModifiedDate":"2021-09-15"},{"lineNumber":14,"author":{"gitId":"ng-andre"},"content":"        return \"E|\" + super.getStatus() + \"|\" + super.toString() + \"|\" + duration + System.lineSeparator();","lastModifiedDate":"2021-09-15"},{"lineNumber":15,"author":{"gitId":"ng-andre"},"content":"    }","lastModifiedDate":"2021-09-15"},{"lineNumber":16,"author":{"gitId":"ng-andre"},"content":"","lastModifiedDate":"2021-09-15"},{"lineNumber":17,"author":{"gitId":"ng-andre"},"content":"    @Override","lastModifiedDate":"2021-08-31"},{"lineNumber":18,"author":{"gitId":"ng-andre"},"content":"    public String toString() {","lastModifiedDate":"2021-08-31"},{"lineNumber":19,"author":{"gitId":"ng-andre"},"content":"        return EVENT_ICON + super.toString() + \" (at: \" + duration + \")\";","lastModifiedDate":"2021-09-06"},{"lineNumber":20,"author":{"gitId":"ng-andre"},"content":"    }","lastModifiedDate":"2021-08-31"},{"lineNumber":21,"author":{"gitId":"ng-andre"},"content":"}","lastModifiedDate":"2021-08-31"}],"authorContributionMap":{"ng-andre":21}},{"path":"src/duke/task/Task.java","fileType":"java","lines":[{"lineNumber":1,"author":{"gitId":"ng-andre"},"content":"package duke.task;","lastModifiedDate":"2021-09-06"},{"lineNumber":2,"author":{"gitId":"ng-andre"},"content":"","lastModifiedDate":"2021-08-24"},{"lineNumber":3,"author":{"gitId":"ng-andre"},"content":"public abstract class Task {","lastModifiedDate":"2021-09-15"},{"lineNumber":4,"author":{"gitId":"ng-andre"},"content":"    private String taskName;","lastModifiedDate":"2021-08-24"},{"lineNumber":5,"author":{"gitId":"ng-andre"},"content":"    private boolean isDone;","lastModifiedDate":"2021-08-24"},{"lineNumber":6,"author":{"gitId":"ng-andre"},"content":"","lastModifiedDate":"2021-08-24"},{"lineNumber":7,"author":{"gitId":"ng-andre"},"content":"    public Task(String taskName) {","lastModifiedDate":"2021-08-24"},{"lineNumber":8,"author":{"gitId":"ng-andre"},"content":"        this.taskName \u003d taskName;","lastModifiedDate":"2021-08-24"},{"lineNumber":9,"author":{"gitId":"ng-andre"},"content":"        this.isDone \u003d false;","lastModifiedDate":"2021-08-24"},{"lineNumber":10,"author":{"gitId":"ng-andre"},"content":"    }","lastModifiedDate":"2021-08-24"},{"lineNumber":11,"author":{"gitId":"ng-andre"},"content":"","lastModifiedDate":"2021-08-24"},{"lineNumber":12,"author":{"gitId":"ng-andre"},"content":"    public String getTaskName() {","lastModifiedDate":"2021-08-24"},{"lineNumber":13,"author":{"gitId":"ng-andre"},"content":"        return taskName;","lastModifiedDate":"2021-08-24"},{"lineNumber":14,"author":{"gitId":"ng-andre"},"content":"    }","lastModifiedDate":"2021-08-24"},{"lineNumber":15,"author":{"gitId":"ng-andre"},"content":"","lastModifiedDate":"2021-08-24"},{"lineNumber":16,"author":{"gitId":"ng-andre"},"content":"    public void setTaskName(String taskName) {","lastModifiedDate":"2021-08-24"},{"lineNumber":17,"author":{"gitId":"ng-andre"},"content":"        this.taskName \u003d taskName;","lastModifiedDate":"2021-08-24"},{"lineNumber":18,"author":{"gitId":"ng-andre"},"content":"    }","lastModifiedDate":"2021-08-24"},{"lineNumber":19,"author":{"gitId":"ng-andre"},"content":"","lastModifiedDate":"2021-08-24"},{"lineNumber":20,"author":{"gitId":"ng-andre"},"content":"    public String getStatus() {","lastModifiedDate":"2021-08-24"},{"lineNumber":21,"author":{"gitId":"ng-andre"},"content":"        return isDone ? \"[X]\" : \"[ ]\";","lastModifiedDate":"2021-08-24"},{"lineNumber":22,"author":{"gitId":"ng-andre"},"content":"    }","lastModifiedDate":"2021-08-24"},{"lineNumber":23,"author":{"gitId":"ng-andre"},"content":"","lastModifiedDate":"2021-08-24"},{"lineNumber":24,"author":{"gitId":"ng-andre"},"content":"    public void finishTask() {","lastModifiedDate":"2021-08-24"},{"lineNumber":25,"author":{"gitId":"ng-andre"},"content":"        isDone \u003d true;","lastModifiedDate":"2021-08-24"},{"lineNumber":26,"author":{"gitId":"ng-andre"},"content":"    }","lastModifiedDate":"2021-08-24"},{"lineNumber":27,"author":{"gitId":"ng-andre"},"content":"","lastModifiedDate":"2021-08-31"},{"lineNumber":28,"author":{"gitId":"ng-andre"},"content":"    public abstract String exportTask();","lastModifiedDate":"2021-09-15"},{"lineNumber":29,"author":{"gitId":"ng-andre"},"content":"","lastModifiedDate":"2021-09-15"},{"lineNumber":30,"author":{"gitId":"ng-andre"},"content":"    @Override","lastModifiedDate":"2021-08-31"},{"lineNumber":31,"author":{"gitId":"ng-andre"},"content":"    public String toString() {","lastModifiedDate":"2021-08-31"},{"lineNumber":32,"author":{"gitId":"ng-andre"},"content":"        return getTaskName();","lastModifiedDate":"2021-08-31"},{"lineNumber":33,"author":{"gitId":"ng-andre"},"content":"    }","lastModifiedDate":"2021-08-31"},{"lineNumber":34,"author":{"gitId":"ng-andre"},"content":"}","lastModifiedDate":"2021-08-24"}],"authorContributionMap":{"ng-andre":34}},{"path":"src/duke/task/ToDo.java","fileType":"java","lines":[{"lineNumber":1,"author":{"gitId":"ng-andre"},"content":"package duke.task;","lastModifiedDate":"2021-09-06"},{"lineNumber":2,"author":{"gitId":"ng-andre"},"content":"","lastModifiedDate":"2021-08-31"},{"lineNumber":3,"author":{"gitId":"ng-andre"},"content":"public class ToDo extends Task{","lastModifiedDate":"2021-08-31"},{"lineNumber":4,"author":{"gitId":"ng-andre"},"content":"","lastModifiedDate":"2021-09-06"},{"lineNumber":5,"author":{"gitId":"ng-andre"},"content":"    public static final String TODO_ICON \u003d \"[T]\";","lastModifiedDate":"2021-09-06"},{"lineNumber":6,"author":{"gitId":"ng-andre"},"content":"","lastModifiedDate":"2021-09-06"},{"lineNumber":7,"author":{"gitId":"ng-andre"},"content":"    public ToDo(String taskName) {","lastModifiedDate":"2021-08-31"},{"lineNumber":8,"author":{"gitId":"ng-andre"},"content":"        super(taskName);","lastModifiedDate":"2021-08-31"},{"lineNumber":9,"author":{"gitId":"ng-andre"},"content":"    }","lastModifiedDate":"2021-08-31"},{"lineNumber":10,"author":{"gitId":"ng-andre"},"content":"","lastModifiedDate":"2021-08-31"},{"lineNumber":11,"author":{"gitId":"ng-andre"},"content":"    @Override","lastModifiedDate":"2021-09-15"},{"lineNumber":12,"author":{"gitId":"ng-andre"},"content":"    public String exportTask() {","lastModifiedDate":"2021-09-15"},{"lineNumber":13,"author":{"gitId":"ng-andre"},"content":"        return \"T|\" + super.getStatus() + \"|\" + super.toString() + \"|\" + System.lineSeparator();","lastModifiedDate":"2021-09-15"},{"lineNumber":14,"author":{"gitId":"ng-andre"},"content":"    }","lastModifiedDate":"2021-09-15"},{"lineNumber":15,"author":{"gitId":"ng-andre"},"content":"","lastModifiedDate":"2021-09-15"},{"lineNumber":16,"author":{"gitId":"ng-andre"},"content":"    @Override","lastModifiedDate":"2021-08-31"},{"lineNumber":17,"author":{"gitId":"ng-andre"},"content":"    public String toString() {","lastModifiedDate":"2021-08-31"},{"lineNumber":18,"author":{"gitId":"ng-andre"},"content":"        return TODO_ICON + super.toString();","lastModifiedDate":"2021-09-06"},{"lineNumber":19,"author":{"gitId":"ng-andre"},"content":"    }","lastModifiedDate":"2021-08-31"},{"lineNumber":20,"author":{"gitId":"ng-andre"},"content":"}","lastModifiedDate":"2021-08-31"}],"authorContributionMap":{"ng-andre":20}},{"path":"text-ui-test/runtest.bat","fileType":"bat","lines":[{"lineNumber":1,"author":{"gitId":"-"},"content":"@ECHO OFF","lastModifiedDate":"2020-05-25"},{"lineNumber":2,"author":{"gitId":"-"},"content":"","lastModifiedDate":"2020-05-25"},{"lineNumber":3,"author":{"gitId":"-"},"content":"REM create bin directory if it doesn\u0027t exist","lastModifiedDate":"2020-05-25"},{"lineNumber":4,"author":{"gitId":"-"},"content":"if not exist ..\\bin mkdir ..\\bin","lastModifiedDate":"2020-05-25"},{"lineNumber":5,"author":{"gitId":"-"},"content":"","lastModifiedDate":"2020-05-25"},{"lineNumber":6,"author":{"gitId":"-"},"content":"REM delete output from previous run","lastModifiedDate":"2020-05-25"},{"lineNumber":7,"author":{"gitId":"-"},"content":"if exist ACTUAL.TXT del ACTUAL.TXT","lastModifiedDate":"2020-08-25"},{"lineNumber":8,"author":{"gitId":"-"},"content":"","lastModifiedDate":"2020-05-25"},{"lineNumber":9,"author":{"gitId":"-"},"content":"REM compile the code into the bin folder","lastModifiedDate":"2020-05-25"},{"lineNumber":10,"author":{"gitId":"ng-andre"},"content":"javac  -cp C:\\Users\\Andre\\OneDrive\\Desktop\\ip\\src\\main\\java -Xlint:none -d C:\\Users\\Andre\\OneDrive\\Desktop\\ip\\src\\main\\java*.java","lastModifiedDate":"2021-09-06"},{"lineNumber":11,"author":{"gitId":"-"},"content":"IF ERRORLEVEL 1 (","lastModifiedDate":"2020-05-25"},{"lineNumber":12,"author":{"gitId":"-"},"content":"    echo ********** BUILD FAILURE **********","lastModifiedDate":"2020-05-25"},{"lineNumber":13,"author":{"gitId":"-"},"content":"    exit /b 1","lastModifiedDate":"2020-05-25"},{"lineNumber":14,"author":{"gitId":"-"},"content":")","lastModifiedDate":"2020-05-25"},{"lineNumber":15,"author":{"gitId":"-"},"content":"REM no error here, errorlevel \u003d\u003d 0","lastModifiedDate":"2020-05-25"},{"lineNumber":16,"author":{"gitId":"-"},"content":"","lastModifiedDate":"2020-05-25"},{"lineNumber":17,"author":{"gitId":"-"},"content":"REM run the program, feed commands from input.txt file and redirect the output to the ACTUAL.TXT","lastModifiedDate":"2020-05-25"},{"lineNumber":18,"author":{"gitId":"-"},"content":"java -classpath ..\\bin Duke \u003c input.txt \u003e ACTUAL.TXT","lastModifiedDate":"2020-05-25"},{"lineNumber":19,"author":{"gitId":"-"},"content":"","lastModifiedDate":"2020-05-25"},{"lineNumber":20,"author":{"gitId":"-"},"content":"REM compare the output to the expected output","lastModifiedDate":"2020-05-25"},{"lineNumber":21,"author":{"gitId":"-"},"content":"FC ACTUAL.TXT EXPECTED.TXT","lastModifiedDate":"2020-05-25"}],"authorContributionMap":{"ng-andre":1,"-":20}}]
