[{"path":"src/main/java/duke/Duke.java","fileType":"java","lines":[{"lineNumber":1,"author":{"gitId":"uosjapuelks"},"content":"package duke;","lastModifiedDate":"2021-09-08"},{"lineNumber":2,"author":{"gitId":"uosjapuelks"},"content":"","lastModifiedDate":"2021-09-08"},{"lineNumber":3,"author":{"gitId":"uosjapuelks"},"content":"import duke.DukeExceptions.EmptyCommand;","lastModifiedDate":"2021-09-27"},{"lineNumber":4,"author":{"gitId":"uosjapuelks"},"content":"import duke.DukeExceptions.InvalidCommandException;","lastModifiedDate":"2021-09-27"},{"lineNumber":5,"author":{"gitId":"uosjapuelks"},"content":"import duke.task.Task;","lastModifiedDate":"2021-09-08"},{"lineNumber":6,"author":{"gitId":"uosjapuelks"},"content":"","lastModifiedDate":"2021-09-08"},{"lineNumber":7,"author":{"gitId":"uosjapuelks"},"content":"import java.io.FileNotFoundException;","lastModifiedDate":"2021-09-15"},{"lineNumber":8,"author":{"gitId":"uosjapuelks"},"content":"import java.util.Scanner;","lastModifiedDate":"2021-08-25"},{"lineNumber":9,"author":{"gitId":"uosjapuelks"},"content":"import java.util.ArrayList;","lastModifiedDate":"2021-09-14"},{"lineNumber":10,"author":{"gitId":"uosjapuelks"},"content":"","lastModifiedDate":"2021-08-25"},{"lineNumber":11,"author":{"gitId":"-"},"content":"public class Duke {","lastModifiedDate":"2019-07-29"},{"lineNumber":12,"author":{"gitId":"uosjapuelks"},"content":"","lastModifiedDate":"2021-08-25"},{"lineNumber":13,"author":{"gitId":"uosjapuelks"},"content":"    private Storage storage;","lastModifiedDate":"2021-09-27"},{"lineNumber":14,"author":{"gitId":"uosjapuelks"},"content":"    private TaskList tasksLs;","lastModifiedDate":"2021-09-27"},{"lineNumber":15,"author":{"gitId":"uosjapuelks"},"content":"    private final Ui ui;","lastModifiedDate":"2021-09-27"},{"lineNumber":16,"author":{"gitId":"uosjapuelks"},"content":"","lastModifiedDate":"2021-08-25"},{"lineNumber":17,"author":{"gitId":"uosjapuelks"},"content":"    private final Scanner in \u003d new Scanner(System.in);","lastModifiedDate":"2021-09-27"},{"lineNumber":18,"author":{"gitId":"uosjapuelks"},"content":"","lastModifiedDate":"2021-09-01"},{"lineNumber":19,"author":{"gitId":"uosjapuelks"},"content":"    /*public Duke(String filepath) {","lastModifiedDate":"2021-09-27"},{"lineNumber":20,"author":{"gitId":"uosjapuelks"},"content":"        this.tasksLs \u003d new TaskList(new ArrayList\u003cTask\u003e());","lastModifiedDate":"2021-09-27"},{"lineNumber":21,"author":{"gitId":"uosjapuelks"},"content":"        this.storage \u003d new Storage(filepath);","lastModifiedDate":"2021-09-27"},{"lineNumber":22,"author":{"gitId":"uosjapuelks"},"content":"        this.ui \u003d new Ui();","lastModifiedDate":"2021-09-27"},{"lineNumber":23,"author":{"gitId":"uosjapuelks"},"content":"    }*/","lastModifiedDate":"2021-09-27"},{"lineNumber":24,"author":{"gitId":"uosjapuelks"},"content":"","lastModifiedDate":"2021-09-01"},{"lineNumber":25,"author":{"gitId":"uosjapuelks"},"content":"    public Duke() {","lastModifiedDate":"2021-09-27"},{"lineNumber":26,"author":{"gitId":"uosjapuelks"},"content":"        this.tasksLs \u003d new TaskList(new ArrayList\u003cTask\u003e());","lastModifiedDate":"2021-09-27"},{"lineNumber":27,"author":{"gitId":"uosjapuelks"},"content":"        this.storage \u003d new Storage(\"duke.txt\");","lastModifiedDate":"2021-09-27"},{"lineNumber":28,"author":{"gitId":"uosjapuelks"},"content":"        this.ui \u003d new Ui();","lastModifiedDate":"2021-09-27"},{"lineNumber":29,"author":{"gitId":"uosjapuelks"},"content":"    }","lastModifiedDate":"2021-09-08"},{"lineNumber":30,"author":{"gitId":"uosjapuelks"},"content":"","lastModifiedDate":"2021-09-08"},{"lineNumber":31,"author":{"gitId":"uosjapuelks"},"content":"    private void run() {","lastModifiedDate":"2021-09-27"},{"lineNumber":32,"author":{"gitId":"uosjapuelks"},"content":"        String input \u003d \"\";","lastModifiedDate":"2021-09-27"},{"lineNumber":33,"author":{"gitId":"uosjapuelks"},"content":"        ui.greetMessage();","lastModifiedDate":"2021-09-27"},{"lineNumber":34,"author":{"gitId":"uosjapuelks"},"content":"        try {","lastModifiedDate":"2021-09-15"},{"lineNumber":35,"author":{"gitId":"uosjapuelks"},"content":"            tasksLs \u003d storage.loadFile(tasksLs.getList());","lastModifiedDate":"2021-09-27"},{"lineNumber":36,"author":{"gitId":"uosjapuelks"},"content":"        } catch (FileNotFoundException e) {","lastModifiedDate":"2021-09-15"},{"lineNumber":37,"author":{"gitId":"uosjapuelks"},"content":"            storage.createFile();","lastModifiedDate":"2021-09-27"},{"lineNumber":38,"author":{"gitId":"uosjapuelks"},"content":"        }","lastModifiedDate":"2021-09-15"},{"lineNumber":39,"author":{"gitId":"uosjapuelks"},"content":"","lastModifiedDate":"2021-09-08"},{"lineNumber":40,"author":{"gitId":"uosjapuelks"},"content":"        boolean closeDuke \u003d false;","lastModifiedDate":"2021-09-27"},{"lineNumber":41,"author":{"gitId":"uosjapuelks"},"content":"        do {","lastModifiedDate":"2021-09-08"},{"lineNumber":42,"author":{"gitId":"uosjapuelks"},"content":"            try {","lastModifiedDate":"2021-09-08"},{"lineNumber":43,"author":{"gitId":"uosjapuelks"},"content":"                input \u003d getInput();","lastModifiedDate":"2021-09-27"},{"lineNumber":44,"author":{"gitId":"uosjapuelks"},"content":"                String parsed \u003d new Parser(tasksLs, ui).parse(input);","lastModifiedDate":"2021-09-27"},{"lineNumber":45,"author":{"gitId":"uosjapuelks"},"content":"                System.out.println(parsed);","lastModifiedDate":"2021-09-27"},{"lineNumber":46,"author":{"gitId":"uosjapuelks"},"content":"                storage.autoSave(tasksLs.getList());","lastModifiedDate":"2021-09-27"},{"lineNumber":47,"author":{"gitId":"uosjapuelks"},"content":"                closeDuke \u003d input.trim().equals(\"bye\");","lastModifiedDate":"2021-09-27"},{"lineNumber":48,"author":{"gitId":"uosjapuelks"},"content":"            } catch (InvalidCommandException e) {","lastModifiedDate":"2021-09-08"},{"lineNumber":49,"author":{"gitId":"uosjapuelks"},"content":"                System.out.println(e.printMessage());","lastModifiedDate":"2021-09-27"},{"lineNumber":50,"author":{"gitId":"uosjapuelks"},"content":"            } catch (EmptyCommand e) {","lastModifiedDate":"2021-09-14"},{"lineNumber":51,"author":{"gitId":"uosjapuelks"},"content":"                System.out.println(e.printMessage());","lastModifiedDate":"2021-09-27"},{"lineNumber":52,"author":{"gitId":"uosjapuelks"},"content":"            }","lastModifiedDate":"2021-09-01"},{"lineNumber":53,"author":{"gitId":"uosjapuelks"},"content":"        } while (!closeDuke);","lastModifiedDate":"2021-09-27"},{"lineNumber":54,"author":{"gitId":"-"},"content":"    }","lastModifiedDate":"2019-07-29"},{"lineNumber":55,"author":{"gitId":"uosjapuelks"},"content":"","lastModifiedDate":"2021-09-05"},{"lineNumber":56,"author":{"gitId":"uosjapuelks"},"content":"    private String getInput() {","lastModifiedDate":"2021-09-27"},{"lineNumber":57,"author":{"gitId":"uosjapuelks"},"content":"        return in.nextLine();","lastModifiedDate":"2021-09-27"},{"lineNumber":58,"author":{"gitId":"uosjapuelks"},"content":"    }","lastModifiedDate":"2021-09-05"},{"lineNumber":59,"author":{"gitId":"uosjapuelks"},"content":"","lastModifiedDate":"2021-09-05"},{"lineNumber":60,"author":{"gitId":"uosjapuelks"},"content":"    public static void main(String[] args) {","lastModifiedDate":"2021-09-27"},{"lineNumber":61,"author":{"gitId":"uosjapuelks"},"content":"        new Duke().run();","lastModifiedDate":"2021-09-27"},{"lineNumber":62,"author":{"gitId":"-"},"content":"    }","lastModifiedDate":"2019-07-29"},{"lineNumber":63,"author":{"gitId":"uosjapuelks"},"content":"}","lastModifiedDate":"2021-09-08"}],"authorContributionMap":{"uosjapuelks":60,"-":3}},{"path":"src/main/java/duke/DukeExceptions/DukeException.java","fileType":"java","lines":[{"lineNumber":1,"author":{"gitId":"uosjapuelks"},"content":"package duke.DukeExceptions;","lastModifiedDate":"2021-09-27"},{"lineNumber":2,"author":{"gitId":"uosjapuelks"},"content":"","lastModifiedDate":"2021-09-27"},{"lineNumber":3,"author":{"gitId":"uosjapuelks"},"content":"public class DukeException extends Exception{","lastModifiedDate":"2021-09-27"},{"lineNumber":4,"author":{"gitId":"uosjapuelks"},"content":"    public String printMessage() {","lastModifiedDate":"2021-09-27"},{"lineNumber":5,"author":{"gitId":"uosjapuelks"},"content":"        return \"Something Went Wrong\";","lastModifiedDate":"2021-09-27"},{"lineNumber":6,"author":{"gitId":"uosjapuelks"},"content":"    }","lastModifiedDate":"2021-09-27"},{"lineNumber":7,"author":{"gitId":"uosjapuelks"},"content":"}","lastModifiedDate":"2021-09-27"}],"authorContributionMap":{"uosjapuelks":7}},{"path":"src/main/java/duke/DukeExceptions/EmptyCommand.java","fileType":"java","lines":[{"lineNumber":1,"author":{"gitId":"uosjapuelks"},"content":"package duke.DukeExceptions;","lastModifiedDate":"2021-09-27"},{"lineNumber":2,"author":{"gitId":"uosjapuelks"},"content":"","lastModifiedDate":"2021-09-27"},{"lineNumber":3,"author":{"gitId":"uosjapuelks"},"content":"public class EmptyCommand extends DukeException {","lastModifiedDate":"2021-09-27"},{"lineNumber":4,"author":{"gitId":"uosjapuelks"},"content":"","lastModifiedDate":"2021-09-27"},{"lineNumber":5,"author":{"gitId":"uosjapuelks"},"content":"    public String printMessage() {","lastModifiedDate":"2021-09-27"},{"lineNumber":6,"author":{"gitId":"uosjapuelks"},"content":"        return (\"\\t____________________________________________________________\\n\" +","lastModifiedDate":"2021-09-27"},{"lineNumber":7,"author":{"gitId":"uosjapuelks"},"content":"                \"\\tNo command detected. Command was empty :)\\n\" +","lastModifiedDate":"2021-09-27"},{"lineNumber":8,"author":{"gitId":"uosjapuelks"},"content":"                \"\\t____________________________________________________________\\n\" +","lastModifiedDate":"2021-09-27"},{"lineNumber":9,"author":{"gitId":"uosjapuelks"},"content":"                \"\\tKey in [help] to list available commands\\n\" +","lastModifiedDate":"2021-09-27"},{"lineNumber":10,"author":{"gitId":"uosjapuelks"},"content":"                \"\\t____________________________________________________________\\n\");","lastModifiedDate":"2021-09-27"},{"lineNumber":11,"author":{"gitId":"uosjapuelks"},"content":"    }","lastModifiedDate":"2021-09-27"},{"lineNumber":12,"author":{"gitId":"uosjapuelks"},"content":"}","lastModifiedDate":"2021-09-27"}],"authorContributionMap":{"uosjapuelks":12}},{"path":"src/main/java/duke/DukeExceptions/IllegalToDoException.java","fileType":"java","lines":[{"lineNumber":1,"author":{"gitId":"uosjapuelks"},"content":"package duke.DukeExceptions;","lastModifiedDate":"2021-09-27"},{"lineNumber":2,"author":{"gitId":"uosjapuelks"},"content":"","lastModifiedDate":"2021-09-08"},{"lineNumber":3,"author":{"gitId":"uosjapuelks"},"content":"public class IllegalToDoException extends DukeException {","lastModifiedDate":"2021-09-27"},{"lineNumber":4,"author":{"gitId":"uosjapuelks"},"content":"    //@Override","lastModifiedDate":"2021-09-08"},{"lineNumber":5,"author":{"gitId":"uosjapuelks"},"content":"    public String printMessage() {","lastModifiedDate":"2021-09-27"},{"lineNumber":6,"author":{"gitId":"uosjapuelks"},"content":"        return (\"\\t____________________________________________________________\\n\" +","lastModifiedDate":"2021-09-27"},{"lineNumber":7,"author":{"gitId":"uosjapuelks"},"content":"                \"\\tOOOPS!!! The description of a todo cannot be empty. BIG SADS\\n\" +","lastModifiedDate":"2021-09-08"},{"lineNumber":8,"author":{"gitId":"uosjapuelks"},"content":"                \"\\t____________________________________________________________\\n\\t\");","lastModifiedDate":"2021-09-08"},{"lineNumber":9,"author":{"gitId":"uosjapuelks"},"content":"    }","lastModifiedDate":"2021-09-08"},{"lineNumber":10,"author":{"gitId":"uosjapuelks"},"content":"}","lastModifiedDate":"2021-09-08"}],"authorContributionMap":{"uosjapuelks":10}},{"path":"src/main/java/duke/DukeExceptions/InvalidCommandException.java","fileType":"java","lines":[{"lineNumber":1,"author":{"gitId":"uosjapuelks"},"content":"package duke.DukeExceptions;","lastModifiedDate":"2021-09-27"},{"lineNumber":2,"author":{"gitId":"uosjapuelks"},"content":"","lastModifiedDate":"2021-09-27"},{"lineNumber":3,"author":{"gitId":"uosjapuelks"},"content":"public class InvalidCommandException extends DukeException {","lastModifiedDate":"2021-09-27"},{"lineNumber":4,"author":{"gitId":"uosjapuelks"},"content":"    private String thisError;","lastModifiedDate":"2021-09-27"},{"lineNumber":5,"author":{"gitId":"uosjapuelks"},"content":"","lastModifiedDate":"2021-09-27"},{"lineNumber":6,"author":{"gitId":"uosjapuelks"},"content":"    public InvalidCommandException() {","lastModifiedDate":"2021-09-27"},{"lineNumber":7,"author":{"gitId":"uosjapuelks"},"content":"        this.thisError \u003d (\"\\t____________________________________________________________\\n\"","lastModifiedDate":"2021-09-27"},{"lineNumber":8,"author":{"gitId":"uosjapuelks"},"content":"                + \"\\tOOOPS!!! I\u0027m sorry, but I don\u0027t know what that means. EPIC SADS :-(\\n\"","lastModifiedDate":"2021-09-27"},{"lineNumber":9,"author":{"gitId":"uosjapuelks"},"content":"                + \"\\t____________________________________________________________\\n\"","lastModifiedDate":"2021-09-27"},{"lineNumber":10,"author":{"gitId":"uosjapuelks"},"content":"                + \"\\tKey in [help] to list available commands\\n\"","lastModifiedDate":"2021-09-27"},{"lineNumber":11,"author":{"gitId":"uosjapuelks"},"content":"                + \"\\t____________________________________________________________\\n\\t\");","lastModifiedDate":"2021-09-27"},{"lineNumber":12,"author":{"gitId":"uosjapuelks"},"content":"    }","lastModifiedDate":"2021-09-27"},{"lineNumber":13,"author":{"gitId":"uosjapuelks"},"content":"","lastModifiedDate":"2021-09-27"},{"lineNumber":14,"author":{"gitId":"uosjapuelks"},"content":"    public InvalidCommandException(String errorMessage) {","lastModifiedDate":"2021-09-27"},{"lineNumber":15,"author":{"gitId":"uosjapuelks"},"content":"        this.thisError \u003d (\"\\t____________________________________________________________\\n\\t\"","lastModifiedDate":"2021-09-27"},{"lineNumber":16,"author":{"gitId":"uosjapuelks"},"content":"                + errorMessage","lastModifiedDate":"2021-09-27"},{"lineNumber":17,"author":{"gitId":"uosjapuelks"},"content":"                + \"\\n\\t____________________________________________________________\\n\\t\");","lastModifiedDate":"2021-09-27"},{"lineNumber":18,"author":{"gitId":"uosjapuelks"},"content":"    }","lastModifiedDate":"2021-09-27"},{"lineNumber":19,"author":{"gitId":"uosjapuelks"},"content":"    public String printMessage() {","lastModifiedDate":"2021-09-27"},{"lineNumber":20,"author":{"gitId":"uosjapuelks"},"content":"        return (this.thisError);","lastModifiedDate":"2021-09-27"},{"lineNumber":21,"author":{"gitId":"uosjapuelks"},"content":"    }","lastModifiedDate":"2021-09-27"},{"lineNumber":22,"author":{"gitId":"uosjapuelks"},"content":"}","lastModifiedDate":"2021-09-27"}],"authorContributionMap":{"uosjapuelks":22}},{"path":"src/main/java/duke/DukeExceptions/InvalidValueException.java","fileType":"java","lines":[{"lineNumber":1,"author":{"gitId":"uosjapuelks"},"content":"package duke.DukeExceptions;","lastModifiedDate":"2021-09-27"},{"lineNumber":2,"author":{"gitId":"uosjapuelks"},"content":"","lastModifiedDate":"2021-09-27"},{"lineNumber":3,"author":{"gitId":"uosjapuelks"},"content":"import duke.Duke;","lastModifiedDate":"2021-09-27"},{"lineNumber":4,"author":{"gitId":"uosjapuelks"},"content":"","lastModifiedDate":"2021-09-27"},{"lineNumber":5,"author":{"gitId":"uosjapuelks"},"content":"public class InvalidValueException extends DukeException {","lastModifiedDate":"2021-09-27"},{"lineNumber":6,"author":{"gitId":"uosjapuelks"},"content":"    private String errorMessage;","lastModifiedDate":"2021-09-27"},{"lineNumber":7,"author":{"gitId":"uosjapuelks"},"content":"","lastModifiedDate":"2021-09-27"},{"lineNumber":8,"author":{"gitId":"uosjapuelks"},"content":"    public InvalidValueException(String expectedMessage) {","lastModifiedDate":"2021-09-27"},{"lineNumber":9,"author":{"gitId":"uosjapuelks"},"content":"        this.errorMessage \u003d (\"\\t____________________________________________________________\\n\\t\"","lastModifiedDate":"2021-09-27"},{"lineNumber":10,"author":{"gitId":"uosjapuelks"},"content":"                + expectedMessage","lastModifiedDate":"2021-09-27"},{"lineNumber":11,"author":{"gitId":"uosjapuelks"},"content":"                + \"\\n\\t____________________________________________________________\\n\\t\");","lastModifiedDate":"2021-09-27"},{"lineNumber":12,"author":{"gitId":"uosjapuelks"},"content":"    }","lastModifiedDate":"2021-09-27"},{"lineNumber":13,"author":{"gitId":"uosjapuelks"},"content":"","lastModifiedDate":"2021-09-27"},{"lineNumber":14,"author":{"gitId":"uosjapuelks"},"content":"    public String printMessage() {","lastModifiedDate":"2021-09-27"},{"lineNumber":15,"author":{"gitId":"uosjapuelks"},"content":"        return this.errorMessage;","lastModifiedDate":"2021-09-27"},{"lineNumber":16,"author":{"gitId":"uosjapuelks"},"content":"    }","lastModifiedDate":"2021-09-27"},{"lineNumber":17,"author":{"gitId":"uosjapuelks"},"content":"}","lastModifiedDate":"2021-09-27"}],"authorContributionMap":{"uosjapuelks":17}},{"path":"src/main/java/duke/Parser.java","fileType":"java","lines":[{"lineNumber":1,"author":{"gitId":"uosjapuelks"},"content":"package duke;","lastModifiedDate":"2021-09-27"},{"lineNumber":2,"author":{"gitId":"uosjapuelks"},"content":"","lastModifiedDate":"2021-09-27"},{"lineNumber":3,"author":{"gitId":"uosjapuelks"},"content":"import duke.DukeExceptions.DukeException;","lastModifiedDate":"2021-09-27"},{"lineNumber":4,"author":{"gitId":"uosjapuelks"},"content":"import duke.DukeExceptions.EmptyCommand;","lastModifiedDate":"2021-09-27"},{"lineNumber":5,"author":{"gitId":"uosjapuelks"},"content":"import duke.DukeExceptions.InvalidCommandException;","lastModifiedDate":"2021-09-27"},{"lineNumber":6,"author":{"gitId":"uosjapuelks"},"content":"import duke.DukeExceptions.InvalidValueException;","lastModifiedDate":"2021-09-27"},{"lineNumber":7,"author":{"gitId":"uosjapuelks"},"content":"import duke.task.Deadline;","lastModifiedDate":"2021-09-27"},{"lineNumber":8,"author":{"gitId":"uosjapuelks"},"content":"import duke.task.Event;","lastModifiedDate":"2021-09-27"},{"lineNumber":9,"author":{"gitId":"uosjapuelks"},"content":"import duke.task.Task;","lastModifiedDate":"2021-09-27"},{"lineNumber":10,"author":{"gitId":"uosjapuelks"},"content":"import duke.task.ToDo;","lastModifiedDate":"2021-09-27"},{"lineNumber":11,"author":{"gitId":"uosjapuelks"},"content":"","lastModifiedDate":"2021-09-27"},{"lineNumber":12,"author":{"gitId":"uosjapuelks"},"content":"public class Parser {","lastModifiedDate":"2021-09-27"},{"lineNumber":13,"author":{"gitId":"uosjapuelks"},"content":"    private TaskList taskList;","lastModifiedDate":"2021-09-27"},{"lineNumber":14,"author":{"gitId":"uosjapuelks"},"content":"    private Ui ui;","lastModifiedDate":"2021-09-27"},{"lineNumber":15,"author":{"gitId":"uosjapuelks"},"content":"    private String[] command;","lastModifiedDate":"2021-09-27"},{"lineNumber":16,"author":{"gitId":"uosjapuelks"},"content":"","lastModifiedDate":"2021-09-27"},{"lineNumber":17,"author":{"gitId":"uosjapuelks"},"content":"    Parser(TaskList taskList, Ui ui) {","lastModifiedDate":"2021-09-27"},{"lineNumber":18,"author":{"gitId":"uosjapuelks"},"content":"        this.taskList \u003d taskList;","lastModifiedDate":"2021-09-27"},{"lineNumber":19,"author":{"gitId":"uosjapuelks"},"content":"        this.ui \u003d ui;","lastModifiedDate":"2021-09-27"},{"lineNumber":20,"author":{"gitId":"uosjapuelks"},"content":"    }","lastModifiedDate":"2021-09-27"},{"lineNumber":21,"author":{"gitId":"uosjapuelks"},"content":"","lastModifiedDate":"2021-09-27"},{"lineNumber":22,"author":{"gitId":"uosjapuelks"},"content":"    public String parse(String userInput) throws InvalidCommandException, EmptyCommand {","lastModifiedDate":"2021-09-27"},{"lineNumber":23,"author":{"gitId":"uosjapuelks"},"content":"        try {","lastModifiedDate":"2021-09-27"},{"lineNumber":24,"author":{"gitId":"uosjapuelks"},"content":"            if (userInput.trim().equals(\"\"))","lastModifiedDate":"2021-09-27"},{"lineNumber":25,"author":{"gitId":"uosjapuelks"},"content":"                throw new EmptyCommand();","lastModifiedDate":"2021-09-27"},{"lineNumber":26,"author":{"gitId":"uosjapuelks"},"content":"            command \u003d userInput.split(\" \");","lastModifiedDate":"2021-09-27"},{"lineNumber":27,"author":{"gitId":"uosjapuelks"},"content":"            switch (command[0].trim().toLowerCase()) {","lastModifiedDate":"2021-09-27"},{"lineNumber":28,"author":{"gitId":"uosjapuelks"},"content":"            case \"bye\":","lastModifiedDate":"2021-09-27"},{"lineNumber":29,"author":{"gitId":"uosjapuelks"},"content":"                return parseBye();","lastModifiedDate":"2021-09-27"},{"lineNumber":30,"author":{"gitId":"uosjapuelks"},"content":"            case \"done\":","lastModifiedDate":"2021-09-27"},{"lineNumber":31,"author":{"gitId":"uosjapuelks"},"content":"                return parseDone(userInput);","lastModifiedDate":"2021-09-27"},{"lineNumber":32,"author":{"gitId":"uosjapuelks"},"content":"            case \"delete\":","lastModifiedDate":"2021-09-27"},{"lineNumber":33,"author":{"gitId":"uosjapuelks"},"content":"                return parseDelete(userInput);","lastModifiedDate":"2021-09-27"},{"lineNumber":34,"author":{"gitId":"uosjapuelks"},"content":"            case \"todo\":","lastModifiedDate":"2021-09-27"},{"lineNumber":35,"author":{"gitId":"uosjapuelks"},"content":"                return parseTodo(userInput);","lastModifiedDate":"2021-09-27"},{"lineNumber":36,"author":{"gitId":"uosjapuelks"},"content":"            case \"deadline\":","lastModifiedDate":"2021-09-27"},{"lineNumber":37,"author":{"gitId":"uosjapuelks"},"content":"                return parseDeadline(userInput);","lastModifiedDate":"2021-09-27"},{"lineNumber":38,"author":{"gitId":"uosjapuelks"},"content":"            case \"event\":","lastModifiedDate":"2021-09-27"},{"lineNumber":39,"author":{"gitId":"uosjapuelks"},"content":"                return parseEvent(userInput);","lastModifiedDate":"2021-09-27"},{"lineNumber":40,"author":{"gitId":"uosjapuelks"},"content":"            case \"list\":","lastModifiedDate":"2021-09-27"},{"lineNumber":41,"author":{"gitId":"uosjapuelks"},"content":"                return parseList();","lastModifiedDate":"2021-09-27"},{"lineNumber":42,"author":{"gitId":"uosjapuelks"},"content":"            default:","lastModifiedDate":"2021-09-27"},{"lineNumber":43,"author":{"gitId":"uosjapuelks"},"content":"                throw new InvalidCommandException();","lastModifiedDate":"2021-09-27"},{"lineNumber":44,"author":{"gitId":"uosjapuelks"},"content":"            }","lastModifiedDate":"2021-09-27"},{"lineNumber":45,"author":{"gitId":"uosjapuelks"},"content":"        } catch (DukeException e) {","lastModifiedDate":"2021-09-27"},{"lineNumber":46,"author":{"gitId":"uosjapuelks"},"content":"            return e.printMessage();","lastModifiedDate":"2021-09-27"},{"lineNumber":47,"author":{"gitId":"uosjapuelks"},"content":"        }","lastModifiedDate":"2021-09-27"},{"lineNumber":48,"author":{"gitId":"uosjapuelks"},"content":"    }","lastModifiedDate":"2021-09-27"},{"lineNumber":49,"author":{"gitId":"uosjapuelks"},"content":"","lastModifiedDate":"2021-09-27"},{"lineNumber":50,"author":{"gitId":"uosjapuelks"},"content":"    public String parseBye() {","lastModifiedDate":"2021-09-27"},{"lineNumber":51,"author":{"gitId":"uosjapuelks"},"content":"        return ui.byeMessage();","lastModifiedDate":"2021-09-27"},{"lineNumber":52,"author":{"gitId":"uosjapuelks"},"content":"    }","lastModifiedDate":"2021-09-27"},{"lineNumber":53,"author":{"gitId":"uosjapuelks"},"content":"","lastModifiedDate":"2021-09-27"},{"lineNumber":54,"author":{"gitId":"uosjapuelks"},"content":"    public String parseDone(String command) throws InvalidValueException {","lastModifiedDate":"2021-09-27"},{"lineNumber":55,"author":{"gitId":"uosjapuelks"},"content":"        validate(command);","lastModifiedDate":"2021-09-27"},{"lineNumber":56,"author":{"gitId":"uosjapuelks"},"content":"        Task completedTask \u003d taskList.markAsDone(command);","lastModifiedDate":"2021-09-27"},{"lineNumber":57,"author":{"gitId":"uosjapuelks"},"content":"        return ui.doneMessage(completedTask);","lastModifiedDate":"2021-09-27"},{"lineNumber":58,"author":{"gitId":"uosjapuelks"},"content":"    }","lastModifiedDate":"2021-09-27"},{"lineNumber":59,"author":{"gitId":"uosjapuelks"},"content":"","lastModifiedDate":"2021-09-27"},{"lineNumber":60,"author":{"gitId":"uosjapuelks"},"content":"    public String parseDelete(String command) throws InvalidValueException {","lastModifiedDate":"2021-09-27"},{"lineNumber":61,"author":{"gitId":"uosjapuelks"},"content":"        validate(command);","lastModifiedDate":"2021-09-27"},{"lineNumber":62,"author":{"gitId":"uosjapuelks"},"content":"        int index \u003d getIndex(command);","lastModifiedDate":"2021-09-27"},{"lineNumber":63,"author":{"gitId":"uosjapuelks"},"content":"        Task targetTask \u003d taskList.deleteTask(index);","lastModifiedDate":"2021-09-27"},{"lineNumber":64,"author":{"gitId":"uosjapuelks"},"content":"        return ui.deleteMessage(taskList.getList(), index, targetTask);","lastModifiedDate":"2021-09-27"},{"lineNumber":65,"author":{"gitId":"uosjapuelks"},"content":"    }","lastModifiedDate":"2021-09-27"},{"lineNumber":66,"author":{"gitId":"uosjapuelks"},"content":"","lastModifiedDate":"2021-09-27"},{"lineNumber":67,"author":{"gitId":"uosjapuelks"},"content":"    public String parseTodo(String command) throws InvalidValueException {","lastModifiedDate":"2021-09-27"},{"lineNumber":68,"author":{"gitId":"uosjapuelks"},"content":"        if (command.split(\" \").length \u003d\u003d 1)","lastModifiedDate":"2021-09-27"},{"lineNumber":69,"author":{"gitId":"uosjapuelks"},"content":"            throw new InvalidValueException(\"Todo: Missing Description, Please Try Again\");","lastModifiedDate":"2021-09-27"},{"lineNumber":70,"author":{"gitId":"uosjapuelks"},"content":"        taskList.addTask(new ToDo(taskList.getTodo(command)));","lastModifiedDate":"2021-09-27"},{"lineNumber":71,"author":{"gitId":"uosjapuelks"},"content":"        return ui.acknowledgeAddition(taskList.getList());","lastModifiedDate":"2021-09-27"},{"lineNumber":72,"author":{"gitId":"uosjapuelks"},"content":"    }","lastModifiedDate":"2021-09-27"},{"lineNumber":73,"author":{"gitId":"uosjapuelks"},"content":"","lastModifiedDate":"2021-09-27"},{"lineNumber":74,"author":{"gitId":"uosjapuelks"},"content":"    public String parseDeadline(String command) throws InvalidValueException {","lastModifiedDate":"2021-09-27"},{"lineNumber":75,"author":{"gitId":"uosjapuelks"},"content":"        if (command.split(\" \").length \u003d\u003d 1)","lastModifiedDate":"2021-09-27"},{"lineNumber":76,"author":{"gitId":"uosjapuelks"},"content":"            throw new InvalidValueException(\"Deadline: Missing Description / Time\");","lastModifiedDate":"2021-09-27"},{"lineNumber":77,"author":{"gitId":"uosjapuelks"},"content":"        taskList.addTask(new Deadline(taskList.getDescription(command), taskList.getMoreDetails(command)));","lastModifiedDate":"2021-09-27"},{"lineNumber":78,"author":{"gitId":"uosjapuelks"},"content":"        return ui.acknowledgeAddition(taskList.getList());","lastModifiedDate":"2021-09-27"},{"lineNumber":79,"author":{"gitId":"uosjapuelks"},"content":"    }","lastModifiedDate":"2021-09-27"},{"lineNumber":80,"author":{"gitId":"uosjapuelks"},"content":"","lastModifiedDate":"2021-09-27"},{"lineNumber":81,"author":{"gitId":"uosjapuelks"},"content":"    public String parseEvent(String command) throws InvalidValueException {","lastModifiedDate":"2021-09-27"},{"lineNumber":82,"author":{"gitId":"uosjapuelks"},"content":"        if (command.split(\" \").length \u003d\u003d 1)","lastModifiedDate":"2021-09-27"},{"lineNumber":83,"author":{"gitId":"uosjapuelks"},"content":"            throw new InvalidValueException(\"Event: Missing Description / Time\");","lastModifiedDate":"2021-09-27"},{"lineNumber":84,"author":{"gitId":"uosjapuelks"},"content":"        taskList.addTask(new Event(taskList.getDescription(command), taskList.getMoreDetails(command)));","lastModifiedDate":"2021-09-27"},{"lineNumber":85,"author":{"gitId":"uosjapuelks"},"content":"        return ui.acknowledgeAddition(taskList.getList());","lastModifiedDate":"2021-09-27"},{"lineNumber":86,"author":{"gitId":"uosjapuelks"},"content":"    }","lastModifiedDate":"2021-09-27"},{"lineNumber":87,"author":{"gitId":"uosjapuelks"},"content":"","lastModifiedDate":"2021-09-27"},{"lineNumber":88,"author":{"gitId":"uosjapuelks"},"content":"    public String parseList() {","lastModifiedDate":"2021-09-27"},{"lineNumber":89,"author":{"gitId":"uosjapuelks"},"content":"        return ui.printList(taskList);","lastModifiedDate":"2021-09-27"},{"lineNumber":90,"author":{"gitId":"uosjapuelks"},"content":"    }","lastModifiedDate":"2021-09-27"},{"lineNumber":91,"author":{"gitId":"uosjapuelks"},"content":"","lastModifiedDate":"2021-09-27"},{"lineNumber":92,"author":{"gitId":"uosjapuelks"},"content":"    private static int getIndex(String command) {","lastModifiedDate":"2021-09-27"},{"lineNumber":93,"author":{"gitId":"uosjapuelks"},"content":"        String index \u003d command.substring(command.indexOf(\" \") + 1);","lastModifiedDate":"2021-09-27"},{"lineNumber":94,"author":{"gitId":"uosjapuelks"},"content":"        return Integer.parseInt(index.trim());","lastModifiedDate":"2021-09-27"},{"lineNumber":95,"author":{"gitId":"uosjapuelks"},"content":"    }","lastModifiedDate":"2021-09-27"},{"lineNumber":96,"author":{"gitId":"uosjapuelks"},"content":"","lastModifiedDate":"2021-09-27"},{"lineNumber":97,"author":{"gitId":"uosjapuelks"},"content":"    private boolean isNumeric(String validate) {","lastModifiedDate":"2021-09-27"},{"lineNumber":98,"author":{"gitId":"uosjapuelks"},"content":"        try {","lastModifiedDate":"2021-09-27"},{"lineNumber":99,"author":{"gitId":"uosjapuelks"},"content":"            Integer.parseInt(validate);","lastModifiedDate":"2021-09-27"},{"lineNumber":100,"author":{"gitId":"uosjapuelks"},"content":"        } catch (NumberFormatException e) {","lastModifiedDate":"2021-09-27"},{"lineNumber":101,"author":{"gitId":"uosjapuelks"},"content":"            return false;","lastModifiedDate":"2021-09-27"},{"lineNumber":102,"author":{"gitId":"uosjapuelks"},"content":"        }","lastModifiedDate":"2021-09-27"},{"lineNumber":103,"author":{"gitId":"uosjapuelks"},"content":"        return true;","lastModifiedDate":"2021-09-27"},{"lineNumber":104,"author":{"gitId":"uosjapuelks"},"content":"    }","lastModifiedDate":"2021-09-27"},{"lineNumber":105,"author":{"gitId":"uosjapuelks"},"content":"","lastModifiedDate":"2021-09-27"},{"lineNumber":106,"author":{"gitId":"uosjapuelks"},"content":"    private void validate(String command) throws InvalidValueException {","lastModifiedDate":"2021-09-27"},{"lineNumber":107,"author":{"gitId":"uosjapuelks"},"content":"        String[] temp;","lastModifiedDate":"2021-09-27"},{"lineNumber":108,"author":{"gitId":"uosjapuelks"},"content":"        temp \u003d command.split(\" \");","lastModifiedDate":"2021-09-27"},{"lineNumber":109,"author":{"gitId":"uosjapuelks"},"content":"        if (temp.length \u003d\u003d 1) {","lastModifiedDate":"2021-09-27"},{"lineNumber":110,"author":{"gitId":"uosjapuelks"},"content":"            throw new InvalidValueException(\"Missing Item Number\");","lastModifiedDate":"2021-09-27"},{"lineNumber":111,"author":{"gitId":"uosjapuelks"},"content":"        } else if (temp.length \u003e 2) {","lastModifiedDate":"2021-09-27"},{"lineNumber":112,"author":{"gitId":"uosjapuelks"},"content":"            throw new InvalidValueException(\"Please be specific :) Expected 1 item number\");","lastModifiedDate":"2021-09-27"},{"lineNumber":113,"author":{"gitId":"uosjapuelks"},"content":"        } else if (!isNumeric(temp[1])) {","lastModifiedDate":"2021-09-27"},{"lineNumber":114,"author":{"gitId":"uosjapuelks"},"content":"            throw new InvalidValueException(\"Oops, could you input item as a number please\");","lastModifiedDate":"2021-09-27"},{"lineNumber":115,"author":{"gitId":"uosjapuelks"},"content":"        } else if (getIndex(command) \u003e this.taskList.getList().size() | getIndex(command) \u003c 1) {","lastModifiedDate":"2021-09-27"},{"lineNumber":116,"author":{"gitId":"uosjapuelks"},"content":"            throw new InvalidValueException(String.format(\"Input Number was more that [1 - %d] tasks in the list.\", taskList.getList().size()));","lastModifiedDate":"2021-09-27"},{"lineNumber":117,"author":{"gitId":"uosjapuelks"},"content":"        }","lastModifiedDate":"2021-09-27"},{"lineNumber":118,"author":{"gitId":"uosjapuelks"},"content":"    }","lastModifiedDate":"2021-09-27"},{"lineNumber":119,"author":{"gitId":"uosjapuelks"},"content":"}","lastModifiedDate":"2021-09-27"}],"authorContributionMap":{"uosjapuelks":119}},{"path":"src/main/java/duke/Storage.java","fileType":"java","lines":[{"lineNumber":1,"author":{"gitId":"uosjapuelks"},"content":"package duke;","lastModifiedDate":"2021-09-27"},{"lineNumber":2,"author":{"gitId":"uosjapuelks"},"content":"","lastModifiedDate":"2021-09-27"},{"lineNumber":3,"author":{"gitId":"uosjapuelks"},"content":"import duke.task.Deadline;","lastModifiedDate":"2021-09-27"},{"lineNumber":4,"author":{"gitId":"uosjapuelks"},"content":"import duke.task.Event;","lastModifiedDate":"2021-09-27"},{"lineNumber":5,"author":{"gitId":"uosjapuelks"},"content":"import duke.task.Task;","lastModifiedDate":"2021-09-27"},{"lineNumber":6,"author":{"gitId":"uosjapuelks"},"content":"import duke.task.ToDo;","lastModifiedDate":"2021-09-27"},{"lineNumber":7,"author":{"gitId":"uosjapuelks"},"content":"","lastModifiedDate":"2021-09-27"},{"lineNumber":8,"author":{"gitId":"uosjapuelks"},"content":"import java.io.File;","lastModifiedDate":"2021-09-27"},{"lineNumber":9,"author":{"gitId":"uosjapuelks"},"content":"import java.io.FileNotFoundException;","lastModifiedDate":"2021-09-27"},{"lineNumber":10,"author":{"gitId":"uosjapuelks"},"content":"import java.io.FileWriter;","lastModifiedDate":"2021-09-27"},{"lineNumber":11,"author":{"gitId":"uosjapuelks"},"content":"import java.io.IOException;","lastModifiedDate":"2021-09-27"},{"lineNumber":12,"author":{"gitId":"uosjapuelks"},"content":"import java.util.ArrayList;","lastModifiedDate":"2021-09-27"},{"lineNumber":13,"author":{"gitId":"uosjapuelks"},"content":"import java.util.Scanner;","lastModifiedDate":"2021-09-27"},{"lineNumber":14,"author":{"gitId":"uosjapuelks"},"content":"","lastModifiedDate":"2021-09-27"},{"lineNumber":15,"author":{"gitId":"uosjapuelks"},"content":"public class Storage {","lastModifiedDate":"2021-09-27"},{"lineNumber":16,"author":{"gitId":"uosjapuelks"},"content":"","lastModifiedDate":"2021-09-27"},{"lineNumber":17,"author":{"gitId":"uosjapuelks"},"content":"    private String filepath;","lastModifiedDate":"2021-09-27"},{"lineNumber":18,"author":{"gitId":"uosjapuelks"},"content":"    private TaskList currentData;","lastModifiedDate":"2021-09-27"},{"lineNumber":19,"author":{"gitId":"uosjapuelks"},"content":"","lastModifiedDate":"2021-09-27"},{"lineNumber":20,"author":{"gitId":"uosjapuelks"},"content":"    public static final String SAVEFILE_SEPERATOR \u003d \"\\\\|\";","lastModifiedDate":"2021-09-27"},{"lineNumber":21,"author":{"gitId":"uosjapuelks"},"content":"","lastModifiedDate":"2021-09-27"},{"lineNumber":22,"author":{"gitId":"uosjapuelks"},"content":"    Storage(String filepath) {","lastModifiedDate":"2021-09-27"},{"lineNumber":23,"author":{"gitId":"uosjapuelks"},"content":"        this.filepath \u003d filepath;","lastModifiedDate":"2021-09-27"},{"lineNumber":24,"author":{"gitId":"uosjapuelks"},"content":"    }","lastModifiedDate":"2021-09-27"},{"lineNumber":25,"author":{"gitId":"uosjapuelks"},"content":"","lastModifiedDate":"2021-09-27"},{"lineNumber":26,"author":{"gitId":"uosjapuelks"},"content":"    public TaskList loadFile(ArrayList\u003cTask\u003e taskList) throws FileNotFoundException {","lastModifiedDate":"2021-09-27"},{"lineNumber":27,"author":{"gitId":"uosjapuelks"},"content":"        File f \u003d new File(this.filepath);","lastModifiedDate":"2021-09-27"},{"lineNumber":28,"author":{"gitId":"uosjapuelks"},"content":"        Scanner s \u003d new Scanner(f);","lastModifiedDate":"2021-09-27"},{"lineNumber":29,"author":{"gitId":"uosjapuelks"},"content":"        currentData \u003d new TaskList(taskList);","lastModifiedDate":"2021-09-27"},{"lineNumber":30,"author":{"gitId":"uosjapuelks"},"content":"        while (s.hasNext()) {","lastModifiedDate":"2021-09-27"},{"lineNumber":31,"author":{"gitId":"uosjapuelks"},"content":"            currentData \u003d loadCommands(s.nextLine(), currentData.getList());","lastModifiedDate":"2021-09-27"},{"lineNumber":32,"author":{"gitId":"uosjapuelks"},"content":"        }","lastModifiedDate":"2021-09-27"},{"lineNumber":33,"author":{"gitId":"uosjapuelks"},"content":"        return currentData;","lastModifiedDate":"2021-09-27"},{"lineNumber":34,"author":{"gitId":"uosjapuelks"},"content":"    }","lastModifiedDate":"2021-09-27"},{"lineNumber":35,"author":{"gitId":"uosjapuelks"},"content":"","lastModifiedDate":"2021-09-27"},{"lineNumber":36,"author":{"gitId":"uosjapuelks"},"content":"    public void createFile() {","lastModifiedDate":"2021-09-27"},{"lineNumber":37,"author":{"gitId":"uosjapuelks"},"content":"        File f \u003d new File(this.filepath);","lastModifiedDate":"2021-09-27"},{"lineNumber":38,"author":{"gitId":"uosjapuelks"},"content":"        try {","lastModifiedDate":"2021-09-27"},{"lineNumber":39,"author":{"gitId":"uosjapuelks"},"content":"            f.createNewFile();","lastModifiedDate":"2021-09-27"},{"lineNumber":40,"author":{"gitId":"uosjapuelks"},"content":"        } catch (IOException e) {","lastModifiedDate":"2021-09-27"},{"lineNumber":41,"author":{"gitId":"uosjapuelks"},"content":"            e.printStackTrace();","lastModifiedDate":"2021-09-27"},{"lineNumber":42,"author":{"gitId":"uosjapuelks"},"content":"        }","lastModifiedDate":"2021-09-27"},{"lineNumber":43,"author":{"gitId":"uosjapuelks"},"content":"    }","lastModifiedDate":"2021-09-27"},{"lineNumber":44,"author":{"gitId":"uosjapuelks"},"content":"","lastModifiedDate":"2021-09-27"},{"lineNumber":45,"author":{"gitId":"uosjapuelks"},"content":"    private static TaskList loadCommands(String taskDetails, ArrayList\u003cTask\u003e taskList) {","lastModifiedDate":"2021-09-27"},{"lineNumber":46,"author":{"gitId":"uosjapuelks"},"content":"        String[] taskBreakdown \u003d taskDetails.split(SAVEFILE_SEPERATOR);","lastModifiedDate":"2021-09-27"},{"lineNumber":47,"author":{"gitId":"uosjapuelks"},"content":"        String taskType \u003d taskBreakdown[0].trim();","lastModifiedDate":"2021-09-27"},{"lineNumber":48,"author":{"gitId":"uosjapuelks"},"content":"        String completionStatus \u003d taskBreakdown[1].trim();","lastModifiedDate":"2021-09-27"},{"lineNumber":49,"author":{"gitId":"uosjapuelks"},"content":"        String task \u003d taskBreakdown[2].trim();","lastModifiedDate":"2021-09-27"},{"lineNumber":50,"author":{"gitId":"uosjapuelks"},"content":"        Task savedTask;","lastModifiedDate":"2021-09-27"},{"lineNumber":51,"author":{"gitId":"uosjapuelks"},"content":"        switch (taskType) {","lastModifiedDate":"2021-09-27"},{"lineNumber":52,"author":{"gitId":"uosjapuelks"},"content":"        case \"T\":","lastModifiedDate":"2021-09-27"},{"lineNumber":53,"author":{"gitId":"uosjapuelks"},"content":"            savedTask \u003d new ToDo(task);","lastModifiedDate":"2021-09-27"},{"lineNumber":54,"author":{"gitId":"uosjapuelks"},"content":"            break;","lastModifiedDate":"2021-09-27"},{"lineNumber":55,"author":{"gitId":"uosjapuelks"},"content":"        case \"D\":","lastModifiedDate":"2021-09-27"},{"lineNumber":56,"author":{"gitId":"uosjapuelks"},"content":"            savedTask \u003d new Deadline(task, taskBreakdown[3].trim());","lastModifiedDate":"2021-09-27"},{"lineNumber":57,"author":{"gitId":"uosjapuelks"},"content":"            break;","lastModifiedDate":"2021-09-27"},{"lineNumber":58,"author":{"gitId":"uosjapuelks"},"content":"        case \"E\":","lastModifiedDate":"2021-09-27"},{"lineNumber":59,"author":{"gitId":"uosjapuelks"},"content":"            savedTask \u003d new Event(task, taskBreakdown[3].trim());","lastModifiedDate":"2021-09-27"},{"lineNumber":60,"author":{"gitId":"uosjapuelks"},"content":"            break;","lastModifiedDate":"2021-09-27"},{"lineNumber":61,"author":{"gitId":"uosjapuelks"},"content":"        default:","lastModifiedDate":"2021-09-27"},{"lineNumber":62,"author":{"gitId":"uosjapuelks"},"content":"            savedTask \u003d null;","lastModifiedDate":"2021-09-27"},{"lineNumber":63,"author":{"gitId":"uosjapuelks"},"content":"        }","lastModifiedDate":"2021-09-27"},{"lineNumber":64,"author":{"gitId":"uosjapuelks"},"content":"        if (completionStatus.equals(\"1\")) {","lastModifiedDate":"2021-09-27"},{"lineNumber":65,"author":{"gitId":"uosjapuelks"},"content":"            savedTask.markAsDone();","lastModifiedDate":"2021-09-27"},{"lineNumber":66,"author":{"gitId":"uosjapuelks"},"content":"        }","lastModifiedDate":"2021-09-27"},{"lineNumber":67,"author":{"gitId":"uosjapuelks"},"content":"        taskList.add(savedTask);","lastModifiedDate":"2021-09-27"},{"lineNumber":68,"author":{"gitId":"uosjapuelks"},"content":"        return new TaskList(taskList);","lastModifiedDate":"2021-09-27"},{"lineNumber":69,"author":{"gitId":"uosjapuelks"},"content":"    }","lastModifiedDate":"2021-09-27"},{"lineNumber":70,"author":{"gitId":"uosjapuelks"},"content":"","lastModifiedDate":"2021-09-27"},{"lineNumber":71,"author":{"gitId":"uosjapuelks"},"content":"    private void writeToFile(String filePath, String textToAdd) throws IOException {","lastModifiedDate":"2021-09-27"},{"lineNumber":72,"author":{"gitId":"uosjapuelks"},"content":"        FileWriter dukeIn \u003d new FileWriter(filePath);","lastModifiedDate":"2021-09-27"},{"lineNumber":73,"author":{"gitId":"uosjapuelks"},"content":"        dukeIn.write(textToAdd);","lastModifiedDate":"2021-09-27"},{"lineNumber":74,"author":{"gitId":"uosjapuelks"},"content":"        dukeIn.close();","lastModifiedDate":"2021-09-27"},{"lineNumber":75,"author":{"gitId":"uosjapuelks"},"content":"    }","lastModifiedDate":"2021-09-27"},{"lineNumber":76,"author":{"gitId":"uosjapuelks"},"content":"","lastModifiedDate":"2021-09-27"},{"lineNumber":77,"author":{"gitId":"uosjapuelks"},"content":"    public void autoSave(ArrayList\u003cTask\u003e unfilteredTasks) {","lastModifiedDate":"2021-09-27"},{"lineNumber":78,"author":{"gitId":"uosjapuelks"},"content":"        String dukeUpdate \u003d \"\";","lastModifiedDate":"2021-09-27"},{"lineNumber":79,"author":{"gitId":"uosjapuelks"},"content":"        for (Task task : unfilteredTasks) {","lastModifiedDate":"2021-09-27"},{"lineNumber":80,"author":{"gitId":"uosjapuelks"},"content":"            if (task !\u003d null) {","lastModifiedDate":"2021-09-27"},{"lineNumber":81,"author":{"gitId":"uosjapuelks"},"content":"                String completionStatus \u003d task.isDone() ? \"1\" : \"0\";","lastModifiedDate":"2021-09-27"},{"lineNumber":82,"author":{"gitId":"uosjapuelks"},"content":"                dukeUpdate \u003d dukeUpdate + task.getType() + \" | \" + completionStatus + \" | \" + task.getTask();","lastModifiedDate":"2021-09-27"},{"lineNumber":83,"author":{"gitId":"uosjapuelks"},"content":"                dukeUpdate \u003d (task instanceof Deadline || task instanceof Event) ? dukeUpdate + \" | \" + task.getTime() : dukeUpdate;","lastModifiedDate":"2021-09-27"},{"lineNumber":84,"author":{"gitId":"uosjapuelks"},"content":"                dukeUpdate \u003d dukeUpdate + \"\\n\";","lastModifiedDate":"2021-09-27"},{"lineNumber":85,"author":{"gitId":"uosjapuelks"},"content":"            }","lastModifiedDate":"2021-09-27"},{"lineNumber":86,"author":{"gitId":"uosjapuelks"},"content":"        }","lastModifiedDate":"2021-09-27"},{"lineNumber":87,"author":{"gitId":"uosjapuelks"},"content":"        try {","lastModifiedDate":"2021-09-27"},{"lineNumber":88,"author":{"gitId":"uosjapuelks"},"content":"            writeToFile(this.filepath, dukeUpdate);","lastModifiedDate":"2021-09-27"},{"lineNumber":89,"author":{"gitId":"uosjapuelks"},"content":"        } catch (IOException e) {","lastModifiedDate":"2021-09-27"},{"lineNumber":90,"author":{"gitId":"uosjapuelks"},"content":"            e.printStackTrace();","lastModifiedDate":"2021-09-27"},{"lineNumber":91,"author":{"gitId":"uosjapuelks"},"content":"        }","lastModifiedDate":"2021-09-27"},{"lineNumber":92,"author":{"gitId":"uosjapuelks"},"content":"    }","lastModifiedDate":"2021-09-27"},{"lineNumber":93,"author":{"gitId":"uosjapuelks"},"content":"}","lastModifiedDate":"2021-09-27"}],"authorContributionMap":{"uosjapuelks":93}},{"path":"src/main/java/duke/TaskList.java","fileType":"java","lines":[{"lineNumber":1,"author":{"gitId":"uosjapuelks"},"content":"package duke;","lastModifiedDate":"2021-09-27"},{"lineNumber":2,"author":{"gitId":"uosjapuelks"},"content":"","lastModifiedDate":"2021-09-27"},{"lineNumber":3,"author":{"gitId":"uosjapuelks"},"content":"import duke.DukeExceptions.InvalidValueException;","lastModifiedDate":"2021-09-27"},{"lineNumber":4,"author":{"gitId":"uosjapuelks"},"content":"import duke.task.Task;","lastModifiedDate":"2021-09-27"},{"lineNumber":5,"author":{"gitId":"uosjapuelks"},"content":"","lastModifiedDate":"2021-09-27"},{"lineNumber":6,"author":{"gitId":"uosjapuelks"},"content":"import java.util.ArrayList;","lastModifiedDate":"2021-09-27"},{"lineNumber":7,"author":{"gitId":"uosjapuelks"},"content":"","lastModifiedDate":"2021-09-27"},{"lineNumber":8,"author":{"gitId":"uosjapuelks"},"content":"public class TaskList {","lastModifiedDate":"2021-09-27"},{"lineNumber":9,"author":{"gitId":"uosjapuelks"},"content":"    private ArrayList\u003cTask\u003e list;","lastModifiedDate":"2021-09-27"},{"lineNumber":10,"author":{"gitId":"uosjapuelks"},"content":"","lastModifiedDate":"2021-09-27"},{"lineNumber":11,"author":{"gitId":"uosjapuelks"},"content":"    TaskList(ArrayList\u003cTask\u003e list) {","lastModifiedDate":"2021-09-27"},{"lineNumber":12,"author":{"gitId":"uosjapuelks"},"content":"        this.list \u003d list;","lastModifiedDate":"2021-09-27"},{"lineNumber":13,"author":{"gitId":"uosjapuelks"},"content":"    }","lastModifiedDate":"2021-09-27"},{"lineNumber":14,"author":{"gitId":"uosjapuelks"},"content":"","lastModifiedDate":"2021-09-27"},{"lineNumber":15,"author":{"gitId":"uosjapuelks"},"content":"    public void addTask (Task newTask) {","lastModifiedDate":"2021-09-27"},{"lineNumber":16,"author":{"gitId":"uosjapuelks"},"content":"        this.list.add(newTask);","lastModifiedDate":"2021-09-27"},{"lineNumber":17,"author":{"gitId":"uosjapuelks"},"content":"    }","lastModifiedDate":"2021-09-27"},{"lineNumber":18,"author":{"gitId":"uosjapuelks"},"content":"","lastModifiedDate":"2021-09-27"},{"lineNumber":19,"author":{"gitId":"uosjapuelks"},"content":"    public ArrayList\u003cTask\u003e getList() {","lastModifiedDate":"2021-09-27"},{"lineNumber":20,"author":{"gitId":"uosjapuelks"},"content":"        return list;","lastModifiedDate":"2021-09-27"},{"lineNumber":21,"author":{"gitId":"uosjapuelks"},"content":"    }","lastModifiedDate":"2021-09-27"},{"lineNumber":22,"author":{"gitId":"uosjapuelks"},"content":"","lastModifiedDate":"2021-09-27"},{"lineNumber":23,"author":{"gitId":"uosjapuelks"},"content":"    public Task markAsDone(String command) {","lastModifiedDate":"2021-09-27"},{"lineNumber":24,"author":{"gitId":"uosjapuelks"},"content":"        int index \u003d getIndex(command) - 1;","lastModifiedDate":"2021-09-27"},{"lineNumber":25,"author":{"gitId":"uosjapuelks"},"content":"        Task completedTask \u003d list.get(index);","lastModifiedDate":"2021-09-27"},{"lineNumber":26,"author":{"gitId":"uosjapuelks"},"content":"        completedTask.markAsDone();","lastModifiedDate":"2021-09-27"},{"lineNumber":27,"author":{"gitId":"uosjapuelks"},"content":"        list.get(index).markAsDone();","lastModifiedDate":"2021-09-27"},{"lineNumber":28,"author":{"gitId":"uosjapuelks"},"content":"        return completedTask;","lastModifiedDate":"2021-09-27"},{"lineNumber":29,"author":{"gitId":"uosjapuelks"},"content":"    }","lastModifiedDate":"2021-09-27"},{"lineNumber":30,"author":{"gitId":"uosjapuelks"},"content":"","lastModifiedDate":"2021-09-27"},{"lineNumber":31,"author":{"gitId":"uosjapuelks"},"content":"    public Task deleteTask(int index) {","lastModifiedDate":"2021-09-27"},{"lineNumber":32,"author":{"gitId":"uosjapuelks"},"content":"        Task targetTask \u003d list.get(index - 1);","lastModifiedDate":"2021-09-27"},{"lineNumber":33,"author":{"gitId":"uosjapuelks"},"content":"        list.remove(index - 1);","lastModifiedDate":"2021-09-27"},{"lineNumber":34,"author":{"gitId":"uosjapuelks"},"content":"        return targetTask;","lastModifiedDate":"2021-09-27"},{"lineNumber":35,"author":{"gitId":"uosjapuelks"},"content":"    }","lastModifiedDate":"2021-09-27"},{"lineNumber":36,"author":{"gitId":"uosjapuelks"},"content":"","lastModifiedDate":"2021-09-27"},{"lineNumber":37,"author":{"gitId":"uosjapuelks"},"content":"    public static String getTodo (String command) {","lastModifiedDate":"2021-09-27"},{"lineNumber":38,"author":{"gitId":"uosjapuelks"},"content":"        String item \u003d command.substring(command.indexOf(\" \") + 1);","lastModifiedDate":"2021-09-27"},{"lineNumber":39,"author":{"gitId":"uosjapuelks"},"content":"        return item;","lastModifiedDate":"2021-09-27"},{"lineNumber":40,"author":{"gitId":"uosjapuelks"},"content":"    }","lastModifiedDate":"2021-09-27"},{"lineNumber":41,"author":{"gitId":"uosjapuelks"},"content":"","lastModifiedDate":"2021-09-27"},{"lineNumber":42,"author":{"gitId":"uosjapuelks"},"content":"    public String getDescription (String command) throws InvalidValueException {","lastModifiedDate":"2021-09-27"},{"lineNumber":43,"author":{"gitId":"uosjapuelks"},"content":"        if (!command.contains(\"/\"))","lastModifiedDate":"2021-09-27"},{"lineNumber":44,"author":{"gitId":"uosjapuelks"},"content":"            throw new InvalidValueException(\"Missing detail demarcator: [/by ] or [/at ]\");","lastModifiedDate":"2021-09-27"},{"lineNumber":45,"author":{"gitId":"uosjapuelks"},"content":"        String desc \u003d command.substring(command.indexOf(\" \") + 1, command.indexOf(\"/\"));","lastModifiedDate":"2021-09-27"},{"lineNumber":46,"author":{"gitId":"uosjapuelks"},"content":"        if (desc.trim().equals(\"\"))","lastModifiedDate":"2021-09-27"},{"lineNumber":47,"author":{"gitId":"uosjapuelks"},"content":"            throw new InvalidValueException(\"Missing Description in command\");","lastModifiedDate":"2021-09-27"},{"lineNumber":48,"author":{"gitId":"uosjapuelks"},"content":"        return desc;","lastModifiedDate":"2021-09-27"},{"lineNumber":49,"author":{"gitId":"uosjapuelks"},"content":"    }","lastModifiedDate":"2021-09-27"},{"lineNumber":50,"author":{"gitId":"uosjapuelks"},"content":"","lastModifiedDate":"2021-09-27"},{"lineNumber":51,"author":{"gitId":"uosjapuelks"},"content":"    public String getMoreDetails(String command) throws InvalidValueException{","lastModifiedDate":"2021-09-27"},{"lineNumber":52,"author":{"gitId":"uosjapuelks"},"content":"        String moreDetails \u003d command.substring(command.indexOf(\"/\") + 4);","lastModifiedDate":"2021-09-27"},{"lineNumber":53,"author":{"gitId":"uosjapuelks"},"content":"        if (moreDetails.trim().equals(\"\"))","lastModifiedDate":"2021-09-27"},{"lineNumber":54,"author":{"gitId":"uosjapuelks"},"content":"            throw new InvalidValueException(\"Missing Required Extra Details\");","lastModifiedDate":"2021-09-27"},{"lineNumber":55,"author":{"gitId":"uosjapuelks"},"content":"        return moreDetails;","lastModifiedDate":"2021-09-27"},{"lineNumber":56,"author":{"gitId":"uosjapuelks"},"content":"    }","lastModifiedDate":"2021-09-27"},{"lineNumber":57,"author":{"gitId":"uosjapuelks"},"content":"","lastModifiedDate":"2021-09-27"},{"lineNumber":58,"author":{"gitId":"uosjapuelks"},"content":"    public Task getTask(int index) {","lastModifiedDate":"2021-09-27"},{"lineNumber":59,"author":{"gitId":"uosjapuelks"},"content":"        return list.get(index);","lastModifiedDate":"2021-09-27"},{"lineNumber":60,"author":{"gitId":"uosjapuelks"},"content":"    }","lastModifiedDate":"2021-09-27"},{"lineNumber":61,"author":{"gitId":"uosjapuelks"},"content":"","lastModifiedDate":"2021-09-27"},{"lineNumber":62,"author":{"gitId":"uosjapuelks"},"content":"    private static int getIndex(String command) {","lastModifiedDate":"2021-09-27"},{"lineNumber":63,"author":{"gitId":"uosjapuelks"},"content":"        String index \u003d command.substring(command.indexOf(\" \") + 1);","lastModifiedDate":"2021-09-27"},{"lineNumber":64,"author":{"gitId":"uosjapuelks"},"content":"        return Integer.parseInt(index.trim());","lastModifiedDate":"2021-09-27"},{"lineNumber":65,"author":{"gitId":"uosjapuelks"},"content":"    }","lastModifiedDate":"2021-09-27"},{"lineNumber":66,"author":{"gitId":"uosjapuelks"},"content":"}","lastModifiedDate":"2021-09-27"}],"authorContributionMap":{"uosjapuelks":66}},{"path":"src/main/java/duke/Ui.java","fileType":"java","lines":[{"lineNumber":1,"author":{"gitId":"uosjapuelks"},"content":"package duke;","lastModifiedDate":"2021-09-27"},{"lineNumber":2,"author":{"gitId":"uosjapuelks"},"content":"","lastModifiedDate":"2021-09-27"},{"lineNumber":3,"author":{"gitId":"uosjapuelks"},"content":"import duke.task.Task;","lastModifiedDate":"2021-09-27"},{"lineNumber":4,"author":{"gitId":"uosjapuelks"},"content":"","lastModifiedDate":"2021-09-27"},{"lineNumber":5,"author":{"gitId":"uosjapuelks"},"content":"import java.util.ArrayList;","lastModifiedDate":"2021-09-27"},{"lineNumber":6,"author":{"gitId":"uosjapuelks"},"content":"","lastModifiedDate":"2021-09-27"},{"lineNumber":7,"author":{"gitId":"uosjapuelks"},"content":"public class Ui {","lastModifiedDate":"2021-09-27"},{"lineNumber":8,"author":{"gitId":"uosjapuelks"},"content":"    public static final String LOGO \u003d \" ____        _        \\n\"","lastModifiedDate":"2021-09-27"},{"lineNumber":9,"author":{"gitId":"uosjapuelks"},"content":"            + \"|  _ \\\\ _   _| | _____ \\n\"","lastModifiedDate":"2021-09-27"},{"lineNumber":10,"author":{"gitId":"uosjapuelks"},"content":"            + \"| | | | | | | |/ / _ \\\\\\n\"","lastModifiedDate":"2021-09-27"},{"lineNumber":11,"author":{"gitId":"uosjapuelks"},"content":"            + \"| |_| | |_| |   \u003c  __/\\n\"","lastModifiedDate":"2021-09-27"},{"lineNumber":12,"author":{"gitId":"uosjapuelks"},"content":"            + \"|____/ \\\\__,_|_|\\\\_\\\\___|\\n\";","lastModifiedDate":"2021-09-27"},{"lineNumber":13,"author":{"gitId":"uosjapuelks"},"content":"    public static final String LINE \u003d \"\\t____________________________________________________________\\n\\t\";","lastModifiedDate":"2021-09-27"},{"lineNumber":14,"author":{"gitId":"uosjapuelks"},"content":"    public static final String BYE \u003d LINE","lastModifiedDate":"2021-09-27"},{"lineNumber":15,"author":{"gitId":"uosjapuelks"},"content":"            + \"Bye. try not to procrastinate!\\n\"","lastModifiedDate":"2021-09-27"},{"lineNumber":16,"author":{"gitId":"uosjapuelks"},"content":"            + LINE;","lastModifiedDate":"2021-09-27"},{"lineNumber":17,"author":{"gitId":"uosjapuelks"},"content":"    public static final String GREETING \u003d LINE","lastModifiedDate":"2021-09-27"},{"lineNumber":18,"author":{"gitId":"uosjapuelks"},"content":"            + \"Hello! I\u0027m Anderson\\n\\t\"","lastModifiedDate":"2021-09-27"},{"lineNumber":19,"author":{"gitId":"uosjapuelks"},"content":"            + \"What do you need to do?\\n\"","lastModifiedDate":"2021-09-27"},{"lineNumber":20,"author":{"gitId":"uosjapuelks"},"content":"            + LINE;","lastModifiedDate":"2021-09-27"},{"lineNumber":21,"author":{"gitId":"uosjapuelks"},"content":"","lastModifiedDate":"2021-09-27"},{"lineNumber":22,"author":{"gitId":"uosjapuelks"},"content":"    public void greetMessage() {","lastModifiedDate":"2021-09-27"},{"lineNumber":23,"author":{"gitId":"uosjapuelks"},"content":"        System.out.println(LOGO + GREETING);","lastModifiedDate":"2021-09-27"},{"lineNumber":24,"author":{"gitId":"uosjapuelks"},"content":"    }","lastModifiedDate":"2021-09-27"},{"lineNumber":25,"author":{"gitId":"uosjapuelks"},"content":"","lastModifiedDate":"2021-09-27"},{"lineNumber":26,"author":{"gitId":"uosjapuelks"},"content":"    public String byeMessage() {","lastModifiedDate":"2021-09-27"},{"lineNumber":27,"author":{"gitId":"uosjapuelks"},"content":"        return BYE;","lastModifiedDate":"2021-09-27"},{"lineNumber":28,"author":{"gitId":"uosjapuelks"},"content":"    }","lastModifiedDate":"2021-09-27"},{"lineNumber":29,"author":{"gitId":"uosjapuelks"},"content":"","lastModifiedDate":"2021-09-27"},{"lineNumber":30,"author":{"gitId":"uosjapuelks"},"content":"    public String doneMessage(Task completedTask) {","lastModifiedDate":"2021-09-27"},{"lineNumber":31,"author":{"gitId":"uosjapuelks"},"content":"        return (LINE","lastModifiedDate":"2021-09-27"},{"lineNumber":32,"author":{"gitId":"uosjapuelks"},"content":"                + \"Nice, I\u0027ve marked this task as Done:\\n\"","lastModifiedDate":"2021-09-27"},{"lineNumber":33,"author":{"gitId":"uosjapuelks"},"content":"                + \"\\t\\t\" + completedTask + \"\\n\"","lastModifiedDate":"2021-09-27"},{"lineNumber":34,"author":{"gitId":"uosjapuelks"},"content":"                + LINE);","lastModifiedDate":"2021-09-27"},{"lineNumber":35,"author":{"gitId":"uosjapuelks"},"content":"    }","lastModifiedDate":"2021-09-27"},{"lineNumber":36,"author":{"gitId":"uosjapuelks"},"content":"","lastModifiedDate":"2021-09-27"},{"lineNumber":37,"author":{"gitId":"uosjapuelks"},"content":"    public String deleteMessage(ArrayList\u003cTask\u003e taskList, int taskNumber, Task targetTask){","lastModifiedDate":"2021-09-27"},{"lineNumber":38,"author":{"gitId":"uosjapuelks"},"content":"        return (LINE + \"Noted! I\u0027ve removed this task:\" +","lastModifiedDate":"2021-09-27"},{"lineNumber":39,"author":{"gitId":"uosjapuelks"},"content":"                String.format(\"\\n\\t%d.\", taskNumber) + targetTask + String.format(\"\\n\\tNow you have %d tasks in the list.\\n\", taskList.size()) + LINE);","lastModifiedDate":"2021-09-27"},{"lineNumber":40,"author":{"gitId":"uosjapuelks"},"content":"     }","lastModifiedDate":"2021-09-27"},{"lineNumber":41,"author":{"gitId":"uosjapuelks"},"content":"","lastModifiedDate":"2021-09-27"},{"lineNumber":42,"author":{"gitId":"uosjapuelks"},"content":"    public String printList(TaskList taskList) {","lastModifiedDate":"2021-09-27"},{"lineNumber":43,"author":{"gitId":"uosjapuelks"},"content":"         int count \u003d 0;","lastModifiedDate":"2021-09-27"},{"lineNumber":44,"author":{"gitId":"uosjapuelks"},"content":"         String outputString \u003d \"\";","lastModifiedDate":"2021-09-27"},{"lineNumber":45,"author":{"gitId":"uosjapuelks"},"content":"         if (taskList.getList().size() \u003d\u003d 0) {","lastModifiedDate":"2021-09-27"},{"lineNumber":46,"author":{"gitId":"uosjapuelks"},"content":"             outputString \u003d (LINE + \"\\tThere is no task in List\\n\" + LINE);","lastModifiedDate":"2021-09-27"},{"lineNumber":47,"author":{"gitId":"uosjapuelks"},"content":"         } else {","lastModifiedDate":"2021-09-27"},{"lineNumber":48,"author":{"gitId":"uosjapuelks"},"content":"             outputString \u003d (LINE + \"Here are the tasks in your list:\\n\");","lastModifiedDate":"2021-09-27"},{"lineNumber":49,"author":{"gitId":"uosjapuelks"},"content":"             for (Task task : taskList.getList()) {","lastModifiedDate":"2021-09-27"},{"lineNumber":50,"author":{"gitId":"uosjapuelks"},"content":"                 count++;","lastModifiedDate":"2021-09-27"},{"lineNumber":51,"author":{"gitId":"uosjapuelks"},"content":"                 outputString +\u003d (\"\\t\" + count + \".\" + task + \"\\n\");","lastModifiedDate":"2021-09-27"},{"lineNumber":52,"author":{"gitId":"uosjapuelks"},"content":"             }","lastModifiedDate":"2021-09-27"},{"lineNumber":53,"author":{"gitId":"uosjapuelks"},"content":"             outputString +\u003d LINE;","lastModifiedDate":"2021-09-27"},{"lineNumber":54,"author":{"gitId":"uosjapuelks"},"content":"         }","lastModifiedDate":"2021-09-27"},{"lineNumber":55,"author":{"gitId":"uosjapuelks"},"content":"         return outputString;","lastModifiedDate":"2021-09-27"},{"lineNumber":56,"author":{"gitId":"uosjapuelks"},"content":"     }","lastModifiedDate":"2021-09-27"},{"lineNumber":57,"author":{"gitId":"uosjapuelks"},"content":"","lastModifiedDate":"2021-09-27"},{"lineNumber":58,"author":{"gitId":"uosjapuelks"},"content":"    public String acknowledgeAddition(ArrayList\u003cTask\u003e taskArrayList) {","lastModifiedDate":"2021-09-27"},{"lineNumber":59,"author":{"gitId":"uosjapuelks"},"content":"         return (LINE","lastModifiedDate":"2021-09-27"},{"lineNumber":60,"author":{"gitId":"uosjapuelks"},"content":"                 + \"Got it. I\u0027ve added this task:\\n\"","lastModifiedDate":"2021-09-27"},{"lineNumber":61,"author":{"gitId":"uosjapuelks"},"content":"                 + String.format(\"\\t%d.\", taskArrayList.size()) + taskArrayList.get(taskArrayList.size() - 1) + \"\\n\"","lastModifiedDate":"2021-09-27"},{"lineNumber":62,"author":{"gitId":"uosjapuelks"},"content":"                 + String.format(\"\\tNow you have %d tasks in the list.\\n\", taskArrayList.size())","lastModifiedDate":"2021-09-27"},{"lineNumber":63,"author":{"gitId":"uosjapuelks"},"content":"                 + LINE);","lastModifiedDate":"2021-09-27"},{"lineNumber":64,"author":{"gitId":"uosjapuelks"},"content":"     }","lastModifiedDate":"2021-09-27"},{"lineNumber":65,"author":{"gitId":"uosjapuelks"},"content":"","lastModifiedDate":"2021-09-27"},{"lineNumber":66,"author":{"gitId":"uosjapuelks"},"content":"}","lastModifiedDate":"2021-09-27"}],"authorContributionMap":{"uosjapuelks":66}},{"path":"src/main/java/duke/task/Deadline.java","fileType":"java","lines":[{"lineNumber":1,"author":{"gitId":"uosjapuelks"},"content":"package duke.task;","lastModifiedDate":"2021-09-08"},{"lineNumber":2,"author":{"gitId":"uosjapuelks"},"content":"","lastModifiedDate":"2021-09-08"},{"lineNumber":3,"author":{"gitId":"uosjapuelks"},"content":"public class Deadline extends Task {","lastModifiedDate":"2021-09-01"},{"lineNumber":4,"author":{"gitId":"uosjapuelks"},"content":"","lastModifiedDate":"2021-09-01"},{"lineNumber":5,"author":{"gitId":"uosjapuelks"},"content":"    protected String by;","lastModifiedDate":"2021-09-01"},{"lineNumber":6,"author":{"gitId":"uosjapuelks"},"content":"    protected String type \u003d \"D\";","lastModifiedDate":"2021-09-15"},{"lineNumber":7,"author":{"gitId":"uosjapuelks"},"content":"","lastModifiedDate":"2021-09-01"},{"lineNumber":8,"author":{"gitId":"uosjapuelks"},"content":"    public Deadline(String description, String by) {","lastModifiedDate":"2021-09-01"},{"lineNumber":9,"author":{"gitId":"uosjapuelks"},"content":"        super(description);","lastModifiedDate":"2021-09-01"},{"lineNumber":10,"author":{"gitId":"uosjapuelks"},"content":"        this.by \u003d by;","lastModifiedDate":"2021-09-01"},{"lineNumber":11,"author":{"gitId":"uosjapuelks"},"content":"    }","lastModifiedDate":"2021-09-01"},{"lineNumber":12,"author":{"gitId":"uosjapuelks"},"content":"","lastModifiedDate":"2021-09-01"},{"lineNumber":13,"author":{"gitId":"uosjapuelks"},"content":"    public String getTime() {","lastModifiedDate":"2021-09-15"},{"lineNumber":14,"author":{"gitId":"uosjapuelks"},"content":"        return this.by;","lastModifiedDate":"2021-09-15"},{"lineNumber":15,"author":{"gitId":"uosjapuelks"},"content":"    }","lastModifiedDate":"2021-09-15"},{"lineNumber":16,"author":{"gitId":"uosjapuelks"},"content":"","lastModifiedDate":"2021-09-15"},{"lineNumber":17,"author":{"gitId":"uosjapuelks"},"content":"    public String getType() {","lastModifiedDate":"2021-09-15"},{"lineNumber":18,"author":{"gitId":"uosjapuelks"},"content":"        return type;","lastModifiedDate":"2021-09-15"},{"lineNumber":19,"author":{"gitId":"uosjapuelks"},"content":"    }","lastModifiedDate":"2021-09-15"},{"lineNumber":20,"author":{"gitId":"uosjapuelks"},"content":"","lastModifiedDate":"2021-09-15"},{"lineNumber":21,"author":{"gitId":"uosjapuelks"},"content":"    public String toString() {","lastModifiedDate":"2021-09-01"},{"lineNumber":22,"author":{"gitId":"uosjapuelks"},"content":"        return \"[D]\" + super.toString() + \" (by: \" + by + \")\";","lastModifiedDate":"2021-09-01"},{"lineNumber":23,"author":{"gitId":"uosjapuelks"},"content":"    }","lastModifiedDate":"2021-09-01"},{"lineNumber":24,"author":{"gitId":"uosjapuelks"},"content":"}","lastModifiedDate":"2021-09-01"}],"authorContributionMap":{"uosjapuelks":24}},{"path":"src/main/java/duke/task/Event.java","fileType":"java","lines":[{"lineNumber":1,"author":{"gitId":"uosjapuelks"},"content":"package duke.task;","lastModifiedDate":"2021-09-08"},{"lineNumber":2,"author":{"gitId":"uosjapuelks"},"content":"","lastModifiedDate":"2021-09-08"},{"lineNumber":3,"author":{"gitId":"uosjapuelks"},"content":"public class Event extends Task {","lastModifiedDate":"2021-09-01"},{"lineNumber":4,"author":{"gitId":"uosjapuelks"},"content":"","lastModifiedDate":"2021-09-01"},{"lineNumber":5,"author":{"gitId":"uosjapuelks"},"content":"    protected String at;","lastModifiedDate":"2021-09-01"},{"lineNumber":6,"author":{"gitId":"uosjapuelks"},"content":"    protected String type \u003d \"E\";","lastModifiedDate":"2021-09-15"},{"lineNumber":7,"author":{"gitId":"uosjapuelks"},"content":"","lastModifiedDate":"2021-09-01"},{"lineNumber":8,"author":{"gitId":"uosjapuelks"},"content":"    public Event(String description, String at) {","lastModifiedDate":"2021-09-01"},{"lineNumber":9,"author":{"gitId":"uosjapuelks"},"content":"        super(description);","lastModifiedDate":"2021-09-01"},{"lineNumber":10,"author":{"gitId":"uosjapuelks"},"content":"        this.at \u003d at;","lastModifiedDate":"2021-09-01"},{"lineNumber":11,"author":{"gitId":"uosjapuelks"},"content":"    }","lastModifiedDate":"2021-09-01"},{"lineNumber":12,"author":{"gitId":"uosjapuelks"},"content":"","lastModifiedDate":"2021-09-01"},{"lineNumber":13,"author":{"gitId":"uosjapuelks"},"content":"    public String getTime() {","lastModifiedDate":"2021-09-15"},{"lineNumber":14,"author":{"gitId":"uosjapuelks"},"content":"        return this.at;","lastModifiedDate":"2021-09-15"},{"lineNumber":15,"author":{"gitId":"uosjapuelks"},"content":"    }","lastModifiedDate":"2021-09-15"},{"lineNumber":16,"author":{"gitId":"uosjapuelks"},"content":"","lastModifiedDate":"2021-09-15"},{"lineNumber":17,"author":{"gitId":"uosjapuelks"},"content":"    public String getType() {","lastModifiedDate":"2021-09-15"},{"lineNumber":18,"author":{"gitId":"uosjapuelks"},"content":"        return type;","lastModifiedDate":"2021-09-15"},{"lineNumber":19,"author":{"gitId":"uosjapuelks"},"content":"    }","lastModifiedDate":"2021-09-15"},{"lineNumber":20,"author":{"gitId":"uosjapuelks"},"content":"","lastModifiedDate":"2021-09-15"},{"lineNumber":21,"author":{"gitId":"uosjapuelks"},"content":"    public String toString() {","lastModifiedDate":"2021-09-01"},{"lineNumber":22,"author":{"gitId":"uosjapuelks"},"content":"        return \"[E]\" + super.toString() + \" (at: \" + at + \")\";","lastModifiedDate":"2021-09-01"},{"lineNumber":23,"author":{"gitId":"uosjapuelks"},"content":"    }","lastModifiedDate":"2021-09-01"},{"lineNumber":24,"author":{"gitId":"uosjapuelks"},"content":"}","lastModifiedDate":"2021-09-01"}],"authorContributionMap":{"uosjapuelks":24}},{"path":"src/main/java/duke/task/Task.java","fileType":"java","lines":[{"lineNumber":1,"author":{"gitId":"uosjapuelks"},"content":"package duke.task;","lastModifiedDate":"2021-09-08"},{"lineNumber":2,"author":{"gitId":"uosjapuelks"},"content":"","lastModifiedDate":"2021-09-08"},{"lineNumber":3,"author":{"gitId":"uosjapuelks"},"content":"import duke.TaskList;","lastModifiedDate":"2021-09-27"},{"lineNumber":4,"author":{"gitId":"uosjapuelks"},"content":"import duke.Ui;","lastModifiedDate":"2021-09-27"},{"lineNumber":5,"author":{"gitId":"uosjapuelks"},"content":"","lastModifiedDate":"2021-09-27"},{"lineNumber":6,"author":{"gitId":"uosjapuelks"},"content":"public class Task {","lastModifiedDate":"2021-09-01"},{"lineNumber":7,"author":{"gitId":"uosjapuelks"},"content":"    protected String task;","lastModifiedDate":"2021-09-01"},{"lineNumber":8,"author":{"gitId":"uosjapuelks"},"content":"    protected boolean isDone;","lastModifiedDate":"2021-09-01"},{"lineNumber":9,"author":{"gitId":"uosjapuelks"},"content":"    protected String type;","lastModifiedDate":"2021-09-15"},{"lineNumber":10,"author":{"gitId":"uosjapuelks"},"content":"","lastModifiedDate":"2021-09-01"},{"lineNumber":11,"author":{"gitId":"uosjapuelks"},"content":"    private Ui ui;","lastModifiedDate":"2021-09-27"},{"lineNumber":12,"author":{"gitId":"uosjapuelks"},"content":"    private TaskList taskList;","lastModifiedDate":"2021-09-27"},{"lineNumber":13,"author":{"gitId":"uosjapuelks"},"content":"","lastModifiedDate":"2021-09-27"},{"lineNumber":14,"author":{"gitId":"uosjapuelks"},"content":"    public Task(String task) {","lastModifiedDate":"2021-09-01"},{"lineNumber":15,"author":{"gitId":"uosjapuelks"},"content":"        this.task \u003d task;","lastModifiedDate":"2021-09-01"},{"lineNumber":16,"author":{"gitId":"uosjapuelks"},"content":"        this.isDone \u003d false;","lastModifiedDate":"2021-09-01"},{"lineNumber":17,"author":{"gitId":"uosjapuelks"},"content":"    }","lastModifiedDate":"2021-09-01"},{"lineNumber":18,"author":{"gitId":"uosjapuelks"},"content":"","lastModifiedDate":"2021-09-01"},{"lineNumber":19,"author":{"gitId":"uosjapuelks"},"content":"    public String getStatusIcon() {","lastModifiedDate":"2021-09-01"},{"lineNumber":20,"author":{"gitId":"uosjapuelks"},"content":"        return (isDone ? \"[X] \" : \"[ ] \");","lastModifiedDate":"2021-09-01"},{"lineNumber":21,"author":{"gitId":"uosjapuelks"},"content":"    }","lastModifiedDate":"2021-09-01"},{"lineNumber":22,"author":{"gitId":"uosjapuelks"},"content":"","lastModifiedDate":"2021-09-01"},{"lineNumber":23,"author":{"gitId":"uosjapuelks"},"content":"    public boolean isDone() {","lastModifiedDate":"2021-09-15"},{"lineNumber":24,"author":{"gitId":"uosjapuelks"},"content":"        return isDone;","lastModifiedDate":"2021-09-15"},{"lineNumber":25,"author":{"gitId":"uosjapuelks"},"content":"    }","lastModifiedDate":"2021-09-15"},{"lineNumber":26,"author":{"gitId":"uosjapuelks"},"content":"","lastModifiedDate":"2021-09-15"},{"lineNumber":27,"author":{"gitId":"uosjapuelks"},"content":"    public String getTime() {","lastModifiedDate":"2021-09-15"},{"lineNumber":28,"author":{"gitId":"uosjapuelks"},"content":"        return \"\";","lastModifiedDate":"2021-09-15"},{"lineNumber":29,"author":{"gitId":"uosjapuelks"},"content":"    }","lastModifiedDate":"2021-09-15"},{"lineNumber":30,"author":{"gitId":"uosjapuelks"},"content":"","lastModifiedDate":"2021-09-15"},{"lineNumber":31,"author":{"gitId":"uosjapuelks"},"content":"    public String getTask() {","lastModifiedDate":"2021-09-15"},{"lineNumber":32,"author":{"gitId":"uosjapuelks"},"content":"        return task;","lastModifiedDate":"2021-09-15"},{"lineNumber":33,"author":{"gitId":"uosjapuelks"},"content":"    }","lastModifiedDate":"2021-09-15"},{"lineNumber":34,"author":{"gitId":"uosjapuelks"},"content":"","lastModifiedDate":"2021-09-15"},{"lineNumber":35,"author":{"gitId":"uosjapuelks"},"content":"    public String getType() {","lastModifiedDate":"2021-09-15"},{"lineNumber":36,"author":{"gitId":"uosjapuelks"},"content":"        return type;","lastModifiedDate":"2021-09-15"},{"lineNumber":37,"author":{"gitId":"uosjapuelks"},"content":"    }","lastModifiedDate":"2021-09-15"},{"lineNumber":38,"author":{"gitId":"uosjapuelks"},"content":"","lastModifiedDate":"2021-09-15"},{"lineNumber":39,"author":{"gitId":"uosjapuelks"},"content":"    public void markAsDone() {","lastModifiedDate":"2021-09-01"},{"lineNumber":40,"author":{"gitId":"uosjapuelks"},"content":"        this.isDone \u003d true;","lastModifiedDate":"2021-09-01"},{"lineNumber":41,"author":{"gitId":"uosjapuelks"},"content":"    }","lastModifiedDate":"2021-09-01"},{"lineNumber":42,"author":{"gitId":"uosjapuelks"},"content":"","lastModifiedDate":"2021-09-01"},{"lineNumber":43,"author":{"gitId":"uosjapuelks"},"content":"    public String toString() {","lastModifiedDate":"2021-09-01"},{"lineNumber":44,"author":{"gitId":"uosjapuelks"},"content":"        return this.getStatusIcon() + this.task;","lastModifiedDate":"2021-09-01"},{"lineNumber":45,"author":{"gitId":"uosjapuelks"},"content":"    }","lastModifiedDate":"2021-09-01"},{"lineNumber":46,"author":{"gitId":"uosjapuelks"},"content":"","lastModifiedDate":"2021-09-01"},{"lineNumber":47,"author":{"gitId":"uosjapuelks"},"content":"}","lastModifiedDate":"2021-09-01"}],"authorContributionMap":{"uosjapuelks":47}},{"path":"src/main/java/duke/task/ToDo.java","fileType":"java","lines":[{"lineNumber":1,"author":{"gitId":"uosjapuelks"},"content":"package duke.task;","lastModifiedDate":"2021-09-08"},{"lineNumber":2,"author":{"gitId":"uosjapuelks"},"content":"","lastModifiedDate":"2021-09-08"},{"lineNumber":3,"author":{"gitId":"uosjapuelks"},"content":"public class ToDo extends Task {","lastModifiedDate":"2021-09-01"},{"lineNumber":4,"author":{"gitId":"uosjapuelks"},"content":"","lastModifiedDate":"2021-08-25"},{"lineNumber":5,"author":{"gitId":"uosjapuelks"},"content":"    protected String type \u003d \"T\";","lastModifiedDate":"2021-09-15"},{"lineNumber":6,"author":{"gitId":"uosjapuelks"},"content":"","lastModifiedDate":"2021-09-15"},{"lineNumber":7,"author":{"gitId":"uosjapuelks"},"content":"    public ToDo(String description) {","lastModifiedDate":"2021-09-01"},{"lineNumber":8,"author":{"gitId":"uosjapuelks"},"content":"        super(description);","lastModifiedDate":"2021-09-01"},{"lineNumber":9,"author":{"gitId":"uosjapuelks"},"content":"    }","lastModifiedDate":"2021-08-25"},{"lineNumber":10,"author":{"gitId":"uosjapuelks"},"content":"","lastModifiedDate":"2021-08-25"},{"lineNumber":11,"author":{"gitId":"uosjapuelks"},"content":"    public String getType() {","lastModifiedDate":"2021-09-15"},{"lineNumber":12,"author":{"gitId":"uosjapuelks"},"content":"        return type;","lastModifiedDate":"2021-09-15"},{"lineNumber":13,"author":{"gitId":"uosjapuelks"},"content":"    }","lastModifiedDate":"2021-09-15"},{"lineNumber":14,"author":{"gitId":"uosjapuelks"},"content":"","lastModifiedDate":"2021-09-15"},{"lineNumber":15,"author":{"gitId":"uosjapuelks"},"content":"    @Override","lastModifiedDate":"2021-09-01"},{"lineNumber":16,"author":{"gitId":"uosjapuelks"},"content":"    public String toString() {","lastModifiedDate":"2021-09-01"},{"lineNumber":17,"author":{"gitId":"uosjapuelks"},"content":"        return \"[T]\" + super.toString();","lastModifiedDate":"2021-09-01"},{"lineNumber":18,"author":{"gitId":"uosjapuelks"},"content":"    }","lastModifiedDate":"2021-08-25"},{"lineNumber":19,"author":{"gitId":"uosjapuelks"},"content":"}","lastModifiedDate":"2021-08-25"}],"authorContributionMap":{"uosjapuelks":19}},{"path":"text-ui-test/input.txt","fileType":"txt","lines":[{"lineNumber":1,"author":{"gitId":"uosjapuelks"},"content":"ToDo AAA AA AAAA A","lastModifiedDate":"2021-09-01"},{"lineNumber":2,"author":{"gitId":"uosjapuelks"},"content":"Deadline B BB BBB BBBB /by January","lastModifiedDate":"2021-09-01"},{"lineNumber":3,"author":{"gitId":"uosjapuelks"},"content":"Event CC CCCC C CCC /at Noon","lastModifiedDate":"2021-09-01"},{"lineNumber":4,"author":{"gitId":"uosjapuelks"},"content":"ToDo BigBoooom","lastModifiedDate":"2021-09-01"},{"lineNumber":5,"author":{"gitId":"uosjapuelks"},"content":"list","lastModifiedDate":"2021-09-01"},{"lineNumber":6,"author":{"gitId":"uosjapuelks"},"content":"done 3","lastModifiedDate":"2021-09-01"},{"lineNumber":7,"author":{"gitId":"uosjapuelks"},"content":"done 4","lastModifiedDate":"2021-09-01"},{"lineNumber":8,"author":{"gitId":"uosjapuelks"},"content":"list","lastModifiedDate":"2021-09-01"},{"lineNumber":9,"author":{"gitId":"uosjapuelks"},"content":"byE","lastModifiedDate":"2021-09-01"}],"authorContributionMap":{"uosjapuelks":9}}]
