{"authorDailyContributionsMap":{"uosjapuelks":[{"date":"2021-08-25","commitResults":[{"hash":"23ee579f94b1d64b1c2d6ecf3747e9f6c47b4c88","messageTitle":"Add hello and bye message (level-0)","messageBody":"","tags":["Level-0"],"fileTypesAndContributionMap":{"java":{"insertions":7,"deletions":1}}},{"hash":"0cde5bb1665650aea2088ae72940a24e66b06618","messageTitle":"Level-1 commit: Added Greet, Echo, and Exit","messageBody":"","tags":["Level-1"],"fileTypesAndContributionMap":{"java":{"insertions":23,"deletions":6}}},{"hash":"7783a22b17d948f6e08b89226356f7c3b54043ed","messageTitle":"Level-2 Added List command","messageBody":"","tags":["Level-2"],"fileTypesAndContributionMap":{"java":{"insertions":40,"deletions":2}}},{"hash":"6f7343a5cced05e33df3c0746d18e870c82e85ad","messageTitle":"Added class ToDo, Added markAsDone to indicate in list and done command","messageBody":"","tags":["Level-3withoutFix","Level-3"],"fileTypesAndContributionMap":{"java":{"insertions":42,"deletions":11}}},{"hash":"9bd0f12e0abb6762ab3b15f02daa673e5a290c66","messageTitle":"fixed indentation","messageBody":"","fileTypesAndContributionMap":{"java":{"insertions":4,"deletions":4}}},{"hash":"74a56b1b29bbcb6c19afbed252e7d2e2e47a909d","messageTitle":"fixed Coding Standards","messageBody":"","tags":["A-CodingStandard"],"fileTypesAndContributionMap":{"java":{"insertions":15,"deletions":15}}}]},{"date":"2021-09-01","commitResults":[{"hash":"f59d5c0502b08b9b3cab5f193deaeb8f060afcf5","messageTitle":"ToDos, Events, Deadline Class added","messageBody":"","tags":["Level-4"],"fileTypesAndContributionMap":{"java":{"insertions":159,"deletions":63}}},{"hash":"02a02a55154da7c9dec649093491b4148f87d26c","messageTitle":"Semi Automated Test Added","messageBody":"","tags":["A-TextUiTesting"],"fileTypesAndContributionMap":{"txt":{"insertions":9,"deletions":0}}}]},{"date":"2021-09-05","commitResults":[{"hash":"0396222c565d3eb30b53fc418d0080524c1b9faf","messageTitle":"Added AcknowledgeAddition function (refractored)","messageBody":"","tags":["A-CodeQuality"],"fileTypesAndContributionMap":{"java":{"insertions":13,"deletions":7}}}]},{"date":"2021-09-08","commitResults":[{"hash":"4b85e0234be73f6f428e07ed0fac65971d52a733","messageTitle":"clean up before ip. refractored project","messageBody":"","fileTypesAndContributionMap":{"java":{"insertions":115,"deletions":66}}},{"hash":"7e9059fa4f9ed791bf8b0516581a69d8047fb791","messageTitle":"added Illegal ToDo Exception","messageBody":"","fileTypesAndContributionMap":{"java":{"insertions":28,"deletions":7}}},{"hash":"08e054f2f1d989c6b607cb178216774d27169c26","messageTitle":"Added InvalidCommandException","messageBody":"","tags":["A-Exceptions"],"fileTypesAndContributionMap":{"java":{"insertions":38,"deletions":18}}},{"hash":"328e111afd03946dc58008d88a470f4f58fe8ef7","messageTitle":"moved everything to duke package, and split command exceptions and task classes","messageBody":"","fileTypesAndContributionMap":{"java":{"insertions":24,"deletions":7}}},{"hash":"23e7bae63d0845cadeb755c9d4ad71e9da8f3a06","messageTitle":"removeed unneecessary code","messageBody":"","fileTypesAndContributionMap":{"java":{"insertions":7,"deletions":11}}}]},{"date":"2021-09-14","commitResults":[{"hash":"779f267ea26bbc4a4859aa23f91d180702293784","messageTitle":"imported ArrayList Switched all Arrays to ArrayList","messageBody":"","tags":["A-Collections"],"fileTypesAndContributionMap":{"java":{"insertions":43,"deletions":26}}},{"hash":"02e647d2390cf47c5551f0503102dc02f7dc2bc8","messageTitle":"Added Delete function","messageBody":"","fileTypesAndContributionMap":{"java":{"insertions":22,"deletions":2}}}]},{"date":"2021-09-15","commitResults":[{"hash":"3a4d6be1e5ddc37f0f645a809e4e84c476921549","messageTitle":"Added Save to duke.txt","messageBody":"","fileTypesAndContributionMap":{"java":{"insertions":109,"deletions":2}}},{"hash":"10c23debe5fcb3195c5ae16c8032f2024848c904","messageTitle":"Added loadSaved","messageBody":"","fileTypesAndContributionMap":{"java":{"insertions":49,"deletions":36}}},{"hash":"c1dbe3017cba171fbbaec46b21d6aa10dcaaf5a0","messageTitle":"Added EmptyCommand Exception class","messageBody":"","tags":["A-Jar"],"fileTypesAndContributionMap":{"java":{"insertions":10,"deletions":0}}}]}]},"authorFileTypeContributionMap":{"uosjapuelks":{"java":455,"md":0,"fxml":0,"sh":0,"bat":0,"gradle":0,"txt":9}},"authorContributionVariance":{"uosjapuelks":952.2366},"authorDisplayNameMap":{"uosjapuelks":"CS2113T-W12-4 ANDE..HENG"}}
