[{"path":"README.md","fileType":"md","lines":[{"lineNumber":1,"author":{"gitId":"silinche"},"content":"# duke.command.Duke project template","lastModifiedDate":"2021-09-15"},{"lineNumber":2,"author":{"gitId":"-"},"content":"","lastModifiedDate":"2020-05-25"},{"lineNumber":3,"author":{"gitId":"-"},"content":"This is a project template for a greenfield Java project. It\u0027s named after the Java mascot _Duke_. Given below are instructions on how to use it.","lastModifiedDate":"2020-05-25"},{"lineNumber":4,"author":{"gitId":"-"},"content":"","lastModifiedDate":"2020-05-25"},{"lineNumber":5,"author":{"gitId":"-"},"content":"## Setting up in Intellij","lastModifiedDate":"2020-05-25"},{"lineNumber":6,"author":{"gitId":"-"},"content":"","lastModifiedDate":"2020-05-25"},{"lineNumber":7,"author":{"gitId":"-"},"content":"Prerequisites: JDK 11, update Intellij to the most recent version.","lastModifiedDate":"2020-05-25"},{"lineNumber":8,"author":{"gitId":"-"},"content":"","lastModifiedDate":"2020-05-25"},{"lineNumber":9,"author":{"gitId":"-"},"content":"1. Open Intellij (if you are not in the welcome screen, click `File` \u003e `Close Project` to close the existing project first)","lastModifiedDate":"2021-01-17"},{"lineNumber":10,"author":{"gitId":"-"},"content":"1. Open the project into Intellij as follows:","lastModifiedDate":"2021-01-17"},{"lineNumber":11,"author":{"gitId":"-"},"content":"   1. Click `Open`.","lastModifiedDate":"2021-01-17"},{"lineNumber":12,"author":{"gitId":"-"},"content":"   1. Select the project directory, and click `OK`.","lastModifiedDate":"2021-01-17"},{"lineNumber":13,"author":{"gitId":"-"},"content":"   1. If there are any further prompts, accept the defaults.","lastModifiedDate":"2020-05-25"},{"lineNumber":14,"author":{"gitId":"-"},"content":"1. Configure the project to use **JDK 11** (not other versions) as explained in [here](https://www.jetbrains.com/help/idea/sdk.html#set-up-jdk).\u003cbr\u003e","lastModifiedDate":"2021-07-29"},{"lineNumber":15,"author":{"gitId":"-"},"content":"   In the same dialog, set the **Project language level** field to the `SDK default` option.","lastModifiedDate":"2021-07-29"},{"lineNumber":16,"author":{"gitId":"silinche"},"content":"3. After that, locate the `src/main/java/duke.command.Duke.java` file, right-click it, and choose `Run duke.command.Duke.main()` (if the code editor is showing compile errors, try restarting the IDE). If the setup is correct, you should see something like the below as the output:","lastModifiedDate":"2021-09-15"},{"lineNumber":17,"author":{"gitId":"-"},"content":"   ```","lastModifiedDate":"2020-05-25"},{"lineNumber":18,"author":{"gitId":"-"},"content":"   Hello from","lastModifiedDate":"2020-05-25"},{"lineNumber":19,"author":{"gitId":"-"},"content":"    ____        _        ","lastModifiedDate":"2020-05-25"},{"lineNumber":20,"author":{"gitId":"-"},"content":"   |  _ \\ _   _| | _____ ","lastModifiedDate":"2020-05-25"},{"lineNumber":21,"author":{"gitId":"-"},"content":"   | | | | | | | |/ / _ \\","lastModifiedDate":"2020-05-25"},{"lineNumber":22,"author":{"gitId":"-"},"content":"   | |_| | |_| |   \u003c  __/","lastModifiedDate":"2020-05-25"},{"lineNumber":23,"author":{"gitId":"-"},"content":"   |____/ \\__,_|_|\\_\\___|","lastModifiedDate":"2020-05-25"},{"lineNumber":24,"author":{"gitId":"-"},"content":"   ```","lastModifiedDate":"2020-05-25"}],"authorContributionMap":{"-":22,"silinche":2}},{"path":"src/main/java/duke/command/Duke.java","fileType":"java","lines":[{"lineNumber":1,"author":{"gitId":"silinche"},"content":"package duke.command;","lastModifiedDate":"2021-09-15"},{"lineNumber":2,"author":{"gitId":"silinche"},"content":"","lastModifiedDate":"2021-09-15"},{"lineNumber":3,"author":{"gitId":"silinche"},"content":"import duke.task.Deadline;","lastModifiedDate":"2021-09-15"},{"lineNumber":4,"author":{"gitId":"silinche"},"content":"import duke.task.Event;","lastModifiedDate":"2021-09-15"},{"lineNumber":5,"author":{"gitId":"silinche"},"content":"import duke.task.Task;","lastModifiedDate":"2021-09-15"},{"lineNumber":6,"author":{"gitId":"silinche"},"content":"import duke.task.ToDo;","lastModifiedDate":"2021-09-15"},{"lineNumber":7,"author":{"gitId":"silinche"},"content":"","lastModifiedDate":"2021-09-15"},{"lineNumber":8,"author":{"gitId":"silinche"},"content":"import java.util.Scanner;","lastModifiedDate":"2021-08-25"},{"lineNumber":9,"author":{"gitId":"silinche"},"content":"","lastModifiedDate":"2021-08-25"},{"lineNumber":10,"author":{"gitId":"silinche"},"content":"","lastModifiedDate":"2021-08-25"},{"lineNumber":11,"author":{"gitId":"-"},"content":"public class Duke {","lastModifiedDate":"2019-07-29"},{"lineNumber":12,"author":{"gitId":"silinche"},"content":"    public static void listOut(Task[] tasks, int taskNumber) {","lastModifiedDate":"2021-09-15"},{"lineNumber":13,"author":{"gitId":"silinche"},"content":"        for (int i \u003d 0; i \u003c taskNumber; i++) {","lastModifiedDate":"2021-08-25"},{"lineNumber":14,"author":{"gitId":"silinche"},"content":"            System.out.println((i + 1) + \".\" + tasks[i]);","lastModifiedDate":"2021-09-02"},{"lineNumber":15,"author":{"gitId":"silinche"},"content":"        }","lastModifiedDate":"2021-08-25"},{"lineNumber":16,"author":{"gitId":"silinche"},"content":"    }","lastModifiedDate":"2021-09-15"},{"lineNumber":17,"author":{"gitId":"silinche"},"content":"","lastModifiedDate":"2021-09-15"},{"lineNumber":18,"author":{"gitId":"silinche"},"content":"    public static void markDone(String line, Task[] tasks) {","lastModifiedDate":"2021-09-15"},{"lineNumber":19,"author":{"gitId":"silinche"},"content":"        try {","lastModifiedDate":"2021-09-15"},{"lineNumber":20,"author":{"gitId":"silinche"},"content":"            int index \u003d Integer.parseInt(line.substring(5)) - 1;","lastModifiedDate":"2021-08-25"},{"lineNumber":21,"author":{"gitId":"silinche"},"content":"            tasks[index].setDone();","lastModifiedDate":"2021-08-25"},{"lineNumber":22,"author":{"gitId":"silinche"},"content":"            System.out.println(\"Nice! I\u0027ve marked this task as done:\");","lastModifiedDate":"2021-08-25"},{"lineNumber":23,"author":{"gitId":"silinche"},"content":"            System.out.println(\"  \" + tasks[index].getStatusIcon() + \" \" + tasks[index].getDescription());","lastModifiedDate":"2021-08-25"},{"lineNumber":24,"author":{"gitId":"silinche"},"content":"        } catch (StringIndexOutOfBoundsException e) {","lastModifiedDate":"2021-09-15"},{"lineNumber":25,"author":{"gitId":"silinche"},"content":"            System.out.println(\"OOPS!!! The description of a mark-done cannot be empty.\");","lastModifiedDate":"2021-09-15"},{"lineNumber":26,"author":{"gitId":"silinche"},"content":"        }","lastModifiedDate":"2021-09-15"},{"lineNumber":27,"author":{"gitId":"silinche"},"content":"    }","lastModifiedDate":"2021-09-15"},{"lineNumber":28,"author":{"gitId":"silinche"},"content":"","lastModifiedDate":"2021-09-15"},{"lineNumber":29,"author":{"gitId":"silinche"},"content":"    public static boolean addTodo(String line, Task[] tasks, int taskNumber) {","lastModifiedDate":"2021-09-15"},{"lineNumber":30,"author":{"gitId":"silinche"},"content":"        try {","lastModifiedDate":"2021-09-15"},{"lineNumber":31,"author":{"gitId":"silinche"},"content":"            tasks[taskNumber] \u003d new ToDo(line.substring(5));","lastModifiedDate":"2021-09-01"},{"lineNumber":32,"author":{"gitId":"silinche"},"content":"            taskNumber++;","lastModifiedDate":"2021-08-25"},{"lineNumber":33,"author":{"gitId":"silinche"},"content":"            System.out.println(\"Got it. I\u0027ve added this task:\");","lastModifiedDate":"2021-09-01"},{"lineNumber":34,"author":{"gitId":"silinche"},"content":"            System.out.println(\"  \" + tasks[taskNumber - 1]);","lastModifiedDate":"2021-09-01"},{"lineNumber":35,"author":{"gitId":"silinche"},"content":"            System.out.println(\"Now you have \" + taskNumber + \" tasks in the list\");","lastModifiedDate":"2021-09-01"},{"lineNumber":36,"author":{"gitId":"silinche"},"content":"            return true;","lastModifiedDate":"2021-09-15"},{"lineNumber":37,"author":{"gitId":"silinche"},"content":"        } catch (StringIndexOutOfBoundsException e) {","lastModifiedDate":"2021-09-15"},{"lineNumber":38,"author":{"gitId":"silinche"},"content":"            System.out.println(\"OOPS!!! The description of a todo cannot be empty.\");","lastModifiedDate":"2021-09-15"},{"lineNumber":39,"author":{"gitId":"silinche"},"content":"            return false;","lastModifiedDate":"2021-09-15"},{"lineNumber":40,"author":{"gitId":"silinche"},"content":"        }","lastModifiedDate":"2021-09-15"},{"lineNumber":41,"author":{"gitId":"silinche"},"content":"    }","lastModifiedDate":"2021-09-15"},{"lineNumber":42,"author":{"gitId":"silinche"},"content":"","lastModifiedDate":"2021-09-15"},{"lineNumber":43,"author":{"gitId":"silinche"},"content":"    public static boolean addDeadline(String line, Task[] tasks, int taskNumber) {","lastModifiedDate":"2021-09-15"},{"lineNumber":44,"author":{"gitId":"silinche"},"content":"        String[] words \u003d line.split(\" \");","lastModifiedDate":"2021-09-01"},{"lineNumber":45,"author":{"gitId":"silinche"},"content":"        int index \u003d 0;","lastModifiedDate":"2021-09-01"},{"lineNumber":46,"author":{"gitId":"silinche"},"content":"        String deadlineDescription \u003d \"\";","lastModifiedDate":"2021-09-02"},{"lineNumber":47,"author":{"gitId":"silinche"},"content":"        String by \u003d \"\";","lastModifiedDate":"2021-09-02"},{"lineNumber":48,"author":{"gitId":"silinche"},"content":"        for (int i \u003d 0; i \u003c words.length; i++) {","lastModifiedDate":"2021-09-01"},{"lineNumber":49,"author":{"gitId":"silinche"},"content":"            if (words[i].equals(\"/by\")) {","lastModifiedDate":"2021-09-01"},{"lineNumber":50,"author":{"gitId":"silinche"},"content":"                index \u003d i;","lastModifiedDate":"2021-09-01"},{"lineNumber":51,"author":{"gitId":"silinche"},"content":"                break;","lastModifiedDate":"2021-09-01"},{"lineNumber":52,"author":{"gitId":"silinche"},"content":"            }","lastModifiedDate":"2021-09-01"},{"lineNumber":53,"author":{"gitId":"silinche"},"content":"        }","lastModifiedDate":"2021-09-01"},{"lineNumber":54,"author":{"gitId":"silinche"},"content":"        if (index \u003d\u003d 0) {","lastModifiedDate":"2021-09-15"},{"lineNumber":55,"author":{"gitId":"silinche"},"content":"            System.out.println(\"OOPS!!! The description of a deadline cannot be empty.\");","lastModifiedDate":"2021-09-15"},{"lineNumber":56,"author":{"gitId":"silinche"},"content":"            return false;","lastModifiedDate":"2021-09-15"},{"lineNumber":57,"author":{"gitId":"silinche"},"content":"        }","lastModifiedDate":"2021-09-15"},{"lineNumber":58,"author":{"gitId":"silinche"},"content":"        for (int i \u003d 1; i \u003c index; i++) {","lastModifiedDate":"2021-09-01"},{"lineNumber":59,"author":{"gitId":"silinche"},"content":"            deadlineDescription \u003d deadlineDescription + words[i] + \" \";","lastModifiedDate":"2021-09-02"},{"lineNumber":60,"author":{"gitId":"silinche"},"content":"        }","lastModifiedDate":"2021-09-01"},{"lineNumber":61,"author":{"gitId":"silinche"},"content":"        for (int i \u003d index + 1; i \u003c words.length; i++) {","lastModifiedDate":"2021-09-08"},{"lineNumber":62,"author":{"gitId":"silinche"},"content":"            by \u003d by + words[i] + \" \";","lastModifiedDate":"2021-09-08"},{"lineNumber":63,"author":{"gitId":"silinche"},"content":"        }","lastModifiedDate":"2021-09-08"},{"lineNumber":64,"author":{"gitId":"silinche"},"content":"        tasks[taskNumber] \u003d new Deadline(deadlineDescription, by);","lastModifiedDate":"2021-09-01"},{"lineNumber":65,"author":{"gitId":"silinche"},"content":"        taskNumber++;","lastModifiedDate":"2021-09-01"},{"lineNumber":66,"author":{"gitId":"silinche"},"content":"        System.out.println(\"Got it. I\u0027ve added this task:\");","lastModifiedDate":"2021-09-01"},{"lineNumber":67,"author":{"gitId":"silinche"},"content":"        System.out.println(\"  \" + tasks[taskNumber - 1]);","lastModifiedDate":"2021-09-01"},{"lineNumber":68,"author":{"gitId":"silinche"},"content":"        System.out.println(\"Now you have \" + taskNumber + \" tasks in the list\");","lastModifiedDate":"2021-09-01"},{"lineNumber":69,"author":{"gitId":"silinche"},"content":"        return true;","lastModifiedDate":"2021-09-15"},{"lineNumber":70,"author":{"gitId":"silinche"},"content":"    }","lastModifiedDate":"2021-09-15"},{"lineNumber":71,"author":{"gitId":"silinche"},"content":"","lastModifiedDate":"2021-09-15"},{"lineNumber":72,"author":{"gitId":"silinche"},"content":"    public static boolean addEvent(String line, Task[] tasks, int taskNumber) {","lastModifiedDate":"2021-09-15"},{"lineNumber":73,"author":{"gitId":"silinche"},"content":"        String[] words \u003d line.split(\" \");","lastModifiedDate":"2021-09-01"},{"lineNumber":74,"author":{"gitId":"silinche"},"content":"        int index \u003d 0;","lastModifiedDate":"2021-09-01"},{"lineNumber":75,"author":{"gitId":"silinche"},"content":"        String eventDescription \u003d \"\";","lastModifiedDate":"2021-09-02"},{"lineNumber":76,"author":{"gitId":"silinche"},"content":"        String at \u003d \"\";","lastModifiedDate":"2021-09-02"},{"lineNumber":77,"author":{"gitId":"silinche"},"content":"        for (int i \u003d 0; i \u003c words.length; i++) {","lastModifiedDate":"2021-09-01"},{"lineNumber":78,"author":{"gitId":"silinche"},"content":"            if (words[i].equals(\"/at\")) {","lastModifiedDate":"2021-09-01"},{"lineNumber":79,"author":{"gitId":"silinche"},"content":"                index \u003d i;","lastModifiedDate":"2021-09-01"},{"lineNumber":80,"author":{"gitId":"silinche"},"content":"                break;","lastModifiedDate":"2021-09-01"},{"lineNumber":81,"author":{"gitId":"silinche"},"content":"            }","lastModifiedDate":"2021-09-01"},{"lineNumber":82,"author":{"gitId":"silinche"},"content":"        }","lastModifiedDate":"2021-09-01"},{"lineNumber":83,"author":{"gitId":"silinche"},"content":"        if (index \u003d\u003d 0) {","lastModifiedDate":"2021-09-15"},{"lineNumber":84,"author":{"gitId":"silinche"},"content":"            System.out.println(\"OOPS!!! The description of a deadline cannot be empty.\");","lastModifiedDate":"2021-09-15"},{"lineNumber":85,"author":{"gitId":"silinche"},"content":"            return false;","lastModifiedDate":"2021-09-15"},{"lineNumber":86,"author":{"gitId":"silinche"},"content":"        }","lastModifiedDate":"2021-09-15"},{"lineNumber":87,"author":{"gitId":"silinche"},"content":"        for (int i \u003d 1; i \u003c index; i++) {","lastModifiedDate":"2021-09-01"},{"lineNumber":88,"author":{"gitId":"silinche"},"content":"            eventDescription \u003d eventDescription + words[i] + \" \";","lastModifiedDate":"2021-09-02"},{"lineNumber":89,"author":{"gitId":"silinche"},"content":"        }","lastModifiedDate":"2021-09-01"},{"lineNumber":90,"author":{"gitId":"silinche"},"content":"        for (int i \u003d index + 1; i \u003c words.length; i++) {","lastModifiedDate":"2021-09-01"},{"lineNumber":91,"author":{"gitId":"silinche"},"content":"            at \u003d at + words[i] + \" \";","lastModifiedDate":"2021-09-02"},{"lineNumber":92,"author":{"gitId":"silinche"},"content":"        }","lastModifiedDate":"2021-09-01"},{"lineNumber":93,"author":{"gitId":"silinche"},"content":"        tasks[taskNumber] \u003d new Event(eventDescription, at);","lastModifiedDate":"2021-09-02"},{"lineNumber":94,"author":{"gitId":"silinche"},"content":"        taskNumber++;","lastModifiedDate":"2021-09-01"},{"lineNumber":95,"author":{"gitId":"silinche"},"content":"        System.out.println(\"Got it. I\u0027ve added this task:\");","lastModifiedDate":"2021-09-01"},{"lineNumber":96,"author":{"gitId":"silinche"},"content":"        System.out.println(\"  \" + tasks[taskNumber - 1]);","lastModifiedDate":"2021-09-01"},{"lineNumber":97,"author":{"gitId":"silinche"},"content":"        System.out.println(\"Now you have \" + taskNumber + \" tasks in the list\");","lastModifiedDate":"2021-09-01"},{"lineNumber":98,"author":{"gitId":"silinche"},"content":"        return true;","lastModifiedDate":"2021-09-15"},{"lineNumber":99,"author":{"gitId":"silinche"},"content":"    }","lastModifiedDate":"2021-08-25"},{"lineNumber":100,"author":{"gitId":"silinche"},"content":"","lastModifiedDate":"2021-09-15"},{"lineNumber":101,"author":{"gitId":"silinche"},"content":"    public static void sayHi() {","lastModifiedDate":"2021-09-15"},{"lineNumber":102,"author":{"gitId":"silinche"},"content":"        System.out.println(\"Hello I\u0027m duke.command.Duke\");","lastModifiedDate":"2021-09-15"},{"lineNumber":103,"author":{"gitId":"silinche"},"content":"        System.out.println(\"What can I do for you?\");","lastModifiedDate":"2021-09-15"},{"lineNumber":104,"author":{"gitId":"silinche"},"content":"    }","lastModifiedDate":"2021-09-15"},{"lineNumber":105,"author":{"gitId":"silinche"},"content":"","lastModifiedDate":"2021-09-15"},{"lineNumber":106,"author":{"gitId":"silinche"},"content":"    public static void sayBye() {","lastModifiedDate":"2021-09-15"},{"lineNumber":107,"author":{"gitId":"silinche"},"content":"        System.out.println(\"Bye. Hope to see you again soon!\");","lastModifiedDate":"2021-09-15"},{"lineNumber":108,"author":{"gitId":"silinche"},"content":"    }","lastModifiedDate":"2021-09-15"},{"lineNumber":109,"author":{"gitId":"silinche"},"content":"","lastModifiedDate":"2021-09-15"},{"lineNumber":110,"author":{"gitId":"silinche"},"content":"    public static void running() {","lastModifiedDate":"2021-09-15"},{"lineNumber":111,"author":{"gitId":"silinche"},"content":"        Task[] tasks \u003d new Task[100];","lastModifiedDate":"2021-09-15"},{"lineNumber":112,"author":{"gitId":"silinche"},"content":"        int taskNumber \u003d 0;","lastModifiedDate":"2021-09-15"},{"lineNumber":113,"author":{"gitId":"silinche"},"content":"        String line;","lastModifiedDate":"2021-09-15"},{"lineNumber":114,"author":{"gitId":"silinche"},"content":"        Scanner in \u003d new Scanner(System.in);","lastModifiedDate":"2021-09-15"},{"lineNumber":115,"author":{"gitId":"silinche"},"content":"        while (true) {","lastModifiedDate":"2021-09-15"},{"lineNumber":116,"author":{"gitId":"silinche"},"content":"            line \u003d in.nextLine();","lastModifiedDate":"2021-09-15"},{"lineNumber":117,"author":{"gitId":"silinche"},"content":"            if (line.equals(\"bye\")) {","lastModifiedDate":"2021-09-15"},{"lineNumber":118,"author":{"gitId":"silinche"},"content":"                return;","lastModifiedDate":"2021-09-15"},{"lineNumber":119,"author":{"gitId":"silinche"},"content":"            }","lastModifiedDate":"2021-09-15"},{"lineNumber":120,"author":{"gitId":"silinche"},"content":"            if (line.equals(\"list\")) {","lastModifiedDate":"2021-09-15"},{"lineNumber":121,"author":{"gitId":"silinche"},"content":"                listOut(tasks, taskNumber);","lastModifiedDate":"2021-09-15"},{"lineNumber":122,"author":{"gitId":"silinche"},"content":"            } else if (line.startsWith(\"done\")) {","lastModifiedDate":"2021-09-15"},{"lineNumber":123,"author":{"gitId":"silinche"},"content":"                markDone(line, tasks);","lastModifiedDate":"2021-09-15"},{"lineNumber":124,"author":{"gitId":"silinche"},"content":"            } else if (line.startsWith(\"todo\")) {","lastModifiedDate":"2021-09-15"},{"lineNumber":125,"author":{"gitId":"silinche"},"content":"                if (addTodo(line, tasks, taskNumber)) {","lastModifiedDate":"2021-09-15"},{"lineNumber":126,"author":{"gitId":"silinche"},"content":"                    taskNumber++;","lastModifiedDate":"2021-09-15"},{"lineNumber":127,"author":{"gitId":"silinche"},"content":"                }","lastModifiedDate":"2021-09-15"},{"lineNumber":128,"author":{"gitId":"silinche"},"content":"            } else if (line.startsWith(\"deadline\")) {","lastModifiedDate":"2021-09-15"},{"lineNumber":129,"author":{"gitId":"silinche"},"content":"                if (addDeadline(line, tasks, taskNumber)) {","lastModifiedDate":"2021-09-15"},{"lineNumber":130,"author":{"gitId":"silinche"},"content":"                    taskNumber++;","lastModifiedDate":"2021-09-15"},{"lineNumber":131,"author":{"gitId":"silinche"},"content":"                }","lastModifiedDate":"2021-09-15"},{"lineNumber":132,"author":{"gitId":"silinche"},"content":"            } else if (line.startsWith(\"event\")) {","lastModifiedDate":"2021-09-15"},{"lineNumber":133,"author":{"gitId":"silinche"},"content":"                if (addEvent(line, tasks, taskNumber)) {","lastModifiedDate":"2021-09-15"},{"lineNumber":134,"author":{"gitId":"silinche"},"content":"                    taskNumber++;","lastModifiedDate":"2021-09-15"},{"lineNumber":135,"author":{"gitId":"silinche"},"content":"                }","lastModifiedDate":"2021-09-15"},{"lineNumber":136,"author":{"gitId":"silinche"},"content":"            } else {","lastModifiedDate":"2021-09-15"},{"lineNumber":137,"author":{"gitId":"silinche"},"content":"                System.out.println(\"☹ OOPS!!! I\u0027m sorry, but I don\u0027t know what that means :-(\");","lastModifiedDate":"2021-09-15"},{"lineNumber":138,"author":{"gitId":"silinche"},"content":"            }","lastModifiedDate":"2021-09-15"},{"lineNumber":139,"author":{"gitId":"silinche"},"content":"        }","lastModifiedDate":"2021-08-25"},{"lineNumber":140,"author":{"gitId":"silinche"},"content":"    }","lastModifiedDate":"2021-08-20"},{"lineNumber":141,"author":{"gitId":"silinche"},"content":"","lastModifiedDate":"2021-08-20"},{"lineNumber":142,"author":{"gitId":"-"},"content":"    public static void main(String[] args) {","lastModifiedDate":"2019-07-29"},{"lineNumber":143,"author":{"gitId":"silinche"},"content":"        sayHi();","lastModifiedDate":"2021-09-15"},{"lineNumber":144,"author":{"gitId":"silinche"},"content":"        running();","lastModifiedDate":"2021-08-25"},{"lineNumber":145,"author":{"gitId":"silinche"},"content":"        sayBye();","lastModifiedDate":"2021-09-15"},{"lineNumber":146,"author":{"gitId":"-"},"content":"    }","lastModifiedDate":"2019-07-29"},{"lineNumber":147,"author":{"gitId":"-"},"content":"}","lastModifiedDate":"2019-07-29"}],"authorContributionMap":{"-":4,"silinche":143}},{"path":"src/main/java/duke/task/Deadline.java","fileType":"java","lines":[{"lineNumber":1,"author":{"gitId":"silinche"},"content":"package duke.task;","lastModifiedDate":"2021-09-15"},{"lineNumber":2,"author":{"gitId":"silinche"},"content":"","lastModifiedDate":"2021-09-15"},{"lineNumber":3,"author":{"gitId":"silinche"},"content":"public class Deadline extends Task {","lastModifiedDate":"2021-09-01"},{"lineNumber":4,"author":{"gitId":"silinche"},"content":"","lastModifiedDate":"2021-09-01"},{"lineNumber":5,"author":{"gitId":"silinche"},"content":"    protected String by;","lastModifiedDate":"2021-09-01"},{"lineNumber":6,"author":{"gitId":"silinche"},"content":"","lastModifiedDate":"2021-09-01"},{"lineNumber":7,"author":{"gitId":"silinche"},"content":"    public Deadline(String description, String by) {","lastModifiedDate":"2021-09-01"},{"lineNumber":8,"author":{"gitId":"silinche"},"content":"        super(description);","lastModifiedDate":"2021-09-01"},{"lineNumber":9,"author":{"gitId":"silinche"},"content":"        this.by \u003d by;","lastModifiedDate":"2021-09-01"},{"lineNumber":10,"author":{"gitId":"silinche"},"content":"    }","lastModifiedDate":"2021-09-01"},{"lineNumber":11,"author":{"gitId":"silinche"},"content":"","lastModifiedDate":"2021-09-01"},{"lineNumber":12,"author":{"gitId":"silinche"},"content":"    @Override","lastModifiedDate":"2021-09-01"},{"lineNumber":13,"author":{"gitId":"silinche"},"content":"    public String toString() {","lastModifiedDate":"2021-09-01"},{"lineNumber":14,"author":{"gitId":"silinche"},"content":"        return \"[D]\" + super.toString() + \"(by: \" + by + \")\";","lastModifiedDate":"2021-09-01"},{"lineNumber":15,"author":{"gitId":"silinche"},"content":"    }","lastModifiedDate":"2021-09-01"},{"lineNumber":16,"author":{"gitId":"silinche"},"content":"}","lastModifiedDate":"2021-09-01"}],"authorContributionMap":{"silinche":16}},{"path":"src/main/java/duke/task/Event.java","fileType":"java","lines":[{"lineNumber":1,"author":{"gitId":"silinche"},"content":"package duke.task;","lastModifiedDate":"2021-09-15"},{"lineNumber":2,"author":{"gitId":"silinche"},"content":"","lastModifiedDate":"2021-09-15"},{"lineNumber":3,"author":{"gitId":"silinche"},"content":"public class Event extends Task {","lastModifiedDate":"2021-09-01"},{"lineNumber":4,"author":{"gitId":"silinche"},"content":"","lastModifiedDate":"2021-09-01"},{"lineNumber":5,"author":{"gitId":"silinche"},"content":"    protected String at;","lastModifiedDate":"2021-09-01"},{"lineNumber":6,"author":{"gitId":"silinche"},"content":"","lastModifiedDate":"2021-09-01"},{"lineNumber":7,"author":{"gitId":"silinche"},"content":"    public Event(String description, String at) {","lastModifiedDate":"2021-09-01"},{"lineNumber":8,"author":{"gitId":"silinche"},"content":"        super(description);","lastModifiedDate":"2021-09-01"},{"lineNumber":9,"author":{"gitId":"silinche"},"content":"        this.at \u003d at;","lastModifiedDate":"2021-09-01"},{"lineNumber":10,"author":{"gitId":"silinche"},"content":"    }","lastModifiedDate":"2021-09-01"},{"lineNumber":11,"author":{"gitId":"silinche"},"content":"","lastModifiedDate":"2021-09-01"},{"lineNumber":12,"author":{"gitId":"silinche"},"content":"    @Override","lastModifiedDate":"2021-09-01"},{"lineNumber":13,"author":{"gitId":"silinche"},"content":"    public String toString() {","lastModifiedDate":"2021-09-01"},{"lineNumber":14,"author":{"gitId":"silinche"},"content":"        return \"[E]\" + super.toString() + \"(at: \" + at + \")\";","lastModifiedDate":"2021-09-01"},{"lineNumber":15,"author":{"gitId":"silinche"},"content":"    }","lastModifiedDate":"2021-09-01"},{"lineNumber":16,"author":{"gitId":"silinche"},"content":"}","lastModifiedDate":"2021-09-01"}],"authorContributionMap":{"silinche":16}},{"path":"src/main/java/duke/task/Task.java","fileType":"java","lines":[{"lineNumber":1,"author":{"gitId":"silinche"},"content":"package duke.task;","lastModifiedDate":"2021-09-15"},{"lineNumber":2,"author":{"gitId":"silinche"},"content":"","lastModifiedDate":"2021-09-15"},{"lineNumber":3,"author":{"gitId":"silinche"},"content":"public class Task {","lastModifiedDate":"2021-08-25"},{"lineNumber":4,"author":{"gitId":"silinche"},"content":"    protected String description;","lastModifiedDate":"2021-08-25"},{"lineNumber":5,"author":{"gitId":"silinche"},"content":"    protected boolean isDone;","lastModifiedDate":"2021-08-25"},{"lineNumber":6,"author":{"gitId":"silinche"},"content":"","lastModifiedDate":"2021-08-25"},{"lineNumber":7,"author":{"gitId":"silinche"},"content":"    public Task(String description) {","lastModifiedDate":"2021-08-25"},{"lineNumber":8,"author":{"gitId":"silinche"},"content":"        this.description \u003d description;","lastModifiedDate":"2021-08-25"},{"lineNumber":9,"author":{"gitId":"silinche"},"content":"        this.isDone \u003d false;","lastModifiedDate":"2021-08-25"},{"lineNumber":10,"author":{"gitId":"silinche"},"content":"    }","lastModifiedDate":"2021-08-25"},{"lineNumber":11,"author":{"gitId":"silinche"},"content":"","lastModifiedDate":"2021-08-25"},{"lineNumber":12,"author":{"gitId":"silinche"},"content":"    public void setDone() {","lastModifiedDate":"2021-08-25"},{"lineNumber":13,"author":{"gitId":"silinche"},"content":"        this.isDone \u003d true;","lastModifiedDate":"2021-08-25"},{"lineNumber":14,"author":{"gitId":"silinche"},"content":"    }","lastModifiedDate":"2021-08-25"},{"lineNumber":15,"author":{"gitId":"silinche"},"content":"","lastModifiedDate":"2021-08-25"},{"lineNumber":16,"author":{"gitId":"silinche"},"content":"    public String getDescription() {","lastModifiedDate":"2021-08-25"},{"lineNumber":17,"author":{"gitId":"silinche"},"content":"        return this.description;","lastModifiedDate":"2021-08-25"},{"lineNumber":18,"author":{"gitId":"silinche"},"content":"    }","lastModifiedDate":"2021-08-25"},{"lineNumber":19,"author":{"gitId":"silinche"},"content":"","lastModifiedDate":"2021-08-25"},{"lineNumber":20,"author":{"gitId":"silinche"},"content":"    public String getStatusIcon() {","lastModifiedDate":"2021-08-25"},{"lineNumber":21,"author":{"gitId":"silinche"},"content":"        return (isDone ? \"[X]\" : \"[ ]\"); // mark done task with X","lastModifiedDate":"2021-08-25"},{"lineNumber":22,"author":{"gitId":"silinche"},"content":"    }","lastModifiedDate":"2021-08-25"},{"lineNumber":23,"author":{"gitId":"silinche"},"content":"","lastModifiedDate":"2021-09-01"},{"lineNumber":24,"author":{"gitId":"silinche"},"content":"    @Override","lastModifiedDate":"2021-09-01"},{"lineNumber":25,"author":{"gitId":"silinche"},"content":"    public String toString() {","lastModifiedDate":"2021-09-01"},{"lineNumber":26,"author":{"gitId":"silinche"},"content":"        return this.getStatusIcon() + \" \" + this.getDescription();","lastModifiedDate":"2021-09-02"},{"lineNumber":27,"author":{"gitId":"silinche"},"content":"    }","lastModifiedDate":"2021-09-01"},{"lineNumber":28,"author":{"gitId":"silinche"},"content":"}","lastModifiedDate":"2021-08-25"}],"authorContributionMap":{"silinche":28}},{"path":"src/main/java/duke/task/ToDo.java","fileType":"java","lines":[{"lineNumber":1,"author":{"gitId":"silinche"},"content":"package duke.task;","lastModifiedDate":"2021-09-15"},{"lineNumber":2,"author":{"gitId":"silinche"},"content":"","lastModifiedDate":"2021-09-15"},{"lineNumber":3,"author":{"gitId":"silinche"},"content":"public class ToDo extends Task{","lastModifiedDate":"2021-09-01"},{"lineNumber":4,"author":{"gitId":"silinche"},"content":"    public ToDo(String description) {","lastModifiedDate":"2021-09-01"},{"lineNumber":5,"author":{"gitId":"silinche"},"content":"        super(description);","lastModifiedDate":"2021-09-01"},{"lineNumber":6,"author":{"gitId":"silinche"},"content":"    }","lastModifiedDate":"2021-09-01"},{"lineNumber":7,"author":{"gitId":"silinche"},"content":"","lastModifiedDate":"2021-09-01"},{"lineNumber":8,"author":{"gitId":"silinche"},"content":"    @Override","lastModifiedDate":"2021-09-01"},{"lineNumber":9,"author":{"gitId":"silinche"},"content":"    public String toString() {","lastModifiedDate":"2021-09-01"},{"lineNumber":10,"author":{"gitId":"silinche"},"content":"        return \"[T]\" + super.toString();","lastModifiedDate":"2021-09-01"},{"lineNumber":11,"author":{"gitId":"silinche"},"content":"    }","lastModifiedDate":"2021-09-01"},{"lineNumber":12,"author":{"gitId":"silinche"},"content":"}","lastModifiedDate":"2021-09-01"}],"authorContributionMap":{"silinche":12}},{"path":"text-ui-test/input.txt","fileType":"txt","lines":[{"lineNumber":1,"author":{"gitId":"silinche"},"content":"todo do wct","lastModifiedDate":"2021-09-08"},{"lineNumber":2,"author":{"gitId":"silinche"},"content":"deadline inquiry /by now","lastModifiedDate":"2021-09-08"},{"lineNumber":3,"author":{"gitId":"silinche"},"content":"event wct /at tomorrow 2pm","lastModifiedDate":"2021-09-08"},{"lineNumber":4,"author":{"gitId":"silinche"},"content":"done 1","lastModifiedDate":"2021-09-08"},{"lineNumber":5,"author":{"gitId":"silinche"},"content":"list","lastModifiedDate":"2021-09-08"},{"lineNumber":6,"author":{"gitId":"silinche"},"content":"bye","lastModifiedDate":"2021-09-08"}],"authorContributionMap":{"silinche":6}}]
