[{"path":"src/main/java/duke/Duke.java","fileType":"java","lines":[{"lineNumber":1,"author":{"gitId":"antrikshv"},"content":"package duke;","lastModifiedDate":"2021-09-08"},{"lineNumber":2,"author":{"gitId":"antrikshv"},"content":"","lastModifiedDate":"2021-09-08"},{"lineNumber":3,"author":{"gitId":"antrikshv"},"content":"import duke.Exceptions.RemoveException;","lastModifiedDate":"2021-09-14"},{"lineNumber":4,"author":{"gitId":"antrikshv"},"content":"import duke.Exceptions.TaskException;","lastModifiedDate":"2021-09-08"},{"lineNumber":5,"author":{"gitId":"antrikshv"},"content":"import duke.Exceptions.TimeException;","lastModifiedDate":"2021-09-08"},{"lineNumber":6,"author":{"gitId":"antrikshv"},"content":"import duke.Exceptions.DoneUndoException;","lastModifiedDate":"2021-09-09"},{"lineNumber":7,"author":{"gitId":"antrikshv"},"content":"import duke.tasks.Deadlines;","lastModifiedDate":"2021-09-08"},{"lineNumber":8,"author":{"gitId":"antrikshv"},"content":"import duke.tasks.Event;","lastModifiedDate":"2021-09-08"},{"lineNumber":9,"author":{"gitId":"antrikshv"},"content":"import duke.tasks.ToDo;","lastModifiedDate":"2021-09-08"},{"lineNumber":10,"author":{"gitId":"antrikshv"},"content":"","lastModifiedDate":"2021-09-14"},{"lineNumber":11,"author":{"gitId":"antrikshv"},"content":"import java.io.FileNotFoundException;","lastModifiedDate":"2021-09-14"},{"lineNumber":12,"author":{"gitId":"antrikshv"},"content":"import java.io.FileWriter;","lastModifiedDate":"2021-09-14"},{"lineNumber":13,"author":{"gitId":"antrikshv"},"content":"import java.io.IOException;","lastModifiedDate":"2021-09-14"},{"lineNumber":14,"author":{"gitId":"antrikshv"},"content":"import java.util.ArrayList;","lastModifiedDate":"2021-09-13"},{"lineNumber":15,"author":{"gitId":"antrikshv"},"content":"import java.util.Scanner;","lastModifiedDate":"2021-08-25"},{"lineNumber":16,"author":{"gitId":"antrikshv"},"content":"import java.io.File;","lastModifiedDate":"2021-09-14"},{"lineNumber":17,"author":{"gitId":"antrikshv"},"content":"","lastModifiedDate":"2021-08-25"},{"lineNumber":18,"author":{"gitId":"-"},"content":"public class Duke {","lastModifiedDate":"2019-07-29"},{"lineNumber":19,"author":{"gitId":"antrikshv"},"content":"    public static final int TIME_COMMAND \u003d 4;","lastModifiedDate":"2021-09-08"},{"lineNumber":20,"author":{"gitId":"antrikshv"},"content":"    public static final int DEADLINE_LENGTH \u003d 13;","lastModifiedDate":"2021-09-14"},{"lineNumber":21,"author":{"gitId":"antrikshv"},"content":"    public static final int EVENT_LENGTH \u003d 10;","lastModifiedDate":"2021-09-14"},{"lineNumber":22,"author":{"gitId":"antrikshv"},"content":"    public static final int TODO_LENGTH \u003d 9;","lastModifiedDate":"2021-09-14"},{"lineNumber":23,"author":{"gitId":"antrikshv"},"content":"","lastModifiedDate":"2021-08-25"},{"lineNumber":24,"author":{"gitId":"antrikshv"},"content":"    public static ArrayList\u003cTask\u003e taskList \u003d new ArrayList\u003c\u003e();","lastModifiedDate":"2021-09-13"},{"lineNumber":25,"author":{"gitId":"antrikshv"},"content":"","lastModifiedDate":"2021-09-13"},{"lineNumber":26,"author":{"gitId":"antrikshv"},"content":"    public static void main(String[] args) {","lastModifiedDate":"2021-09-01"},{"lineNumber":27,"author":{"gitId":"antrikshv"},"content":"        IntroductoryMessage();","lastModifiedDate":"2021-09-01"},{"lineNumber":28,"author":{"gitId":"antrikshv"},"content":"        LoadTasks();","lastModifiedDate":"2021-09-14"},{"lineNumber":29,"author":{"gitId":"antrikshv"},"content":"        runIkaros();","lastModifiedDate":"2021-09-08"},{"lineNumber":30,"author":{"gitId":"antrikshv"},"content":"        SaveTasks();","lastModifiedDate":"2021-09-14"},{"lineNumber":31,"author":{"gitId":"antrikshv"},"content":"        goodbyeMessage();","lastModifiedDate":"2021-09-01"},{"lineNumber":32,"author":{"gitId":"antrikshv"},"content":"    }","lastModifiedDate":"2021-09-01"},{"lineNumber":33,"author":{"gitId":"antrikshv"},"content":"","lastModifiedDate":"2021-09-01"},{"lineNumber":34,"author":{"gitId":"antrikshv"},"content":"    /**","lastModifiedDate":"2021-09-14"},{"lineNumber":35,"author":{"gitId":"antrikshv"},"content":"     * Runs Ikaros, manages the instructions of ikaros","lastModifiedDate":"2021-09-14"},{"lineNumber":36,"author":{"gitId":"antrikshv"},"content":"     */","lastModifiedDate":"2021-09-14"},{"lineNumber":37,"author":{"gitId":"antrikshv"},"content":"    private static void runIkaros() {","lastModifiedDate":"2021-09-08"},{"lineNumber":38,"author":{"gitId":"antrikshv"},"content":"        boolean isRunning \u003d true;","lastModifiedDate":"2021-09-08"},{"lineNumber":39,"author":{"gitId":"antrikshv"},"content":"","lastModifiedDate":"2021-09-08"},{"lineNumber":40,"author":{"gitId":"antrikshv"},"content":"        Scanner in \u003d new Scanner(System.in);","lastModifiedDate":"2021-09-08"},{"lineNumber":41,"author":{"gitId":"antrikshv"},"content":"        String response;","lastModifiedDate":"2021-09-01"},{"lineNumber":42,"author":{"gitId":"antrikshv"},"content":"        String[] command;","lastModifiedDate":"2021-09-01"},{"lineNumber":43,"author":{"gitId":"antrikshv"},"content":"","lastModifiedDate":"2021-09-08"},{"lineNumber":44,"author":{"gitId":"antrikshv"},"content":"        while (isRunning) {","lastModifiedDate":"2021-09-01"},{"lineNumber":45,"author":{"gitId":"antrikshv"},"content":"            response \u003d in.nextLine();","lastModifiedDate":"2021-09-01"},{"lineNumber":46,"author":{"gitId":"antrikshv"},"content":"            lineBreak();","lastModifiedDate":"2021-09-01"},{"lineNumber":47,"author":{"gitId":"antrikshv"},"content":"            command \u003d response.split(\" \", 10);","lastModifiedDate":"2021-09-01"},{"lineNumber":48,"author":{"gitId":"antrikshv"},"content":"            switch (command[0]) {","lastModifiedDate":"2021-09-01"},{"lineNumber":49,"author":{"gitId":"antrikshv"},"content":"            case \"echo\":","lastModifiedDate":"2021-09-01"},{"lineNumber":50,"author":{"gitId":"antrikshv"},"content":"                echo();","lastModifiedDate":"2021-09-01"},{"lineNumber":51,"author":{"gitId":"antrikshv"},"content":"                break;","lastModifiedDate":"2021-09-01"},{"lineNumber":52,"author":{"gitId":"antrikshv"},"content":"            case \"list\":","lastModifiedDate":"2021-09-01"},{"lineNumber":53,"author":{"gitId":"antrikshv"},"content":"                printList();","lastModifiedDate":"2021-09-13"},{"lineNumber":54,"author":{"gitId":"antrikshv"},"content":"                lineBreak();","lastModifiedDate":"2021-09-01"},{"lineNumber":55,"author":{"gitId":"antrikshv"},"content":"                break;","lastModifiedDate":"2021-09-01"},{"lineNumber":56,"author":{"gitId":"antrikshv"},"content":"            case \"done\":","lastModifiedDate":"2021-09-01"},{"lineNumber":57,"author":{"gitId":"antrikshv"},"content":"            case \"undo\":","lastModifiedDate":"2021-09-09"},{"lineNumber":58,"author":{"gitId":"antrikshv"},"content":"                doUndoManager(command, response);","lastModifiedDate":"2021-09-13"},{"lineNumber":59,"author":{"gitId":"antrikshv"},"content":"                break;","lastModifiedDate":"2021-09-01"},{"lineNumber":60,"author":{"gitId":"antrikshv"},"content":"            case \"remove\":","lastModifiedDate":"2021-09-13"},{"lineNumber":61,"author":{"gitId":"antrikshv"},"content":"            case \"add\":","lastModifiedDate":"2021-09-14"},{"lineNumber":62,"author":{"gitId":"antrikshv"},"content":"                instructionManager(command, response);","lastModifiedDate":"2021-09-14"},{"lineNumber":63,"author":{"gitId":"antrikshv"},"content":"                break;","lastModifiedDate":"2021-09-13"},{"lineNumber":64,"author":{"gitId":"antrikshv"},"content":"            case \"bye\":","lastModifiedDate":"2021-09-01"},{"lineNumber":65,"author":{"gitId":"antrikshv"},"content":"                isRunning \u003d false;","lastModifiedDate":"2021-09-01"},{"lineNumber":66,"author":{"gitId":"antrikshv"},"content":"                break;","lastModifiedDate":"2021-09-01"},{"lineNumber":67,"author":{"gitId":"antrikshv"},"content":"            case \"help\":","lastModifiedDate":"2021-09-14"},{"lineNumber":68,"author":{"gitId":"antrikshv"},"content":"                help();","lastModifiedDate":"2021-09-14"},{"lineNumber":69,"author":{"gitId":"antrikshv"},"content":"                break;","lastModifiedDate":"2021-09-14"},{"lineNumber":70,"author":{"gitId":"antrikshv"},"content":"            default:","lastModifiedDate":"2021-09-01"},{"lineNumber":71,"author":{"gitId":"antrikshv"},"content":"                System.out.println(\"I didn\u0027t catch that!\");","lastModifiedDate":"2021-09-08"},{"lineNumber":72,"author":{"gitId":"antrikshv"},"content":"                lineBreak();","lastModifiedDate":"2021-09-01"},{"lineNumber":73,"author":{"gitId":"antrikshv"},"content":"                break;","lastModifiedDate":"2021-09-01"},{"lineNumber":74,"author":{"gitId":"antrikshv"},"content":"            }","lastModifiedDate":"2021-09-01"},{"lineNumber":75,"author":{"gitId":"antrikshv"},"content":"        }","lastModifiedDate":"2021-09-01"},{"lineNumber":76,"author":{"gitId":"antrikshv"},"content":"    }","lastModifiedDate":"2021-09-01"},{"lineNumber":77,"author":{"gitId":"antrikshv"},"content":"","lastModifiedDate":"2021-09-01"},{"lineNumber":78,"author":{"gitId":"antrikshv"},"content":"    /**","lastModifiedDate":"2021-09-14"},{"lineNumber":79,"author":{"gitId":"antrikshv"},"content":"     * displays the commands usable for the user","lastModifiedDate":"2021-09-14"},{"lineNumber":80,"author":{"gitId":"antrikshv"},"content":"     */","lastModifiedDate":"2021-09-14"},{"lineNumber":81,"author":{"gitId":"antrikshv"},"content":"    private static void help() {","lastModifiedDate":"2021-09-14"},{"lineNumber":82,"author":{"gitId":"antrikshv"},"content":"        System.out.println(\"Below are the list of acceptable commands\"","lastModifiedDate":"2021-09-14"},{"lineNumber":83,"author":{"gitId":"antrikshv"},"content":"                + System.lineSeparator() + System.lineSeparator()","lastModifiedDate":"2021-09-14"},{"lineNumber":84,"author":{"gitId":"antrikshv"},"content":"                + \"add todo -\u003e add a todo task to the list [add todo todo_name]\"","lastModifiedDate":"2021-09-14"},{"lineNumber":85,"author":{"gitId":"antrikshv"},"content":"                + System.lineSeparator()","lastModifiedDate":"2021-09-14"},{"lineNumber":86,"author":{"gitId":"antrikshv"},"content":"                + \"add event -\u003e adds an event task to the list [add event event_name \" +","lastModifiedDate":"2021-09-14"},{"lineNumber":87,"author":{"gitId":"antrikshv"},"content":"                \"/at event_date\"","lastModifiedDate":"2021-09-14"},{"lineNumber":88,"author":{"gitId":"antrikshv"},"content":"                + System.lineSeparator()","lastModifiedDate":"2021-09-14"},{"lineNumber":89,"author":{"gitId":"antrikshv"},"content":"                + \"add deadline -\u003e adds a deadline task to the list \" +","lastModifiedDate":"2021-09-14"},{"lineNumber":90,"author":{"gitId":"antrikshv"},"content":"                \"[add deadline deadline_name /by deadline_date\"","lastModifiedDate":"2021-09-14"},{"lineNumber":91,"author":{"gitId":"antrikshv"},"content":"                + System.lineSeparator()","lastModifiedDate":"2021-09-14"},{"lineNumber":92,"author":{"gitId":"antrikshv"},"content":"                + \"remove -\u003e removes a task [remove task_number]\"","lastModifiedDate":"2021-09-14"},{"lineNumber":93,"author":{"gitId":"antrikshv"},"content":"                + System.lineSeparator()","lastModifiedDate":"2021-09-14"},{"lineNumber":94,"author":{"gitId":"antrikshv"},"content":"                + \"done -\u003e marks a task as complete [done task_number]\"","lastModifiedDate":"2021-09-14"},{"lineNumber":95,"author":{"gitId":"antrikshv"},"content":"                + System.lineSeparator()","lastModifiedDate":"2021-09-14"},{"lineNumber":96,"author":{"gitId":"antrikshv"},"content":"                + \"undo -\u003e marks a task as undone [undo task_number]\"","lastModifiedDate":"2021-09-14"},{"lineNumber":97,"author":{"gitId":"antrikshv"},"content":"                + System.lineSeparator()","lastModifiedDate":"2021-09-14"},{"lineNumber":98,"author":{"gitId":"antrikshv"},"content":"                + \"list -\u003e Display the list of tasks\"","lastModifiedDate":"2021-09-14"},{"lineNumber":99,"author":{"gitId":"antrikshv"},"content":"                + System.lineSeparator()","lastModifiedDate":"2021-09-14"},{"lineNumber":100,"author":{"gitId":"antrikshv"},"content":"                + \"echo -\u003e echo mode activated, where system echos your input, \" +","lastModifiedDate":"2021-09-14"},{"lineNumber":101,"author":{"gitId":"antrikshv"},"content":"                \"type [exit] to leave mode\"","lastModifiedDate":"2021-09-14"},{"lineNumber":102,"author":{"gitId":"antrikshv"},"content":"                + System.lineSeparator()","lastModifiedDate":"2021-09-14"},{"lineNumber":103,"author":{"gitId":"antrikshv"},"content":"                + \"bye -\u003e kill ikaros\");","lastModifiedDate":"2021-09-14"},{"lineNumber":104,"author":{"gitId":"antrikshv"},"content":"        lineBreak();","lastModifiedDate":"2021-09-14"},{"lineNumber":105,"author":{"gitId":"antrikshv"},"content":"    }","lastModifiedDate":"2021-09-14"},{"lineNumber":106,"author":{"gitId":"antrikshv"},"content":"","lastModifiedDate":"2021-09-14"},{"lineNumber":107,"author":{"gitId":"antrikshv"},"content":"    /**","lastModifiedDate":"2021-09-14"},{"lineNumber":108,"author":{"gitId":"antrikshv"},"content":"     * Loads the task list, to Ikaros","lastModifiedDate":"2021-09-14"},{"lineNumber":109,"author":{"gitId":"antrikshv"},"content":"     */","lastModifiedDate":"2021-09-14"},{"lineNumber":110,"author":{"gitId":"antrikshv"},"content":"    private static void LoadTasks() {","lastModifiedDate":"2021-09-14"},{"lineNumber":111,"author":{"gitId":"antrikshv"},"content":"        String[] command;","lastModifiedDate":"2021-09-14"},{"lineNumber":112,"author":{"gitId":"antrikshv"},"content":"        File ikarosTaskData \u003d new File(\"ikarosTaskData.txt\");","lastModifiedDate":"2021-09-14"},{"lineNumber":113,"author":{"gitId":"antrikshv"},"content":"        Scanner scan;","lastModifiedDate":"2021-09-14"},{"lineNumber":114,"author":{"gitId":"antrikshv"},"content":"        try {","lastModifiedDate":"2021-09-14"},{"lineNumber":115,"author":{"gitId":"antrikshv"},"content":"            scan \u003d new Scanner(ikarosTaskData);","lastModifiedDate":"2021-09-14"},{"lineNumber":116,"author":{"gitId":"antrikshv"},"content":"            if (ikarosTaskData.exists()) {","lastModifiedDate":"2021-09-14"},{"lineNumber":117,"author":{"gitId":"antrikshv"},"content":"                while (scan.hasNext()) {","lastModifiedDate":"2021-09-14"},{"lineNumber":118,"author":{"gitId":"antrikshv"},"content":"                    command \u003d scan.nextLine().split(\"\u003e\");","lastModifiedDate":"2021-09-14"},{"lineNumber":119,"author":{"gitId":"antrikshv"},"content":"                    loadingManager(command);","lastModifiedDate":"2021-09-14"},{"lineNumber":120,"author":{"gitId":"antrikshv"},"content":"                }","lastModifiedDate":"2021-09-14"},{"lineNumber":121,"author":{"gitId":"antrikshv"},"content":"            } else {","lastModifiedDate":"2021-09-14"},{"lineNumber":122,"author":{"gitId":"antrikshv"},"content":"                FileWriter f \u003d new FileWriter(ikarosTaskData.getAbsoluteFile());","lastModifiedDate":"2021-09-14"},{"lineNumber":123,"author":{"gitId":"antrikshv"},"content":"                f.close();","lastModifiedDate":"2021-09-14"},{"lineNumber":124,"author":{"gitId":"antrikshv"},"content":"            }","lastModifiedDate":"2021-09-14"},{"lineNumber":125,"author":{"gitId":"antrikshv"},"content":"        } catch (FileNotFoundException e) {","lastModifiedDate":"2021-09-14"},{"lineNumber":126,"author":{"gitId":"antrikshv"},"content":"            System.out.println(\"File not found. pls try reload again, or start a new\");","lastModifiedDate":"2021-09-14"},{"lineNumber":127,"author":{"gitId":"antrikshv"},"content":"        } catch (IOException e) {","lastModifiedDate":"2021-09-14"},{"lineNumber":128,"author":{"gitId":"antrikshv"},"content":"            System.out.println(\"File corrupted. pls try reload again, or start a new\");","lastModifiedDate":"2021-09-14"},{"lineNumber":129,"author":{"gitId":"antrikshv"},"content":"        } finally {","lastModifiedDate":"2021-09-14"},{"lineNumber":130,"author":{"gitId":"antrikshv"},"content":"            printList();","lastModifiedDate":"2021-09-14"},{"lineNumber":131,"author":{"gitId":"antrikshv"},"content":"            lineBreak();","lastModifiedDate":"2021-09-14"},{"lineNumber":132,"author":{"gitId":"antrikshv"},"content":"        }","lastModifiedDate":"2021-09-14"},{"lineNumber":133,"author":{"gitId":"antrikshv"},"content":"    }","lastModifiedDate":"2021-09-14"},{"lineNumber":134,"author":{"gitId":"antrikshv"},"content":"","lastModifiedDate":"2021-09-14"},{"lineNumber":135,"author":{"gitId":"antrikshv"},"content":"    /**","lastModifiedDate":"2021-09-14"},{"lineNumber":136,"author":{"gitId":"antrikshv"},"content":"     * Writes down the new tasks to the saved file","lastModifiedDate":"2021-09-14"},{"lineNumber":137,"author":{"gitId":"antrikshv"},"content":"     */","lastModifiedDate":"2021-09-14"},{"lineNumber":138,"author":{"gitId":"antrikshv"},"content":"    private static void SaveTasks() {","lastModifiedDate":"2021-09-14"},{"lineNumber":139,"author":{"gitId":"antrikshv"},"content":"        try {","lastModifiedDate":"2021-09-14"},{"lineNumber":140,"author":{"gitId":"antrikshv"},"content":"            FileWriter fw \u003d new FileWriter(\"ikarosTaskData.txt\");","lastModifiedDate":"2021-09-14"},{"lineNumber":141,"author":{"gitId":"antrikshv"},"content":"            for (Task task : taskList) {","lastModifiedDate":"2021-09-14"},{"lineNumber":142,"author":{"gitId":"antrikshv"},"content":"                fw.write(task.getTaskType() + \"\u003e\"","lastModifiedDate":"2021-09-14"},{"lineNumber":143,"author":{"gitId":"antrikshv"},"content":"                        + task.getStatusIcon() + \"\u003e\"","lastModifiedDate":"2021-09-14"},{"lineNumber":144,"author":{"gitId":"antrikshv"},"content":"                        + task.getDescription() + \"\u003e\"","lastModifiedDate":"2021-09-14"},{"lineNumber":145,"author":{"gitId":"antrikshv"},"content":"                        + task.getDate() + System.lineSeparator());","lastModifiedDate":"2021-09-14"},{"lineNumber":146,"author":{"gitId":"antrikshv"},"content":"            }","lastModifiedDate":"2021-09-14"},{"lineNumber":147,"author":{"gitId":"antrikshv"},"content":"            fw.close();","lastModifiedDate":"2021-09-14"},{"lineNumber":148,"author":{"gitId":"antrikshv"},"content":"        } catch (IOException e) {","lastModifiedDate":"2021-09-14"},{"lineNumber":149,"author":{"gitId":"antrikshv"},"content":"            System.out.println(\"Something went wrong\" + e.getMessage());","lastModifiedDate":"2021-09-14"},{"lineNumber":150,"author":{"gitId":"antrikshv"},"content":"        }","lastModifiedDate":"2021-09-14"},{"lineNumber":151,"author":{"gitId":"antrikshv"},"content":"    }","lastModifiedDate":"2021-09-14"},{"lineNumber":152,"author":{"gitId":"antrikshv"},"content":"","lastModifiedDate":"2021-09-14"},{"lineNumber":153,"author":{"gitId":"antrikshv"},"content":"    /**","lastModifiedDate":"2021-09-14"},{"lineNumber":154,"author":{"gitId":"antrikshv"},"content":"     * Checks and adds the tasks, from the saved .txt file","lastModifiedDate":"2021-09-14"},{"lineNumber":155,"author":{"gitId":"antrikshv"},"content":"     *","lastModifiedDate":"2021-09-14"},{"lineNumber":156,"author":{"gitId":"antrikshv"},"content":"     * @param command a String[] containing task information stored in the file","lastModifiedDate":"2021-09-14"},{"lineNumber":157,"author":{"gitId":"antrikshv"},"content":"     */","lastModifiedDate":"2021-09-14"},{"lineNumber":158,"author":{"gitId":"antrikshv"},"content":"    private static void loadingManager(String[] command) {","lastModifiedDate":"2021-09-14"},{"lineNumber":159,"author":{"gitId":"antrikshv"},"content":"        switch (command[0]) {","lastModifiedDate":"2021-09-14"},{"lineNumber":160,"author":{"gitId":"antrikshv"},"content":"        case \"todo\":","lastModifiedDate":"2021-09-14"},{"lineNumber":161,"author":{"gitId":"antrikshv"},"content":"            ToDo taskTodo \u003d new ToDo(command[2]);","lastModifiedDate":"2021-09-14"},{"lineNumber":162,"author":{"gitId":"antrikshv"},"content":"            taskList.add(taskTodo);","lastModifiedDate":"2021-09-14"},{"lineNumber":163,"author":{"gitId":"antrikshv"},"content":"            break;","lastModifiedDate":"2021-09-14"},{"lineNumber":164,"author":{"gitId":"antrikshv"},"content":"        case \"deadline\":","lastModifiedDate":"2021-09-14"},{"lineNumber":165,"author":{"gitId":"antrikshv"},"content":"            Deadlines taskDeadline \u003d new Deadlines(command[2], command[3]);","lastModifiedDate":"2021-09-14"},{"lineNumber":166,"author":{"gitId":"antrikshv"},"content":"            taskList.add(taskDeadline);","lastModifiedDate":"2021-09-14"},{"lineNumber":167,"author":{"gitId":"antrikshv"},"content":"            break;","lastModifiedDate":"2021-09-14"},{"lineNumber":168,"author":{"gitId":"antrikshv"},"content":"        case \"event\":","lastModifiedDate":"2021-09-14"},{"lineNumber":169,"author":{"gitId":"antrikshv"},"content":"            Event taskEvent \u003d new Event(command[2], command[3]);","lastModifiedDate":"2021-09-14"},{"lineNumber":170,"author":{"gitId":"antrikshv"},"content":"            taskList.add(taskEvent);","lastModifiedDate":"2021-09-14"},{"lineNumber":171,"author":{"gitId":"antrikshv"},"content":"            break;","lastModifiedDate":"2021-09-14"},{"lineNumber":172,"author":{"gitId":"antrikshv"},"content":"        default:","lastModifiedDate":"2021-09-14"},{"lineNumber":173,"author":{"gitId":"antrikshv"},"content":"            System.out.println(\"file error\");","lastModifiedDate":"2021-09-14"},{"lineNumber":174,"author":{"gitId":"antrikshv"},"content":"        }","lastModifiedDate":"2021-09-14"},{"lineNumber":175,"author":{"gitId":"antrikshv"},"content":"        if (command[1].equalsIgnoreCase(\"X\")) {","lastModifiedDate":"2021-09-14"},{"lineNumber":176,"author":{"gitId":"antrikshv"},"content":"            taskList.get(taskList.size() - 1).markAsDone();","lastModifiedDate":"2021-09-14"},{"lineNumber":177,"author":{"gitId":"antrikshv"},"content":"        }","lastModifiedDate":"2021-09-14"},{"lineNumber":178,"author":{"gitId":"antrikshv"},"content":"    }","lastModifiedDate":"2021-09-14"},{"lineNumber":179,"author":{"gitId":"antrikshv"},"content":"","lastModifiedDate":"2021-09-14"},{"lineNumber":180,"author":{"gitId":"antrikshv"},"content":"    /**","lastModifiedDate":"2021-09-14"},{"lineNumber":181,"author":{"gitId":"antrikshv"},"content":"     * Checks to see which command the user has input","lastModifiedDate":"2021-09-14"},{"lineNumber":182,"author":{"gitId":"antrikshv"},"content":"     *","lastModifiedDate":"2021-09-14"},{"lineNumber":183,"author":{"gitId":"antrikshv"},"content":"     * @param command  the set of instructions the user input in a String array","lastModifiedDate":"2021-09-14"},{"lineNumber":184,"author":{"gitId":"antrikshv"},"content":"     * @param response the string of the user input","lastModifiedDate":"2021-09-14"},{"lineNumber":185,"author":{"gitId":"antrikshv"},"content":"     */","lastModifiedDate":"2021-09-14"},{"lineNumber":186,"author":{"gitId":"antrikshv"},"content":"    private static void instructionManager(String[] command, String response) {","lastModifiedDate":"2021-09-14"},{"lineNumber":187,"author":{"gitId":"antrikshv"},"content":"        try {","lastModifiedDate":"2021-09-09"},{"lineNumber":188,"author":{"gitId":"antrikshv"},"content":"            if (command[0].equalsIgnoreCase(\"add\")) {","lastModifiedDate":"2021-09-14"},{"lineNumber":189,"author":{"gitId":"antrikshv"},"content":"                taskManager(command, response);","lastModifiedDate":"2021-09-14"},{"lineNumber":190,"author":{"gitId":"antrikshv"},"content":"            } else {","lastModifiedDate":"2021-09-14"},{"lineNumber":191,"author":{"gitId":"antrikshv"},"content":"                remove(command);","lastModifiedDate":"2021-09-14"},{"lineNumber":192,"author":{"gitId":"antrikshv"},"content":"            }","lastModifiedDate":"2021-09-09"},{"lineNumber":193,"author":{"gitId":"antrikshv"},"content":"        } catch (RemoveException e) {","lastModifiedDate":"2021-09-14"},{"lineNumber":194,"author":{"gitId":"antrikshv"},"content":"            System.out.println(e.getMessage());","lastModifiedDate":"2021-09-09"},{"lineNumber":195,"author":{"gitId":"antrikshv"},"content":"        } finally {","lastModifiedDate":"2021-09-09"},{"lineNumber":196,"author":{"gitId":"antrikshv"},"content":"            lineBreak();","lastModifiedDate":"2021-09-09"},{"lineNumber":197,"author":{"gitId":"antrikshv"},"content":"        }","lastModifiedDate":"2021-09-09"},{"lineNumber":198,"author":{"gitId":"antrikshv"},"content":"    }","lastModifiedDate":"2021-09-09"},{"lineNumber":199,"author":{"gitId":"antrikshv"},"content":"","lastModifiedDate":"2021-09-09"},{"lineNumber":200,"author":{"gitId":"antrikshv"},"content":"    /**","lastModifiedDate":"2021-09-14"},{"lineNumber":201,"author":{"gitId":"antrikshv"},"content":"     * Deciphers the specific task that the user wants to add to the list","lastModifiedDate":"2021-09-14"},{"lineNumber":202,"author":{"gitId":"antrikshv"},"content":"     *","lastModifiedDate":"2021-09-14"},{"lineNumber":203,"author":{"gitId":"antrikshv"},"content":"     * @param command  the set of instructions the user input in a String array","lastModifiedDate":"2021-09-14"},{"lineNumber":204,"author":{"gitId":"antrikshv"},"content":"     * @param response the string of the user input","lastModifiedDate":"2021-09-14"},{"lineNumber":205,"author":{"gitId":"antrikshv"},"content":"     */","lastModifiedDate":"2021-09-14"},{"lineNumber":206,"author":{"gitId":"antrikshv"},"content":"    private static void taskManager(String[] command, String response) {","lastModifiedDate":"2021-09-13"},{"lineNumber":207,"author":{"gitId":"antrikshv"},"content":"        String TaskType \u003d command[1];","lastModifiedDate":"2021-09-14"},{"lineNumber":208,"author":{"gitId":"antrikshv"},"content":"        try {","lastModifiedDate":"2021-09-08"},{"lineNumber":209,"author":{"gitId":"antrikshv"},"content":"            if ((command.length \u003d\u003d 2) || (command[2].isEmpty())) {","lastModifiedDate":"2021-09-14"},{"lineNumber":210,"author":{"gitId":"antrikshv"},"content":"                throw new TaskException();","lastModifiedDate":"2021-09-08"},{"lineNumber":211,"author":{"gitId":"antrikshv"},"content":"            } else if (command[1].equalsIgnoreCase(\"event\")) {","lastModifiedDate":"2021-09-14"},{"lineNumber":212,"author":{"gitId":"antrikshv"},"content":"                Event(response);","lastModifiedDate":"2021-09-13"},{"lineNumber":213,"author":{"gitId":"antrikshv"},"content":"            } else if (command[1].equalsIgnoreCase(\"todo\")) {","lastModifiedDate":"2021-09-14"},{"lineNumber":214,"author":{"gitId":"antrikshv"},"content":"                toDo(response);","lastModifiedDate":"2021-09-13"},{"lineNumber":215,"author":{"gitId":"antrikshv"},"content":"            } else if (command[1].equalsIgnoreCase(\"deadline\")) {","lastModifiedDate":"2021-09-14"},{"lineNumber":216,"author":{"gitId":"antrikshv"},"content":"                deadLine(response);","lastModifiedDate":"2021-09-13"},{"lineNumber":217,"author":{"gitId":"antrikshv"},"content":"            }","lastModifiedDate":"2021-09-08"},{"lineNumber":218,"author":{"gitId":"antrikshv"},"content":"        } catch (TaskException e) {","lastModifiedDate":"2021-09-08"},{"lineNumber":219,"author":{"gitId":"antrikshv"},"content":"            System.out.println(\"please specify \" + TaskType + \" to add!\");","lastModifiedDate":"2021-09-08"},{"lineNumber":220,"author":{"gitId":"antrikshv"},"content":"        } catch (TimeException e) {","lastModifiedDate":"2021-09-08"},{"lineNumber":221,"author":{"gitId":"antrikshv"},"content":"            System.out.println(e.getMessage());","lastModifiedDate":"2021-09-08"},{"lineNumber":222,"author":{"gitId":"antrikshv"},"content":"        }","lastModifiedDate":"2021-09-14"},{"lineNumber":223,"author":{"gitId":"antrikshv"},"content":"    }","lastModifiedDate":"2021-09-14"},{"lineNumber":224,"author":{"gitId":"antrikshv"},"content":"","lastModifiedDate":"2021-09-14"},{"lineNumber":225,"author":{"gitId":"antrikshv"},"content":"    /**","lastModifiedDate":"2021-09-14"},{"lineNumber":226,"author":{"gitId":"antrikshv"},"content":"     * Deciphers whether the user wants to do or undo a specific task","lastModifiedDate":"2021-09-14"},{"lineNumber":227,"author":{"gitId":"antrikshv"},"content":"     *","lastModifiedDate":"2021-09-14"},{"lineNumber":228,"author":{"gitId":"antrikshv"},"content":"     * @param command  the set of instructions the user input in a String array","lastModifiedDate":"2021-09-14"},{"lineNumber":229,"author":{"gitId":"antrikshv"},"content":"     * @param response the string of the user input","lastModifiedDate":"2021-09-14"},{"lineNumber":230,"author":{"gitId":"antrikshv"},"content":"     */","lastModifiedDate":"2021-09-14"},{"lineNumber":231,"author":{"gitId":"antrikshv"},"content":"    private static void doUndoManager(String[] command, String response) {","lastModifiedDate":"2021-09-14"},{"lineNumber":232,"author":{"gitId":"antrikshv"},"content":"        try {","lastModifiedDate":"2021-09-14"},{"lineNumber":233,"author":{"gitId":"antrikshv"},"content":"            if (command[0].equalsIgnoreCase(\"done\")) {","lastModifiedDate":"2021-09-14"},{"lineNumber":234,"author":{"gitId":"antrikshv"},"content":"                done(response);","lastModifiedDate":"2021-09-14"},{"lineNumber":235,"author":{"gitId":"antrikshv"},"content":"            } else if (command[0].equalsIgnoreCase(\"undo\")) {","lastModifiedDate":"2021-09-14"},{"lineNumber":236,"author":{"gitId":"antrikshv"},"content":"                undo(response);","lastModifiedDate":"2021-09-14"},{"lineNumber":237,"author":{"gitId":"antrikshv"},"content":"            }","lastModifiedDate":"2021-09-14"},{"lineNumber":238,"author":{"gitId":"antrikshv"},"content":"        } catch (DoneUndoException e) {","lastModifiedDate":"2021-09-14"},{"lineNumber":239,"author":{"gitId":"antrikshv"},"content":"            System.out.println(e.getMessage());","lastModifiedDate":"2021-09-14"},{"lineNumber":240,"author":{"gitId":"antrikshv"},"content":"        } finally {","lastModifiedDate":"2021-09-08"},{"lineNumber":241,"author":{"gitId":"antrikshv"},"content":"            lineBreak();","lastModifiedDate":"2021-09-08"},{"lineNumber":242,"author":{"gitId":"antrikshv"},"content":"        }","lastModifiedDate":"2021-09-08"},{"lineNumber":243,"author":{"gitId":"antrikshv"},"content":"    }","lastModifiedDate":"2021-09-08"},{"lineNumber":244,"author":{"gitId":"antrikshv"},"content":"","lastModifiedDate":"2021-09-08"},{"lineNumber":245,"author":{"gitId":"antrikshv"},"content":"    /**","lastModifiedDate":"2021-09-14"},{"lineNumber":246,"author":{"gitId":"antrikshv"},"content":"     * removes a task from the list","lastModifiedDate":"2021-09-14"},{"lineNumber":247,"author":{"gitId":"antrikshv"},"content":"     *","lastModifiedDate":"2021-09-14"},{"lineNumber":248,"author":{"gitId":"antrikshv"},"content":"     * @param command a String[] containing task information stored in the file","lastModifiedDate":"2021-09-14"},{"lineNumber":249,"author":{"gitId":"antrikshv"},"content":"     */","lastModifiedDate":"2021-09-14"},{"lineNumber":250,"author":{"gitId":"antrikshv"},"content":"    private static void remove(String[] command) throws RemoveException {","lastModifiedDate":"2021-09-14"},{"lineNumber":251,"author":{"gitId":"antrikshv"},"content":"        int i \u003d Integer.parseInt(command[1]);","lastModifiedDate":"2021-09-14"},{"lineNumber":252,"author":{"gitId":"antrikshv"},"content":"        if (i \u003e taskList.size()) {","lastModifiedDate":"2021-09-14"},{"lineNumber":253,"author":{"gitId":"antrikshv"},"content":"            throw new RemoveException(\"That task does not exist\");","lastModifiedDate":"2021-09-14"},{"lineNumber":254,"author":{"gitId":"antrikshv"},"content":"        }","lastModifiedDate":"2021-09-14"},{"lineNumber":255,"author":{"gitId":"antrikshv"},"content":"        System.out.println(\"Understood, I have removed \"","lastModifiedDate":"2021-09-14"},{"lineNumber":256,"author":{"gitId":"antrikshv"},"content":"                + taskList.get(i - 1).description);","lastModifiedDate":"2021-09-14"},{"lineNumber":257,"author":{"gitId":"antrikshv"},"content":"        taskList.remove(i - 1);","lastModifiedDate":"2021-09-14"},{"lineNumber":258,"author":{"gitId":"antrikshv"},"content":"        System.out.println(\"Tasks remaining \u003d \" + taskList.size());","lastModifiedDate":"2021-09-14"},{"lineNumber":259,"author":{"gitId":"antrikshv"},"content":"    }","lastModifiedDate":"2021-09-14"},{"lineNumber":260,"author":{"gitId":"antrikshv"},"content":"","lastModifiedDate":"2021-09-14"},{"lineNumber":261,"author":{"gitId":"antrikshv"},"content":"    /**","lastModifiedDate":"2021-09-14"},{"lineNumber":262,"author":{"gitId":"antrikshv"},"content":"     * Adds an event to the list of Tasks","lastModifiedDate":"2021-09-14"},{"lineNumber":263,"author":{"gitId":"antrikshv"},"content":"     *","lastModifiedDate":"2021-09-14"},{"lineNumber":264,"author":{"gitId":"antrikshv"},"content":"     * @param response the string of the user input","lastModifiedDate":"2021-09-14"},{"lineNumber":265,"author":{"gitId":"antrikshv"},"content":"     */","lastModifiedDate":"2021-09-14"},{"lineNumber":266,"author":{"gitId":"antrikshv"},"content":"    private static void Event(String response)","lastModifiedDate":"2021-09-13"},{"lineNumber":267,"author":{"gitId":"antrikshv"},"content":"            throws TimeException {","lastModifiedDate":"2021-09-08"},{"lineNumber":268,"author":{"gitId":"antrikshv"},"content":"        String timing \u003d \" (at: \" + response.substring(response.indexOf(\"/\") + TIME_COMMAND)","lastModifiedDate":"2021-09-14"},{"lineNumber":269,"author":{"gitId":"antrikshv"},"content":"                + \")\";","lastModifiedDate":"2021-09-14"},{"lineNumber":270,"author":{"gitId":"antrikshv"},"content":"","lastModifiedDate":"2021-09-08"},{"lineNumber":271,"author":{"gitId":"antrikshv"},"content":"        if (response.indexOf(\"/\") \u003c\u003d 0) {","lastModifiedDate":"2021-09-08"},{"lineNumber":272,"author":{"gitId":"antrikshv"},"content":"            throw new TimeException(\"when is it being held? \" +","lastModifiedDate":"2021-09-08"},{"lineNumber":273,"author":{"gitId":"antrikshv"},"content":"                    \"[indicate by adding: /at your_timing]\");","lastModifiedDate":"2021-09-08"},{"lineNumber":274,"author":{"gitId":"antrikshv"},"content":"        }","lastModifiedDate":"2021-09-08"},{"lineNumber":275,"author":{"gitId":"antrikshv"},"content":"        Event event \u003d new Event(response.substring","lastModifiedDate":"2021-09-08"},{"lineNumber":276,"author":{"gitId":"antrikshv"},"content":"                (EVENT_LENGTH, response.indexOf(\"/\") - 1), timing);","lastModifiedDate":"2021-09-08"},{"lineNumber":277,"author":{"gitId":"antrikshv"},"content":"        addToList(event);","lastModifiedDate":"2021-09-13"},{"lineNumber":278,"author":{"gitId":"antrikshv"},"content":"","lastModifiedDate":"2021-09-08"},{"lineNumber":279,"author":{"gitId":"antrikshv"},"content":"    }","lastModifiedDate":"2021-09-08"},{"lineNumber":280,"author":{"gitId":"antrikshv"},"content":"","lastModifiedDate":"2021-09-08"},{"lineNumber":281,"author":{"gitId":"antrikshv"},"content":"    /**","lastModifiedDate":"2021-09-14"},{"lineNumber":282,"author":{"gitId":"antrikshv"},"content":"     * Adds an deadline to the list of Tasks","lastModifiedDate":"2021-09-14"},{"lineNumber":283,"author":{"gitId":"antrikshv"},"content":"     *","lastModifiedDate":"2021-09-14"},{"lineNumber":284,"author":{"gitId":"antrikshv"},"content":"     * @param response the string of the user input","lastModifiedDate":"2021-09-14"},{"lineNumber":285,"author":{"gitId":"antrikshv"},"content":"     */","lastModifiedDate":"2021-09-14"},{"lineNumber":286,"author":{"gitId":"antrikshv"},"content":"    private static void deadLine(String response)","lastModifiedDate":"2021-09-13"},{"lineNumber":287,"author":{"gitId":"antrikshv"},"content":"            throws TimeException {","lastModifiedDate":"2021-09-08"},{"lineNumber":288,"author":{"gitId":"antrikshv"},"content":"        String timing \u003d \" (by: \" + response.substring(response.indexOf(\"/\") + TIME_COMMAND)","lastModifiedDate":"2021-09-14"},{"lineNumber":289,"author":{"gitId":"antrikshv"},"content":"                + \")\";","lastModifiedDate":"2021-09-14"},{"lineNumber":290,"author":{"gitId":"antrikshv"},"content":"","lastModifiedDate":"2021-09-08"},{"lineNumber":291,"author":{"gitId":"antrikshv"},"content":"        if (response.indexOf(\"/\") \u003c\u003d 0) {","lastModifiedDate":"2021-09-08"},{"lineNumber":292,"author":{"gitId":"antrikshv"},"content":"            throw new TimeException(\"when is it due? \" +","lastModifiedDate":"2021-09-08"},{"lineNumber":293,"author":{"gitId":"antrikshv"},"content":"                    \"[indicate by adding: /by your_timing]\");","lastModifiedDate":"2021-09-08"},{"lineNumber":294,"author":{"gitId":"antrikshv"},"content":"        }","lastModifiedDate":"2021-09-08"},{"lineNumber":295,"author":{"gitId":"antrikshv"},"content":"        Deadlines work \u003d new Deadlines(response.substring","lastModifiedDate":"2021-09-08"},{"lineNumber":296,"author":{"gitId":"antrikshv"},"content":"                (DEADLINE_LENGTH, response.indexOf(\"/\") - 1),","lastModifiedDate":"2021-09-08"},{"lineNumber":297,"author":{"gitId":"antrikshv"},"content":"                timing);","lastModifiedDate":"2021-09-08"},{"lineNumber":298,"author":{"gitId":"antrikshv"},"content":"        addToList(work);","lastModifiedDate":"2021-09-13"},{"lineNumber":299,"author":{"gitId":"antrikshv"},"content":"    }","lastModifiedDate":"2021-09-08"},{"lineNumber":300,"author":{"gitId":"antrikshv"},"content":"","lastModifiedDate":"2021-09-08"},{"lineNumber":301,"author":{"gitId":"antrikshv"},"content":"    /**","lastModifiedDate":"2021-09-14"},{"lineNumber":302,"author":{"gitId":"antrikshv"},"content":"     * Adds a toDo to the list of Tasks","lastModifiedDate":"2021-09-14"},{"lineNumber":303,"author":{"gitId":"antrikshv"},"content":"     *","lastModifiedDate":"2021-09-14"},{"lineNumber":304,"author":{"gitId":"antrikshv"},"content":"     * @param response the string of the user input","lastModifiedDate":"2021-09-14"},{"lineNumber":305,"author":{"gitId":"antrikshv"},"content":"     */","lastModifiedDate":"2021-09-14"},{"lineNumber":306,"author":{"gitId":"antrikshv"},"content":"    private static void toDo(String response) {","lastModifiedDate":"2021-09-13"},{"lineNumber":307,"author":{"gitId":"antrikshv"},"content":"        ToDo task \u003d new ToDo(response.substring(TODO_LENGTH));","lastModifiedDate":"2021-09-14"},{"lineNumber":308,"author":{"gitId":"antrikshv"},"content":"        addToList(task);","lastModifiedDate":"2021-09-13"},{"lineNumber":309,"author":{"gitId":"antrikshv"},"content":"    }","lastModifiedDate":"2021-09-08"},{"lineNumber":310,"author":{"gitId":"antrikshv"},"content":"","lastModifiedDate":"2021-09-08"},{"lineNumber":311,"author":{"gitId":"antrikshv"},"content":"    /**","lastModifiedDate":"2021-09-14"},{"lineNumber":312,"author":{"gitId":"antrikshv"},"content":"     * marks task as done","lastModifiedDate":"2021-09-14"},{"lineNumber":313,"author":{"gitId":"antrikshv"},"content":"     *","lastModifiedDate":"2021-09-14"},{"lineNumber":314,"author":{"gitId":"antrikshv"},"content":"     * @param response the string of the user input","lastModifiedDate":"2021-09-14"},{"lineNumber":315,"author":{"gitId":"antrikshv"},"content":"     */","lastModifiedDate":"2021-09-14"},{"lineNumber":316,"author":{"gitId":"antrikshv"},"content":"    private static void done(String response) throws DoneUndoException {","lastModifiedDate":"2021-09-13"},{"lineNumber":317,"author":{"gitId":"antrikshv"},"content":"        int i \u003d Integer.parseInt(response.substring(5)) - 1;","lastModifiedDate":"2021-09-01"},{"lineNumber":318,"author":{"gitId":"antrikshv"},"content":"        if (taskList.get(i).isDone) {","lastModifiedDate":"2021-09-13"},{"lineNumber":319,"author":{"gitId":"antrikshv"},"content":"            throw new DoneUndoException(\"Task is already completed\");","lastModifiedDate":"2021-09-09"},{"lineNumber":320,"author":{"gitId":"antrikshv"},"content":"        }","lastModifiedDate":"2021-09-09"},{"lineNumber":321,"author":{"gitId":"antrikshv"},"content":"        taskList.get(i).markAsDone();","lastModifiedDate":"2021-09-13"},{"lineNumber":322,"author":{"gitId":"antrikshv"},"content":"        System.out.println(\"Nice! i have marked this task as done:\\n [\"","lastModifiedDate":"2021-09-01"},{"lineNumber":323,"author":{"gitId":"antrikshv"},"content":"                + taskList.get(i).getStatusIcon() + \"] \"","lastModifiedDate":"2021-09-13"},{"lineNumber":324,"author":{"gitId":"antrikshv"},"content":"                + taskList.get(i).getDescription());","lastModifiedDate":"2021-09-13"},{"lineNumber":325,"author":{"gitId":"antrikshv"},"content":"    }","lastModifiedDate":"2021-09-09"},{"lineNumber":326,"author":{"gitId":"antrikshv"},"content":"","lastModifiedDate":"2021-09-09"},{"lineNumber":327,"author":{"gitId":"antrikshv"},"content":"    /**","lastModifiedDate":"2021-09-14"},{"lineNumber":328,"author":{"gitId":"antrikshv"},"content":"     * marks task as undone","lastModifiedDate":"2021-09-14"},{"lineNumber":329,"author":{"gitId":"antrikshv"},"content":"     *","lastModifiedDate":"2021-09-14"},{"lineNumber":330,"author":{"gitId":"antrikshv"},"content":"     * @param response the string of the user input","lastModifiedDate":"2021-09-14"},{"lineNumber":331,"author":{"gitId":"antrikshv"},"content":"     */","lastModifiedDate":"2021-09-14"},{"lineNumber":332,"author":{"gitId":"antrikshv"},"content":"    private static void undo(String response) throws DoneUndoException {","lastModifiedDate":"2021-09-13"},{"lineNumber":333,"author":{"gitId":"antrikshv"},"content":"        int i \u003d Integer.parseInt(response.substring(5)) - 1;","lastModifiedDate":"2021-09-09"},{"lineNumber":334,"author":{"gitId":"antrikshv"},"content":"        if (!taskList.get(i).isDone) {","lastModifiedDate":"2021-09-13"},{"lineNumber":335,"author":{"gitId":"antrikshv"},"content":"            throw new DoneUndoException(\"Task is currently incomplete\");","lastModifiedDate":"2021-09-09"},{"lineNumber":336,"author":{"gitId":"antrikshv"},"content":"        }","lastModifiedDate":"2021-09-09"},{"lineNumber":337,"author":{"gitId":"antrikshv"},"content":"        taskList.get(i).undo();","lastModifiedDate":"2021-09-13"},{"lineNumber":338,"author":{"gitId":"antrikshv"},"content":"        System.out.println(\"Ok i have changed the status for the specific task:\\n [\"","lastModifiedDate":"2021-09-09"},{"lineNumber":339,"author":{"gitId":"antrikshv"},"content":"                + taskList.get(i).getStatusIcon() + \"] \"","lastModifiedDate":"2021-09-13"},{"lineNumber":340,"author":{"gitId":"antrikshv"},"content":"                + taskList.get(i).getDescription());","lastModifiedDate":"2021-09-13"},{"lineNumber":341,"author":{"gitId":"antrikshv"},"content":"    }","lastModifiedDate":"2021-09-01"},{"lineNumber":342,"author":{"gitId":"antrikshv"},"content":"","lastModifiedDate":"2021-09-01"},{"lineNumber":343,"author":{"gitId":"antrikshv"},"content":"    /**","lastModifiedDate":"2021-09-14"},{"lineNumber":344,"author":{"gitId":"antrikshv"},"content":"     * Adds a task to the list","lastModifiedDate":"2021-09-14"},{"lineNumber":345,"author":{"gitId":"antrikshv"},"content":"     *","lastModifiedDate":"2021-09-14"},{"lineNumber":346,"author":{"gitId":"antrikshv"},"content":"     * @param task task that is being added into the list","lastModifiedDate":"2021-09-14"},{"lineNumber":347,"author":{"gitId":"antrikshv"},"content":"     */","lastModifiedDate":"2021-09-14"},{"lineNumber":348,"author":{"gitId":"antrikshv"},"content":"    private static void addToList(Task task) {","lastModifiedDate":"2021-09-13"},{"lineNumber":349,"author":{"gitId":"antrikshv"},"content":"        taskList.add(task);","lastModifiedDate":"2021-09-13"},{"lineNumber":350,"author":{"gitId":"antrikshv"},"content":"        System.out.println(\"Task added: \" + task);","lastModifiedDate":"2021-09-01"},{"lineNumber":351,"author":{"gitId":"antrikshv"},"content":"        System.out.println(\"Total no. of Tasks \u003d \" + (taskList.size()));","lastModifiedDate":"2021-09-13"},{"lineNumber":352,"author":{"gitId":"antrikshv"},"content":"    }","lastModifiedDate":"2021-09-01"},{"lineNumber":353,"author":{"gitId":"antrikshv"},"content":"","lastModifiedDate":"2021-09-01"},{"lineNumber":354,"author":{"gitId":"antrikshv"},"content":"    /**","lastModifiedDate":"2021-09-14"},{"lineNumber":355,"author":{"gitId":"antrikshv"},"content":"     * Below goes into a mode in ikaros, where user input is echoed","lastModifiedDate":"2021-09-14"},{"lineNumber":356,"author":{"gitId":"antrikshv"},"content":"     */","lastModifiedDate":"2021-09-14"},{"lineNumber":357,"author":{"gitId":"antrikshv"},"content":"    public static void echo() {","lastModifiedDate":"2021-09-01"},{"lineNumber":358,"author":{"gitId":"antrikshv"},"content":"        System.out.println(\"Life is a mirror and will reflect back to \"","lastModifiedDate":"2021-08-25"},{"lineNumber":359,"author":{"gitId":"antrikshv"},"content":"                + \"the thinker what\\nhe thinks into it, echoing commencing\");","lastModifiedDate":"2021-08-25"},{"lineNumber":360,"author":{"gitId":"antrikshv"},"content":"        lineBreak();","lastModifiedDate":"2021-09-01"},{"lineNumber":361,"author":{"gitId":"antrikshv"},"content":"        Scanner in \u003d new Scanner(System.in);","lastModifiedDate":"2021-08-25"},{"lineNumber":362,"author":{"gitId":"antrikshv"},"content":"        String response;","lastModifiedDate":"2021-08-25"},{"lineNumber":363,"author":{"gitId":"antrikshv"},"content":"        response \u003d in.nextLine();","lastModifiedDate":"2021-08-25"},{"lineNumber":364,"author":{"gitId":"antrikshv"},"content":"        lineBreak();","lastModifiedDate":"2021-09-01"},{"lineNumber":365,"author":{"gitId":"antrikshv"},"content":"        while (!response.equals(\"exit\")) {","lastModifiedDate":"2021-08-25"},{"lineNumber":366,"author":{"gitId":"antrikshv"},"content":"            System.out.println(response);","lastModifiedDate":"2021-08-25"},{"lineNumber":367,"author":{"gitId":"antrikshv"},"content":"            lineBreak();","lastModifiedDate":"2021-09-01"},{"lineNumber":368,"author":{"gitId":"antrikshv"},"content":"            response \u003d in.nextLine();","lastModifiedDate":"2021-08-25"},{"lineNumber":369,"author":{"gitId":"antrikshv"},"content":"            lineBreak();","lastModifiedDate":"2021-09-01"},{"lineNumber":370,"author":{"gitId":"antrikshv"},"content":"        }","lastModifiedDate":"2021-08-25"},{"lineNumber":371,"author":{"gitId":"antrikshv"},"content":"    }","lastModifiedDate":"2021-08-25"},{"lineNumber":372,"author":{"gitId":"antrikshv"},"content":"","lastModifiedDate":"2021-08-25"},{"lineNumber":373,"author":{"gitId":"antrikshv"},"content":"    /**","lastModifiedDate":"2021-09-14"},{"lineNumber":374,"author":{"gitId":"antrikshv"},"content":"     * prints the list of tasks","lastModifiedDate":"2021-09-14"},{"lineNumber":375,"author":{"gitId":"antrikshv"},"content":"     */","lastModifiedDate":"2021-09-14"},{"lineNumber":376,"author":{"gitId":"antrikshv"},"content":"    public static void printList() {","lastModifiedDate":"2021-09-13"},{"lineNumber":377,"author":{"gitId":"antrikshv"},"content":"        int i \u003d 1;","lastModifiedDate":"2021-09-13"},{"lineNumber":378,"author":{"gitId":"antrikshv"},"content":"        System.out.println(\"Here are the tasks in your list:\");","lastModifiedDate":"2021-08-25"},{"lineNumber":379,"author":{"gitId":"antrikshv"},"content":"        for (Task task : taskList) {","lastModifiedDate":"2021-09-13"},{"lineNumber":380,"author":{"gitId":"antrikshv"},"content":"            System.out.println(i + \".[\" + task.getTaskID() + \"]\" +","lastModifiedDate":"2021-09-13"},{"lineNumber":381,"author":{"gitId":"antrikshv"},"content":"                    \"[\" + task.getStatusIcon() +","lastModifiedDate":"2021-09-13"},{"lineNumber":382,"author":{"gitId":"antrikshv"},"content":"                    \"] \" + task.description + task.getDate());","lastModifiedDate":"2021-09-13"},{"lineNumber":383,"author":{"gitId":"antrikshv"},"content":"            i++;","lastModifiedDate":"2021-09-13"},{"lineNumber":384,"author":{"gitId":"antrikshv"},"content":"        }","lastModifiedDate":"2021-08-25"},{"lineNumber":385,"author":{"gitId":"antrikshv"},"content":"    }","lastModifiedDate":"2021-08-25"},{"lineNumber":386,"author":{"gitId":"antrikshv"},"content":"","lastModifiedDate":"2021-09-14"},{"lineNumber":387,"author":{"gitId":"antrikshv"},"content":"    /**","lastModifiedDate":"2021-09-14"},{"lineNumber":388,"author":{"gitId":"antrikshv"},"content":"     * line separator","lastModifiedDate":"2021-09-14"},{"lineNumber":389,"author":{"gitId":"antrikshv"},"content":"     */","lastModifiedDate":"2021-09-14"},{"lineNumber":390,"author":{"gitId":"antrikshv"},"content":"    private static void lineBreak() {","lastModifiedDate":"2021-09-14"},{"lineNumber":391,"author":{"gitId":"antrikshv"},"content":"        String lineBreak \u003d \"...........................\" +","lastModifiedDate":"2021-09-14"},{"lineNumber":392,"author":{"gitId":"antrikshv"},"content":"                \".......................................\";","lastModifiedDate":"2021-09-14"},{"lineNumber":393,"author":{"gitId":"antrikshv"},"content":"        System.out.println(lineBreak);","lastModifiedDate":"2021-09-14"},{"lineNumber":394,"author":{"gitId":"antrikshv"},"content":"    }","lastModifiedDate":"2021-09-14"},{"lineNumber":395,"author":{"gitId":"antrikshv"},"content":"","lastModifiedDate":"2021-09-14"},{"lineNumber":396,"author":{"gitId":"antrikshv"},"content":"    /**","lastModifiedDate":"2021-09-14"},{"lineNumber":397,"author":{"gitId":"antrikshv"},"content":"     * Greet user","lastModifiedDate":"2021-09-14"},{"lineNumber":398,"author":{"gitId":"antrikshv"},"content":"     */","lastModifiedDate":"2021-09-14"},{"lineNumber":399,"author":{"gitId":"antrikshv"},"content":"    private static void IntroductoryMessage() {","lastModifiedDate":"2021-09-14"},{"lineNumber":400,"author":{"gitId":"antrikshv"},"content":"        String logo \u003d \"  /\\\\ _ /\\\\\\n\"","lastModifiedDate":"2021-09-14"},{"lineNumber":401,"author":{"gitId":"antrikshv"},"content":"                + \" #  @ @  #    Welcome to IKAROS!\\n\"","lastModifiedDate":"2021-09-14"},{"lineNumber":402,"author":{"gitId":"antrikshv"},"content":"                + \" #   ^   #  Your one and only butler\\n\"","lastModifiedDate":"2021-09-14"},{"lineNumber":403,"author":{"gitId":"antrikshv"},"content":"                + \" #########\";","lastModifiedDate":"2021-09-14"},{"lineNumber":404,"author":{"gitId":"antrikshv"},"content":"        lineBreak();","lastModifiedDate":"2021-09-14"},{"lineNumber":405,"author":{"gitId":"antrikshv"},"content":"","lastModifiedDate":"2021-09-14"},{"lineNumber":406,"author":{"gitId":"antrikshv"},"content":"        System.out.println(logo);","lastModifiedDate":"2021-09-14"},{"lineNumber":407,"author":{"gitId":"antrikshv"},"content":"        lineBreak();","lastModifiedDate":"2021-09-14"},{"lineNumber":408,"author":{"gitId":"antrikshv"},"content":"        System.out.println(\"Below is your current list of tasks.\"","lastModifiedDate":"2021-09-14"},{"lineNumber":409,"author":{"gitId":"antrikshv"},"content":"                + System.lineSeparator()","lastModifiedDate":"2021-09-14"},{"lineNumber":410,"author":{"gitId":"antrikshv"},"content":"                + \"What further assistance do you require?\");","lastModifiedDate":"2021-09-14"},{"lineNumber":411,"author":{"gitId":"antrikshv"},"content":"        lineBreak();","lastModifiedDate":"2021-09-14"},{"lineNumber":412,"author":{"gitId":"antrikshv"},"content":"    }","lastModifiedDate":"2021-09-14"},{"lineNumber":413,"author":{"gitId":"antrikshv"},"content":"","lastModifiedDate":"2021-09-14"},{"lineNumber":414,"author":{"gitId":"antrikshv"},"content":"    /**","lastModifiedDate":"2021-09-14"},{"lineNumber":415,"author":{"gitId":"antrikshv"},"content":"     * Bid Farewell to the user","lastModifiedDate":"2021-09-14"},{"lineNumber":416,"author":{"gitId":"antrikshv"},"content":"     */","lastModifiedDate":"2021-09-14"},{"lineNumber":417,"author":{"gitId":"antrikshv"},"content":"    private static void goodbyeMessage() {","lastModifiedDate":"2021-09-14"},{"lineNumber":418,"author":{"gitId":"antrikshv"},"content":"        System.out.println(\"GoodBye, Ikaros awaits for future commands\");","lastModifiedDate":"2021-09-14"},{"lineNumber":419,"author":{"gitId":"antrikshv"},"content":"        lineBreak();","lastModifiedDate":"2021-09-14"},{"lineNumber":420,"author":{"gitId":"antrikshv"},"content":"    }","lastModifiedDate":"2021-09-14"},{"lineNumber":421,"author":{"gitId":"-"},"content":"}","lastModifiedDate":"2019-07-29"}],"authorContributionMap":{"antrikshv":419,"-":2}},{"path":"src/main/java/duke/Exceptions/DoneUndoException.java","fileType":"java","lines":[{"lineNumber":1,"author":{"gitId":"antrikshv"},"content":"package duke.Exceptions;","lastModifiedDate":"2021-09-09"},{"lineNumber":2,"author":{"gitId":"antrikshv"},"content":"","lastModifiedDate":"2021-09-09"},{"lineNumber":3,"author":{"gitId":"antrikshv"},"content":"public class DoneUndoException extends Exception {","lastModifiedDate":"2021-09-09"},{"lineNumber":4,"author":{"gitId":"antrikshv"},"content":"    public DoneUndoException(String message) {","lastModifiedDate":"2021-09-09"},{"lineNumber":5,"author":{"gitId":"antrikshv"},"content":"        super(message);","lastModifiedDate":"2021-09-09"},{"lineNumber":6,"author":{"gitId":"antrikshv"},"content":"    }","lastModifiedDate":"2021-09-09"},{"lineNumber":7,"author":{"gitId":"antrikshv"},"content":"}","lastModifiedDate":"2021-09-09"}],"authorContributionMap":{"antrikshv":7}},{"path":"src/main/java/duke/Exceptions/RemoveException.java","fileType":"java","lines":[{"lineNumber":1,"author":{"gitId":"antrikshv"},"content":"package duke.Exceptions;","lastModifiedDate":"2021-09-14"},{"lineNumber":2,"author":{"gitId":"antrikshv"},"content":"","lastModifiedDate":"2021-09-14"},{"lineNumber":3,"author":{"gitId":"antrikshv"},"content":"public class RemoveException extends Exception{","lastModifiedDate":"2021-09-14"},{"lineNumber":4,"author":{"gitId":"antrikshv"},"content":"    public RemoveException(String message) {","lastModifiedDate":"2021-09-14"},{"lineNumber":5,"author":{"gitId":"antrikshv"},"content":"        super(message);","lastModifiedDate":"2021-09-14"},{"lineNumber":6,"author":{"gitId":"antrikshv"},"content":"    }","lastModifiedDate":"2021-09-14"},{"lineNumber":7,"author":{"gitId":"antrikshv"},"content":"}","lastModifiedDate":"2021-09-14"}],"authorContributionMap":{"antrikshv":7}},{"path":"src/main/java/duke/Exceptions/TaskException.java","fileType":"java","lines":[{"lineNumber":1,"author":{"gitId":"antrikshv"},"content":"package duke.Exceptions;","lastModifiedDate":"2021-09-08"},{"lineNumber":2,"author":{"gitId":"antrikshv"},"content":"","lastModifiedDate":"2021-09-08"},{"lineNumber":3,"author":{"gitId":"antrikshv"},"content":"public class TaskException extends Throwable {","lastModifiedDate":"2021-09-08"},{"lineNumber":4,"author":{"gitId":"antrikshv"},"content":"}","lastModifiedDate":"2021-09-08"}],"authorContributionMap":{"antrikshv":4}},{"path":"src/main/java/duke/Exceptions/TimeException.java","fileType":"java","lines":[{"lineNumber":1,"author":{"gitId":"antrikshv"},"content":"package duke.Exceptions;","lastModifiedDate":"2021-09-08"},{"lineNumber":2,"author":{"gitId":"antrikshv"},"content":"","lastModifiedDate":"2021-09-08"},{"lineNumber":3,"author":{"gitId":"antrikshv"},"content":"public class TimeException extends Exception {","lastModifiedDate":"2021-09-08"},{"lineNumber":4,"author":{"gitId":"antrikshv"},"content":"    public TimeException(String message) {","lastModifiedDate":"2021-09-08"},{"lineNumber":5,"author":{"gitId":"antrikshv"},"content":"        super(message);","lastModifiedDate":"2021-09-08"},{"lineNumber":6,"author":{"gitId":"antrikshv"},"content":"    }","lastModifiedDate":"2021-09-08"},{"lineNumber":7,"author":{"gitId":"antrikshv"},"content":"}","lastModifiedDate":"2021-09-08"}],"authorContributionMap":{"antrikshv":7}},{"path":"src/main/java/duke/List.java","fileType":"java","lines":[{"lineNumber":1,"author":{"gitId":"antrikshv"},"content":"package duke;","lastModifiedDate":"2021-09-08"},{"lineNumber":2,"author":{"gitId":"antrikshv"},"content":"","lastModifiedDate":"2021-09-08"},{"lineNumber":3,"author":{"gitId":"antrikshv"},"content":"public class List {","lastModifiedDate":"2021-09-08"},{"lineNumber":4,"author":{"gitId":"antrikshv"},"content":"    protected int listSize;","lastModifiedDate":"2021-09-08"},{"lineNumber":5,"author":{"gitId":"antrikshv"},"content":"","lastModifiedDate":"2021-09-08"},{"lineNumber":6,"author":{"gitId":"antrikshv"},"content":"    public List(int listSize) {","lastModifiedDate":"2021-09-08"},{"lineNumber":7,"author":{"gitId":"antrikshv"},"content":"        this.listSize \u003d listSize;","lastModifiedDate":"2021-09-08"},{"lineNumber":8,"author":{"gitId":"antrikshv"},"content":"    }","lastModifiedDate":"2021-09-08"},{"lineNumber":9,"author":{"gitId":"antrikshv"},"content":"}","lastModifiedDate":"2021-09-08"}],"authorContributionMap":{"antrikshv":9}},{"path":"src/main/java/duke/Task.java","fileType":"java","lines":[{"lineNumber":1,"author":{"gitId":"antrikshv"},"content":"package duke;","lastModifiedDate":"2021-09-08"},{"lineNumber":2,"author":{"gitId":"antrikshv"},"content":"","lastModifiedDate":"2021-09-08"},{"lineNumber":3,"author":{"gitId":"antrikshv"},"content":"public class Task {","lastModifiedDate":"2021-08-25"},{"lineNumber":4,"author":{"gitId":"antrikshv"},"content":"    protected String description;","lastModifiedDate":"2021-08-25"},{"lineNumber":5,"author":{"gitId":"antrikshv"},"content":"    protected boolean isDone;","lastModifiedDate":"2021-08-25"},{"lineNumber":6,"author":{"gitId":"antrikshv"},"content":"","lastModifiedDate":"2021-08-25"},{"lineNumber":7,"author":{"gitId":"antrikshv"},"content":"    public Task(String description) {","lastModifiedDate":"2021-08-25"},{"lineNumber":8,"author":{"gitId":"antrikshv"},"content":"        this.description \u003d description;","lastModifiedDate":"2021-08-25"},{"lineNumber":9,"author":{"gitId":"antrikshv"},"content":"        this.isDone \u003d false;","lastModifiedDate":"2021-08-25"},{"lineNumber":10,"author":{"gitId":"antrikshv"},"content":"    }","lastModifiedDate":"2021-08-25"},{"lineNumber":11,"author":{"gitId":"antrikshv"},"content":"","lastModifiedDate":"2021-08-25"},{"lineNumber":12,"author":{"gitId":"antrikshv"},"content":"    public String getDescription() {","lastModifiedDate":"2021-08-25"},{"lineNumber":13,"author":{"gitId":"antrikshv"},"content":"        return description;","lastModifiedDate":"2021-08-25"},{"lineNumber":14,"author":{"gitId":"antrikshv"},"content":"    }","lastModifiedDate":"2021-08-25"},{"lineNumber":15,"author":{"gitId":"antrikshv"},"content":"","lastModifiedDate":"2021-08-25"},{"lineNumber":16,"author":{"gitId":"antrikshv"},"content":"    public String getStatusIcon() {","lastModifiedDate":"2021-08-25"},{"lineNumber":17,"author":{"gitId":"antrikshv"},"content":"        return (isDone ? \"X\" : \" \"); // mark done task with X","lastModifiedDate":"2021-08-25"},{"lineNumber":18,"author":{"gitId":"antrikshv"},"content":"    }","lastModifiedDate":"2021-08-25"},{"lineNumber":19,"author":{"gitId":"antrikshv"},"content":"","lastModifiedDate":"2021-08-25"},{"lineNumber":20,"author":{"gitId":"antrikshv"},"content":"    public void markAsDone() {","lastModifiedDate":"2021-08-25"},{"lineNumber":21,"author":{"gitId":"antrikshv"},"content":"        this.isDone \u003d true;","lastModifiedDate":"2021-08-25"},{"lineNumber":22,"author":{"gitId":"antrikshv"},"content":"    }","lastModifiedDate":"2021-08-25"},{"lineNumber":23,"author":{"gitId":"antrikshv"},"content":"","lastModifiedDate":"2021-09-01"},{"lineNumber":24,"author":{"gitId":"antrikshv"},"content":"    public void undo() {","lastModifiedDate":"2021-09-09"},{"lineNumber":25,"author":{"gitId":"antrikshv"},"content":"        this.isDone \u003d false;","lastModifiedDate":"2021-09-09"},{"lineNumber":26,"author":{"gitId":"antrikshv"},"content":"    }","lastModifiedDate":"2021-09-09"},{"lineNumber":27,"author":{"gitId":"antrikshv"},"content":"","lastModifiedDate":"2021-09-09"},{"lineNumber":28,"author":{"gitId":"antrikshv"},"content":"    public String getTaskType() {","lastModifiedDate":"2021-09-01"},{"lineNumber":29,"author":{"gitId":"antrikshv"},"content":"        return getTaskType();","lastModifiedDate":"2021-09-01"},{"lineNumber":30,"author":{"gitId":"antrikshv"},"content":"    }","lastModifiedDate":"2021-09-01"},{"lineNumber":31,"author":{"gitId":"antrikshv"},"content":"","lastModifiedDate":"2021-09-01"},{"lineNumber":32,"author":{"gitId":"antrikshv"},"content":"    public String getTaskID() {","lastModifiedDate":"2021-09-08"},{"lineNumber":33,"author":{"gitId":"antrikshv"},"content":"        return getTaskID();","lastModifiedDate":"2021-09-08"},{"lineNumber":34,"author":{"gitId":"antrikshv"},"content":"    }","lastModifiedDate":"2021-09-08"},{"lineNumber":35,"author":{"gitId":"antrikshv"},"content":"","lastModifiedDate":"2021-09-08"},{"lineNumber":36,"author":{"gitId":"antrikshv"},"content":"    public String getDate() {","lastModifiedDate":"2021-09-01"},{"lineNumber":37,"author":{"gitId":"antrikshv"},"content":"        return getDate();","lastModifiedDate":"2021-09-01"},{"lineNumber":38,"author":{"gitId":"antrikshv"},"content":"    }","lastModifiedDate":"2021-09-01"},{"lineNumber":39,"author":{"gitId":"antrikshv"},"content":"}","lastModifiedDate":"2021-08-25"}],"authorContributionMap":{"antrikshv":39}},{"path":"src/main/java/duke/tasks/Deadlines.java","fileType":"java","lines":[{"lineNumber":1,"author":{"gitId":"antrikshv"},"content":"package duke.tasks;","lastModifiedDate":"2021-09-08"},{"lineNumber":2,"author":{"gitId":"antrikshv"},"content":"","lastModifiedDate":"2021-09-08"},{"lineNumber":3,"author":{"gitId":"antrikshv"},"content":"import duke.Task;","lastModifiedDate":"2021-09-08"},{"lineNumber":4,"author":{"gitId":"antrikshv"},"content":"","lastModifiedDate":"2021-09-08"},{"lineNumber":5,"author":{"gitId":"antrikshv"},"content":"public class Deadlines extends Task {","lastModifiedDate":"2021-09-01"},{"lineNumber":6,"author":{"gitId":"antrikshv"},"content":"    protected String date;","lastModifiedDate":"2021-09-01"},{"lineNumber":7,"author":{"gitId":"antrikshv"},"content":"","lastModifiedDate":"2021-09-01"},{"lineNumber":8,"author":{"gitId":"antrikshv"},"content":"    public Deadlines(String description, String date) {","lastModifiedDate":"2021-09-01"},{"lineNumber":9,"author":{"gitId":"antrikshv"},"content":"        super(description);","lastModifiedDate":"2021-09-01"},{"lineNumber":10,"author":{"gitId":"antrikshv"},"content":"        this.date \u003d date;","lastModifiedDate":"2021-09-01"},{"lineNumber":11,"author":{"gitId":"antrikshv"},"content":"    }","lastModifiedDate":"2021-09-01"},{"lineNumber":12,"author":{"gitId":"antrikshv"},"content":"","lastModifiedDate":"2021-09-01"},{"lineNumber":13,"author":{"gitId":"antrikshv"},"content":"    public String toString() {","lastModifiedDate":"2021-09-01"},{"lineNumber":14,"author":{"gitId":"antrikshv"},"content":"        return description;","lastModifiedDate":"2021-09-01"},{"lineNumber":15,"author":{"gitId":"antrikshv"},"content":"    }","lastModifiedDate":"2021-09-01"},{"lineNumber":16,"author":{"gitId":"antrikshv"},"content":"","lastModifiedDate":"2021-09-01"},{"lineNumber":17,"author":{"gitId":"antrikshv"},"content":"    public String getTaskType() {","lastModifiedDate":"2021-09-01"},{"lineNumber":18,"author":{"gitId":"antrikshv"},"content":"        return \"deadline\";","lastModifiedDate":"2021-09-14"},{"lineNumber":19,"author":{"gitId":"antrikshv"},"content":"    }","lastModifiedDate":"2021-09-01"},{"lineNumber":20,"author":{"gitId":"antrikshv"},"content":"","lastModifiedDate":"2021-09-01"},{"lineNumber":21,"author":{"gitId":"antrikshv"},"content":"    public String getTaskID() {","lastModifiedDate":"2021-09-08"},{"lineNumber":22,"author":{"gitId":"antrikshv"},"content":"        return \"D\";","lastModifiedDate":"2021-09-08"},{"lineNumber":23,"author":{"gitId":"antrikshv"},"content":"    }","lastModifiedDate":"2021-09-08"},{"lineNumber":24,"author":{"gitId":"antrikshv"},"content":"","lastModifiedDate":"2021-09-08"},{"lineNumber":25,"author":{"gitId":"antrikshv"},"content":"    public String getDate() {","lastModifiedDate":"2021-09-01"},{"lineNumber":26,"author":{"gitId":"antrikshv"},"content":"        return date;","lastModifiedDate":"2021-09-14"},{"lineNumber":27,"author":{"gitId":"antrikshv"},"content":"    }","lastModifiedDate":"2021-09-01"},{"lineNumber":28,"author":{"gitId":"antrikshv"},"content":"}","lastModifiedDate":"2021-09-01"}],"authorContributionMap":{"antrikshv":28}},{"path":"src/main/java/duke/tasks/Event.java","fileType":"java","lines":[{"lineNumber":1,"author":{"gitId":"antrikshv"},"content":"package duke.tasks;","lastModifiedDate":"2021-09-08"},{"lineNumber":2,"author":{"gitId":"antrikshv"},"content":"","lastModifiedDate":"2021-09-08"},{"lineNumber":3,"author":{"gitId":"antrikshv"},"content":"import duke.Task;","lastModifiedDate":"2021-09-08"},{"lineNumber":4,"author":{"gitId":"antrikshv"},"content":"","lastModifiedDate":"2021-09-08"},{"lineNumber":5,"author":{"gitId":"antrikshv"},"content":"public class Event extends Task {","lastModifiedDate":"2021-09-01"},{"lineNumber":6,"author":{"gitId":"antrikshv"},"content":"    protected String date;","lastModifiedDate":"2021-09-01"},{"lineNumber":7,"author":{"gitId":"antrikshv"},"content":"","lastModifiedDate":"2021-09-01"},{"lineNumber":8,"author":{"gitId":"antrikshv"},"content":"    public Event(String description, String date) {","lastModifiedDate":"2021-09-01"},{"lineNumber":9,"author":{"gitId":"antrikshv"},"content":"        super(description);","lastModifiedDate":"2021-09-01"},{"lineNumber":10,"author":{"gitId":"antrikshv"},"content":"        this.date \u003d date;","lastModifiedDate":"2021-09-01"},{"lineNumber":11,"author":{"gitId":"antrikshv"},"content":"    }","lastModifiedDate":"2021-09-01"},{"lineNumber":12,"author":{"gitId":"antrikshv"},"content":"","lastModifiedDate":"2021-09-01"},{"lineNumber":13,"author":{"gitId":"antrikshv"},"content":"    public String toString() {","lastModifiedDate":"2021-09-01"},{"lineNumber":14,"author":{"gitId":"antrikshv"},"content":"        return description;","lastModifiedDate":"2021-09-01"},{"lineNumber":15,"author":{"gitId":"antrikshv"},"content":"    }","lastModifiedDate":"2021-09-01"},{"lineNumber":16,"author":{"gitId":"antrikshv"},"content":"","lastModifiedDate":"2021-09-08"},{"lineNumber":17,"author":{"gitId":"antrikshv"},"content":"    public String getTaskType() {","lastModifiedDate":"2021-09-01"},{"lineNumber":18,"author":{"gitId":"antrikshv"},"content":"        return \"event\";","lastModifiedDate":"2021-09-14"},{"lineNumber":19,"author":{"gitId":"antrikshv"},"content":"    }","lastModifiedDate":"2021-09-01"},{"lineNumber":20,"author":{"gitId":"antrikshv"},"content":"","lastModifiedDate":"2021-09-08"},{"lineNumber":21,"author":{"gitId":"antrikshv"},"content":"    public String getTaskID() {","lastModifiedDate":"2021-09-08"},{"lineNumber":22,"author":{"gitId":"antrikshv"},"content":"        return \"E\";","lastModifiedDate":"2021-09-08"},{"lineNumber":23,"author":{"gitId":"antrikshv"},"content":"    }","lastModifiedDate":"2021-09-08"},{"lineNumber":24,"author":{"gitId":"antrikshv"},"content":"","lastModifiedDate":"2021-09-08"},{"lineNumber":25,"author":{"gitId":"antrikshv"},"content":"    public String getDate() {","lastModifiedDate":"2021-09-01"},{"lineNumber":26,"author":{"gitId":"antrikshv"},"content":"        return date;","lastModifiedDate":"2021-09-14"},{"lineNumber":27,"author":{"gitId":"antrikshv"},"content":"    }","lastModifiedDate":"2021-09-01"},{"lineNumber":28,"author":{"gitId":"antrikshv"},"content":"}","lastModifiedDate":"2021-09-01"}],"authorContributionMap":{"antrikshv":28}},{"path":"src/main/java/duke/tasks/ToDo.java","fileType":"java","lines":[{"lineNumber":1,"author":{"gitId":"antrikshv"},"content":"package duke.tasks;","lastModifiedDate":"2021-09-08"},{"lineNumber":2,"author":{"gitId":"antrikshv"},"content":"","lastModifiedDate":"2021-09-08"},{"lineNumber":3,"author":{"gitId":"antrikshv"},"content":"import duke.Task;","lastModifiedDate":"2021-09-08"},{"lineNumber":4,"author":{"gitId":"antrikshv"},"content":"","lastModifiedDate":"2021-09-08"},{"lineNumber":5,"author":{"gitId":"antrikshv"},"content":"public class ToDo extends Task {","lastModifiedDate":"2021-09-01"},{"lineNumber":6,"author":{"gitId":"antrikshv"},"content":"","lastModifiedDate":"2021-09-01"},{"lineNumber":7,"author":{"gitId":"antrikshv"},"content":"    public ToDo(String description) {","lastModifiedDate":"2021-09-01"},{"lineNumber":8,"author":{"gitId":"antrikshv"},"content":"        super(description);","lastModifiedDate":"2021-09-01"},{"lineNumber":9,"author":{"gitId":"antrikshv"},"content":"    }","lastModifiedDate":"2021-09-01"},{"lineNumber":10,"author":{"gitId":"antrikshv"},"content":"","lastModifiedDate":"2021-09-01"},{"lineNumber":11,"author":{"gitId":"antrikshv"},"content":"    public String toString() {","lastModifiedDate":"2021-09-01"},{"lineNumber":12,"author":{"gitId":"antrikshv"},"content":"        return description;","lastModifiedDate":"2021-09-01"},{"lineNumber":13,"author":{"gitId":"antrikshv"},"content":"    }","lastModifiedDate":"2021-09-01"},{"lineNumber":14,"author":{"gitId":"antrikshv"},"content":"","lastModifiedDate":"2021-09-01"},{"lineNumber":15,"author":{"gitId":"antrikshv"},"content":"    public String getTaskType() {","lastModifiedDate":"2021-09-01"},{"lineNumber":16,"author":{"gitId":"antrikshv"},"content":"        return \"todo\";","lastModifiedDate":"2021-09-14"},{"lineNumber":17,"author":{"gitId":"antrikshv"},"content":"    }","lastModifiedDate":"2021-09-01"},{"lineNumber":18,"author":{"gitId":"antrikshv"},"content":"","lastModifiedDate":"2021-09-08"},{"lineNumber":19,"author":{"gitId":"antrikshv"},"content":"    public String getTaskID() {","lastModifiedDate":"2021-09-08"},{"lineNumber":20,"author":{"gitId":"antrikshv"},"content":"        return \"T\";","lastModifiedDate":"2021-09-08"},{"lineNumber":21,"author":{"gitId":"antrikshv"},"content":"    }","lastModifiedDate":"2021-09-08"},{"lineNumber":22,"author":{"gitId":"antrikshv"},"content":"","lastModifiedDate":"2021-09-08"},{"lineNumber":23,"author":{"gitId":"antrikshv"},"content":"    public String getDate() {","lastModifiedDate":"2021-09-01"},{"lineNumber":24,"author":{"gitId":"antrikshv"},"content":"        return \" \";","lastModifiedDate":"2021-09-08"},{"lineNumber":25,"author":{"gitId":"antrikshv"},"content":"    }","lastModifiedDate":"2021-09-01"},{"lineNumber":26,"author":{"gitId":"antrikshv"},"content":"}","lastModifiedDate":"2021-09-01"}],"authorContributionMap":{"antrikshv":26}},{"path":"text-ui-test/input.txt","fileType":"txt","lines":[{"lineNumber":1,"author":{"gitId":"antrikshv"},"content":"hello","lastModifiedDate":"2021-09-14"},{"lineNumber":2,"author":{"gitId":"antrikshv"},"content":"add todo eat banana","lastModifiedDate":"2021-09-14"},{"lineNumber":3,"author":{"gitId":"antrikshv"},"content":"add deadline complete cs2113t tutorial prep /by wednesday","lastModifiedDate":"2021-09-14"},{"lineNumber":4,"author":{"gitId":"antrikshv"},"content":"add event freedom from shn /at 20 sept 12 noon","lastModifiedDate":"2021-09-14"},{"lineNumber":5,"author":{"gitId":"antrikshv"},"content":"list","lastModifiedDate":"2021-09-01"},{"lineNumber":6,"author":{"gitId":"antrikshv"},"content":"done 1","lastModifiedDate":"2021-09-01"},{"lineNumber":7,"author":{"gitId":"antrikshv"},"content":"list","lastModifiedDate":"2021-09-14"},{"lineNumber":8,"author":{"gitId":"antrikshv"},"content":"done 2","lastModifiedDate":"2021-09-14"},{"lineNumber":9,"author":{"gitId":"antrikshv"},"content":"list","lastModifiedDate":"2021-09-14"},{"lineNumber":10,"author":{"gitId":"antrikshv"},"content":"undo 2","lastModifiedDate":"2021-09-14"},{"lineNumber":11,"author":{"gitId":"antrikshv"},"content":"list","lastModifiedDate":"2021-09-14"},{"lineNumber":12,"author":{"gitId":"antrikshv"},"content":"remove 1","lastModifiedDate":"2021-09-14"},{"lineNumber":13,"author":{"gitId":"antrikshv"},"content":"list","lastModifiedDate":"2021-09-01"},{"lineNumber":14,"author":{"gitId":"antrikshv"},"content":"bye","lastModifiedDate":"2021-09-01"}],"authorContributionMap":{"antrikshv":14}},{"path":"text-ui-test/runtest.bat","fileType":"bat","lines":[{"lineNumber":1,"author":{"gitId":"-"},"content":"@ECHO OFF","lastModifiedDate":"2020-05-25"},{"lineNumber":2,"author":{"gitId":"-"},"content":"","lastModifiedDate":"2020-05-25"},{"lineNumber":3,"author":{"gitId":"-"},"content":"REM create bin directory if it doesn\u0027t exist","lastModifiedDate":"2020-05-25"},{"lineNumber":4,"author":{"gitId":"-"},"content":"if not exist ..\\bin mkdir ..\\bin","lastModifiedDate":"2020-05-25"},{"lineNumber":5,"author":{"gitId":"-"},"content":"","lastModifiedDate":"2020-05-25"},{"lineNumber":6,"author":{"gitId":"-"},"content":"REM delete output from previous run","lastModifiedDate":"2020-05-25"},{"lineNumber":7,"author":{"gitId":"-"},"content":"if exist ACTUAL.TXT del ACTUAL.TXT","lastModifiedDate":"2020-08-25"},{"lineNumber":8,"author":{"gitId":"-"},"content":"","lastModifiedDate":"2020-05-25"},{"lineNumber":9,"author":{"gitId":"-"},"content":"REM compile the code into the bin folder","lastModifiedDate":"2020-05-25"},{"lineNumber":10,"author":{"gitId":"antrikshv"},"content":"javac  -cp ..\\src\\main\\java -Xlint:none -d ..\\bin ..\\src\\main\\java\\duke\\*.java ..\\src\\main\\java\\duke\\tasks\\*.java ..\\src\\main\\java\\duke\\Exceptions\\*.java","lastModifiedDate":"2021-09-14"},{"lineNumber":11,"author":{"gitId":"-"},"content":"IF ERRORLEVEL 1 (","lastModifiedDate":"2020-05-25"},{"lineNumber":12,"author":{"gitId":"-"},"content":"    echo ********** BUILD FAILURE **********","lastModifiedDate":"2020-05-25"},{"lineNumber":13,"author":{"gitId":"-"},"content":"    exit /b 1","lastModifiedDate":"2020-05-25"},{"lineNumber":14,"author":{"gitId":"-"},"content":")","lastModifiedDate":"2020-05-25"},{"lineNumber":15,"author":{"gitId":"-"},"content":"REM no error here, errorlevel \u003d\u003d 0","lastModifiedDate":"2020-05-25"},{"lineNumber":16,"author":{"gitId":"-"},"content":"","lastModifiedDate":"2020-05-25"},{"lineNumber":17,"author":{"gitId":"-"},"content":"REM run the program, feed commands from input.txt file and redirect the output to the ACTUAL.TXT","lastModifiedDate":"2020-05-25"},{"lineNumber":18,"author":{"gitId":"antrikshv"},"content":"java -classpath ..\\bin duke.Duke \u003c input.txt \u003e ACTUAL.TXT","lastModifiedDate":"2021-09-14"},{"lineNumber":19,"author":{"gitId":"-"},"content":"","lastModifiedDate":"2020-05-25"},{"lineNumber":20,"author":{"gitId":"-"},"content":"REM compare the output to the expected output","lastModifiedDate":"2020-05-25"},{"lineNumber":21,"author":{"gitId":"-"},"content":"FC ACTUAL.TXT EXPECTED.TXT","lastModifiedDate":"2020-05-25"}],"authorContributionMap":{"antrikshv":2,"-":19}}]
