{"authorDailyContributionsMap":{"BryanElmer":[{"date":"2021-08-18","commitResults":[{"hash":"8d651cde073e0ef50717c287d17072ca5452d5e2","messageTitle":"Level-0","messageBody":"Greet\n","tags":["Level-0"],"fileTypesAndContributionMap":{"java":{"insertions":10,"deletions":1}}}]},{"date":"2021-08-22","commitResults":[{"hash":"553e8a402571131c0523cf375a8d100876550f51","messageTitle":"Level-1","messageBody":"Greet, Echo, Exit\n","tags":["Level-1"],"fileTypesAndContributionMap":{"java":{"insertions":27,"deletions":8}}},{"hash":"f43c47e606be5a6bd7ff8348b368c0c90fcc425c","messageTitle":"Level-2","messageBody":"Add, List\n","fileTypesAndContributionMap":{"java":{"insertions":32,"deletions":0}}},{"hash":"5e5567474788753b69979bcae1639edc99b912d5","messageTitle":"Level-2","messageBody":"Fixed numbering bug in list\n","tags":["Level-2"],"fileTypesAndContributionMap":{"java":{"insertions":1,"deletions":1}}},{"hash":"469a79df845a653bd3682d081faf00e3b2704f69","messageTitle":"Level-3","messageBody":"Added task class and mark as done feature\n","tags":["Level-3","A-CodingStandard"],"fileTypesAndContributionMap":{"java":{"insertions":73,"deletions":39}}}]},{"date":"2021-08-25","commitResults":[{"hash":"a821304e5b3154f91e5878556aa85143ccf8eb8a","messageTitle":"Added feature to allow multiple tasks to be done at once","messageBody":"Fixed gui for task dones\n","fileTypesAndContributionMap":{"java":{"insertions":59,"deletions":11}}},{"hash":"4779711777e267df3ba2e829d920e29ca873e1a6","messageTitle":"Added feature to identify non indexes when setting task to done","messageBody":"","fileTypesAndContributionMap":{"java":{"insertions":41,"deletions":3}}}]},{"date":"2021-08-29","commitResults":[{"hash":"e689bc4ed31f3dd9b6b4610da98dd328f3e825d0","messageTitle":"Added TaskManager, DisplayManager, Todo, Deadline, and Event classes","messageBody":"Refactored codes in Duke file into new classes\n","fileTypesAndContributionMap":{"java":{"insertions":309,"deletions":151}}},{"hash":"528b74c98c22b3c45ea61c5ad88f589954bdcbb9","messageTitle":"Refactored setAsDone and printing method in TaskManager","messageBody":"Refactored printing methods into DisplayManager\n","tags":["Level-4"],"fileTypesAndContributionMap":{"java":{"insertions":125,"deletions":48}}}]},{"date":"2021-08-31","commitResults":[{"hash":"d76021e48604ad0ea35876cc198ce30182a421bc","messageTitle":"Added automated text UI testing","messageBody":"","tags":["A-TextUiTesting"],"fileTypesAndContributionMap":{"txt":{"insertions":11,"deletions":0},"java":{"insertions":16,"deletions":9},"bat":{"insertions":5,"deletions":0}}},{"hash":"a5d4b38727158d1dd5bf0642ef22ecf78fca6171","messageTitle":"Refactored code in TaskManager","messageBody":"","tags":["A-CodeQuality"],"fileTypesAndContributionMap":{"java":{"insertions":5,"deletions":2}}}]},{"date":"2021-09-07","commitResults":[{"hash":"a15138087a1c5e629913b31f9e525e2e32a4cfa1","messageTitle":"Added error handling for unknown and incomplete commands","messageBody":"","fileTypesAndContributionMap":{"java":{"insertions":24,"deletions":4}}},{"hash":"e81743638dae99afc48e5e69ce1ee404fa64d2d8","messageTitle":"Added DukeException class and fixed previous error handling","messageBody":"","fileTypesAndContributionMap":{"java":{"insertions":33,"deletions":21}}},{"hash":"4f5825fc1b2a684af6c5aebcade3a725ac8c1776","messageTitle":"Organised classes into duke.task and duke.command packages","messageBody":"","fileTypesAndContributionMap":{"java":{"insertions":31,"deletions":3}}}]},{"date":"2021-09-12","commitResults":[{"hash":"451fccf1fa46ce3c28e5d854f9c91c8298754efb","messageTitle":"Changed tasks array to ArrayList and fixed functions with tasks","messageBody":"","tags":["A-Collections"],"fileTypesAndContributionMap":{"java":{"insertions":24,"deletions":17}}},{"hash":"058a82942b17928d7557c8ece89874fe28040b5e","messageTitle":"Added basic delete task feature","messageBody":"","fileTypesAndContributionMap":{"java":{"insertions":75,"deletions":3}}}]},{"date":"2021-09-14","commitResults":[{"hash":"f7de46507109c70a5e6a2a22dcdf5fce195c937a","messageTitle":"Fixed bug in deleteTask function","messageBody":"","fileTypesAndContributionMap":{"java":{"insertions":8,"deletions":15}}},{"hash":"d10e16731e443bd6eba753f626a25910f555389f","messageTitle":"Added FileManager class","messageBody":"Implemented basic read and write to file\n","fileTypesAndContributionMap":{"java":{"insertions":266,"deletions":35}}},{"hash":"3a08b7f8f5b9a2d8266e48f4730d07f0fe72b0d0","messageTitle":"Fixed file update after marking as done and deleting","messageBody":"","fileTypesAndContributionMap":{"java":{"insertions":12,"deletions":1}}},{"hash":"622b874643693b5275bc17e9bcd2b1071b81fd33","messageTitle":"Removed debugging codes in FileManager","messageBody":"","fileTypesAndContributionMap":{"java":{"insertions":0,"deletions":6}}},{"hash":"e1c4ab42e07a802b5199ddab92864220d054a68f","messageTitle":"Fixed bug unable to delete tasks marked as done","messageBody":"","fileTypesAndContributionMap":{"java":{"insertions":18,"deletions":1}}},{"hash":"4c7d49ba11cd3c68b9177428c385c04b8cd71b18","messageTitle":"Cleaned up code","messageBody":"","tags":["A-Jar"],"fileTypesAndContributionMap":{"java":{"insertions":37,"deletions":14}}}]},{"date":"2021-09-26","commitResults":[{"hash":"39e5e3caf62b0747372a4d14e5946fce6ec26af3","messageTitle":"Fixed bug that removes at and by characters from commands","messageBody":"","fileTypesAndContributionMap":{"java":{"insertions":3,"deletions":3}}}]},{"date":"2021-09-27","commitResults":[{"hash":"69e771510720a877d7477f94743a8d487d0647cf","messageTitle":"Changed package organisation","messageBody":"","fileTypesAndContributionMap":{"java":{"insertions":25,"deletions":23}}},{"hash":"68c25e0dbb1d95c343c5886f4c3911692af079ed","messageTitle":"Fixed package organisation","messageBody":"","fileTypesAndContributionMap":{"java":{"insertions":14,"deletions":7}}}]},{"date":"2021-09-28","commitResults":[{"hash":"fc8318dd3a4a1f73495d0e16ad022ad8228f7a0e","messageTitle":"Refactored parsing functions to new class Parser","messageBody":"","fileTypesAndContributionMap":{"java":{"insertions":56,"deletions":38}}},{"hash":"9d491010e65062691198b5dfe83bb86f4747d68d","messageTitle":"Added Command, DeleteCommand, SetDoneCommand classes","messageBody":"","fileTypesAndContributionMap":{"java":{"insertions":82,"deletions":15}}},{"hash":"fe90893bbe379fa90f1a07346aad8899e76e2d08","messageTitle":"Added DeadlineCommand, EventCommand, ToDoCommand classes","messageBody":"","fileTypesAndContributionMap":{"java":{"insertions":107,"deletions":30}}},{"hash":"be5598cd85d46369f8236e3b1b7482e018935738","messageTitle":"Cleaned up commented out codes","messageBody":"","fileTypesAndContributionMap":{"java":{"insertions":0,"deletions":5}}}]},{"date":"2021-09-29","commitResults":[{"hash":"fa4ef2d11df61ba9ea73df8f0883c38b7cac5ad8","messageTitle":"Add ListCommand and ExitCommand classes","messageBody":"","fileTypesAndContributionMap":{"java":{"insertions":22,"deletions":0}}},{"hash":"ef98405d96cf14867f43c27b0f2263fa0c8460cd","messageTitle":"Fix command classes","messageBody":"","fileTypesAndContributionMap":{"java":{"insertions":19,"deletions":8}}},{"hash":"287e1ecfb61fd6dcd20ad110c747b6191086bd20","messageTitle":"Reformat main function, add constructor and run function","messageBody":"","fileTypesAndContributionMap":{"java":{"insertions":35,"deletions":88}}},{"hash":"92774a9922c71792b2b3fd4abf05aabca00ffe13","messageTitle":"Refactored processReply function from duke to parser class","messageBody":"","fileTypesAndContributionMap":{"java":{"insertions":91,"deletions":4}}},{"hash":"d7574084426409aeaa4488280900a140c923c202","messageTitle":"Rename parseFile function to load and fix bugs","messageBody":"","fileTypesAndContributionMap":{"java":{"insertions":12,"deletions":16}}},{"hash":"d3f5819f31fbace5bcee753244b3b73b0609a5d9","messageTitle":"Fix minor bugs in DisplayManager class","messageBody":"","fileTypesAndContributionMap":{"java":{"insertions":1,"deletions":1}}},{"hash":"20822979ea89705cd54c71c6c972b8c2faad9a55","messageTitle":"Fix variables to final","messageBody":"","tags":["A-MoreOOP"],"fileTypesAndContributionMap":{"java":{"insertions":6,"deletions":10}}},{"hash":"db9f800065dd28c455f00afdef3db6bac56a4146","messageTitle":"Added docs for ExitCommand and ListCommand classes","messageBody":"","fileTypesAndContributionMap":{"java":{"insertions":12,"deletions":2}}},{"hash":"3d5b8653cc6ae4b0ec7b94875897175ff8689918","messageTitle":"Fix docs and import statements in Parser class","messageBody":"","fileTypesAndContributionMap":{"java":{"insertions":11,"deletions":3}}},{"hash":"578b1f22e5071903817d46bed501bd2d9fd8115f","messageTitle":"Fix import statements in Duke class","messageBody":"","fileTypesAndContributionMap":{"java":{"insertions":2,"deletions":1}}},{"hash":"98bc671c4e7fb34d57f9c52c1486830c2c0c8ba1","messageTitle":"Add FindCommand class and getDescription function in Task class","messageBody":"","fileTypesAndContributionMap":{"java":{"insertions":6,"deletions":0}}},{"hash":"b3bc30d2a0ff226d2760c2026337921f01ece7d8","messageTitle":"Fixed FindCommand class","messageBody":"","fileTypesAndContributionMap":{"java":{"insertions":25,"deletions":1}}},{"hash":"76b5315ecf5bb798e70582200cabe882f5e8bf07","messageTitle":"Add findTask function in TaskManager class","messageBody":"","fileTypesAndContributionMap":{"java":{"insertions":15,"deletions":5}}},{"hash":"a2bd904739b117d2cc28beff54d35f36a089d79e","messageTitle":"Add printFindResult function in DisplayManager class","messageBody":"","fileTypesAndContributionMap":{"java":{"insertions":12,"deletions":0}}},{"hash":"cb903f41d80d7868e8b096c14604ec031cbd85d9","messageTitle":"Fixed parse function to accept find command","messageBody":"","fileTypesAndContributionMap":{"java":{"insertions":11,"deletions":8}}}]},{"date":"2021-09-30","commitResults":[{"hash":"2e3079e1745568e7a091c20f5a099af91521e081","messageTitle":"Add java docs for Duke class","messageBody":"","fileTypesAndContributionMap":{"java":{"insertions":8,"deletions":0}}},{"hash":"6b9da929844c5f25c16f3f1758cca9a624f94d31","messageTitle":"Add java docs for TaskManager class","messageBody":"","fileTypesAndContributionMap":{"java":{"insertions":96,"deletions":11}}},{"hash":"c77156ebcdb8a4152a23075d7c2bb66c7b0e86e3","messageTitle":"Add java docs for Parser class","messageBody":"","fileTypesAndContributionMap":{"java":{"insertions":3,"deletions":0}}},{"hash":"d033abeef46a3d26c610db28876ec42b03d3bbf4","messageTitle":"Fix java docs for Parser and TaskManager class","messageBody":"","fileTypesAndContributionMap":{"java":{"insertions":5,"deletions":4}}},{"hash":"6295dd69b0a0786b8def7d7a871031e48576ba70","messageTitle":"Add java docs for DisplayManager class","messageBody":"","fileTypesAndContributionMap":{"java":{"insertions":90,"deletions":8}}},{"hash":"90f07ff7182b7627bf312153d9c3119117ed479f","messageTitle":"Add java docs for FileManager class","messageBody":"","fileTypesAndContributionMap":{"java":{"insertions":29,"deletions":1}}},{"hash":"2bd46611b0abd870de167fd23a597e1dc61c326f","messageTitle":"Add java docs for DukeException class","messageBody":"","fileTypesAndContributionMap":{"java":{"insertions":8,"deletions":0}}},{"hash":"ea7ff83f715f22552988e22373cae7e1ce43069d","messageTitle":"Add java docs for command classes","messageBody":"","fileTypesAndContributionMap":{"java":{"insertions":28,"deletions":0}}},{"hash":"ae649191c206aa02a0ce8b92f0c43cb140f86488","messageTitle":"Add java docs to all types of task classes","messageBody":"","fileTypesAndContributionMap":{"java":{"insertions":69,"deletions":0}}},{"hash":"c1c4f8f184842f8d67ecfbc35663c982cff89ef7","messageTitle":"Add quick start section to README.md","messageBody":"","fileTypesAndContributionMap":{"md":{"insertions":30,"deletions":3}}},{"hash":"92d05815d996155d0da4ca3d3b0bfccb0137a548","messageTitle":"Finish user guide","messageBody":"","fileTypesAndContributionMap":{"md":{"insertions":164,"deletions":12}}},{"hash":"8e5669b912ff06a0a55c09a15f1d28d27622c33b","messageTitle":"Fix README.md link bugs","messageBody":"","fileTypesAndContributionMap":{"md":{"insertions":21,"deletions":12}}},{"hash":"55820f71071f7b748ebf7837801f03849739134a","messageTitle":"Bug fix for quick start section","messageBody":"","fileTypesAndContributionMap":{"md":{"insertions":2,"deletions":0}}},{"hash":"913012cc404205dc8cf384e6716ae127fc96a446","messageTitle":"Fix bug case sensitive commands","messageBody":"","fileTypesAndContributionMap":{"java":{"insertions":2,"deletions":2}}},{"hash":"87c53ccaa2fd6fc520750e60b3c79a4786c8827b","messageTitle":"Changed to html components","messageBody":"","fileTypesAndContributionMap":{"md":{"insertions":14,"deletions":10}}},{"hash":"04634c37c3cc79087a917d31dbf4638c42e0dc84","messageTitle":"Fix quick start separator bug","messageBody":"","fileTypesAndContributionMap":{"md":{"insertions":4,"deletions":2}}},{"hash":"c7caac4066e20c2352b9d89c967ab3ecc135938f","messageTitle":"Bug fix for horizontal separators","messageBody":"","fileTypesAndContributionMap":{"md":{"insertions":15,"deletions":0}}},{"hash":"c318940d36d332de77b2abcbf0ba738457bebd1c","messageTitle":"Fixed add todo section name","messageBody":"","fileTypesAndContributionMap":{"md":{"insertions":22,"deletions":23}}},{"hash":"fb85ea59c7227cf2bf7444dcfe8f30d88899e6ec","messageTitle":"Add warning note for manual file edit","messageBody":"","tags":["A-UserGuide"],"fileTypesAndContributionMap":{"md":{"insertions":3,"deletions":1}}}]}]},"authorFileTypeContributionMap":{"BryanElmer":{"java":1384,"md":218,"fxml":0,"sh":0,"bat":5,"gradle":0,"txt":11}},"authorContributionVariance":{"BryanElmer":5401.654},"authorDisplayNameMap":{"BryanElmer":"CS2113T-W12-4 BRYA..JONO"}}
