{"authorDailyContributionsMap":{"BryanElmer":[{"date":"2021-08-18","commitResults":[{"hash":"8d651cde073e0ef50717c287d17072ca5452d5e2","messageTitle":"Level-0","messageBody":"Greet\n","tags":["Level-0"],"fileTypesAndContributionMap":{"java":{"insertions":10,"deletions":1}}}]},{"date":"2021-08-22","commitResults":[{"hash":"553e8a402571131c0523cf375a8d100876550f51","messageTitle":"Level-1","messageBody":"Greet, Echo, Exit\n","tags":["Level-1"],"fileTypesAndContributionMap":{"java":{"insertions":27,"deletions":8}}},{"hash":"f43c47e606be5a6bd7ff8348b368c0c90fcc425c","messageTitle":"Level-2","messageBody":"Add, List\n","fileTypesAndContributionMap":{"java":{"insertions":32,"deletions":0}}},{"hash":"5e5567474788753b69979bcae1639edc99b912d5","messageTitle":"Level-2","messageBody":"Fixed numbering bug in list\n","tags":["Level-2"],"fileTypesAndContributionMap":{"java":{"insertions":1,"deletions":1}}},{"hash":"469a79df845a653bd3682d081faf00e3b2704f69","messageTitle":"Level-3","messageBody":"Added task class and mark as done feature\n","tags":["Level-3","A-CodingStandard"],"fileTypesAndContributionMap":{"java":{"insertions":73,"deletions":39}}}]},{"date":"2021-08-25","commitResults":[{"hash":"a821304e5b3154f91e5878556aa85143ccf8eb8a","messageTitle":"Added feature to allow multiple tasks to be done at once","messageBody":"Fixed gui for task dones\n","fileTypesAndContributionMap":{"java":{"insertions":59,"deletions":11}}},{"hash":"4779711777e267df3ba2e829d920e29ca873e1a6","messageTitle":"Added feature to identify non indexes when setting task to done","messageBody":"","fileTypesAndContributionMap":{"java":{"insertions":41,"deletions":3}}}]},{"date":"2021-08-29","commitResults":[{"hash":"e689bc4ed31f3dd9b6b4610da98dd328f3e825d0","messageTitle":"Added TaskManager, DisplayManager, Todo, Deadline, and Event classes","messageBody":"Refactored codes in Duke file into new classes\n","fileTypesAndContributionMap":{"java":{"insertions":309,"deletions":151}}},{"hash":"528b74c98c22b3c45ea61c5ad88f589954bdcbb9","messageTitle":"Refactored setAsDone and printing method in TaskManager","messageBody":"Refactored printing methods into DisplayManager\n","tags":["Level-4"],"fileTypesAndContributionMap":{"java":{"insertions":125,"deletions":48}}}]},{"date":"2021-08-31","commitResults":[{"hash":"d76021e48604ad0ea35876cc198ce30182a421bc","messageTitle":"Added automated text UI testing","messageBody":"","tags":["A-TextUiTesting"],"fileTypesAndContributionMap":{"txt":{"insertions":11,"deletions":0},"java":{"insertions":16,"deletions":9},"bat":{"insertions":5,"deletions":0}}},{"hash":"a5d4b38727158d1dd5bf0642ef22ecf78fca6171","messageTitle":"Refactored code in TaskManager","messageBody":"","tags":["A-CodeQuality"],"fileTypesAndContributionMap":{"java":{"insertions":5,"deletions":2}}}]},{"date":"2021-09-07","commitResults":[{"hash":"a15138087a1c5e629913b31f9e525e2e32a4cfa1","messageTitle":"Added error handling for unknown and incomplete commands","messageBody":"","fileTypesAndContributionMap":{"java":{"insertions":24,"deletions":4}}},{"hash":"e81743638dae99afc48e5e69ce1ee404fa64d2d8","messageTitle":"Added DukeException class and fixed previous error handling","messageBody":"","fileTypesAndContributionMap":{"java":{"insertions":33,"deletions":21}}},{"hash":"4f5825fc1b2a684af6c5aebcade3a725ac8c1776","messageTitle":"Organised classes into duke.task and duke.command packages","messageBody":"","fileTypesAndContributionMap":{"java":{"insertions":31,"deletions":3}}}]},{"date":"2021-09-12","commitResults":[{"hash":"451fccf1fa46ce3c28e5d854f9c91c8298754efb","messageTitle":"Changed tasks array to ArrayList and fixed functions with tasks","messageBody":"","tags":["A-Collections"],"fileTypesAndContributionMap":{"java":{"insertions":24,"deletions":17}}},{"hash":"058a82942b17928d7557c8ece89874fe28040b5e","messageTitle":"Added basic delete task feature","messageBody":"","fileTypesAndContributionMap":{"java":{"insertions":75,"deletions":3}}}]},{"date":"2021-09-14","commitResults":[{"hash":"f7de46507109c70a5e6a2a22dcdf5fce195c937a","messageTitle":"Fixed bug in deleteTask function","messageBody":"","fileTypesAndContributionMap":{"java":{"insertions":8,"deletions":15}}},{"hash":"d10e16731e443bd6eba753f626a25910f555389f","messageTitle":"Added FileManager class","messageBody":"Implemented basic read and write to file\n","fileTypesAndContributionMap":{"java":{"insertions":266,"deletions":35}}},{"hash":"3a08b7f8f5b9a2d8266e48f4730d07f0fe72b0d0","messageTitle":"Fixed file update after marking as done and deleting","messageBody":"","fileTypesAndContributionMap":{"java":{"insertions":12,"deletions":1}}},{"hash":"622b874643693b5275bc17e9bcd2b1071b81fd33","messageTitle":"Removed debugging codes in FileManager","messageBody":"","fileTypesAndContributionMap":{"java":{"insertions":0,"deletions":6}}},{"hash":"e1c4ab42e07a802b5199ddab92864220d054a68f","messageTitle":"Fixed bug unable to delete tasks marked as done","messageBody":"","tags":["A-Jar"],"fileTypesAndContributionMap":{"java":{"insertions":18,"deletions":1}}}]}]},"authorFileTypeContributionMap":{"BryanElmer":{"java":743,"md":0,"fxml":0,"sh":0,"bat":5,"gradle":0,"txt":11}},"authorContributionVariance":{"BryanElmer":2457.641},"authorDisplayNameMap":{"BryanElmer":"CS2113T-W12-4 BRYA..JONO"}}
