{"authorDailyContributionsMap":{"arraysius":[{"date":"2021-08-15","commitResults":[{"hash":"0920b56c306a64278e909b83598f0dbb5a424b52","messageTitle":"Add greeting and bye messages","messageBody":"","tags":["Level-0"],"fileTypesAndContributionMap":{"java":{"insertions":12,"deletions":0}}}]},{"date":"2021-08-23","commitResults":[{"hash":"1c9cd954a6e0095ff6d9e9e54d44c7b6baac3230","messageTitle":"Implement command echo and exit","messageBody":"* Add blockPrint function for formatted printing\n* Add echo functionality\n* Add custom greeting and bye messages\n","tags":["Level-1"],"fileTypesAndContributionMap":{"java":{"insertions":37,"deletions":12}}},{"hash":"6010120161677c91e1a120f9ab2ef0cc93d8b819","messageTitle":"Implement add and list task functionality","messageBody":"* Add TaskManager class for centralised task management\n* Add Task class to represent individual task objects","fileTypesAndContributionMap":{"java":{"insertions":53,"deletions":7}}},{"hash":"097b8e2ed63c2aecb6e9d51982661b97bf5e34cf","messageTitle":"Move task indexing to main function","messageBody":"TaskManager indexes tasks for output message.\n\nTaskManager should keep track of tasks instead of performing data manipulation.\n\n* Move indexing of tasks for output message to main function","fileTypesAndContributionMap":{"java":{"insertions":13,"deletions":8}}},{"hash":"1268528873c2fe258460ae7601e8006a3a183a66","messageTitle":"Add \"this\" keyword to return statement of task description","messageBody":"","tags":["Level-2"],"fileTypesAndContributionMap":{"java":{"insertions":1,"deletions":1}}},{"hash":"799dc57aab09f4f8d46db2775076fc52f1858d9a","messageTitle":"Implement task completion","messageBody":"* Add functionality to mark tasks as done in TaskManager and Task\n* Create dedicated functions for command actions\n* Convert command activation from if-else to switch statement","fileTypesAndContributionMap":{"java":{"insertions":61,"deletions":27}}},{"hash":"7d1c1a8425b567db061b0ddba28447d6183ffd24","messageTitle":"Refactor code for user input and taskIndex decrement","messageBody":"* Move user input String declaration into event loop\n* Move taskIndex decrement to main function","tags":["Level-3"],"fileTypesAndContributionMap":{"java":{"insertions":6,"deletions":4}}},{"hash":"8b9535f1e719cf53f564e3dba766e0f4ad7c88ae","messageTitle":"Refactor code to comply with coding standard","messageBody":"* Add Javadocs\n* Add constants\n* Fix indentations","tags":["A-CodingStandard"],"fileTypesAndContributionMap":{"java":{"insertions":56,"deletions":23}}}]}]},"authorFileTypeContributionMap":{"arraysius":{"java":163,"md":0,"fxml":0,"sh":0,"bat":0,"gradle":0,"txt":0}},"authorContributionVariance":{"arraysius":430.58258},"authorDisplayNameMap":{"arraysius":"LEE ..SIUS"}}
