{"authorDailyContributionsMap":{"qqkoh":[{"date":"2021-08-25","commitResults":[{"hash":"ff105c2f6a3bfa6a4f4d6762bbd113f58e556a73","messageTitle":"Add greeting.","messageBody":"","tags":["Level-0"],"fileTypesAndContributionMap":{"java":{"insertions":7,"deletions":0}}},{"hash":"6aa04fc4ae67d33dd8364ac2b6da4eabe86de914","messageTitle":"Add greet, echo, exit.","messageBody":"","tags":["Level-1"],"fileTypesAndContributionMap":{"java":{"insertions":18,"deletions":7}}},{"hash":"2b39fd3cad10f9813329bb555a9d61d960a8efe8","messageTitle":"Add the ability to store text entered by the user and display them back to the user.","messageBody":"","tags":["Level-2"],"fileTypesAndContributionMap":{"java":{"insertions":24,"deletions":9}}},{"hash":"c2ff0412805dcc8dd65015ee835fa7fa3c82f70d","messageTitle":"Add class Task.","messageBody":"","fileTypesAndContributionMap":{"java":{"insertions":55,"deletions":22}}},{"hash":"21800f276957c18910b5a873b8e05cbf395a63e8","messageTitle":"Add mark as done.","messageBody":"","fileTypesAndContributionMap":{"java":{"insertions":13,"deletions":14}}}]},{"date":"2021-08-26","commitResults":[{"hash":"e42800abdb61a6eaf1b44e717f98edf5ffba514c","messageTitle":"Make input case-insensitive.","messageBody":"","fileTypesAndContributionMap":{"java":{"insertions":13,"deletions":11}}},{"hash":"d66fa94da3033e105244b1eb13b427d05a02466b","messageTitle":"Change personality of Duke.","messageBody":"","fileTypesAndContributionMap":{"java":{"insertions":10,"deletions":8}}},{"hash":"240ddc62fd44d63e7e5a189a2f6780c26786d7f0","messageTitle":"Add error message for marking non-existant task as completed.","messageBody":"","tags":["Level-3","A-CodingStandard"],"fileTypesAndContributionMap":{"java":{"insertions":2,"deletions":0}}}]},{"date":"2021-09-01","commitResults":[{"hash":"d280b6f1b3927c1e1ed1a9f0a726dcc3cf11998a","messageTitle":"Add Todo, Event, Deadline subclassess of Task. Improve code quality.","messageBody":"","tags":["Level-4","A-TextUiTesting","A-CodeQuality"],"fileTypesAndContributionMap":{"java":{"insertions":210,"deletions":53}}}]}]},"authorFileTypeContributionMap":{"qqkoh":{"java":230,"md":0,"fxml":0,"sh":0,"bat":0,"gradle":0,"txt":0}},"authorContributionVariance":{"qqkoh":429.0473},"authorDisplayNameMap":{"qqkoh":"CS2113T-F12-2 KOH ..ANQI"}}
