{"authorDailyContributionsMap":{"jonathanmui4":[{"date":"2021-08-15","commitResults":[{"hash":"2fd78fdf107b434bb19341c5d468d9f2a8fccb3d","messageTitle":"Level-0","messageBody":"","fileTypesAndContributionMap":{"java":{"insertions":10,"deletions":0}}}]},{"date":"2021-08-22","commitResults":[{"hash":"15bb436ab3011142872c2ae3bd44d84a6524e943","messageTitle":"Level-1","messageBody":"","fileTypesAndContributionMap":{"java":{"insertions":17,"deletions":1}}},{"hash":"c38d32b774b8584fef04fd0ae5e775e22d480319","messageTitle":"Level-1 revised","messageBody":"","tags":["Level-1"],"fileTypesAndContributionMap":{"java":{"insertions":2,"deletions":3}}},{"hash":"c945328f866e8ab8ddb46cd92c2c20dfe9e53dbc","messageTitle":"Level-2","messageBody":"","tags":["Level-2"],"fileTypesAndContributionMap":{"java":{"insertions":23,"deletions":4}}},{"hash":"da51073a5a35a2002a275aa02baee8726b5c33ac","messageTitle":"Level-3","messageBody":"","tags":["Level-3"],"fileTypesAndContributionMap":{"java":{"insertions":45,"deletions":7}}}]},{"date":"2021-08-24","commitResults":[{"hash":"4e395ca65e2c7b5135e03acfc92b7391901d49fe","messageTitle":"Update code to follow Java coding standard","messageBody":"","tags":["A-CodingStandard"],"fileTypesAndContributionMap":{"java":{"insertions":7,"deletions":8}}}]},{"date":"2021-08-28","commitResults":[{"hash":"895e45737579b62a7740fb24b3913ea0c5c57d65","messageTitle":"Add implementation Level-4","messageBody":"","tags":["Level-4"],"fileTypesAndContributionMap":{"java":{"insertions":151,"deletions":34}}}]},{"date":"2021-08-30","commitResults":[{"hash":"481edf1bd769d63f9efb91b96e84bae87bd5d977","messageTitle":"Fix bugs and touch up code","messageBody":"","tags":["A-CodeQuality"],"fileTypesAndContributionMap":{"java":{"insertions":91,"deletions":49}}}]},{"date":"2021-09-01","commitResults":[{"hash":"912763170b5425fe52fb08b86f1da12232fe7d0e","messageTitle":"Add automated text UI testing","messageBody":"","tags":["A-TextUiTesting"],"fileTypesAndContributionMap":{"txt":{"insertions":7,"deletions":0},"java":{"insertions":3,"deletions":3}}}]},{"date":"2021-09-05","commitResults":[{"hash":"0b1394f6c3d5fa210e4a4c14aa3e55484d8339f0","messageTitle":"Implement exceptions for task adding methods","messageBody":"","fileTypesAndContributionMap":{"txt":{"insertions":3,"deletions":0},"java":{"insertions":59,"deletions":39}}}]},{"date":"2021-09-06","commitResults":[{"hash":"7fe02bd078971e279c54e921a8df8711a70d4be1","messageTitle":"Break down Duke class into separate classes","messageBody":"","fileTypesAndContributionMap":{"java":{"insertions":181,"deletions":164}}},{"hash":"13a7ec727a6319822042100eb3fe7d0085fe485a","messageTitle":"Update UI test","messageBody":"","tags":["A-Exceptions"],"fileTypesAndContributionMap":{"txt":{"insertions":6,"deletions":0},"java":{"insertions":2,"deletions":6}}},{"hash":"835f1b07d95e81d00b91d02314ff7f8a9ab3959c","messageTitle":"Add Javadocs","messageBody":"","fileTypesAndContributionMap":{"java":{"insertions":29,"deletions":3}}},{"hash":"dde4e9af8c25207bf2de0c0b39630dd11678819d","messageTitle":"Sort Task and Command classes into packages","messageBody":"","tags":["A-Packages"],"fileTypesAndContributionMap":{"java":{"insertions":55,"deletions":4},"bat":{"insertions":2,"deletions":2},"sh":{"insertions":2,"deletions":2}}}]}]},"authorFileTypeContributionMap":{"jonathanmui4":{"java":356,"md":0,"fxml":0,"sh":2,"bat":2,"gradle":0,"txt":16}},"authorContributionVariance":{"jonathanmui4":1192.4509},"authorDisplayNameMap":{"jonathanmui4":"CS2113T-F12-2 JONA.. KIT"}}
