{"authorDailyContributionsMap":{"yeezao":[{"date":"2021-08-16","commitResults":[{"hash":"db748e2a2df455bd86110ac522e2547b3187bdb9","messageTitle":"Level-0 (add greet and bye)","messageBody":"","tags":["Level-0"],"fileTypesAndContributionMap":{"java":{"insertions":16,"deletions":0}}}]},{"date":"2021-08-22","commitResults":[{"hash":"968c42d9f2ee03aa1f451778448a193b2f16f188","messageTitle":"add user input echo and bye exit","messageBody":"","tags":["Level-1"],"fileTypesAndContributionMap":{"java":{"insertions":26,"deletions":7}}},{"hash":"c092b148065ee569a57c63aa70a6dd0f4bc448d6","messageTitle":"add temp storage array and list function","messageBody":"","tags":["Level-2"],"fileTypesAndContributionMap":{"java":{"insertions":12,"deletions":3}}},{"hash":"ce23d2861d9b8b11e114cf7c35aff3c3fd728959","messageTitle":"add mark task done","messageBody":"","tags":["Level-3"],"fileTypesAndContributionMap":{"java":{"insertions":49,"deletions":4}}}]},{"date":"2021-08-23","commitResults":[{"hash":"4340faf6724e427c52e3f98d6c7ceff9b8084db9","messageTitle":"cleanup code","messageBody":"","tags":["A-Classes"],"fileTypesAndContributionMap":{"java":{"insertions":8,"deletions":10}}}]},{"date":"2021-08-24","commitResults":[{"hash":"990bccf67e6d53f25b421c5d4831a48a2b34fab0","messageTitle":"update coding standard for A-CodingStandard","messageBody":"","tags":["A-CodingStandard"],"fileTypesAndContributionMap":{"java":{"insertions":7,"deletions":6}}}]},{"date":"2021-08-28","commitResults":[{"hash":"bef1dda1ecd41f66490f0affe800667bfbdc5b74","messageTitle":"include new classes - Deadline, Event, Todo","messageBody":"","tags":["Level-4"],"fileTypesAndContributionMap":{"java":{"insertions":180,"deletions":49}}}]},{"date":"2021-08-29","commitResults":[{"hash":"6f799344ca08eb687cb499b1e75c327bb304b075","messageTitle":"add TextUITesting expected and actual","messageBody":"","tags":["A-TextUiTesting"],"fileTypesAndContributionMap":{"txt":{"insertions":12,"deletions":0},"java":{"insertions":7,"deletions":3},"bat":{"insertions":2,"deletions":2}}},{"hash":"e12ae88f69453eb6e30f1d8166a73d2757db8846","messageTitle":"cleanup code quality","messageBody":"","tags":["A-CodeQuality"],"fileTypesAndContributionMap":{"java":{"insertions":30,"deletions":24}}}]},{"date":"2021-09-04","commitResults":[{"hash":"2261059e5ba5d3af0f891eed9b224f3947b2458f","messageTitle":"add error handling (for done and type change)","messageBody":"","fileTypesAndContributionMap":{"java":{"insertions":67,"deletions":18}}}]},{"date":"2021-09-05","commitResults":[{"hash":"faa02823b535a493ec6b46f305e0f34b3e72533f","messageTitle":"modify error handling (for done task)","messageBody":"","tags":["A-Exceptions"],"fileTypesAndContributionMap":{"java":{"insertions":1,"deletions":1}}},{"hash":"d122d7ba8a996e02951dec5364f64691f1ca587c","messageTitle":"package classes","messageBody":"","tags":["A-Packages"],"fileTypesAndContributionMap":{"java":{"insertions":18,"deletions":2}}}]},{"date":"2021-09-11","commitResults":[{"hash":"b8f8fde53deb23da75af5411280326f725d4f486","messageTitle":"change task array to arraylist","messageBody":"","tags":["Level-6"],"fileTypesAndContributionMap":{"java":{"insertions":58,"deletions":24}}},{"hash":"81564349c310c0fa3d835b7e04817e8b67fcead5","messageTitle":"add files - read and write features","messageBody":"","tags":["Level-7"],"fileTypesAndContributionMap":{"java":{"insertions":93,"deletions":6}}},{"hash":"1dea31f780944880c33a6c31eda65ed019410c30","messageTitle":"Revert \"change task array to arraylist\"","messageBody":"This reverts commit b8f8fde53deb23da75af5411280326f725d4f486.\n","fileTypesAndContributionMap":{"java":{"insertions":24,"deletions":58}}},{"hash":"bcd30b8b99d9eca73a4d4d3e60897f0462a4535c","messageTitle":"change goodbye message","messageBody":"","fileTypesAndContributionMap":{"java":{"insertions":1,"deletions":2}}},{"hash":"19c74e7d9631d1b312b8ab77ee70e410730f2362","messageTitle":"change stringbuilder to string in Duke","messageBody":"","tags":["A-Collections"],"fileTypesAndContributionMap":{"java":{"insertions":4,"deletions":5}}}]},{"date":"2021-09-26","commitResults":[{"hash":"17ad89d661324b68c15d2eea88bf4da998df6d64","messageTitle":"refactor code for a-moreoop","messageBody":"","tags":["A-MoreOOP"],"fileTypesAndContributionMap":{"java":{"insertions":301,"deletions":271}}},{"hash":"5e7c8a5a0e4726ce42097e2fac80e13534001634","messageTitle":"add LocalDateTime and related parsers","messageBody":"","fileTypesAndContributionMap":{"java":{"insertions":47,"deletions":17}}},{"hash":"5dde33b1ca5593589c8b96058f7f9441b7987a6c","messageTitle":"add find feature","messageBody":"","fileTypesAndContributionMap":{"java":{"insertions":46,"deletions":10}}},{"hash":"77b2617fa61d6b7aff6495d84ab79182b4eaff6a","messageTitle":"add javadoc for key classes","messageBody":"","fileTypesAndContributionMap":{"java":{"insertions":86,"deletions":14}}},{"hash":"ff9f1da33d912e92921d01305133be2011060b17","messageTitle":"update javadoc","messageBody":"","fileTypesAndContributionMap":{"java":{"insertions":1,"deletions":1}}}]},{"date":"2021-09-27","commitResults":[{"hash":"4a3d6c04f7488c379b6090ff11925d511fda2f61","messageTitle":"update user guide (first revision)","messageBody":"","fileTypesAndContributionMap":{"md":{"insertions":119,"deletions":14}}},{"hash":"a288b91ab95279bf8f5db339caf6fcb0cdcb6c5a","messageTitle":"refactor UserInteractions and date-time parser for deadline and event","messageBody":"","fileTypesAndContributionMap":{"java":{"insertions":33,"deletions":16}}}]},{"date":"2021-09-28","commitResults":[{"hash":"b65e6989b25334dfa279ae65543aff71f8a8bbce","messageTitle":"update ug and added string constructor for deadline and event","messageBody":"","tags":["A-UserGuide"],"fileTypesAndContributionMap":{"java":{"insertions":13,"deletions":4},"md":{"insertions":21,"deletions":3}}}]},{"date":"2021-09-29","commitResults":[{"hash":"9b34dcd7d09363645374292c0d4f3b0bbb8eb59a","messageTitle":"Update README with getting started","messageBody":"","fileTypesAndContributionMap":{"md":{"insertions":6,"deletions":0}}},{"hash":"1ece3070b111b052e299cd3a3560eaa87e9c84b4","messageTitle":"Update README.md","messageBody":"","fileTypesAndContributionMap":{"md":{"insertions":1,"deletions":1}}},{"hash":"d8005179288fc33b1cdf564a79e15a3bfb2efc55","messageTitle":"fix bugs with command parsing","messageBody":"","fileTypesAndContributionMap":{"java":{"insertions":7,"deletions":7}}}]},{"date":"2021-09-30","commitResults":[{"hash":"8676500dbec0649e07fbd2c00277c60c2812ece7","messageTitle":"update help message","messageBody":"","fileTypesAndContributionMap":{"java":{"insertions":2,"deletions":10}}}]}]},"authorFileTypeContributionMap":{"yeezao":{"java":605,"md":143,"fxml":0,"sh":0,"bat":1,"gradle":0,"txt":12}},"authorContributionVariance":{"yeezao":3108.8887},"authorDisplayNameMap":{"yeezao":"CS2113T-T12-2 LIAN..ZHAO"}}
