{"authorDailyContributionsMap":{"shyamgj1900":[{"date":"2021-08-18","commitResults":[{"hash":"a422969d1893a11a2f0138691b1bab29b141581d","messageTitle":"Greetings","messageBody":"","fileTypesAndContributionMap":{"java":{"insertions":7,"deletions":3}}}]},{"date":"2021-08-20","commitResults":[{"hash":"65db731e1e0df55d917e03f77bd14a5e690ae4ad","messageTitle":"Added Echo Feature","messageBody":"","tags":["Level-1"],"fileTypesAndContributionMap":{"java":{"insertions":22,"deletions":7}}}]},{"date":"2021-08-21","commitResults":[{"hash":"454f03c660051fb82241cf037b1116831fd1d8b0","messageTitle":"Finished add to list feature","messageBody":"","fileTypesAndContributionMap":{"java":{"insertions":17,"deletions":3}}},{"hash":"9aa57be8f83b1d8b7a16db1641e0dbb5c02185e2","messageTitle":"Made code style changes to List feature","messageBody":"","tags":["Level-2"],"fileTypesAndContributionMap":{"java":{"insertions":5,"deletions":6}}},{"hash":"e8929b7e9eb8a2e15f9f9aa5562b9ca98ec182e7","messageTitle":"Added task complete feature","messageBody":"","tags":["Level-3"],"fileTypesAndContributionMap":{"java":{"insertions":38,"deletions":19}}}]}]},"authorFileTypeContributionMap":{"shyamgj1900":{"java":57,"md":0,"fxml":0,"sh":0,"bat":0,"gradle":0,"txt":0}},"authorContributionVariance":{"shyamgj1900":39.32124},"authorDisplayNameMap":{"shyamgj1900":"SHYA..GOPI"}}
