{"authorDailyContributionsMap":{"shyamgj1900":[{"date":"2021-08-18","commitResults":[{"hash":"a422969d1893a11a2f0138691b1bab29b141581d","messageTitle":"Greetings","messageBody":"","tags":["Level-0"],"fileTypesAndContributionMap":{"java":{"insertions":7,"deletions":3}}}]},{"date":"2021-08-20","commitResults":[{"hash":"65db731e1e0df55d917e03f77bd14a5e690ae4ad","messageTitle":"Added Echo Feature","messageBody":"","tags":["Level-1"],"fileTypesAndContributionMap":{"java":{"insertions":22,"deletions":7}}}]},{"date":"2021-08-21","commitResults":[{"hash":"454f03c660051fb82241cf037b1116831fd1d8b0","messageTitle":"Finished add to list feature","messageBody":"","fileTypesAndContributionMap":{"java":{"insertions":17,"deletions":3}}},{"hash":"9aa57be8f83b1d8b7a16db1641e0dbb5c02185e2","messageTitle":"Made code style changes to List feature","messageBody":"","tags":["Level-2"],"fileTypesAndContributionMap":{"java":{"insertions":5,"deletions":6}}},{"hash":"e8929b7e9eb8a2e15f9f9aa5562b9ca98ec182e7","messageTitle":"Added task complete feature","messageBody":"","tags":["Level-3"],"fileTypesAndContributionMap":{"java":{"insertions":38,"deletions":19}}}]},{"date":"2021-08-24","commitResults":[{"hash":"5d710ba8e229be451d3477ec662a5f88bed23dbc","messageTitle":"Minor change to main","messageBody":"","tags":["A-CodingStandard"],"fileTypesAndContributionMap":{"java":{"insertions":1,"deletions":1}}}]},{"date":"2021-08-27","commitResults":[{"hash":"6de93ebf1cd9ca2cb4336fc11ec4ed9d6a33b345","messageTitle":"Modify code to comply with OOP","messageBody":"","fileTypesAndContributionMap":{"java":{"insertions":65,"deletions":36}}}]},{"date":"2021-08-28","commitResults":[{"hash":"a7712db1ed5fd522ebbd20428f71d17159cf122c","messageTitle":"Add support for tracking three types of tasks","messageBody":"","tags":["Level-4"],"fileTypesAndContributionMap":{"java":{"insertions":97,"deletions":21}}}]},{"date":"2021-08-30","commitResults":[{"hash":"5060b2f1330a239142c55122a39c9236acec714f","messageTitle":"Improve code quality","messageBody":"","tags":["A-CodeQuality"],"fileTypesAndContributionMap":{"java":{"insertions":5,"deletions":5}}}]},{"date":"2021-09-04","commitResults":[{"hash":"7389035fb1176dd01140e22c04555fc9e99dac92","messageTitle":"Refactor variables","messageBody":"","fileTypesAndContributionMap":{"java":{"insertions":11,"deletions":11}}},{"hash":"779fd3e896f255f51732e168a9c06c20db3c45a2","messageTitle":"Handle errors","messageBody":"","tags":["Level-5","A-Exceptions"],"fileTypesAndContributionMap":{"java":{"insertions":66,"deletions":31}}}]},{"date":"2021-09-05","commitResults":[{"hash":"968c141a205f74835594c09e3100a3882d087d2a","messageTitle":"Organise into packages","messageBody":"","tags":["A-Packages"],"fileTypesAndContributionMap":{"java":{"insertions":16,"deletions":1}}}]},{"date":"2021-09-09","commitResults":[{"hash":"7b7559d886b79dd596b91f3c9cf6d756ed54f65d","messageTitle":"Add tasks to array list","messageBody":"","fileTypesAndContributionMap":{"java":{"insertions":23,"deletions":28}}},{"hash":"82958e4ba61330275508e81b924a375d5f1bb5ab","messageTitle":"Delete task","messageBody":"","tags":["Level-6","A-Collections"],"fileTypesAndContributionMap":{"java":{"insertions":16,"deletions":0}}}]},{"date":"2021-09-11","commitResults":[{"hash":"1080aba044c879bca2d830541733a0d59c2e00a4","messageTitle":"Write and edit tasks in text file","messageBody":"","fileTypesAndContributionMap":{"txt":{"insertions":4,"deletions":0},"java":{"insertions":61,"deletions":6}}},{"hash":"f9276ebafb57b849657336a9e499f8818e4b5c64","messageTitle":"Load contents from text file","messageBody":"","tags":["Level-7"],"fileTypesAndContributionMap":{"txt":{"insertions":5,"deletions":2},"java":{"insertions":60,"deletions":4}}}]},{"date":"2021-09-12","commitResults":[{"hash":"852b5a2f118e6ea98e1925e37091a48e2922a90a","messageTitle":"Minor refactor","messageBody":"","tags":["A-Jar"],"fileTypesAndContributionMap":{"java":{"insertions":15,"deletions":15}}}]},{"date":"2021-09-13","commitResults":[{"hash":"1a2f8e2e0e46ad1fca8087226404520721f75e1a","messageTitle":"Update README.md","messageBody":"","fileTypesAndContributionMap":{"md":{"insertions":4,"deletions":6}}},{"hash":"1fafb3f6666ce69e0ef0630ca1f846808e27fef7","messageTitle":"Update README.md","messageBody":"","fileTypesAndContributionMap":{"md":{"insertions":6,"deletions":4}}},{"hash":"f8632e1dac16b8dd361f9511a86395e1648f4a7c","messageTitle":"Update README.md","messageBody":"","fileTypesAndContributionMap":{"md":{"insertions":4,"deletions":6}}}]}]},"authorFileTypeContributionMap":{"shyamgj1900":{"java":334,"md":4,"fxml":0,"sh":0,"bat":0,"gradle":0,"txt":7}},"authorContributionVariance":{"shyamgj1900":295.08817},"authorDisplayNameMap":{"shyamgj1900":"CS2113T-W11-1 SHYA..GOPI"}}
