{"authorDailyContributionsMap":{"Cesare4869":[{"date":"2021-08-18","commitResults":[{"hash":"e5342d40c60ec94ebf08f02c872d9e68c1d6795f","messageTitle":"Add greetings","messageBody":"","fileTypesAndContributionMap":{"java":{"insertions":5,"deletions":0}}}]},{"date":"2021-08-21","commitResults":[{"hash":"76b977a074f2d16e0c2776bbb85c96bcc45450ef","messageTitle":"add Echo","messageBody":"","fileTypesAndContributionMap":{"java":{"insertions":19,"deletions":11}}},{"hash":"6e4a6e421303c384491644da7875c63f12c8719e","messageTitle":"08/21","messageBody":"","tags":["Level-1"],"fileTypesAndContributionMap":{"java":{"insertions":1,"deletions":1}}},{"hash":"76274a28eb8ee0749b687ce42d8c0b64ba5d942f","messageTitle":"add lists","messageBody":"","tags":["Level-2"],"fileTypesAndContributionMap":{"java":{"insertions":19,"deletions":6}}},{"hash":"52f9a786ed33ad46746252bab70db7ad0a1d7352","messageTitle":"add Mark as Done","messageBody":"","tags":["Level-3"],"fileTypesAndContributionMap":{"java":{"insertions":21,"deletions":3}}}]},{"date":"2021-08-22","commitResults":[{"hash":"8d82f60524e765be973b1d90672861458be1ce07","messageTitle":"compliant with the coding standard","messageBody":"","tags":["A-CodingStandard"],"fileTypesAndContributionMap":{"java":{"insertions":11,"deletions":12}}}]}]},"authorFileTypeContributionMap":{"Cesare4869":{"java":49,"md":0,"fxml":0,"sh":0,"bat":0,"gradle":0,"txt":0}},"authorContributionVariance":{"Cesare4869":32.095436},"authorDisplayNameMap":{"Cesare4869":"CS2113T-T12-4 LIU ..HANG"}}
