[{"path":"src/main/java/Duke.java","fileType":"java","lines":[{"lineNumber":1,"author":{"gitId":"alvynben"},"content":"import java.util.Scanner;","lastModifiedDate":"2021-08-20"},{"lineNumber":2,"author":{"gitId":"alvynben"},"content":"","lastModifiedDate":"2021-08-20"},{"lineNumber":3,"author":{"gitId":"-"},"content":"public class Duke {","lastModifiedDate":"2019-07-29"},{"lineNumber":4,"author":{"gitId":"-"},"content":"    public static void main(String[] args) {","lastModifiedDate":"2019-07-29"},{"lineNumber":5,"author":{"gitId":"alvynben"},"content":"        String logo \u003d \"████████ ██████  ██ ███████ ███████ \\n\" +","lastModifiedDate":"2021-08-20"},{"lineNumber":6,"author":{"gitId":"alvynben"},"content":"                \"   ██    ██   ██ ██ ██      ██      \\n\" +","lastModifiedDate":"2021-08-20"},{"lineNumber":7,"author":{"gitId":"alvynben"},"content":"                \"   ██    ██████  ██ ███████ ███████ \\n\" +","lastModifiedDate":"2021-08-20"},{"lineNumber":8,"author":{"gitId":"alvynben"},"content":"                \"   ██    ██   ██ ██      ██      ██ \\n\" +","lastModifiedDate":"2021-08-20"},{"lineNumber":9,"author":{"gitId":"alvynben"},"content":"                \"   ██    ██   ██ ██ ███████ ███████ \\n\";","lastModifiedDate":"2021-08-20"},{"lineNumber":10,"author":{"gitId":"-"},"content":"        System.out.println(\"Hello from\\n\" + logo);","lastModifiedDate":"2019-07-29"},{"lineNumber":11,"author":{"gitId":"alvynben"},"content":"        System.out.println(\"____________________________________________________________\");","lastModifiedDate":"2021-08-16"},{"lineNumber":12,"author":{"gitId":"alvynben"},"content":"        System.out.println(\"Hello! I\u0027m Triss :)\");","lastModifiedDate":"2021-08-20"},{"lineNumber":13,"author":{"gitId":"alvynben"},"content":"        System.out.println(\"What can I do for you?\");","lastModifiedDate":"2021-08-16"},{"lineNumber":14,"author":{"gitId":"alvynben"},"content":"        System.out.println(\"____________________________________________________________\");","lastModifiedDate":"2021-08-16"},{"lineNumber":15,"author":{"gitId":"alvynben"},"content":"","lastModifiedDate":"2021-08-20"},{"lineNumber":16,"author":{"gitId":"alvynben"},"content":"        // Initialise boolean to track if user has said \"bye\"","lastModifiedDate":"2021-08-20"},{"lineNumber":17,"author":{"gitId":"alvynben"},"content":"        boolean hasUserSaidBye \u003d false;","lastModifiedDate":"2021-08-20"},{"lineNumber":18,"author":{"gitId":"alvynben"},"content":"        Scanner in \u003d new Scanner(System.in);","lastModifiedDate":"2021-08-20"},{"lineNumber":19,"author":{"gitId":"alvynben"},"content":"","lastModifiedDate":"2021-08-20"},{"lineNumber":20,"author":{"gitId":"alvynben"},"content":"        // Initialise array to keep track of user\u0027s tasks","lastModifiedDate":"2021-08-21"},{"lineNumber":21,"author":{"gitId":"alvynben"},"content":"        Task[] tasks \u003d new Task[100];","lastModifiedDate":"2021-08-21"},{"lineNumber":22,"author":{"gitId":"alvynben"},"content":"        int noOfTasks \u003d 0;","lastModifiedDate":"2021-08-21"},{"lineNumber":23,"author":{"gitId":"alvynben"},"content":"","lastModifiedDate":"2021-08-21"},{"lineNumber":24,"author":{"gitId":"alvynben"},"content":"        // While user has not said \"bye\", check for next line of input","lastModifiedDate":"2021-08-20"},{"lineNumber":25,"author":{"gitId":"alvynben"},"content":"        while (!hasUserSaidBye) {","lastModifiedDate":"2021-08-20"},{"lineNumber":26,"author":{"gitId":"alvynben"},"content":"","lastModifiedDate":"2021-08-20"},{"lineNumber":27,"author":{"gitId":"alvynben"},"content":"            String userInput \u003d in.nextLine();","lastModifiedDate":"2021-08-20"},{"lineNumber":28,"author":{"gitId":"alvynben"},"content":"            System.out.println(\"____________________________________________________________\");","lastModifiedDate":"2021-08-16"},{"lineNumber":29,"author":{"gitId":"alvynben"},"content":"","lastModifiedDate":"2021-08-20"},{"lineNumber":30,"author":{"gitId":"alvynben"},"content":"            // Check if user has said \"bye\"","lastModifiedDate":"2021-08-20"},{"lineNumber":31,"author":{"gitId":"alvynben"},"content":"            if (userInput.equals(\"bye\")) {","lastModifiedDate":"2021-08-20"},{"lineNumber":32,"author":{"gitId":"alvynben"},"content":"                // If user said \"bye\", update hasUserSaidBye and print closing phrase","lastModifiedDate":"2021-08-20"},{"lineNumber":33,"author":{"gitId":"alvynben"},"content":"                hasUserSaidBye \u003d true;","lastModifiedDate":"2021-08-20"},{"lineNumber":34,"author":{"gitId":"alvynben"},"content":"                System.out.println(\"Thanks for coming. Auf wiedersehen!\");","lastModifiedDate":"2021-08-20"},{"lineNumber":35,"author":{"gitId":"alvynben"},"content":"            } else if (userInput.equals(\"list\")) {","lastModifiedDate":"2021-08-21"},{"lineNumber":36,"author":{"gitId":"alvynben"},"content":"                // If user said \"list\", print a list of all saved tasks","lastModifiedDate":"2021-08-21"},{"lineNumber":37,"author":{"gitId":"alvynben"},"content":"                for (int i \u003d 0; i \u003c noOfTasks; i++) {","lastModifiedDate":"2021-08-21"},{"lineNumber":38,"author":{"gitId":"alvynben"},"content":"                    System.out.println(Integer.toString(i + 1) + \".\" + tasks[i].getDoneStatusAsSymbol()","lastModifiedDate":"2021-08-21"},{"lineNumber":39,"author":{"gitId":"alvynben"},"content":"                            + \" \" + tasks[i].getName());","lastModifiedDate":"2021-08-21"},{"lineNumber":40,"author":{"gitId":"alvynben"},"content":"                }","lastModifiedDate":"2021-08-21"},{"lineNumber":41,"author":{"gitId":"alvynben"},"content":"            } else if (userInput.contains(\"done\")) {","lastModifiedDate":"2021-08-21"},{"lineNumber":42,"author":{"gitId":"alvynben"},"content":"                // Get number of task after the term \"done\"","lastModifiedDate":"2021-08-21"},{"lineNumber":43,"author":{"gitId":"alvynben"},"content":"                int indexOfCompletedTask \u003d Integer.parseInt(userInput.split(\" \")[1]) - 1;","lastModifiedDate":"2021-08-21"},{"lineNumber":44,"author":{"gitId":"alvynben"},"content":"                if (indexOfCompletedTask \u003e noOfTasks - 1 || indexOfCompletedTask \u003c 1) {","lastModifiedDate":"2021-08-21"},{"lineNumber":45,"author":{"gitId":"alvynben"},"content":"                    // If task does not exist, do not delete any task","lastModifiedDate":"2021-08-21"},{"lineNumber":46,"author":{"gitId":"alvynben"},"content":"                    System.out.println(\"Apologies! That task does not exist.\");","lastModifiedDate":"2021-08-21"},{"lineNumber":47,"author":{"gitId":"alvynben"},"content":"                } else {","lastModifiedDate":"2021-08-21"},{"lineNumber":48,"author":{"gitId":"alvynben"},"content":"                    // Set chosen task as done","lastModifiedDate":"2021-08-21"},{"lineNumber":49,"author":{"gitId":"alvynben"},"content":"                    Task chosenTask \u003d tasks[indexOfCompletedTask];","lastModifiedDate":"2021-08-21"},{"lineNumber":50,"author":{"gitId":"alvynben"},"content":"                    chosenTask.setDone(true);","lastModifiedDate":"2021-08-21"},{"lineNumber":51,"author":{"gitId":"alvynben"},"content":"                    // Give user feedback regarding change in completion status","lastModifiedDate":"2021-08-21"},{"lineNumber":52,"author":{"gitId":"alvynben"},"content":"                    System.out.println(\"Wunderbar! This task has been marked as done:\");","lastModifiedDate":"2021-08-21"},{"lineNumber":53,"author":{"gitId":"alvynben"},"content":"                    System.out.println(\"    \" + chosenTask.getDoneStatusAsSymbol() + \" \" + chosenTask.getName());","lastModifiedDate":"2021-08-21"},{"lineNumber":54,"author":{"gitId":"alvynben"},"content":"                }","lastModifiedDate":"2021-08-21"},{"lineNumber":55,"author":{"gitId":"alvynben"},"content":"            } else {","lastModifiedDate":"2021-08-20"},{"lineNumber":56,"author":{"gitId":"alvynben"},"content":"                // If user has not said any other command, store user input as task","lastModifiedDate":"2021-08-21"},{"lineNumber":57,"author":{"gitId":"alvynben"},"content":"                tasks[noOfTasks] \u003d new Task(userInput);","lastModifiedDate":"2021-08-21"},{"lineNumber":58,"author":{"gitId":"alvynben"},"content":"                noOfTasks++;","lastModifiedDate":"2021-08-21"},{"lineNumber":59,"author":{"gitId":"alvynben"},"content":"                // Then, echo the task","lastModifiedDate":"2021-08-21"},{"lineNumber":60,"author":{"gitId":"alvynben"},"content":"                System.out.println(\"I\u0027ve added: \" + userInput);","lastModifiedDate":"2021-08-21"},{"lineNumber":61,"author":{"gitId":"alvynben"},"content":"            }","lastModifiedDate":"2021-08-20"},{"lineNumber":62,"author":{"gitId":"alvynben"},"content":"","lastModifiedDate":"2021-08-20"},{"lineNumber":63,"author":{"gitId":"alvynben"},"content":"            System.out.println(\"____________________________________________________________\");","lastModifiedDate":"2021-08-20"},{"lineNumber":64,"author":{"gitId":"alvynben"},"content":"","lastModifiedDate":"2021-08-20"},{"lineNumber":65,"author":{"gitId":"alvynben"},"content":"        }","lastModifiedDate":"2021-08-20"},{"lineNumber":66,"author":{"gitId":"-"},"content":"    }","lastModifiedDate":"2019-07-29"},{"lineNumber":67,"author":{"gitId":"-"},"content":"}","lastModifiedDate":"2019-07-29"}],"authorContributionMap":{"alvynben":62,"-":5}},{"path":"src/main/java/Task.java","fileType":"java","lines":[{"lineNumber":1,"author":{"gitId":"alvynben"},"content":"public class Task {","lastModifiedDate":"2021-08-21"},{"lineNumber":2,"author":{"gitId":"alvynben"},"content":"    /** Name of task */","lastModifiedDate":"2021-08-21"},{"lineNumber":3,"author":{"gitId":"alvynben"},"content":"    private String name;","lastModifiedDate":"2021-08-21"},{"lineNumber":4,"author":{"gitId":"alvynben"},"content":"    /** Whether the task has been completed */","lastModifiedDate":"2021-08-21"},{"lineNumber":5,"author":{"gitId":"alvynben"},"content":"    private boolean isDone;","lastModifiedDate":"2021-08-21"},{"lineNumber":6,"author":{"gitId":"alvynben"},"content":"","lastModifiedDate":"2021-08-21"},{"lineNumber":7,"author":{"gitId":"alvynben"},"content":"    /**","lastModifiedDate":"2021-08-21"},{"lineNumber":8,"author":{"gitId":"alvynben"},"content":"     * Creates a task with the specified name.","lastModifiedDate":"2021-08-21"},{"lineNumber":9,"author":{"gitId":"alvynben"},"content":"     * @param name Name of the task.","lastModifiedDate":"2021-08-21"},{"lineNumber":10,"author":{"gitId":"alvynben"},"content":"     */","lastModifiedDate":"2021-08-21"},{"lineNumber":11,"author":{"gitId":"alvynben"},"content":"    public Task(String name) {","lastModifiedDate":"2021-08-21"},{"lineNumber":12,"author":{"gitId":"alvynben"},"content":"        this.name \u003d name;","lastModifiedDate":"2021-08-21"},{"lineNumber":13,"author":{"gitId":"alvynben"},"content":"        isDone \u003d false;","lastModifiedDate":"2021-08-21"},{"lineNumber":14,"author":{"gitId":"alvynben"},"content":"    }","lastModifiedDate":"2021-08-21"},{"lineNumber":15,"author":{"gitId":"alvynben"},"content":"","lastModifiedDate":"2021-08-21"},{"lineNumber":16,"author":{"gitId":"alvynben"},"content":"    /**","lastModifiedDate":"2021-08-21"},{"lineNumber":17,"author":{"gitId":"alvynben"},"content":"     * Get the name of the task.","lastModifiedDate":"2021-08-21"},{"lineNumber":18,"author":{"gitId":"alvynben"},"content":"     * @return Name of task.","lastModifiedDate":"2021-08-21"},{"lineNumber":19,"author":{"gitId":"alvynben"},"content":"     */","lastModifiedDate":"2021-08-21"},{"lineNumber":20,"author":{"gitId":"alvynben"},"content":"    public String getName() {","lastModifiedDate":"2021-08-21"},{"lineNumber":21,"author":{"gitId":"alvynben"},"content":"        return name;","lastModifiedDate":"2021-08-21"},{"lineNumber":22,"author":{"gitId":"alvynben"},"content":"    }","lastModifiedDate":"2021-08-21"},{"lineNumber":23,"author":{"gitId":"alvynben"},"content":"","lastModifiedDate":"2021-08-21"},{"lineNumber":24,"author":{"gitId":"alvynben"},"content":"    /**","lastModifiedDate":"2021-08-21"},{"lineNumber":25,"author":{"gitId":"alvynben"},"content":"     * Get the completion status of the task as a symbol.","lastModifiedDate":"2021-08-21"},{"lineNumber":26,"author":{"gitId":"alvynben"},"content":"     * @return \"[X]\" if done and \"[ ]\" if not done.","lastModifiedDate":"2021-08-21"},{"lineNumber":27,"author":{"gitId":"alvynben"},"content":"     */","lastModifiedDate":"2021-08-21"},{"lineNumber":28,"author":{"gitId":"alvynben"},"content":"    public String getDoneStatusAsSymbol() {","lastModifiedDate":"2021-08-21"},{"lineNumber":29,"author":{"gitId":"alvynben"},"content":"        return (isDone ? \"[X]\" : \"[ ]\");","lastModifiedDate":"2021-08-21"},{"lineNumber":30,"author":{"gitId":"alvynben"},"content":"    }","lastModifiedDate":"2021-08-21"},{"lineNumber":31,"author":{"gitId":"alvynben"},"content":"","lastModifiedDate":"2021-08-21"},{"lineNumber":32,"author":{"gitId":"alvynben"},"content":"    /**","lastModifiedDate":"2021-08-21"},{"lineNumber":33,"author":{"gitId":"alvynben"},"content":"     * Find out if task is done.","lastModifiedDate":"2021-08-21"},{"lineNumber":34,"author":{"gitId":"alvynben"},"content":"     * @return True if done or False is not done.","lastModifiedDate":"2021-08-21"},{"lineNumber":35,"author":{"gitId":"alvynben"},"content":"     */","lastModifiedDate":"2021-08-21"},{"lineNumber":36,"author":{"gitId":"alvynben"},"content":"    public boolean isDone() {","lastModifiedDate":"2021-08-21"},{"lineNumber":37,"author":{"gitId":"alvynben"},"content":"        return isDone;","lastModifiedDate":"2021-08-21"},{"lineNumber":38,"author":{"gitId":"alvynben"},"content":"    }","lastModifiedDate":"2021-08-21"},{"lineNumber":39,"author":{"gitId":"alvynben"},"content":"","lastModifiedDate":"2021-08-21"},{"lineNumber":40,"author":{"gitId":"alvynben"},"content":"    /**","lastModifiedDate":"2021-08-21"},{"lineNumber":41,"author":{"gitId":"alvynben"},"content":"     * Change if task has been done.","lastModifiedDate":"2021-08-21"},{"lineNumber":42,"author":{"gitId":"alvynben"},"content":"     * @param done True if done or False if not done.","lastModifiedDate":"2021-08-21"},{"lineNumber":43,"author":{"gitId":"alvynben"},"content":"     */","lastModifiedDate":"2021-08-21"},{"lineNumber":44,"author":{"gitId":"alvynben"},"content":"    public void setDone(boolean done) {","lastModifiedDate":"2021-08-21"},{"lineNumber":45,"author":{"gitId":"alvynben"},"content":"        isDone \u003d done;","lastModifiedDate":"2021-08-21"},{"lineNumber":46,"author":{"gitId":"alvynben"},"content":"    }","lastModifiedDate":"2021-08-21"},{"lineNumber":47,"author":{"gitId":"alvynben"},"content":"}","lastModifiedDate":"2021-08-21"}],"authorContributionMap":{"alvynben":47}}]
