{"authorDailyContributionsMap":{"nvbinh15":[{"date":"2021-08-15","commitResults":[{"hash":"9621d915612aaed85ebf7ded331ffd1ac3b7353d","messageTitle":"Add level-0 increment","messageBody":"","tags":["Level-0"],"fileTypesAndContributionMap":{"java":{"insertions":7,"deletions":6}}}]},{"date":"2021-08-24","commitResults":[{"hash":"aa481d58f5fafc16ff53d5160c6cd217f3bfc88b","messageTitle":"Add Greet, Echo, and Exit","messageBody":"","tags":["Level-1"],"fileTypesAndContributionMap":{"java":{"insertions":22,"deletions":7}}},{"hash":"74784bd9a58b5e1484771a22867f4979affd614d","messageTitle":"Add storing text entered and displaying them when requested","messageBody":"","tags":["Level-2"],"fileTypesAndContributionMap":{"java":{"insertions":12,"deletions":1}}},{"hash":"c4104ca750e032835c764dbbba567d2421f061fc","messageTitle":"Add marking tasks as done","messageBody":"","tags":["Level-3"],"fileTypesAndContributionMap":{"java":{"insertions":27,"deletions":3}}},{"hash":"252a6a0a05ba0de6c998901cda1d9c74be6c5208","messageTitle":"Add comments, fix styles to match coding standard","messageBody":"","tags":["A-CodingStandard"],"fileTypesAndContributionMap":{"java":{"insertions":21,"deletions":5}}}]},{"date":"2021-08-29","commitResults":[{"hash":"8fcaaf4fc1cb0344c719048215a3f345bd7f38b5","messageTitle":"Add ToDos, Events, and Deadlines","messageBody":"","tags":["Level-4"],"fileTypesAndContributionMap":{"java":{"insertions":223,"deletions":30}}},{"hash":"29287fbc397a25bbab73821c34e6f68d4ec5be8b","messageTitle":"Add automated text ui testing, fix scanner bug","messageBody":"","tags":["A-TextUiTesting"],"fileTypesAndContributionMap":{"txt":{"insertions":13,"deletions":0},"java":{"insertions":5,"deletions":4},"sh":{"insertions":0,"deletions":0}}}]},{"date":"2021-08-30","commitResults":[{"hash":"f20106c5e75c51958a4de1b68b9256642ddf70a5","messageTitle":"Improve code quality","messageBody":"","tags":["A-CodeQuality"],"fileTypesAndContributionMap":{"java":{"insertions":13,"deletions":11}}}]},{"date":"2021-09-07","commitResults":[{"hash":"431ff4980893646e856b2e8a3b94f78acb7cf729","messageTitle":"Refactor code to duke pakage, add Ui class","messageBody":"","fileTypesAndContributionMap":{"java":{"insertions":84,"deletions":40},"sh":{"insertions":1,"deletions":1}}},{"hash":"4103e1f699790726a44d38636c37b2f6932888d4","messageTitle":"Add exceptions, update text-ui-test","messageBody":"","fileTypesAndContributionMap":{"txt":{"insertions":2,"deletions":1},"java":{"insertions":109,"deletions":30}}},{"hash":"b8c09aaccfd7fafd1adae2bc3f28a3aeeafb6adb","messageTitle":"Update text-ui-test","messageBody":"","fileTypesAndContributionMap":{"txt":{"insertions":3,"deletions":0},"sh":{"insertions":1,"deletions":1}}},{"hash":"68a6def2588cd1c47fdcd5990c04e77c114902a4","messageTitle":"Refactor exceptions","messageBody":"","tags":["A-Exceptions"],"fileTypesAndContributionMap":{"java":{"insertions":14,"deletions":4}}},{"hash":"46f43f89963b32fca61fe381a9f8db8b28a8a1b4","messageTitle":"Organize source files into packages","messageBody":"","tags":["A-Packages"],"fileTypesAndContributionMap":{"java":{"insertions":30,"deletions":12},"sh":{"insertions":1,"deletions":1}}}]},{"date":"2021-09-11","commitResults":[{"hash":"48991a78c4ef20549558b2d5e47c7ffdff01153c","messageTitle":"Add TaskList and Parser classes, extract constants","messageBody":"","fileTypesAndContributionMap":{"java":{"insertions":320,"deletions":101}}},{"hash":"5aab1b75c29e6093e2f95a363003ec68f1112170","messageTitle":"Add deleting task from the list","messageBody":"","fileTypesAndContributionMap":{"java":{"insertions":14,"deletions":0}}},{"hash":"6119afc31a525ad1a824dfaea87f5f19a9925fb1","messageTitle":"Add delete to text-ui-test","messageBody":"","fileTypesAndContributionMap":{"txt":{"insertions":2,"deletions":0}}},{"hash":"e9e429aca7364096b4cb0d260527e9f9b1991531","messageTitle":"Add Storage","messageBody":"","fileTypesAndContributionMap":{"txt":{"insertions":4,"deletions":0},"java":{"insertions":67,"deletions":0}}}]},{"date":"2021-09-12","commitResults":[{"hash":"0a1dbb71e0e7a68965e2ace4ee37811f722f43b6","messageTitle":"Update Storage and Parser","messageBody":"","fileTypesAndContributionMap":{"txt":{"insertions":4,"deletions":3},"java":{"insertions":6,"deletions":4}}}]},{"date":"2021-09-15","commitResults":[{"hash":"b1acf21ba73e7bc870ea89de31ba76355a898a7c","messageTitle":"Fix Parser compare strings","messageBody":"","fileTypesAndContributionMap":{"txt":{"insertions":2,"deletions":4},"java":{"insertions":7,"deletions":3}}}]}]},"authorFileTypeContributionMap":{"nvbinh15":{"java":729,"md":0,"fxml":0,"sh":2,"bat":0,"gradle":0,"txt":22}},"authorContributionVariance":{"nvbinh15":1844.3862},"authorDisplayNameMap":{"nvbinh15":"CS2113T-T09-4 NGUY..BINH"}}
