{"authorDailyContributionsMap":{"nvbinh15":[{"date":"2021-08-15","commitResults":[{"hash":"9621d915612aaed85ebf7ded331ffd1ac3b7353d","messageTitle":"Add level-0 increment","messageBody":"","tags":["Level-0"],"fileTypesAndContributionMap":{"java":{"insertions":7,"deletions":6}}}]},{"date":"2021-08-24","commitResults":[{"hash":"aa481d58f5fafc16ff53d5160c6cd217f3bfc88b","messageTitle":"Add Greet, Echo, and Exit","messageBody":"","tags":["Level-1"],"fileTypesAndContributionMap":{"java":{"insertions":22,"deletions":7}}},{"hash":"74784bd9a58b5e1484771a22867f4979affd614d","messageTitle":"Add storing text entered and displaying them when requested","messageBody":"","tags":["Level-2"],"fileTypesAndContributionMap":{"java":{"insertions":12,"deletions":1}}},{"hash":"c4104ca750e032835c764dbbba567d2421f061fc","messageTitle":"Add marking tasks as done","messageBody":"","tags":["Level-3"],"fileTypesAndContributionMap":{"java":{"insertions":27,"deletions":3}}},{"hash":"252a6a0a05ba0de6c998901cda1d9c74be6c5208","messageTitle":"Add comments, fix styles to match coding standard","messageBody":"","tags":["A-CodingStandard"],"fileTypesAndContributionMap":{"java":{"insertions":21,"deletions":5}}}]},{"date":"2021-08-29","commitResults":[{"hash":"8fcaaf4fc1cb0344c719048215a3f345bd7f38b5","messageTitle":"Add ToDos, Events, and Deadlines","messageBody":"","tags":["Level-4"],"fileTypesAndContributionMap":{"java":{"insertions":223,"deletions":30}}},{"hash":"29287fbc397a25bbab73821c34e6f68d4ec5be8b","messageTitle":"Add automated text ui testing, fix scanner bug","messageBody":"","tags":["A-TextUiTesting"],"fileTypesAndContributionMap":{"txt":{"insertions":13,"deletions":0},"java":{"insertions":5,"deletions":4},"sh":{"insertions":0,"deletions":0}}}]},{"date":"2021-08-30","commitResults":[{"hash":"f20106c5e75c51958a4de1b68b9256642ddf70a5","messageTitle":"Improve code quality","messageBody":"","tags":["A-CodeQuality"],"fileTypesAndContributionMap":{"java":{"insertions":13,"deletions":11}}}]},{"date":"2021-09-07","commitResults":[{"hash":"431ff4980893646e856b2e8a3b94f78acb7cf729","messageTitle":"Refactor code to duke pakage, add Ui class","messageBody":"","fileTypesAndContributionMap":{"java":{"insertions":84,"deletions":40},"sh":{"insertions":1,"deletions":1}}},{"hash":"4103e1f699790726a44d38636c37b2f6932888d4","messageTitle":"Add exceptions, update text-ui-test","messageBody":"","fileTypesAndContributionMap":{"txt":{"insertions":2,"deletions":1},"java":{"insertions":109,"deletions":30}}},{"hash":"b8c09aaccfd7fafd1adae2bc3f28a3aeeafb6adb","messageTitle":"Update text-ui-test","messageBody":"","fileTypesAndContributionMap":{"txt":{"insertions":3,"deletions":0},"sh":{"insertions":1,"deletions":1}}},{"hash":"68a6def2588cd1c47fdcd5990c04e77c114902a4","messageTitle":"Refactor exceptions","messageBody":"","tags":["A-Exceptions"],"fileTypesAndContributionMap":{"java":{"insertions":14,"deletions":4}}},{"hash":"46f43f89963b32fca61fe381a9f8db8b28a8a1b4","messageTitle":"Organize source files into packages","messageBody":"","tags":["A-Packages"],"fileTypesAndContributionMap":{"java":{"insertions":30,"deletions":12},"sh":{"insertions":1,"deletions":1}}}]},{"date":"2021-09-11","commitResults":[{"hash":"48991a78c4ef20549558b2d5e47c7ffdff01153c","messageTitle":"Add TaskList and Parser classes, extract constants","messageBody":"","fileTypesAndContributionMap":{"java":{"insertions":320,"deletions":101}}},{"hash":"5aab1b75c29e6093e2f95a363003ec68f1112170","messageTitle":"Add deleting task from the list","messageBody":"","fileTypesAndContributionMap":{"java":{"insertions":14,"deletions":0}}},{"hash":"6119afc31a525ad1a824dfaea87f5f19a9925fb1","messageTitle":"Add delete to text-ui-test","messageBody":"","fileTypesAndContributionMap":{"txt":{"insertions":2,"deletions":0}}},{"hash":"e9e429aca7364096b4cb0d260527e9f9b1991531","messageTitle":"Add Storage","messageBody":"","fileTypesAndContributionMap":{"txt":{"insertions":4,"deletions":0},"java":{"insertions":67,"deletions":0}}}]},{"date":"2021-09-12","commitResults":[{"hash":"0a1dbb71e0e7a68965e2ace4ee37811f722f43b6","messageTitle":"Update Storage and Parser","messageBody":"","fileTypesAndContributionMap":{"txt":{"insertions":4,"deletions":3},"java":{"insertions":6,"deletions":4}}}]},{"date":"2021-09-15","commitResults":[{"hash":"b1acf21ba73e7bc870ea89de31ba76355a898a7c","messageTitle":"Fix Parser compare strings","messageBody":"","fileTypesAndContributionMap":{"txt":{"insertions":2,"deletions":4},"java":{"insertions":7,"deletions":3}}}]},{"date":"2021-09-18","commitResults":[{"hash":"8da325bf46775211ad297029ef8ff301152ee777","messageTitle":"Refactor code to packages","messageBody":"","tags":["A-MoreOOP"],"fileTypesAndContributionMap":{"txt":{"insertions":3,"deletions":3},"java":{"insertions":558,"deletions":224},"sh":{"insertions":1,"deletions":1}}}]},{"date":"2021-09-22","commitResults":[{"hash":"f106cd2ad7001d46a4812822bb4461d3c67a6cbb","messageTitle":"Add method header comments","messageBody":"","fileTypesAndContributionMap":{"java":{"insertions":38,"deletions":1}}},{"hash":"1bc1440a8a8ff560e745bbe1c1c4de8919d54188","messageTitle":"Add find task by keywords","messageBody":"","fileTypesAndContributionMap":{"txt":{"insertions":1,"deletions":0},"java":{"insertions":68,"deletions":5}}}]},{"date":"2021-09-23","commitResults":[{"hash":"045f63e195bf1584db1acac3d0890a60a7190443","messageTitle":"Add datetime formatter","messageBody":"","fileTypesAndContributionMap":{"txt":{"insertions":6,"deletions":6},"java":{"insertions":22,"deletions":3}}}]},{"date":"2021-09-24","commitResults":[{"hash":"635605bc8ff6a68d4d9cd0ec05ead0b1402af623","messageTitle":"Add command class header","messageBody":"","fileTypesAndContributionMap":{"java":{"insertions":24,"deletions":1}}},{"hash":"4a0408c5f4b0a128fd1473a3905b6caaa1d41b0f","messageTitle":"Add header comments to Parser\u0027s methods","messageBody":"","fileTypesAndContributionMap":{"java":{"insertions":18,"deletions":0}}},{"hash":"6d746801577d4cd421b80e03d293ba78fec34c31","messageTitle":"Add documentation structure and quick start guide","messageBody":"","fileTypesAndContributionMap":{"md":{"insertions":50,"deletions":15}}},{"hash":"ebe04f1124d38eab7ed212e395270ac9227aa41f","messageTitle":"Add FAQ, Command summary, and Notes to the documentation","messageBody":"","fileTypesAndContributionMap":{"md":{"insertions":29,"deletions":1}}}]},{"date":"2021-09-25","commitResults":[{"hash":"d223e039d801efd016d25a6c534dfcc9833eaf50","messageTitle":"Add command descriptions to documentation","messageBody":"","fileTypesAndContributionMap":{"md":{"insertions":87,"deletions":11}}}]},{"date":"2021-09-27","commitResults":[{"hash":"b8408d0ebf84c679363bff0d7cfe65b65d583c72","messageTitle":"Add introduction section to documentation","messageBody":"","fileTypesAndContributionMap":{"md":{"insertions":9,"deletions":5}}},{"hash":"7d244863d059175d39da0b138d6e93cb9ceda01b","messageTitle":"Add description for adding commands","messageBody":"","tags":["A-UserGuide"],"fileTypesAndContributionMap":{"md":{"insertions":55,"deletions":5}}}]},{"date":"2021-09-28","commitResults":[{"hash":"abc54623cdd825430e159e52d11e410963cbcf53","messageTitle":"Add IllegalDateTime exception handler","messageBody":"","fileTypesAndContributionMap":{"java":{"insertions":45,"deletions":13}}}]},{"date":"2021-09-29","commitResults":[{"hash":"f6a67c81680fa8cd441d64fe07d67421b73f8559","messageTitle":"Handle storage file exceptions","messageBody":"","fileTypesAndContributionMap":{"txt":{"insertions":0,"deletions":3},"java":{"insertions":40,"deletions":12}}},{"hash":"65d4d16ecdadb0b29fcb8cee8daf6c7b7954cd4b","messageTitle":"Add method header comments","messageBody":"","fileTypesAndContributionMap":{"java":{"insertions":71,"deletions":2}}},{"hash":"5e9ae9246ad915433d4de516d2ee4cdb042b82f9","messageTitle":"Extracting constants, fix coding standard","messageBody":"","fileTypesAndContributionMap":{"txt":{"insertions":4,"deletions":0},"java":{"insertions":39,"deletions":18}}},{"hash":"aafcfa092a7023d178c320e5f95cb22a782df5f7","messageTitle":"Update storage exception message","messageBody":"","tags":["A-Release"],"fileTypesAndContributionMap":{"java":{"insertions":4,"deletions":1}}},{"hash":"4ba251ed2cf9cab56fedbade90832ae31f918c3b","messageTitle":"Update release link in documentation","messageBody":"","fileTypesAndContributionMap":{"md":{"insertions":1,"deletions":1}}}]},{"date":"2021-09-30","commitResults":[{"hash":"38122f885daeed32069e66a7e93ceb3f43891d25","messageTitle":"Modify comments, fix coding standard","messageBody":"","fileTypesAndContributionMap":{"java":{"insertions":7,"deletions":7}}}]}]},"authorFileTypeContributionMap":{"nvbinh15":{"java":1378,"md":203,"fxml":0,"sh":2,"bat":0,"gradle":0,"txt":23}},"authorContributionVariance":{"nvbinh15":4404.593},"authorDisplayNameMap":{"nvbinh15":"CS2113T-T09-4 NGUY..BINH"}}
