{"authorDailyContributionsMap":{"dlimyh98":[{"date":"2021-08-15","commitResults":[{"hash":"4b7c9394e2aaf163dafeed7095bb2767dcca0094","messageTitle":"Duke Level 0","messageBody":"","fileTypesAndContributionMap":{"java":{"insertions":2,"deletions":6}}}]},{"date":"2021-08-22","commitResults":[{"hash":"8e4859742c8847ef2bede3931f62d64d87bb92ff","messageTitle":"Duke Level 1","messageBody":"","tags":["Level-1"],"fileTypesAndContributionMap":{"java":{"insertions":16,"deletions":2}}},{"hash":"c4787764ad919563c46da2e9babf80070d2d78ce","messageTitle":"Duke Level 2","messageBody":"","tags":["Level-2"],"fileTypesAndContributionMap":{"java":{"insertions":13,"deletions":2}}},{"hash":"837ff0c133c250e5a8fe8517f49eceb6f3c8180f","messageTitle":"Duke Level 3","messageBody":"","tags":["Level-3"],"fileTypesAndContributionMap":{"java":{"insertions":37,"deletions":5}}},{"hash":"b1e0a5a2b14536c8a20902192a87a3b25a3a6356","messageTitle":"Duke A-CodingStandard","messageBody":"","tags":["A-CodingStandard"],"fileTypesAndContributionMap":{"java":{"insertions":1,"deletions":1}}}]},{"date":"2021-08-29","commitResults":[{"hash":"a0bd53949bc7ec52e6b3473e6ae20c9868677a62","messageTitle":"Duke Level 4","messageBody":"","tags":["Level-4"],"fileTypesAndContributionMap":{"java":{"insertions":144,"deletions":19}}},{"hash":"4b1a7945455bbaa2baec0ad26356e981a85abacf","messageTitle":"Removed duplicate code in Child classes","messageBody":"","tags":["A-CodeQuality"],"fileTypesAndContributionMap":{"java":{"insertions":2,"deletions":31}}}]},{"date":"2021-09-04","commitResults":[{"hash":"4d6f569a39f4ed7721b9d6da4752f5b70bcecd00","messageTitle":"Level 5","messageBody":"","tags":["A-Exceptions"],"fileTypesAndContributionMap":{"java":{"insertions":31,"deletions":11}}}]},{"date":"2021-09-05","commitResults":[{"hash":"232c88ec3b7359dec4a9453ada454af6419cb29b","messageTitle":"A Packages","messageBody":"","tags":["A-Packages"],"fileTypesAndContributionMap":{"java":{"insertions":19,"deletions":8}}}]}]},"authorFileTypeContributionMap":{"dlimyh98":{"java":186,"md":0,"fxml":0,"sh":0,"bat":0,"gradle":0,"txt":0}},"authorContributionVariance":{"dlimyh98":198.19872},"authorDisplayNameMap":{"dlimyh98":"CS2113T-W13-2 DAMI.. HAO"}}
