[{"path":"src/main/java/Duke.java","fileType":"java","lines":[{"lineNumber":1,"author":{"gitId":"ptejasv"},"content":"import java.util.Scanner;","lastModifiedDate":"2021-08-23"},{"lineNumber":2,"author":{"gitId":"-"},"content":"public class Duke {","lastModifiedDate":"2019-07-29"},{"lineNumber":3,"author":{"gitId":"ptejasv"},"content":"","lastModifiedDate":"2021-08-14"},{"lineNumber":4,"author":{"gitId":"ptejasv"},"content":"    private static final String line \u003d \"____________________________________________________________\";","lastModifiedDate":"2021-08-14"},{"lineNumber":5,"author":{"gitId":"ptejasv"},"content":"    private static Task[] tasks \u003d new Task[100];","lastModifiedDate":"2021-08-24"},{"lineNumber":6,"author":{"gitId":"ptejasv"},"content":"","lastModifiedDate":"2021-08-14"},{"lineNumber":7,"author":{"gitId":"-"},"content":"    public static void main(String[] args) {","lastModifiedDate":"2019-07-29"},{"lineNumber":8,"author":{"gitId":"ptejasv"},"content":"        greetUser();","lastModifiedDate":"2021-08-14"},{"lineNumber":9,"author":{"gitId":"ptejasv"},"content":"        handleCommands();","lastModifiedDate":"2021-08-24"},{"lineNumber":10,"author":{"gitId":"ptejasv"},"content":"    }","lastModifiedDate":"2021-08-14"},{"lineNumber":11,"author":{"gitId":"ptejasv"},"content":"","lastModifiedDate":"2021-08-14"},{"lineNumber":12,"author":{"gitId":"ptejasv"},"content":"    /**","lastModifiedDate":"2021-08-24"},{"lineNumber":13,"author":{"gitId":"ptejasv"},"content":"     * Prints a greeting to standard output","lastModifiedDate":"2021-08-24"},{"lineNumber":14,"author":{"gitId":"ptejasv"},"content":"     */","lastModifiedDate":"2021-08-24"},{"lineNumber":15,"author":{"gitId":"ptejasv"},"content":"    public static void greetUser() {","lastModifiedDate":"2021-08-24"},{"lineNumber":16,"author":{"gitId":"ptejasv"},"content":"        printString(\"Hello! I\u0027m Duke\\n\" +","lastModifiedDate":"2021-08-24"},{"lineNumber":17,"author":{"gitId":"ptejasv"},"content":"                \" What can I do for you?\");","lastModifiedDate":"2021-08-24"},{"lineNumber":18,"author":{"gitId":"ptejasv"},"content":"    }","lastModifiedDate":"2021-08-24"},{"lineNumber":19,"author":{"gitId":"ptejasv"},"content":"","lastModifiedDate":"2021-08-24"},{"lineNumber":20,"author":{"gitId":"ptejasv"},"content":"    /**","lastModifiedDate":"2021-08-24"},{"lineNumber":21,"author":{"gitId":"ptejasv"},"content":"     * Reads commands to Duke from standard input and passes","lastModifiedDate":"2021-08-24"},{"lineNumber":22,"author":{"gitId":"ptejasv"},"content":"     * them to separate functions to handle them","lastModifiedDate":"2021-08-24"},{"lineNumber":23,"author":{"gitId":"ptejasv"},"content":"     */","lastModifiedDate":"2021-08-24"},{"lineNumber":24,"author":{"gitId":"ptejasv"},"content":"    public static void handleCommands() {","lastModifiedDate":"2021-08-24"},{"lineNumber":25,"author":{"gitId":"ptejasv"},"content":"        Scanner in \u003d new Scanner(System.in);","lastModifiedDate":"2021-08-24"},{"lineNumber":26,"author":{"gitId":"ptejasv"},"content":"        String command \u003d \"\";","lastModifiedDate":"2021-08-24"},{"lineNumber":27,"author":{"gitId":"ptejasv"},"content":"","lastModifiedDate":"2021-08-24"},{"lineNumber":28,"author":{"gitId":"ptejasv"},"content":"        while (!command.equals(\"bye\")) {","lastModifiedDate":"2021-08-24"},{"lineNumber":29,"author":{"gitId":"ptejasv"},"content":"            command \u003d in.nextLine();","lastModifiedDate":"2021-08-24"},{"lineNumber":30,"author":{"gitId":"ptejasv"},"content":"            if (command.equals(\"list\")) {","lastModifiedDate":"2021-08-24"},{"lineNumber":31,"author":{"gitId":"ptejasv"},"content":"                listTasks();","lastModifiedDate":"2021-08-24"},{"lineNumber":32,"author":{"gitId":"ptejasv"},"content":"            } else if (command.startsWith(\"done\")) {","lastModifiedDate":"2021-08-24"},{"lineNumber":33,"author":{"gitId":"ptejasv"},"content":"                doneTask(command);","lastModifiedDate":"2021-08-24"},{"lineNumber":34,"author":{"gitId":"ptejasv"},"content":"            } else if (command.equals(\"bye\")) {","lastModifiedDate":"2021-08-24"},{"lineNumber":35,"author":{"gitId":"ptejasv"},"content":"                exitChatbot();","lastModifiedDate":"2021-08-24"},{"lineNumber":36,"author":{"gitId":"ptejasv"},"content":"            } else {","lastModifiedDate":"2021-08-24"},{"lineNumber":37,"author":{"gitId":"ptejasv"},"content":"                addTask(command);","lastModifiedDate":"2021-08-24"},{"lineNumber":38,"author":{"gitId":"ptejasv"},"content":"            }","lastModifiedDate":"2021-08-24"},{"lineNumber":39,"author":{"gitId":"ptejasv"},"content":"        }","lastModifiedDate":"2021-08-24"},{"lineNumber":40,"author":{"gitId":"ptejasv"},"content":"    }","lastModifiedDate":"2021-08-24"},{"lineNumber":41,"author":{"gitId":"ptejasv"},"content":"","lastModifiedDate":"2021-08-24"},{"lineNumber":42,"author":{"gitId":"ptejasv"},"content":"    // helper functions used in command handlers","lastModifiedDate":"2021-08-24"},{"lineNumber":43,"author":{"gitId":"ptejasv"},"content":"","lastModifiedDate":"2021-08-24"},{"lineNumber":44,"author":{"gitId":"ptejasv"},"content":"    /**","lastModifiedDate":"2021-08-24"},{"lineNumber":45,"author":{"gitId":"ptejasv"},"content":"     * Prints Duke logo to the standard output with a greeting","lastModifiedDate":"2021-08-24"},{"lineNumber":46,"author":{"gitId":"ptejasv"},"content":"     */","lastModifiedDate":"2021-08-24"},{"lineNumber":47,"author":{"gitId":"ptejasv"},"content":"    public static void printLogo() {","lastModifiedDate":"2021-08-14"},{"lineNumber":48,"author":{"gitId":"-"},"content":"        String logo \u003d \" ____        _        \\n\"","lastModifiedDate":"2019-07-29"},{"lineNumber":49,"author":{"gitId":"-"},"content":"                + \"|  _ \\\\ _   _| | _____ \\n\"","lastModifiedDate":"2019-07-29"},{"lineNumber":50,"author":{"gitId":"-"},"content":"                + \"| | | | | | | |/ / _ \\\\\\n\"","lastModifiedDate":"2019-07-29"},{"lineNumber":51,"author":{"gitId":"-"},"content":"                + \"| |_| | |_| |   \u003c  __/\\n\"","lastModifiedDate":"2019-07-29"},{"lineNumber":52,"author":{"gitId":"-"},"content":"                + \"|____/ \\\\__,_|_|\\\\_\\\\___|\\n\";","lastModifiedDate":"2019-07-29"},{"lineNumber":53,"author":{"gitId":"-"},"content":"        System.out.println(\"Hello from\\n\" + logo);","lastModifiedDate":"2019-07-29"},{"lineNumber":54,"author":{"gitId":"-"},"content":"    }","lastModifiedDate":"2019-07-29"},{"lineNumber":55,"author":{"gitId":"ptejasv"},"content":"","lastModifiedDate":"2021-08-14"},{"lineNumber":56,"author":{"gitId":"ptejasv"},"content":"    /**","lastModifiedDate":"2021-08-24"},{"lineNumber":57,"author":{"gitId":"ptejasv"},"content":"     * Formats and prints strings to standard output","lastModifiedDate":"2021-08-24"},{"lineNumber":58,"author":{"gitId":"ptejasv"},"content":"     *","lastModifiedDate":"2021-08-24"},{"lineNumber":59,"author":{"gitId":"ptejasv"},"content":"     * @param response Duke\u0027s response to be printed out","lastModifiedDate":"2021-08-24"},{"lineNumber":60,"author":{"gitId":"ptejasv"},"content":"     */","lastModifiedDate":"2021-08-24"},{"lineNumber":61,"author":{"gitId":"ptejasv"},"content":"    public static void printString(String response) {","lastModifiedDate":"2021-08-23"},{"lineNumber":62,"author":{"gitId":"ptejasv"},"content":"        System.out.println(line);","lastModifiedDate":"2021-08-23"},{"lineNumber":63,"author":{"gitId":"ptejasv"},"content":"        System.out.println(\" \" + response);","lastModifiedDate":"2021-08-23"},{"lineNumber":64,"author":{"gitId":"ptejasv"},"content":"        System.out.println(line);","lastModifiedDate":"2021-08-23"},{"lineNumber":65,"author":{"gitId":"ptejasv"},"content":"    }","lastModifiedDate":"2021-08-23"},{"lineNumber":66,"author":{"gitId":"ptejasv"},"content":"","lastModifiedDate":"2021-08-23"},{"lineNumber":67,"author":{"gitId":"ptejasv"},"content":"    // all command handlers","lastModifiedDate":"2021-08-24"},{"lineNumber":68,"author":{"gitId":"ptejasv"},"content":"","lastModifiedDate":"2021-08-14"},{"lineNumber":69,"author":{"gitId":"ptejasv"},"content":"    /**","lastModifiedDate":"2021-08-24"},{"lineNumber":70,"author":{"gitId":"ptejasv"},"content":"     * Prints goodbye to output","lastModifiedDate":"2021-08-24"},{"lineNumber":71,"author":{"gitId":"ptejasv"},"content":"     */","lastModifiedDate":"2021-08-24"},{"lineNumber":72,"author":{"gitId":"ptejasv"},"content":"    public static void exitChatbot() {","lastModifiedDate":"2021-08-23"},{"lineNumber":73,"author":{"gitId":"ptejasv"},"content":"        printString(\"Bye. Hope to see you again soon!\");","lastModifiedDate":"2021-08-23"},{"lineNumber":74,"author":{"gitId":"ptejasv"},"content":"    }","lastModifiedDate":"2021-08-23"},{"lineNumber":75,"author":{"gitId":"ptejasv"},"content":"","lastModifiedDate":"2021-08-23"},{"lineNumber":76,"author":{"gitId":"ptejasv"},"content":"    /**","lastModifiedDate":"2021-08-24"},{"lineNumber":77,"author":{"gitId":"ptejasv"},"content":"     * Adds tasks to the array of tasks stored by Duke","lastModifiedDate":"2021-08-24"},{"lineNumber":78,"author":{"gitId":"ptejasv"},"content":"     *","lastModifiedDate":"2021-08-24"},{"lineNumber":79,"author":{"gitId":"ptejasv"},"content":"     * @param command name of the task to be added","lastModifiedDate":"2021-08-24"},{"lineNumber":80,"author":{"gitId":"ptejasv"},"content":"     */","lastModifiedDate":"2021-08-24"},{"lineNumber":81,"author":{"gitId":"ptejasv"},"content":"    public static void addTask(String command) {","lastModifiedDate":"2021-08-24"},{"lineNumber":82,"author":{"gitId":"ptejasv"},"content":"        tasks[Task.taskCount] \u003d new Task(command);","lastModifiedDate":"2021-08-24"},{"lineNumber":83,"author":{"gitId":"ptejasv"},"content":"        printString(\"added: \" + command);","lastModifiedDate":"2021-08-24"},{"lineNumber":84,"author":{"gitId":"ptejasv"},"content":"    }","lastModifiedDate":"2021-08-14"},{"lineNumber":85,"author":{"gitId":"ptejasv"},"content":"","lastModifiedDate":"2021-08-23"},{"lineNumber":86,"author":{"gitId":"ptejasv"},"content":"    /**","lastModifiedDate":"2021-08-24"},{"lineNumber":87,"author":{"gitId":"ptejasv"},"content":"     * Lists out all tasks stored by Duke, printing to standard output","lastModifiedDate":"2021-08-24"},{"lineNumber":88,"author":{"gitId":"ptejasv"},"content":"     * Tasks marked as completed will have an [X] beside their names","lastModifiedDate":"2021-08-24"},{"lineNumber":89,"author":{"gitId":"ptejasv"},"content":"     */","lastModifiedDate":"2021-08-24"},{"lineNumber":90,"author":{"gitId":"ptejasv"},"content":"    public static void listTasks() {","lastModifiedDate":"2021-08-24"},{"lineNumber":91,"author":{"gitId":"ptejasv"},"content":"        System.out.println(line);","lastModifiedDate":"2021-08-23"},{"lineNumber":92,"author":{"gitId":"ptejasv"},"content":"        System.out.println(\" Here are the tasks in your list:\");","lastModifiedDate":"2021-08-24"},{"lineNumber":93,"author":{"gitId":"ptejasv"},"content":"        for (int i \u003d 0; i \u003c Task.taskCount; i++) {","lastModifiedDate":"2021-08-24"},{"lineNumber":94,"author":{"gitId":"ptejasv"},"content":"            System.out.println(\" \" + (i + 1) +","lastModifiedDate":"2021-08-24"},{"lineNumber":95,"author":{"gitId":"ptejasv"},"content":"                    \".[\" + tasks[i].getStatusIcon() +","lastModifiedDate":"2021-08-24"},{"lineNumber":96,"author":{"gitId":"ptejasv"},"content":"                    \"] \" + tasks[i].getDescription());","lastModifiedDate":"2021-08-24"},{"lineNumber":97,"author":{"gitId":"ptejasv"},"content":"        }","lastModifiedDate":"2021-08-23"},{"lineNumber":98,"author":{"gitId":"ptejasv"},"content":"        System.out.println(line);","lastModifiedDate":"2021-08-23"},{"lineNumber":99,"author":{"gitId":"ptejasv"},"content":"    }","lastModifiedDate":"2021-08-23"},{"lineNumber":100,"author":{"gitId":"ptejasv"},"content":"","lastModifiedDate":"2021-08-23"},{"lineNumber":101,"author":{"gitId":"ptejasv"},"content":"    /**","lastModifiedDate":"2021-08-24"},{"lineNumber":102,"author":{"gitId":"ptejasv"},"content":"     * Marks task n from the stored array of tasks as done when Duke","lastModifiedDate":"2021-08-24"},{"lineNumber":103,"author":{"gitId":"ptejasv"},"content":"     * receives the command \"done n\" and prints an acknowledgement","lastModifiedDate":"2021-08-24"},{"lineNumber":104,"author":{"gitId":"ptejasv"},"content":"     * to the standard output","lastModifiedDate":"2021-08-24"},{"lineNumber":105,"author":{"gitId":"ptejasv"},"content":"     *","lastModifiedDate":"2021-08-24"},{"lineNumber":106,"author":{"gitId":"ptejasv"},"content":"     * @param command the \"done n\", command, such that the nth command is marked as done","lastModifiedDate":"2021-08-24"},{"lineNumber":107,"author":{"gitId":"ptejasv"},"content":"     */","lastModifiedDate":"2021-08-24"},{"lineNumber":108,"author":{"gitId":"ptejasv"},"content":"    public static void doneTask(String command) {","lastModifiedDate":"2021-08-24"},{"lineNumber":109,"author":{"gitId":"ptejasv"},"content":"        int taskIndex \u003d Integer.parseInt(command.substring(command.indexOf(\" \") + 1));","lastModifiedDate":"2021-08-24"},{"lineNumber":110,"author":{"gitId":"ptejasv"},"content":"        tasks[taskIndex - 1].setDone();","lastModifiedDate":"2021-08-24"},{"lineNumber":111,"author":{"gitId":"ptejasv"},"content":"        printString(\"Nice! I\u0027ve marked this task as done:\\n\" +","lastModifiedDate":"2021-08-24"},{"lineNumber":112,"author":{"gitId":"ptejasv"},"content":"                \"  [X] \" + tasks[taskIndex - 1].getDescription());","lastModifiedDate":"2021-08-24"},{"lineNumber":113,"author":{"gitId":"ptejasv"},"content":"    }","lastModifiedDate":"2021-08-23"},{"lineNumber":114,"author":{"gitId":"-"},"content":"}","lastModifiedDate":"2019-07-29"}],"authorContributionMap":{"ptejasv":104,"-":10}},{"path":"src/main/java/Task.java","fileType":"java","lines":[{"lineNumber":1,"author":{"gitId":"ptejasv"},"content":"public class Task {","lastModifiedDate":"2021-08-24"},{"lineNumber":2,"author":{"gitId":"ptejasv"},"content":"    protected String description;","lastModifiedDate":"2021-08-24"},{"lineNumber":3,"author":{"gitId":"ptejasv"},"content":"    protected boolean isDone;","lastModifiedDate":"2021-08-24"},{"lineNumber":4,"author":{"gitId":"ptejasv"},"content":"    public static int taskCount \u003d 0;","lastModifiedDate":"2021-08-24"},{"lineNumber":5,"author":{"gitId":"ptejasv"},"content":"","lastModifiedDate":"2021-08-24"},{"lineNumber":6,"author":{"gitId":"ptejasv"},"content":"    /**","lastModifiedDate":"2021-08-24"},{"lineNumber":7,"author":{"gitId":"ptejasv"},"content":"     * Creates a new Task object to be stored in Duke\u0027s list of Tasks,","lastModifiedDate":"2021-08-24"},{"lineNumber":8,"author":{"gitId":"ptejasv"},"content":"     * sets the name of the task as the name passed in by the user and","lastModifiedDate":"2021-08-24"},{"lineNumber":9,"author":{"gitId":"ptejasv"},"content":"     * marks the task as incomplete, incrementing the total task count","lastModifiedDate":"2021-08-24"},{"lineNumber":10,"author":{"gitId":"ptejasv"},"content":"     *","lastModifiedDate":"2021-08-24"},{"lineNumber":11,"author":{"gitId":"ptejasv"},"content":"     * @param description the name of the task to be created","lastModifiedDate":"2021-08-24"},{"lineNumber":12,"author":{"gitId":"ptejasv"},"content":"     */","lastModifiedDate":"2021-08-24"},{"lineNumber":13,"author":{"gitId":"ptejasv"},"content":"    public Task(String description) {","lastModifiedDate":"2021-08-24"},{"lineNumber":14,"author":{"gitId":"ptejasv"},"content":"        this.description \u003d description;","lastModifiedDate":"2021-08-24"},{"lineNumber":15,"author":{"gitId":"ptejasv"},"content":"        this.isDone \u003d false;","lastModifiedDate":"2021-08-24"},{"lineNumber":16,"author":{"gitId":"ptejasv"},"content":"        taskCount++;","lastModifiedDate":"2021-08-24"},{"lineNumber":17,"author":{"gitId":"ptejasv"},"content":"    }","lastModifiedDate":"2021-08-24"},{"lineNumber":18,"author":{"gitId":"ptejasv"},"content":"","lastModifiedDate":"2021-08-24"},{"lineNumber":19,"author":{"gitId":"ptejasv"},"content":"    public String getDescription() {","lastModifiedDate":"2021-08-24"},{"lineNumber":20,"author":{"gitId":"ptejasv"},"content":"        return description;","lastModifiedDate":"2021-08-24"},{"lineNumber":21,"author":{"gitId":"ptejasv"},"content":"    }","lastModifiedDate":"2021-08-24"},{"lineNumber":22,"author":{"gitId":"ptejasv"},"content":"","lastModifiedDate":"2021-08-24"},{"lineNumber":23,"author":{"gitId":"ptejasv"},"content":"    public boolean isDone() {","lastModifiedDate":"2021-08-24"},{"lineNumber":24,"author":{"gitId":"ptejasv"},"content":"        return isDone;","lastModifiedDate":"2021-08-24"},{"lineNumber":25,"author":{"gitId":"ptejasv"},"content":"    }","lastModifiedDate":"2021-08-24"},{"lineNumber":26,"author":{"gitId":"ptejasv"},"content":"","lastModifiedDate":"2021-08-24"},{"lineNumber":27,"author":{"gitId":"ptejasv"},"content":"    public void setDescription(String description) {","lastModifiedDate":"2021-08-24"},{"lineNumber":28,"author":{"gitId":"ptejasv"},"content":"        this.description \u003d description;","lastModifiedDate":"2021-08-24"},{"lineNumber":29,"author":{"gitId":"ptejasv"},"content":"    }","lastModifiedDate":"2021-08-24"},{"lineNumber":30,"author":{"gitId":"ptejasv"},"content":"","lastModifiedDate":"2021-08-24"},{"lineNumber":31,"author":{"gitId":"ptejasv"},"content":"    public void setDone() {","lastModifiedDate":"2021-08-24"},{"lineNumber":32,"author":{"gitId":"ptejasv"},"content":"        isDone \u003d true;","lastModifiedDate":"2021-08-24"},{"lineNumber":33,"author":{"gitId":"ptejasv"},"content":"    }","lastModifiedDate":"2021-08-24"},{"lineNumber":34,"author":{"gitId":"ptejasv"},"content":"","lastModifiedDate":"2021-08-24"},{"lineNumber":35,"author":{"gitId":"ptejasv"},"content":"    /**","lastModifiedDate":"2021-08-24"},{"lineNumber":36,"author":{"gitId":"ptejasv"},"content":"     * Returns the icon to be printed while listing out tasks stored by Duke","lastModifiedDate":"2021-08-24"},{"lineNumber":37,"author":{"gitId":"ptejasv"},"content":"     * Done tasks are denoted by X","lastModifiedDate":"2021-08-24"},{"lineNumber":38,"author":{"gitId":"ptejasv"},"content":"     *","lastModifiedDate":"2021-08-24"},{"lineNumber":39,"author":{"gitId":"ptejasv"},"content":"     * @return the icon to be used while listing tasks on Duke to standard output","lastModifiedDate":"2021-08-24"},{"lineNumber":40,"author":{"gitId":"ptejasv"},"content":"     */","lastModifiedDate":"2021-08-24"},{"lineNumber":41,"author":{"gitId":"ptejasv"},"content":"    public String getStatusIcon() {","lastModifiedDate":"2021-08-24"},{"lineNumber":42,"author":{"gitId":"ptejasv"},"content":"        return (isDone ? \"X\" : \" \");","lastModifiedDate":"2021-08-24"},{"lineNumber":43,"author":{"gitId":"ptejasv"},"content":"    }","lastModifiedDate":"2021-08-24"},{"lineNumber":44,"author":{"gitId":"ptejasv"},"content":"","lastModifiedDate":"2021-08-24"},{"lineNumber":45,"author":{"gitId":"ptejasv"},"content":"}","lastModifiedDate":"2021-08-24"}],"authorContributionMap":{"ptejasv":45}}]
