[{"path":"src/main/java/Deadline.java","fileType":"java","lines":[{"lineNumber":1,"author":{"gitId":"ianwangeeen"},"content":"public class Deadline extends Task {","lastModifiedDate":"2021-08-31"},{"lineNumber":2,"author":{"gitId":"ianwangeeen"},"content":"","lastModifiedDate":"2021-08-31"},{"lineNumber":3,"author":{"gitId":"ianwangeeen"},"content":"    protected String by;","lastModifiedDate":"2021-08-31"},{"lineNumber":4,"author":{"gitId":"ianwangeeen"},"content":"","lastModifiedDate":"2021-08-31"},{"lineNumber":5,"author":{"gitId":"ianwangeeen"},"content":"    public Deadline(String description, String by) {","lastModifiedDate":"2021-09-02"},{"lineNumber":6,"author":{"gitId":"ianwangeeen"},"content":"        super(description);","lastModifiedDate":"2021-08-31"},{"lineNumber":7,"author":{"gitId":"ianwangeeen"},"content":"        this.by \u003d by;","lastModifiedDate":"2021-08-31"},{"lineNumber":8,"author":{"gitId":"ianwangeeen"},"content":"    }","lastModifiedDate":"2021-08-31"},{"lineNumber":9,"author":{"gitId":"ianwangeeen"},"content":"","lastModifiedDate":"2021-08-31"},{"lineNumber":10,"author":{"gitId":"ianwangeeen"},"content":"    @Override","lastModifiedDate":"2021-08-31"},{"lineNumber":11,"author":{"gitId":"ianwangeeen"},"content":"    public String toString() {","lastModifiedDate":"2021-08-31"},{"lineNumber":12,"author":{"gitId":"ianwangeeen"},"content":"        return \"[Deadline]\" + getStatusIcon() + \" \" + super.toString() + \" (by: \" + by + \")\";","lastModifiedDate":"2021-09-02"},{"lineNumber":13,"author":{"gitId":"ianwangeeen"},"content":"    }","lastModifiedDate":"2021-08-31"},{"lineNumber":14,"author":{"gitId":"ianwangeeen"},"content":"}","lastModifiedDate":"2021-08-31"},{"lineNumber":15,"author":{"gitId":"ianwangeeen"},"content":"","lastModifiedDate":"2021-08-31"}],"authorContributionMap":{"ianwangeeen":15}},{"path":"src/main/java/Duke.java","fileType":"java","lines":[{"lineNumber":1,"author":{"gitId":"ianwangeeen"},"content":"import java.io.IOException;","lastModifiedDate":"2021-09-12"},{"lineNumber":2,"author":{"gitId":"ianwangeeen"},"content":"import java.util.ArrayList;","lastModifiedDate":"2021-09-11"},{"lineNumber":3,"author":{"gitId":"ianwangeeen"},"content":"import java.util.Scanner;","lastModifiedDate":"2021-08-21"},{"lineNumber":4,"author":{"gitId":"ianwangeeen"},"content":"import java.util.Arrays;","lastModifiedDate":"2021-09-02"},{"lineNumber":5,"author":{"gitId":"ianwangeeen"},"content":"import java.io.File;","lastModifiedDate":"2021-09-12"},{"lineNumber":6,"author":{"gitId":"ianwangeeen"},"content":"import java.io.FileWriter;","lastModifiedDate":"2021-09-12"},{"lineNumber":7,"author":{"gitId":"ianwangeeen"},"content":"","lastModifiedDate":"2021-08-21"},{"lineNumber":8,"author":{"gitId":"-"},"content":"public class Duke {","lastModifiedDate":"2019-07-29"},{"lineNumber":9,"author":{"gitId":"ianwangeeen"},"content":"","lastModifiedDate":"2021-09-11"},{"lineNumber":10,"author":{"gitId":"ianwangeeen"},"content":"    private static final ArrayList\u003cTask\u003e tasks \u003d new ArrayList\u003c\u003e();","lastModifiedDate":"2021-09-11"},{"lineNumber":11,"author":{"gitId":"ianwangeeen"},"content":"","lastModifiedDate":"2021-09-11"},{"lineNumber":12,"author":{"gitId":"ianwangeeen"},"content":"    /**","lastModifiedDate":"2021-09-11"},{"lineNumber":13,"author":{"gitId":"ianwangeeen"},"content":"     * Long line separator","lastModifiedDate":"2021-09-11"},{"lineNumber":14,"author":{"gitId":"ianwangeeen"},"content":"     */","lastModifiedDate":"2021-09-11"},{"lineNumber":15,"author":{"gitId":"ianwangeeen"},"content":"    private static final String lineSeparator \u003d (\"_____________________________________________________\");","lastModifiedDate":"2021-09-05"},{"lineNumber":16,"author":{"gitId":"ianwangeeen"},"content":"","lastModifiedDate":"2021-09-05"},{"lineNumber":17,"author":{"gitId":"ianwangeeen"},"content":"    private static final String FILEPATH \u003d \"./list.txt\";","lastModifiedDate":"2021-09-12"},{"lineNumber":18,"author":{"gitId":"ianwangeeen"},"content":"","lastModifiedDate":"2021-09-12"},{"lineNumber":19,"author":{"gitId":"ianwangeeen"},"content":"    public static void printSeparator() {","lastModifiedDate":"2021-09-05"},{"lineNumber":20,"author":{"gitId":"ianwangeeen"},"content":"        System.out.println(lineSeparator);","lastModifiedDate":"2021-09-05"},{"lineNumber":21,"author":{"gitId":"ianwangeeen"},"content":"    }","lastModifiedDate":"2021-09-05"},{"lineNumber":22,"author":{"gitId":"ianwangeeen"},"content":"","lastModifiedDate":"2021-09-05"},{"lineNumber":23,"author":{"gitId":"ianwangeeen"},"content":"    public static void printGreeting() {","lastModifiedDate":"2021-09-11"},{"lineNumber":24,"author":{"gitId":"ianwangeeen"},"content":"        printSeparator();","lastModifiedDate":"2021-09-05"},{"lineNumber":25,"author":{"gitId":"ianwangeeen"},"content":"        System.out.println(\"Hello! I\u0027m Duke the Dancing Dragon.\");","lastModifiedDate":"2021-08-21"},{"lineNumber":26,"author":{"gitId":"ianwangeeen"},"content":"        System.out.println(\"Anything I can help you with, young Padawan?\");","lastModifiedDate":"2021-08-21"},{"lineNumber":27,"author":{"gitId":"ianwangeeen"},"content":"        printSeparator();","lastModifiedDate":"2021-09-05"},{"lineNumber":28,"author":{"gitId":"ianwangeeen"},"content":"    }","lastModifiedDate":"2021-08-17"},{"lineNumber":29,"author":{"gitId":"ianwangeeen"},"content":"","lastModifiedDate":"2021-08-17"},{"lineNumber":30,"author":{"gitId":"ianwangeeen"},"content":"    public static void printGoodbyeMessage() {","lastModifiedDate":"2021-09-11"},{"lineNumber":31,"author":{"gitId":"ianwangeeen"},"content":"        System.out.println(\"It\u0027s over Anakin... I can finally eat my lun-\");","lastModifiedDate":"2021-08-21"},{"lineNumber":32,"author":{"gitId":"ianwangeeen"},"content":"        System.out.println(lineSeparator);","lastModifiedDate":"2021-09-05"},{"lineNumber":33,"author":{"gitId":"ianwangeeen"},"content":"    }","lastModifiedDate":"2021-08-17"},{"lineNumber":34,"author":{"gitId":"ianwangeeen"},"content":"","lastModifiedDate":"2021-08-21"},{"lineNumber":35,"author":{"gitId":"ianwangeeen"},"content":"    public static void printDone(Task task) {","lastModifiedDate":"2021-09-11"},{"lineNumber":36,"author":{"gitId":"ianwangeeen"},"content":"        System.out.println(\"You have marked item \" + task.description + \" as done:\");","lastModifiedDate":"2021-09-11"},{"lineNumber":37,"author":{"gitId":"ianwangeeen"},"content":"        System.out.println(task.getStatusIcon() + \" \" + task.description);","lastModifiedDate":"2021-09-11"},{"lineNumber":38,"author":{"gitId":"ianwangeeen"},"content":"    }","lastModifiedDate":"2021-09-11"},{"lineNumber":39,"author":{"gitId":"ianwangeeen"},"content":"","lastModifiedDate":"2021-09-11"},{"lineNumber":40,"author":{"gitId":"ianwangeeen"},"content":"    public static void printDeletedMessage(Task task) {","lastModifiedDate":"2021-09-11"},{"lineNumber":41,"author":{"gitId":"ianwangeeen"},"content":"        System.out.println(\"You have deleted the item: \" + \"\\n\" + task);","lastModifiedDate":"2021-09-11"},{"lineNumber":42,"author":{"gitId":"ianwangeeen"},"content":"    }","lastModifiedDate":"2021-08-24"},{"lineNumber":43,"author":{"gitId":"ianwangeeen"},"content":"","lastModifiedDate":"2021-08-24"},{"lineNumber":44,"author":{"gitId":"ianwangeeen"},"content":"    /**","lastModifiedDate":"2021-09-02"},{"lineNumber":45,"author":{"gitId":"ianwangeeen"},"content":"     * Returns the list number which is assigned to the task.","lastModifiedDate":"2021-09-02"},{"lineNumber":46,"author":{"gitId":"ianwangeeen"},"content":"     *","lastModifiedDate":"2021-09-02"},{"lineNumber":47,"author":{"gitId":"ianwangeeen"},"content":"     * @param arg user input that contains word [done].","lastModifiedDate":"2021-09-02"},{"lineNumber":48,"author":{"gitId":"ianwangeeen"},"content":"     * @return task number.","lastModifiedDate":"2021-09-02"},{"lineNumber":49,"author":{"gitId":"ianwangeeen"},"content":"     */","lastModifiedDate":"2021-09-02"},{"lineNumber":50,"author":{"gitId":"ianwangeeen"},"content":"    public static int getTaskNum(String arg) {","lastModifiedDate":"2021-09-02"},{"lineNumber":51,"author":{"gitId":"ianwangeeen"},"content":"        String[] words \u003d arg.trim().split(\"[\\\\s]+\");","lastModifiedDate":"2021-08-25"},{"lineNumber":52,"author":{"gitId":"ianwangeeen"},"content":"        return Integer.parseInt(words[1]);","lastModifiedDate":"2021-08-24"},{"lineNumber":53,"author":{"gitId":"ianwangeeen"},"content":"    }","lastModifiedDate":"2021-08-24"},{"lineNumber":54,"author":{"gitId":"ianwangeeen"},"content":"","lastModifiedDate":"2021-08-24"},{"lineNumber":55,"author":{"gitId":"ianwangeeen"},"content":"    /**","lastModifiedDate":"2021-09-12"},{"lineNumber":56,"author":{"gitId":"ianwangeeen"},"content":"     * Returns the number or unchecked tasks.","lastModifiedDate":"2021-09-12"},{"lineNumber":57,"author":{"gitId":"ianwangeeen"},"content":"     *","lastModifiedDate":"2021-09-22"},{"lineNumber":58,"author":{"gitId":"ianwangeeen"},"content":"     * @param tasks ArrayList\u003cTask\u003e for Tasks.","lastModifiedDate":"2021-09-12"},{"lineNumber":59,"author":{"gitId":"ianwangeeen"},"content":"     * @return int for number of uncompleted tasks.","lastModifiedDate":"2021-09-12"},{"lineNumber":60,"author":{"gitId":"ianwangeeen"},"content":"     */","lastModifiedDate":"2021-09-12"},{"lineNumber":61,"author":{"gitId":"ianwangeeen"},"content":"    public static int getNumOfUncompletedTasks(ArrayList\u003cTask\u003e tasks) {","lastModifiedDate":"2021-09-11"},{"lineNumber":62,"author":{"gitId":"ianwangeeen"},"content":"        int numOfUncompletedTasks \u003d 0;","lastModifiedDate":"2021-09-11"},{"lineNumber":63,"author":{"gitId":"ianwangeeen"},"content":"        for (Task task : tasks) {","lastModifiedDate":"2021-09-11"},{"lineNumber":64,"author":{"gitId":"ianwangeeen"},"content":"            if (!task.isDone) {","lastModifiedDate":"2021-09-11"},{"lineNumber":65,"author":{"gitId":"ianwangeeen"},"content":"                numOfUncompletedTasks++;","lastModifiedDate":"2021-09-11"},{"lineNumber":66,"author":{"gitId":"ianwangeeen"},"content":"            }","lastModifiedDate":"2021-09-11"},{"lineNumber":67,"author":{"gitId":"ianwangeeen"},"content":"        }","lastModifiedDate":"2021-09-11"},{"lineNumber":68,"author":{"gitId":"ianwangeeen"},"content":"        return numOfUncompletedTasks;","lastModifiedDate":"2021-09-11"},{"lineNumber":69,"author":{"gitId":"ianwangeeen"},"content":"    }","lastModifiedDate":"2021-09-11"},{"lineNumber":70,"author":{"gitId":"ianwangeeen"},"content":"","lastModifiedDate":"2021-09-11"},{"lineNumber":71,"author":{"gitId":"ianwangeeen"},"content":"    /**","lastModifiedDate":"2021-09-02"},{"lineNumber":72,"author":{"gitId":"ianwangeeen"},"content":"     * Returns the description of the task only, without the date or the keyword.","lastModifiedDate":"2021-09-02"},{"lineNumber":73,"author":{"gitId":"ianwangeeen"},"content":"     *","lastModifiedDate":"2021-09-02"},{"lineNumber":74,"author":{"gitId":"ianwangeeen"},"content":"     * @param query user raw data input.","lastModifiedDate":"2021-09-02"},{"lineNumber":75,"author":{"gitId":"ianwangeeen"},"content":"     * @return description of task.","lastModifiedDate":"2021-09-02"},{"lineNumber":76,"author":{"gitId":"ianwangeeen"},"content":"     */","lastModifiedDate":"2021-09-02"},{"lineNumber":77,"author":{"gitId":"ianwangeeen"},"content":"    public static String getQueryDescription(String query) {","lastModifiedDate":"2021-09-02"},{"lineNumber":78,"author":{"gitId":"ianwangeeen"},"content":"        String[] words \u003d query.trim().split(\"[\\\\s]+\");","lastModifiedDate":"2021-09-02"},{"lineNumber":79,"author":{"gitId":"ianwangeeen"},"content":"        String[] allButFirstWord \u003d Arrays.copyOfRange(words, 1, words.length);","lastModifiedDate":"2021-09-02"},{"lineNumber":80,"author":{"gitId":"ianwangeeen"},"content":"        StringBuilder sentenceAfterDeletion \u003d new StringBuilder();","lastModifiedDate":"2021-09-02"},{"lineNumber":81,"author":{"gitId":"ianwangeeen"},"content":"        for (String word : allButFirstWord) {","lastModifiedDate":"2021-09-02"},{"lineNumber":82,"author":{"gitId":"ianwangeeen"},"content":"            if (word.contains(\"/\")) {","lastModifiedDate":"2021-09-02"},{"lineNumber":83,"author":{"gitId":"ianwangeeen"},"content":"                break;","lastModifiedDate":"2021-09-02"},{"lineNumber":84,"author":{"gitId":"ianwangeeen"},"content":"            } else {","lastModifiedDate":"2021-09-02"},{"lineNumber":85,"author":{"gitId":"ianwangeeen"},"content":"                sentenceAfterDeletion.append(word).append(\" \");","lastModifiedDate":"2021-09-02"},{"lineNumber":86,"author":{"gitId":"ianwangeeen"},"content":"            }","lastModifiedDate":"2021-09-02"},{"lineNumber":87,"author":{"gitId":"ianwangeeen"},"content":"        }","lastModifiedDate":"2021-09-02"},{"lineNumber":88,"author":{"gitId":"ianwangeeen"},"content":"        return sentenceAfterDeletion.toString();","lastModifiedDate":"2021-09-02"},{"lineNumber":89,"author":{"gitId":"ianwangeeen"},"content":"    }","lastModifiedDate":"2021-09-02"},{"lineNumber":90,"author":{"gitId":"ianwangeeen"},"content":"","lastModifiedDate":"2021-09-02"},{"lineNumber":91,"author":{"gitId":"ianwangeeen"},"content":"    /**","lastModifiedDate":"2021-09-02"},{"lineNumber":92,"author":{"gitId":"ianwangeeen"},"content":"     * Returns date value for tasks which need a date input field. If user does not have proper date formatting, (i.e.","lastModifiedDate":"2021-09-11"},{"lineNumber":93,"author":{"gitId":"ianwangeeen"},"content":"     * \u0027/by\u0027 or \u0027/at\u0027) this function returns an empty string.","lastModifiedDate":"2021-09-11"},{"lineNumber":94,"author":{"gitId":"ianwangeeen"},"content":"     *","lastModifiedDate":"2021-09-02"},{"lineNumber":95,"author":{"gitId":"ianwangeeen"},"content":"     * @param query user raw data input.","lastModifiedDate":"2021-09-02"},{"lineNumber":96,"author":{"gitId":"ianwangeeen"},"content":"     * @return date value.","lastModifiedDate":"2021-09-12"},{"lineNumber":97,"author":{"gitId":"ianwangeeen"},"content":"     */","lastModifiedDate":"2021-09-02"},{"lineNumber":98,"author":{"gitId":"ianwangeeen"},"content":"    public static String getDate(String query) {","lastModifiedDate":"2021-09-02"},{"lineNumber":99,"author":{"gitId":"ianwangeeen"},"content":"        int slashPosition \u003d query.indexOf(\"/\");","lastModifiedDate":"2021-09-02"},{"lineNumber":100,"author":{"gitId":"ianwangeeen"},"content":"        if (slashPosition \u003d\u003d -1) {","lastModifiedDate":"2021-09-02"},{"lineNumber":101,"author":{"gitId":"ianwangeeen"},"content":"            return \"\";","lastModifiedDate":"2021-09-02"},{"lineNumber":102,"author":{"gitId":"ianwangeeen"},"content":"        } else {","lastModifiedDate":"2021-09-02"},{"lineNumber":103,"author":{"gitId":"ianwangeeen"},"content":"            int datePosition \u003d slashPosition + 3;","lastModifiedDate":"2021-09-02"},{"lineNumber":104,"author":{"gitId":"ianwangeeen"},"content":"            return query.substring(datePosition).trim();","lastModifiedDate":"2021-09-02"},{"lineNumber":105,"author":{"gitId":"ianwangeeen"},"content":"        }","lastModifiedDate":"2021-09-02"},{"lineNumber":106,"author":{"gitId":"ianwangeeen"},"content":"    }","lastModifiedDate":"2021-09-02"},{"lineNumber":107,"author":{"gitId":"ianwangeeen"},"content":"","lastModifiedDate":"2021-09-02"},{"lineNumber":108,"author":{"gitId":"ianwangeeen"},"content":"    /**","lastModifiedDate":"2021-09-02"},{"lineNumber":109,"author":{"gitId":"ianwangeeen"},"content":"     * Return void. Function is responsible for printing out the whole task list of the user.","lastModifiedDate":"2021-09-11"},{"lineNumber":110,"author":{"gitId":"ianwangeeen"},"content":"     *","lastModifiedDate":"2021-09-02"},{"lineNumber":111,"author":{"gitId":"ianwangeeen"},"content":"     * @param tasks list of tasks input by user.","lastModifiedDate":"2021-09-12"},{"lineNumber":112,"author":{"gitId":"ianwangeeen"},"content":"     */","lastModifiedDate":"2021-09-02"},{"lineNumber":113,"author":{"gitId":"ianwangeeen"},"content":"    public static void printList(ArrayList\u003cTask\u003e tasks) {","lastModifiedDate":"2021-09-11"},{"lineNumber":114,"author":{"gitId":"ianwangeeen"},"content":"        int count \u003d 0;","lastModifiedDate":"2021-08-24"},{"lineNumber":115,"author":{"gitId":"ianwangeeen"},"content":"        System.out.println(\"Here is your list:\");","lastModifiedDate":"2021-08-24"},{"lineNumber":116,"author":{"gitId":"ianwangeeen"},"content":"        for (Task item : tasks) {","lastModifiedDate":"2021-09-01"},{"lineNumber":117,"author":{"gitId":"ianwangeeen"},"content":"            if (tasks.get(count) !\u003d null) {","lastModifiedDate":"2021-09-11"},{"lineNumber":118,"author":{"gitId":"ianwangeeen"},"content":"                count++;","lastModifiedDate":"2021-08-24"},{"lineNumber":119,"author":{"gitId":"ianwangeeen"},"content":"                System.out.println(count + \". \" + item);","lastModifiedDate":"2021-09-02"},{"lineNumber":120,"author":{"gitId":"ianwangeeen"},"content":"            }","lastModifiedDate":"2021-08-24"},{"lineNumber":121,"author":{"gitId":"ianwangeeen"},"content":"        }","lastModifiedDate":"2021-08-24"},{"lineNumber":122,"author":{"gitId":"ianwangeeen"},"content":"    }","lastModifiedDate":"2021-08-24"},{"lineNumber":123,"author":{"gitId":"ianwangeeen"},"content":"","lastModifiedDate":"2021-08-24"},{"lineNumber":124,"author":{"gitId":"ianwangeeen"},"content":"    public static boolean hasListKeyword(String arg) {","lastModifiedDate":"2021-08-31"},{"lineNumber":125,"author":{"gitId":"ianwangeeen"},"content":"        return arg.trim().matches(\"^list$\");","lastModifiedDate":"2021-08-31"},{"lineNumber":126,"author":{"gitId":"ianwangeeen"},"content":"    }","lastModifiedDate":"2021-08-31"},{"lineNumber":127,"author":{"gitId":"ianwangeeen"},"content":"","lastModifiedDate":"2021-08-31"},{"lineNumber":128,"author":{"gitId":"ianwangeeen"},"content":"    public static boolean hasDoneKeyword(String arg) {","lastModifiedDate":"2021-08-31"},{"lineNumber":129,"author":{"gitId":"ianwangeeen"},"content":"        return arg.trim().matches(\"^[done]+\\\\s+[0-9]+$\");","lastModifiedDate":"2021-08-31"},{"lineNumber":130,"author":{"gitId":"ianwangeeen"},"content":"    }","lastModifiedDate":"2021-08-31"},{"lineNumber":131,"author":{"gitId":"ianwangeeen"},"content":"","lastModifiedDate":"2021-08-31"},{"lineNumber":132,"author":{"gitId":"ianwangeeen"},"content":"    public static boolean hasTodoKeyword(String arg) {","lastModifiedDate":"2021-08-31"},{"lineNumber":133,"author":{"gitId":"ianwangeeen"},"content":"        return arg.trim().toLowerCase().contains(\"todo\");","lastModifiedDate":"2021-09-02"},{"lineNumber":134,"author":{"gitId":"ianwangeeen"},"content":"    }","lastModifiedDate":"2021-08-31"},{"lineNumber":135,"author":{"gitId":"ianwangeeen"},"content":"","lastModifiedDate":"2021-08-31"},{"lineNumber":136,"author":{"gitId":"ianwangeeen"},"content":"    public static boolean hasDeadlineKeyword(String arg) {","lastModifiedDate":"2021-08-31"},{"lineNumber":137,"author":{"gitId":"ianwangeeen"},"content":"        return arg.trim().toLowerCase().contains(\"deadline\");","lastModifiedDate":"2021-09-02"},{"lineNumber":138,"author":{"gitId":"ianwangeeen"},"content":"    }","lastModifiedDate":"2021-08-31"},{"lineNumber":139,"author":{"gitId":"ianwangeeen"},"content":"","lastModifiedDate":"2021-08-31"},{"lineNumber":140,"author":{"gitId":"ianwangeeen"},"content":"    public static boolean hasEventKeyword(String arg) {","lastModifiedDate":"2021-08-31"},{"lineNumber":141,"author":{"gitId":"ianwangeeen"},"content":"        return arg.trim().toLowerCase().contains(\"event\");","lastModifiedDate":"2021-09-02"},{"lineNumber":142,"author":{"gitId":"ianwangeeen"},"content":"    }","lastModifiedDate":"2021-08-31"},{"lineNumber":143,"author":{"gitId":"ianwangeeen"},"content":"","lastModifiedDate":"2021-08-31"},{"lineNumber":144,"author":{"gitId":"ianwangeeen"},"content":"    public static boolean hasDeleteKeyword(String arg) {","lastModifiedDate":"2021-09-11"},{"lineNumber":145,"author":{"gitId":"ianwangeeen"},"content":"        return arg.trim().toLowerCase().contains(\"delete\");","lastModifiedDate":"2021-09-11"},{"lineNumber":146,"author":{"gitId":"ianwangeeen"},"content":"    }","lastModifiedDate":"2021-09-11"},{"lineNumber":147,"author":{"gitId":"ianwangeeen"},"content":"","lastModifiedDate":"2021-09-11"},{"lineNumber":148,"author":{"gitId":"ianwangeeen"},"content":"    /**","lastModifiedDate":"2021-09-02"},{"lineNumber":149,"author":{"gitId":"ianwangeeen"},"content":"     * Returns the required value for keyword which is the first word keyed in by user.","lastModifiedDate":"2021-09-02"},{"lineNumber":150,"author":{"gitId":"ianwangeeen"},"content":"     *","lastModifiedDate":"2021-09-02"},{"lineNumber":151,"author":{"gitId":"ianwangeeen"},"content":"     * @param query user raw data input.","lastModifiedDate":"2021-09-02"},{"lineNumber":152,"author":{"gitId":"ianwangeeen"},"content":"     * @return keyword value from Keyword enum class.","lastModifiedDate":"2021-09-02"},{"lineNumber":153,"author":{"gitId":"ianwangeeen"},"content":"     */","lastModifiedDate":"2021-09-02"},{"lineNumber":154,"author":{"gitId":"ianwangeeen"},"content":"    public static Keyword getKeywordStatus(String query) {","lastModifiedDate":"2021-08-31"},{"lineNumber":155,"author":{"gitId":"ianwangeeen"},"content":"        Keyword keyword;","lastModifiedDate":"2021-09-02"},{"lineNumber":156,"author":{"gitId":"ianwangeeen"},"content":"        if (hasDoneKeyword(query)) {","lastModifiedDate":"2021-08-31"},{"lineNumber":157,"author":{"gitId":"ianwangeeen"},"content":"            keyword \u003d Keyword.DONE_TASK;","lastModifiedDate":"2021-08-31"},{"lineNumber":158,"author":{"gitId":"ianwangeeen"},"content":"        } else if (hasTodoKeyword(query)) {","lastModifiedDate":"2021-08-31"},{"lineNumber":159,"author":{"gitId":"ianwangeeen"},"content":"            keyword \u003d Keyword.TODO_TASK;","lastModifiedDate":"2021-08-31"},{"lineNumber":160,"author":{"gitId":"ianwangeeen"},"content":"        } else if (hasDeadlineKeyword(query)) {","lastModifiedDate":"2021-08-31"},{"lineNumber":161,"author":{"gitId":"ianwangeeen"},"content":"            keyword \u003d Keyword.DEADLINE_TASK;","lastModifiedDate":"2021-08-31"},{"lineNumber":162,"author":{"gitId":"ianwangeeen"},"content":"        } else if (hasEventKeyword(query)) {","lastModifiedDate":"2021-08-31"},{"lineNumber":163,"author":{"gitId":"ianwangeeen"},"content":"            keyword \u003d Keyword.EVENT_TASK;","lastModifiedDate":"2021-08-31"},{"lineNumber":164,"author":{"gitId":"ianwangeeen"},"content":"        } else if (hasListKeyword(query)) {","lastModifiedDate":"2021-08-31"},{"lineNumber":165,"author":{"gitId":"ianwangeeen"},"content":"            keyword \u003d Keyword.LIST_ITEMS;","lastModifiedDate":"2021-08-31"},{"lineNumber":166,"author":{"gitId":"ianwangeeen"},"content":"        } else if (query.trim().equals(\"bye\")) {","lastModifiedDate":"2021-09-02"},{"lineNumber":167,"author":{"gitId":"ianwangeeen"},"content":"            keyword \u003d Keyword.GOODBYE_KEYWORD;","lastModifiedDate":"2021-09-02"},{"lineNumber":168,"author":{"gitId":"ianwangeeen"},"content":"        } else if (hasDeleteKeyword(query)) {","lastModifiedDate":"2021-09-11"},{"lineNumber":169,"author":{"gitId":"ianwangeeen"},"content":"            keyword \u003d Keyword.DELETE_KEYWORD;","lastModifiedDate":"2021-09-11"},{"lineNumber":170,"author":{"gitId":"ianwangeeen"},"content":"        } else {","lastModifiedDate":"2021-08-31"},{"lineNumber":171,"author":{"gitId":"ianwangeeen"},"content":"            keyword \u003d Keyword.NO_KEYWORD;","lastModifiedDate":"2021-09-02"},{"lineNumber":172,"author":{"gitId":"ianwangeeen"},"content":"        }","lastModifiedDate":"2021-08-31"},{"lineNumber":173,"author":{"gitId":"ianwangeeen"},"content":"        return keyword;","lastModifiedDate":"2021-08-31"},{"lineNumber":174,"author":{"gitId":"ianwangeeen"},"content":"    }","lastModifiedDate":"2021-08-31"},{"lineNumber":175,"author":{"gitId":"ianwangeeen"},"content":"","lastModifiedDate":"2021-08-31"},{"lineNumber":176,"author":{"gitId":"ianwangeeen"},"content":"    /**","lastModifiedDate":"2021-09-12"},{"lineNumber":177,"author":{"gitId":"ianwangeeen"},"content":"     * Function waits for user input, or takes input from ./list.txt.","lastModifiedDate":"2021-09-12"},{"lineNumber":178,"author":{"gitId":"ianwangeeen"},"content":"     */","lastModifiedDate":"2021-09-12"},{"lineNumber":179,"author":{"gitId":"ianwangeeen"},"content":"    public static void waitForQuery() {","lastModifiedDate":"2021-08-31"},{"lineNumber":180,"author":{"gitId":"ianwangeeen"},"content":"        String query \u003d \"\";","lastModifiedDate":"2021-08-31"},{"lineNumber":181,"author":{"gitId":"ianwangeeen"},"content":"        try {","lastModifiedDate":"2021-09-12"},{"lineNumber":182,"author":{"gitId":"ianwangeeen"},"content":"            File file \u003d new File(FILEPATH);","lastModifiedDate":"2021-09-12"},{"lineNumber":183,"author":{"gitId":"ianwangeeen"},"content":"            Scanner listInput \u003d new Scanner(file);","lastModifiedDate":"2021-09-12"},{"lineNumber":184,"author":{"gitId":"ianwangeeen"},"content":"            while (listInput.hasNext()) {","lastModifiedDate":"2021-09-12"},{"lineNumber":185,"author":{"gitId":"ianwangeeen"},"content":"                query \u003d listInput.nextLine();","lastModifiedDate":"2021-09-12"},{"lineNumber":186,"author":{"gitId":"ianwangeeen"},"content":"                addTask(query);","lastModifiedDate":"2021-09-12"},{"lineNumber":187,"author":{"gitId":"ianwangeeen"},"content":"            }","lastModifiedDate":"2021-09-12"},{"lineNumber":188,"author":{"gitId":"ianwangeeen"},"content":"            Scanner userInput \u003d new Scanner(System.in);","lastModifiedDate":"2021-09-12"},{"lineNumber":189,"author":{"gitId":"ianwangeeen"},"content":"            while (!query.equals(\"bye\")) {","lastModifiedDate":"2021-09-12"},{"lineNumber":190,"author":{"gitId":"ianwangeeen"},"content":"                System.out.print(\"\u003d\u003e\");","lastModifiedDate":"2021-09-12"},{"lineNumber":191,"author":{"gitId":"ianwangeeen"},"content":"                if (userInput.hasNextLine()) {","lastModifiedDate":"2021-09-12"},{"lineNumber":192,"author":{"gitId":"ianwangeeen"},"content":"                    query \u003d userInput.nextLine();","lastModifiedDate":"2021-09-12"},{"lineNumber":193,"author":{"gitId":"ianwangeeen"},"content":"                }","lastModifiedDate":"2021-09-12"},{"lineNumber":194,"author":{"gitId":"ianwangeeen"},"content":"                try {","lastModifiedDate":"2021-09-12"},{"lineNumber":195,"author":{"gitId":"ianwangeeen"},"content":"                    appendToFile(FILEPATH, query);","lastModifiedDate":"2021-09-12"},{"lineNumber":196,"author":{"gitId":"ianwangeeen"},"content":"                } catch (IOException e) {","lastModifiedDate":"2021-09-12"},{"lineNumber":197,"author":{"gitId":"ianwangeeen"},"content":"                    System.out.println(\"Something went wrong... ------\u003e\" + e.getMessage());","lastModifiedDate":"2021-09-12"},{"lineNumber":198,"author":{"gitId":"ianwangeeen"},"content":"                }","lastModifiedDate":"2021-09-12"},{"lineNumber":199,"author":{"gitId":"ianwangeeen"},"content":"                addTask(query);","lastModifiedDate":"2021-09-12"},{"lineNumber":200,"author":{"gitId":"ianwangeeen"},"content":"            }","lastModifiedDate":"2021-09-12"},{"lineNumber":201,"author":{"gitId":"ianwangeeen"},"content":"        } catch (IOException exception) {","lastModifiedDate":"2021-09-12"},{"lineNumber":202,"author":{"gitId":"ianwangeeen"},"content":"            Scanner userInput \u003d new Scanner(System.in);","lastModifiedDate":"2021-08-31"},{"lineNumber":203,"author":{"gitId":"ianwangeeen"},"content":"","lastModifiedDate":"2021-08-31"},{"lineNumber":204,"author":{"gitId":"ianwangeeen"},"content":"            while (!query.equals(\"bye\")) {","lastModifiedDate":"2021-08-31"},{"lineNumber":205,"author":{"gitId":"ianwangeeen"},"content":"                System.out.print(\"\u003d\u003e\");","lastModifiedDate":"2021-08-31"},{"lineNumber":206,"author":{"gitId":"ianwangeeen"},"content":"                if (userInput.hasNextLine()) {","lastModifiedDate":"2021-08-31"},{"lineNumber":207,"author":{"gitId":"ianwangeeen"},"content":"                    query \u003d userInput.nextLine();","lastModifiedDate":"2021-08-31"},{"lineNumber":208,"author":{"gitId":"ianwangeeen"},"content":"                    try {","lastModifiedDate":"2021-09-12"},{"lineNumber":209,"author":{"gitId":"ianwangeeen"},"content":"                        appendToFile(FILEPATH, query);","lastModifiedDate":"2021-09-12"},{"lineNumber":210,"author":{"gitId":"ianwangeeen"},"content":"                    } catch (IOException e) {","lastModifiedDate":"2021-09-12"},{"lineNumber":211,"author":{"gitId":"ianwangeeen"},"content":"                        System.out.println(\"Something went wrong... ------\u003e\" + e.getMessage());","lastModifiedDate":"2021-09-12"},{"lineNumber":212,"author":{"gitId":"ianwangeeen"},"content":"                    }","lastModifiedDate":"2021-09-12"},{"lineNumber":213,"author":{"gitId":"ianwangeeen"},"content":"                }","lastModifiedDate":"2021-08-31"},{"lineNumber":214,"author":{"gitId":"ianwangeeen"},"content":"                addTask(query);","lastModifiedDate":"2021-08-31"},{"lineNumber":215,"author":{"gitId":"ianwangeeen"},"content":"            }","lastModifiedDate":"2021-08-31"},{"lineNumber":216,"author":{"gitId":"ianwangeeen"},"content":"        }","lastModifiedDate":"2021-08-31"},{"lineNumber":217,"author":{"gitId":"ianwangeeen"},"content":"    }","lastModifiedDate":"2021-09-12"},{"lineNumber":218,"author":{"gitId":"ianwangeeen"},"content":"","lastModifiedDate":"2021-09-12"},{"lineNumber":219,"author":{"gitId":"ianwangeeen"},"content":"    private static void appendToFile(String filePath, String textToAppend) throws IOException {","lastModifiedDate":"2021-09-12"},{"lineNumber":220,"author":{"gitId":"ianwangeeen"},"content":"        FileWriter fw \u003d new FileWriter(filePath, true); // create a FileWriter in append mode","lastModifiedDate":"2021-09-12"},{"lineNumber":221,"author":{"gitId":"ianwangeeen"},"content":"        if (!textToAppend.equals(\"bye\")) {","lastModifiedDate":"2021-09-12"},{"lineNumber":222,"author":{"gitId":"ianwangeeen"},"content":"            fw.write(textToAppend + \"\\n\");","lastModifiedDate":"2021-09-12"},{"lineNumber":223,"author":{"gitId":"ianwangeeen"},"content":"            fw.close();","lastModifiedDate":"2021-09-12"},{"lineNumber":224,"author":{"gitId":"ianwangeeen"},"content":"        }","lastModifiedDate":"2021-09-12"},{"lineNumber":225,"author":{"gitId":"ianwangeeen"},"content":"    }","lastModifiedDate":"2021-09-12"},{"lineNumber":226,"author":{"gitId":"ianwangeeen"},"content":"","lastModifiedDate":"2021-08-31"},{"lineNumber":227,"author":{"gitId":"ianwangeeen"},"content":"    /**","lastModifiedDate":"2021-09-02"},{"lineNumber":228,"author":{"gitId":"ianwangeeen"},"content":"     * Returns void. Function is responsible for adding different Tasks to the task list.","lastModifiedDate":"2021-09-11"},{"lineNumber":229,"author":{"gitId":"ianwangeeen"},"content":"     *","lastModifiedDate":"2021-09-02"},{"lineNumber":230,"author":{"gitId":"ianwangeeen"},"content":"     * @param query user raw data input","lastModifiedDate":"2021-09-02"},{"lineNumber":231,"author":{"gitId":"ianwangeeen"},"content":"     * @throws NullPointerException if user keys in done [number] when there is no such task.","lastModifiedDate":"2021-09-02"},{"lineNumber":232,"author":{"gitId":"ianwangeeen"},"content":"     */","lastModifiedDate":"2021-09-02"},{"lineNumber":233,"author":{"gitId":"ianwangeeen"},"content":"    public static void addTask(String query) throws IndexOutOfBoundsException {","lastModifiedDate":"2021-09-11"},{"lineNumber":234,"author":{"gitId":"ianwangeeen"},"content":"        Keyword keyword \u003d getKeywordStatus(query);","lastModifiedDate":"2021-08-31"},{"lineNumber":235,"author":{"gitId":"ianwangeeen"},"content":"        switch (keyword) {","lastModifiedDate":"2021-08-31"},{"lineNumber":236,"author":{"gitId":"ianwangeeen"},"content":"        case DONE_TASK:","lastModifiedDate":"2021-08-31"},{"lineNumber":237,"author":{"gitId":"ianwangeeen"},"content":"            try {","lastModifiedDate":"2021-09-02"},{"lineNumber":238,"author":{"gitId":"ianwangeeen"},"content":"                int taskNumber \u003d getTaskNum(query) - 1;","lastModifiedDate":"2021-09-11"},{"lineNumber":239,"author":{"gitId":"ianwangeeen"},"content":"                Task referencedTask \u003d tasks.get(taskNumber);","lastModifiedDate":"2021-09-11"},{"lineNumber":240,"author":{"gitId":"ianwangeeen"},"content":"                referencedTask.markAsDone();","lastModifiedDate":"2021-09-11"},{"lineNumber":241,"author":{"gitId":"ianwangeeen"},"content":"                printDone(referencedTask);","lastModifiedDate":"2021-09-11"},{"lineNumber":242,"author":{"gitId":"ianwangeeen"},"content":"                System.out.println(\"Total unchecked items in your list: \" + getNumOfUncompletedTasks(tasks));","lastModifiedDate":"2021-09-11"},{"lineNumber":243,"author":{"gitId":"ianwangeeen"},"content":"            } catch (IndexOutOfBoundsException exception) {","lastModifiedDate":"2021-09-11"},{"lineNumber":244,"author":{"gitId":"ianwangeeen"},"content":"                System.out.println(\"There is no such task number...\");","lastModifiedDate":"2021-09-02"},{"lineNumber":245,"author":{"gitId":"ianwangeeen"},"content":"            }","lastModifiedDate":"2021-09-02"},{"lineNumber":246,"author":{"gitId":"ianwangeeen"},"content":"            break;","lastModifiedDate":"2021-08-31"},{"lineNumber":247,"author":{"gitId":"ianwangeeen"},"content":"        case TODO_TASK:","lastModifiedDate":"2021-08-31"},{"lineNumber":248,"author":{"gitId":"ianwangeeen"},"content":"            tasks.add(new Todo(getQueryDescription(query)));","lastModifiedDate":"2021-09-11"},{"lineNumber":249,"author":{"gitId":"ianwangeeen"},"content":"            System.out.println(\"Added a Todo Task: \" + getQueryDescription(query));","lastModifiedDate":"2021-09-02"},{"lineNumber":250,"author":{"gitId":"ianwangeeen"},"content":"            System.out.println(\"Total unchecked items in your list: \" + getNumOfUncompletedTasks(tasks));","lastModifiedDate":"2021-09-11"},{"lineNumber":251,"author":{"gitId":"ianwangeeen"},"content":"            break;","lastModifiedDate":"2021-08-31"},{"lineNumber":252,"author":{"gitId":"ianwangeeen"},"content":"        case EVENT_TASK:","lastModifiedDate":"2021-08-31"},{"lineNumber":253,"author":{"gitId":"ianwangeeen"},"content":"            try {","lastModifiedDate":"2021-09-11"},{"lineNumber":254,"author":{"gitId":"ianwangeeen"},"content":"                if (getDate(query).equals(\"\")) {","lastModifiedDate":"2021-09-02"},{"lineNumber":255,"author":{"gitId":"ianwangeeen"},"content":"                    throw new InvalidInputsException.InvalidDateFormatting(\"Wrong format of date \"","lastModifiedDate":"2021-09-11"},{"lineNumber":256,"author":{"gitId":"ianwangeeen"},"content":"                            + \"has been entered\");","lastModifiedDate":"2021-09-11"},{"lineNumber":257,"author":{"gitId":"ianwangeeen"},"content":"                }","lastModifiedDate":"2021-09-11"},{"lineNumber":258,"author":{"gitId":"ianwangeeen"},"content":"                tasks.add(new Event(getQueryDescription(query), getDate(query)));","lastModifiedDate":"2021-09-11"},{"lineNumber":259,"author":{"gitId":"ianwangeeen"},"content":"                System.out.println(\"Added an Event Task: \" + getQueryDescription(query));","lastModifiedDate":"2021-09-02"},{"lineNumber":260,"author":{"gitId":"ianwangeeen"},"content":"                System.out.println(\"Total unchecked items in your list: \" + getNumOfUncompletedTasks(tasks));","lastModifiedDate":"2021-09-11"},{"lineNumber":261,"author":{"gitId":"ianwangeeen"},"content":"            } catch (InvalidInputsException.InvalidDateFormatting exception) {","lastModifiedDate":"2021-09-11"},{"lineNumber":262,"author":{"gitId":"ianwangeeen"},"content":"                exception.printStackTrace();","lastModifiedDate":"2021-09-11"},{"lineNumber":263,"author":{"gitId":"ianwangeeen"},"content":"                System.out.println(\"Did you forget to add in the \u0027/by\u0027 again?\");","lastModifiedDate":"2021-09-11"},{"lineNumber":264,"author":{"gitId":"ianwangeeen"},"content":"            }","lastModifiedDate":"2021-09-02"},{"lineNumber":265,"author":{"gitId":"ianwangeeen"},"content":"            break;","lastModifiedDate":"2021-08-31"},{"lineNumber":266,"author":{"gitId":"ianwangeeen"},"content":"        case DEADLINE_TASK:","lastModifiedDate":"2021-08-31"},{"lineNumber":267,"author":{"gitId":"ianwangeeen"},"content":"            try {","lastModifiedDate":"2021-09-11"},{"lineNumber":268,"author":{"gitId":"ianwangeeen"},"content":"                if (getDate(query).equals(\"\")) {","lastModifiedDate":"2021-09-02"},{"lineNumber":269,"author":{"gitId":"ianwangeeen"},"content":"                    throw new InvalidInputsException.InvalidDateFormatting(\"Wrong format of date \"","lastModifiedDate":"2021-09-11"},{"lineNumber":270,"author":{"gitId":"ianwangeeen"},"content":"                            + \"has been entered\");","lastModifiedDate":"2021-09-11"},{"lineNumber":271,"author":{"gitId":"ianwangeeen"},"content":"                }","lastModifiedDate":"2021-09-11"},{"lineNumber":272,"author":{"gitId":"ianwangeeen"},"content":"                tasks.add(new Deadline(getQueryDescription(query), getDate(query)));","lastModifiedDate":"2021-09-11"},{"lineNumber":273,"author":{"gitId":"ianwangeeen"},"content":"                System.out.println(\"Added a Deadline Task: \" + getQueryDescription(query));","lastModifiedDate":"2021-09-12"},{"lineNumber":274,"author":{"gitId":"ianwangeeen"},"content":"                System.out.println(\"Total unchecked items in your list: \" + getNumOfUncompletedTasks(tasks));","lastModifiedDate":"2021-09-11"},{"lineNumber":275,"author":{"gitId":"ianwangeeen"},"content":"            } catch (InvalidInputsException.InvalidDateFormatting exception) {","lastModifiedDate":"2021-09-11"},{"lineNumber":276,"author":{"gitId":"ianwangeeen"},"content":"                exception.printStackTrace();","lastModifiedDate":"2021-09-11"},{"lineNumber":277,"author":{"gitId":"ianwangeeen"},"content":"                System.out.println(\"Did you forget to add in the \u0027/by\u0027 again?\");","lastModifiedDate":"2021-09-11"},{"lineNumber":278,"author":{"gitId":"ianwangeeen"},"content":"            }","lastModifiedDate":"2021-09-02"},{"lineNumber":279,"author":{"gitId":"ianwangeeen"},"content":"            break;","lastModifiedDate":"2021-08-31"},{"lineNumber":280,"author":{"gitId":"ianwangeeen"},"content":"        case LIST_ITEMS:","lastModifiedDate":"2021-08-31"},{"lineNumber":281,"author":{"gitId":"ianwangeeen"},"content":"            printList(tasks);","lastModifiedDate":"2021-08-31"},{"lineNumber":282,"author":{"gitId":"ianwangeeen"},"content":"            break;","lastModifiedDate":"2021-09-02"},{"lineNumber":283,"author":{"gitId":"ianwangeeen"},"content":"        case DELETE_KEYWORD:","lastModifiedDate":"2021-09-11"},{"lineNumber":284,"author":{"gitId":"ianwangeeen"},"content":"            try {","lastModifiedDate":"2021-09-11"},{"lineNumber":285,"author":{"gitId":"ianwangeeen"},"content":"                int taskNumber \u003d getTaskNum(query) - 1;","lastModifiedDate":"2021-09-11"},{"lineNumber":286,"author":{"gitId":"ianwangeeen"},"content":"                Task referencedTask \u003d tasks.get(taskNumber);","lastModifiedDate":"2021-09-11"},{"lineNumber":287,"author":{"gitId":"ianwangeeen"},"content":"                tasks.remove(taskNumber);","lastModifiedDate":"2021-09-11"},{"lineNumber":288,"author":{"gitId":"ianwangeeen"},"content":"                printDeletedMessage(referencedTask);","lastModifiedDate":"2021-09-11"},{"lineNumber":289,"author":{"gitId":"ianwangeeen"},"content":"                System.out.println(\"Total unchecked items in your list: \" + getNumOfUncompletedTasks(tasks));","lastModifiedDate":"2021-09-11"},{"lineNumber":290,"author":{"gitId":"ianwangeeen"},"content":"            } catch (IndexOutOfBoundsException exception) {","lastModifiedDate":"2021-09-11"},{"lineNumber":291,"author":{"gitId":"ianwangeeen"},"content":"                System.out.println(\"There is no such task number...\");","lastModifiedDate":"2021-09-11"},{"lineNumber":292,"author":{"gitId":"ianwangeeen"},"content":"            }","lastModifiedDate":"2021-09-11"},{"lineNumber":293,"author":{"gitId":"ianwangeeen"},"content":"            break;","lastModifiedDate":"2021-09-11"},{"lineNumber":294,"author":{"gitId":"ianwangeeen"},"content":"        case NO_KEYWORD:","lastModifiedDate":"2021-09-02"},{"lineNumber":295,"author":{"gitId":"ianwangeeen"},"content":"            try {","lastModifiedDate":"2021-09-11"},{"lineNumber":296,"author":{"gitId":"ianwangeeen"},"content":"                throw new InvalidInputsException.MissingKeyword(\"You have to input \u003ctodo\u003e, \u003cdeadline\u003e or\"","lastModifiedDate":"2021-09-11"},{"lineNumber":297,"author":{"gitId":"ianwangeeen"},"content":"                        + \" \u003cevent\u003e first!\");","lastModifiedDate":"2021-09-11"},{"lineNumber":298,"author":{"gitId":"ianwangeeen"},"content":"            } catch (InvalidInputsException.MissingKeyword exception) {","lastModifiedDate":"2021-09-11"},{"lineNumber":299,"author":{"gitId":"ianwangeeen"},"content":"                exception.printStackTrace();","lastModifiedDate":"2021-09-11"},{"lineNumber":300,"author":{"gitId":"ianwangeeen"},"content":"                System.out.println(\"Invalid keyword!!!\");","lastModifiedDate":"2021-09-11"},{"lineNumber":301,"author":{"gitId":"ianwangeeen"},"content":"            }","lastModifiedDate":"2021-09-11"},{"lineNumber":302,"author":{"gitId":"ianwangeeen"},"content":"            break;","lastModifiedDate":"2021-09-02"},{"lineNumber":303,"author":{"gitId":"ianwangeeen"},"content":"        case GOODBYE_KEYWORD:","lastModifiedDate":"2021-09-02"},{"lineNumber":304,"author":{"gitId":"ianwangeeen"},"content":"            printGoodbyeMessage();","lastModifiedDate":"2021-09-11"},{"lineNumber":305,"author":{"gitId":"ianwangeeen"},"content":"            break;","lastModifiedDate":"2021-09-02"},{"lineNumber":306,"author":{"gitId":"ianwangeeen"},"content":"        }","lastModifiedDate":"2021-08-31"},{"lineNumber":307,"author":{"gitId":"ianwangeeen"},"content":"    }","lastModifiedDate":"2021-08-31"},{"lineNumber":308,"author":{"gitId":"ianwangeeen"},"content":"","lastModifiedDate":"2021-08-31"},{"lineNumber":309,"author":{"gitId":"ianwangeeen"},"content":"    /**","lastModifiedDate":"2021-09-02"},{"lineNumber":310,"author":{"gitId":"ianwangeeen"},"content":"     * Main function","lastModifiedDate":"2021-09-02"},{"lineNumber":311,"author":{"gitId":"ianwangeeen"},"content":"     */","lastModifiedDate":"2021-09-02"},{"lineNumber":312,"author":{"gitId":"-"},"content":"    public static void main(String[] args) {","lastModifiedDate":"2019-07-29"},{"lineNumber":313,"author":{"gitId":"ianwangeeen"},"content":"        String face \u003d \"⣿⣿⡇⠄⣼⣿⣿⠿⣿⣿⣿⣦⠘⣿⣿⣿⣿⣿⠏⣰⣿⡿⠟⢻⣿⣿⣷⡀⠸⣿\\n\"","lastModifiedDate":"2021-08-21"},{"lineNumber":314,"author":{"gitId":"ianwangeeen"},"content":"                + \"⣿⣿⡇⠰⣿⣿⠁⠄⠄⠄⣿⣿⠆⢹⣿⣿⣿⣿⠄⣿⣿⠁⠄⠄⠄⣿⣿⡇⠄⣿\\n\"","lastModifiedDate":"2021-08-21"},{"lineNumber":315,"author":{"gitId":"ianwangeeen"},"content":"                + \"⣿⣿⡇⠄⢿⣿⣷⣤⣤⣼⣿⡟⢀⣿⣿⣿⣿⣿⡄⠻⣿⣷⣤⣤⣾⣿⡿⠁⠄⣿\\n\"","lastModifiedDate":"2021-08-21"},{"lineNumber":316,"author":{"gitId":"ianwangeeen"},"content":"                + \"⣿⣿⠃⢸⣦⡙⠛⠿⠟⠛⠉⣠⣾⣿⣿⣿⣿⣿⣿⣆⡈⠛⠻⠿⠛⢋⣴⡇⢸⣿\\n\"","lastModifiedDate":"2021-08-21"},{"lineNumber":317,"author":{"gitId":"ianwangeeen"},"content":"                + \"⣿⣿⡀⠈⢿⣿⣷⣶⣶⣶⣿⣿⣿⣿⠛⣿⡋⣿⣿⣿⣿⣷⣶⣶⣾⣿⡿⠄⢸⣿\\n\"","lastModifiedDate":"2021-08-21"},{"lineNumber":318,"author":{"gitId":"ianwangeeen"},"content":"                + \"⣿⣿⡇⠄⠈⢿⣿⣯⡻⣿⣿⣿⣿⣿⣿⣿⣿⣿⣿⣿⣿⣿⠟⣽⣿⡟⠄⠄⣮⣿\\n\"","lastModifiedDate":"2021-08-21"},{"lineNumber":319,"author":{"gitId":"ianwangeeen"},"content":"                + \"⣿⣿⣷⠄⠄⠄⠹⣿⣷⣌⠙⢿⣿⣿⣿⣿⣿⣿⣿⡿⠟⢁⣾⣿⠋⠄⠄⠄⢹⣿\\n\"","lastModifiedDate":"2021-08-21"},{"lineNumber":320,"author":{"gitId":"ianwangeeen"},"content":"                + \"⣿⣿⣏⠄⠄⠄⠄⠘⢿⣿⣦⡀⠈⠛⢿⣿⡿⠟⠉⢀⣴⣿⠟⠁⠄⠄⠄⢠⢸⣿\\n\"","lastModifiedDate":"2021-08-21"},{"lineNumber":321,"author":{"gitId":"ianwangeeen"},"content":"                + \"⣿⣿⣿⠄⠄⠄⠄⠄⠄⠙⢿⣿⣦⡀⠄⠄⠄⢀⣴⣿⠟⠃⠄⠄⠄⠄⠄⠄⣸⣿\\n\"","lastModifiedDate":"2021-08-21"},{"lineNumber":322,"author":{"gitId":"ianwangeeen"},"content":"                + \"⣿⣿⣿⡄⠄⠄⠄⠄⠄⠄⢠⠉⠻⢿⣷⣶⣾⡿⠛⠁⡀⠄⠄⠄⠄⠄⠄⠄⣿⣿\\n\";","lastModifiedDate":"2021-08-21"},{"lineNumber":323,"author":{"gitId":"ianwangeeen"},"content":"        System.out.println(face);","lastModifiedDate":"2021-08-21"},{"lineNumber":324,"author":{"gitId":"ianwangeeen"},"content":"","lastModifiedDate":"2021-08-21"},{"lineNumber":325,"author":{"gitId":"ianwangeeen"},"content":"        // print greeting message after logo","lastModifiedDate":"2021-08-21"},{"lineNumber":326,"author":{"gitId":"ianwangeeen"},"content":"        printGreeting();","lastModifiedDate":"2021-09-11"},{"lineNumber":327,"author":{"gitId":"ianwangeeen"},"content":"        waitForQuery();","lastModifiedDate":"2021-08-31"},{"lineNumber":328,"author":{"gitId":"-"},"content":"    }","lastModifiedDate":"2021-09-02"},{"lineNumber":329,"author":{"gitId":"-"},"content":"}","lastModifiedDate":"2019-07-29"}],"authorContributionMap":{"ianwangeeen":325,"-":4}},{"path":"src/main/java/DukeException.java","fileType":"java","lines":[{"lineNumber":1,"author":{"gitId":"ianwangeeen"},"content":"public abstract class DukeException extends Exception {","lastModifiedDate":"2021-09-05"},{"lineNumber":2,"author":{"gitId":"ianwangeeen"},"content":"    private final String message;","lastModifiedDate":"2021-09-11"},{"lineNumber":3,"author":{"gitId":"ianwangeeen"},"content":"","lastModifiedDate":"2021-09-05"},{"lineNumber":4,"author":{"gitId":"ianwangeeen"},"content":"    public DukeException(String msg) {","lastModifiedDate":"2021-09-11"},{"lineNumber":5,"author":{"gitId":"ianwangeeen"},"content":"        this.message \u003d msg;","lastModifiedDate":"2021-09-11"},{"lineNumber":6,"author":{"gitId":"ianwangeeen"},"content":"    }","lastModifiedDate":"2021-09-11"},{"lineNumber":7,"author":{"gitId":"ianwangeeen"},"content":"","lastModifiedDate":"2021-09-11"},{"lineNumber":8,"author":{"gitId":"ianwangeeen"},"content":"    public String getMessage() {","lastModifiedDate":"2021-09-11"},{"lineNumber":9,"author":{"gitId":"ianwangeeen"},"content":"        return message;","lastModifiedDate":"2021-09-11"},{"lineNumber":10,"author":{"gitId":"ianwangeeen"},"content":"    }","lastModifiedDate":"2021-09-11"},{"lineNumber":11,"author":{"gitId":"ianwangeeen"},"content":"}","lastModifiedDate":"2021-09-05"}],"authorContributionMap":{"ianwangeeen":11}},{"path":"src/main/java/Event.java","fileType":"java","lines":[{"lineNumber":1,"author":{"gitId":"ianwangeeen"},"content":"public class Event extends Task {","lastModifiedDate":"2021-08-31"},{"lineNumber":2,"author":{"gitId":"ianwangeeen"},"content":"","lastModifiedDate":"2021-08-31"},{"lineNumber":3,"author":{"gitId":"ianwangeeen"},"content":"    protected String at;","lastModifiedDate":"2021-08-31"},{"lineNumber":4,"author":{"gitId":"ianwangeeen"},"content":"","lastModifiedDate":"2021-08-31"},{"lineNumber":5,"author":{"gitId":"ianwangeeen"},"content":"    public Event(String description, String at) {","lastModifiedDate":"2021-09-02"},{"lineNumber":6,"author":{"gitId":"ianwangeeen"},"content":"        super(description);","lastModifiedDate":"2021-08-31"},{"lineNumber":7,"author":{"gitId":"ianwangeeen"},"content":"        this.at \u003d at;","lastModifiedDate":"2021-08-31"},{"lineNumber":8,"author":{"gitId":"ianwangeeen"},"content":"    }","lastModifiedDate":"2021-08-31"},{"lineNumber":9,"author":{"gitId":"ianwangeeen"},"content":"","lastModifiedDate":"2021-08-31"},{"lineNumber":10,"author":{"gitId":"ianwangeeen"},"content":"    @Override","lastModifiedDate":"2021-08-31"},{"lineNumber":11,"author":{"gitId":"ianwangeeen"},"content":"    public String toString() {","lastModifiedDate":"2021-08-31"},{"lineNumber":12,"author":{"gitId":"ianwangeeen"},"content":"        return \"[  Event ]\" + getStatusIcon() + \" \" + super.toString() + \" (at: \" + at + \")\";","lastModifiedDate":"2021-09-02"},{"lineNumber":13,"author":{"gitId":"ianwangeeen"},"content":"    }","lastModifiedDate":"2021-08-31"},{"lineNumber":14,"author":{"gitId":"ianwangeeen"},"content":"}","lastModifiedDate":"2021-08-31"}],"authorContributionMap":{"ianwangeeen":14}},{"path":"src/main/java/InvalidInputsException.java","fileType":"java","lines":[{"lineNumber":1,"author":{"gitId":"ianwangeeen"},"content":"public class InvalidInputsException {","lastModifiedDate":"2021-09-11"},{"lineNumber":2,"author":{"gitId":"ianwangeeen"},"content":"","lastModifiedDate":"2021-09-11"},{"lineNumber":3,"author":{"gitId":"ianwangeeen"},"content":"    // Invalid date formatting for deadline and event tasks error","lastModifiedDate":"2021-09-11"},{"lineNumber":4,"author":{"gitId":"ianwangeeen"},"content":"    public static class InvalidDateFormatting extends DukeException {","lastModifiedDate":"2021-09-11"},{"lineNumber":5,"author":{"gitId":"ianwangeeen"},"content":"        public InvalidDateFormatting(String msg) {","lastModifiedDate":"2021-09-11"},{"lineNumber":6,"author":{"gitId":"ianwangeeen"},"content":"            super(msg);","lastModifiedDate":"2021-09-11"},{"lineNumber":7,"author":{"gitId":"ianwangeeen"},"content":"        }","lastModifiedDate":"2021-09-11"},{"lineNumber":8,"author":{"gitId":"ianwangeeen"},"content":"    }","lastModifiedDate":"2021-09-11"},{"lineNumber":9,"author":{"gitId":"ianwangeeen"},"content":"","lastModifiedDate":"2021-09-11"},{"lineNumber":10,"author":{"gitId":"ianwangeeen"},"content":"    // Invalid done task number error","lastModifiedDate":"2021-09-11"},{"lineNumber":11,"author":{"gitId":"ianwangeeen"},"content":"    public static class InvalidTaskNumber extends DukeException {","lastModifiedDate":"2021-09-11"},{"lineNumber":12,"author":{"gitId":"ianwangeeen"},"content":"        public InvalidTaskNumber(String msg) {","lastModifiedDate":"2021-09-11"},{"lineNumber":13,"author":{"gitId":"ianwangeeen"},"content":"            super(msg);","lastModifiedDate":"2021-09-11"},{"lineNumber":14,"author":{"gitId":"ianwangeeen"},"content":"        }","lastModifiedDate":"2021-09-11"},{"lineNumber":15,"author":{"gitId":"ianwangeeen"},"content":"    }","lastModifiedDate":"2021-09-11"},{"lineNumber":16,"author":{"gitId":"ianwangeeen"},"content":"","lastModifiedDate":"2021-09-11"},{"lineNumber":17,"author":{"gitId":"ianwangeeen"},"content":"    // Missing keyword error","lastModifiedDate":"2021-09-11"},{"lineNumber":18,"author":{"gitId":"ianwangeeen"},"content":"    public static class MissingKeyword extends DukeException {","lastModifiedDate":"2021-09-11"},{"lineNumber":19,"author":{"gitId":"ianwangeeen"},"content":"        public MissingKeyword(String msg) {","lastModifiedDate":"2021-09-11"},{"lineNumber":20,"author":{"gitId":"ianwangeeen"},"content":"            super(msg);","lastModifiedDate":"2021-09-11"},{"lineNumber":21,"author":{"gitId":"ianwangeeen"},"content":"        }","lastModifiedDate":"2021-09-11"},{"lineNumber":22,"author":{"gitId":"ianwangeeen"},"content":"    }","lastModifiedDate":"2021-09-11"},{"lineNumber":23,"author":{"gitId":"ianwangeeen"},"content":"}","lastModifiedDate":"2021-09-11"}],"authorContributionMap":{"ianwangeeen":23}},{"path":"src/main/java/Keyword.java","fileType":"java","lines":[{"lineNumber":1,"author":{"gitId":"ianwangeeen"},"content":"public enum Keyword {","lastModifiedDate":"2021-08-31"},{"lineNumber":2,"author":{"gitId":"ianwangeeen"},"content":"    DONE_TASK, TODO_TASK, DEADLINE_TASK, EVENT_TASK, LIST_ITEMS, NO_KEYWORD, GOODBYE_KEYWORD, DELETE_KEYWORD","lastModifiedDate":"2021-09-11"},{"lineNumber":3,"author":{"gitId":"ianwangeeen"},"content":"}","lastModifiedDate":"2021-08-31"}],"authorContributionMap":{"ianwangeeen":3}},{"path":"src/main/java/Parser.java","fileType":"java","lines":[{"lineNumber":1,"author":{"gitId":"ianwangeeen"},"content":"public class Parser {","lastModifiedDate":"2021-09-22"},{"lineNumber":2,"author":{"gitId":"ianwangeeen"},"content":"}","lastModifiedDate":"2021-09-22"}],"authorContributionMap":{"ianwangeeen":2}},{"path":"src/main/java/Storage.java","fileType":"java","lines":[{"lineNumber":1,"author":{"gitId":"ianwangeeen"},"content":"import java.io.FileWriter;","lastModifiedDate":"2021-09-23"},{"lineNumber":2,"author":{"gitId":"ianwangeeen"},"content":"import java.io.IOException;","lastModifiedDate":"2021-09-23"},{"lineNumber":3,"author":{"gitId":"ianwangeeen"},"content":"","lastModifiedDate":"2021-09-23"},{"lineNumber":4,"author":{"gitId":"ianwangeeen"},"content":"public class Storage {","lastModifiedDate":"2021-09-22"},{"lineNumber":5,"author":{"gitId":"ianwangeeen"},"content":"    private static void appendToFile(String filePath, String textToAppend) throws IOException {","lastModifiedDate":"2021-09-23"},{"lineNumber":6,"author":{"gitId":"ianwangeeen"},"content":"        FileWriter fw \u003d new FileWriter(filePath, true); // create a FileWriter in append mode","lastModifiedDate":"2021-09-23"},{"lineNumber":7,"author":{"gitId":"ianwangeeen"},"content":"        if (!textToAppend.equals(\"bye\")) {","lastModifiedDate":"2021-09-23"},{"lineNumber":8,"author":{"gitId":"ianwangeeen"},"content":"            fw.write(textToAppend + \"\\n\");","lastModifiedDate":"2021-09-23"},{"lineNumber":9,"author":{"gitId":"ianwangeeen"},"content":"            fw.close();","lastModifiedDate":"2021-09-23"},{"lineNumber":10,"author":{"gitId":"ianwangeeen"},"content":"        }","lastModifiedDate":"2021-09-23"},{"lineNumber":11,"author":{"gitId":"ianwangeeen"},"content":"    }","lastModifiedDate":"2021-09-23"},{"lineNumber":12,"author":{"gitId":"ianwangeeen"},"content":"","lastModifiedDate":"2021-09-23"},{"lineNumber":13,"author":{"gitId":"ianwangeeen"},"content":"}","lastModifiedDate":"2021-09-22"}],"authorContributionMap":{"ianwangeeen":13}},{"path":"src/main/java/Task.java","fileType":"java","lines":[{"lineNumber":1,"author":{"gitId":"ianwangeeen"},"content":"public class Task {","lastModifiedDate":"2021-08-24"},{"lineNumber":2,"author":{"gitId":"ianwangeeen"},"content":"    protected String description;","lastModifiedDate":"2021-08-24"},{"lineNumber":3,"author":{"gitId":"ianwangeeen"},"content":"    protected boolean isDone;","lastModifiedDate":"2021-08-24"},{"lineNumber":4,"author":{"gitId":"ianwangeeen"},"content":"","lastModifiedDate":"2021-08-24"},{"lineNumber":5,"author":{"gitId":"ianwangeeen"},"content":"    public Task(String description) {","lastModifiedDate":"2021-08-24"},{"lineNumber":6,"author":{"gitId":"ianwangeeen"},"content":"        this.description \u003d description;","lastModifiedDate":"2021-08-24"},{"lineNumber":7,"author":{"gitId":"ianwangeeen"},"content":"        this.isDone \u003d false;","lastModifiedDate":"2021-08-24"},{"lineNumber":8,"author":{"gitId":"ianwangeeen"},"content":"    }","lastModifiedDate":"2021-08-24"},{"lineNumber":9,"author":{"gitId":"ianwangeeen"},"content":"","lastModifiedDate":"2021-08-24"},{"lineNumber":10,"author":{"gitId":"ianwangeeen"},"content":"    public String getDescription() {","lastModifiedDate":"2021-09-02"},{"lineNumber":11,"author":{"gitId":"ianwangeeen"},"content":"        return description;","lastModifiedDate":"2021-09-02"},{"lineNumber":12,"author":{"gitId":"ianwangeeen"},"content":"    }","lastModifiedDate":"2021-09-02"},{"lineNumber":13,"author":{"gitId":"ianwangeeen"},"content":"","lastModifiedDate":"2021-09-02"},{"lineNumber":14,"author":{"gitId":"ianwangeeen"},"content":"    public String getStatusIcon() {","lastModifiedDate":"2021-08-24"},{"lineNumber":15,"author":{"gitId":"ianwangeeen"},"content":"        return (isDone ? \"[X]\" : \"[ ]\"); // mark done task with X","lastModifiedDate":"2021-08-24"},{"lineNumber":16,"author":{"gitId":"ianwangeeen"},"content":"    }","lastModifiedDate":"2021-08-24"},{"lineNumber":17,"author":{"gitId":"ianwangeeen"},"content":"","lastModifiedDate":"2021-08-24"},{"lineNumber":18,"author":{"gitId":"ianwangeeen"},"content":"    public void markAsDone() {","lastModifiedDate":"2021-08-24"},{"lineNumber":19,"author":{"gitId":"ianwangeeen"},"content":"        isDone \u003d true;","lastModifiedDate":"2021-08-24"},{"lineNumber":20,"author":{"gitId":"ianwangeeen"},"content":"    }","lastModifiedDate":"2021-08-24"},{"lineNumber":21,"author":{"gitId":"ianwangeeen"},"content":"","lastModifiedDate":"2021-09-02"},{"lineNumber":22,"author":{"gitId":"ianwangeeen"},"content":"    @Override","lastModifiedDate":"2021-09-02"},{"lineNumber":23,"author":{"gitId":"ianwangeeen"},"content":"    public String toString() {","lastModifiedDate":"2021-09-02"},{"lineNumber":24,"author":{"gitId":"ianwangeeen"},"content":"        return getDescription();","lastModifiedDate":"2021-09-02"},{"lineNumber":25,"author":{"gitId":"ianwangeeen"},"content":"    }","lastModifiedDate":"2021-09-02"},{"lineNumber":26,"author":{"gitId":"ianwangeeen"},"content":"}","lastModifiedDate":"2021-08-24"}],"authorContributionMap":{"ianwangeeen":26}},{"path":"src/main/java/TaskList.java","fileType":"java","lines":[{"lineNumber":1,"author":{"gitId":"ianwangeeen"},"content":"import java.util.ArrayList;","lastModifiedDate":"2021-09-23"},{"lineNumber":2,"author":{"gitId":"ianwangeeen"},"content":"import java.util.Arrays;","lastModifiedDate":"2021-09-23"},{"lineNumber":3,"author":{"gitId":"ianwangeeen"},"content":"","lastModifiedDate":"2021-09-23"},{"lineNumber":4,"author":{"gitId":"ianwangeeen"},"content":"public class TaskList {","lastModifiedDate":"2021-09-23"},{"lineNumber":5,"author":{"gitId":"ianwangeeen"},"content":"","lastModifiedDate":"2021-09-23"},{"lineNumber":6,"author":{"gitId":"ianwangeeen"},"content":"    private static final ArrayList\u003cTask\u003e tasks \u003d new ArrayList\u003c\u003e();","lastModifiedDate":"2021-09-23"},{"lineNumber":7,"author":{"gitId":"ianwangeeen"},"content":"","lastModifiedDate":"2021-09-23"},{"lineNumber":8,"author":{"gitId":"ianwangeeen"},"content":"    public static boolean hasListKeyword(String arg) {","lastModifiedDate":"2021-09-23"},{"lineNumber":9,"author":{"gitId":"ianwangeeen"},"content":"        return arg.trim().matches(\"^list$\");","lastModifiedDate":"2021-09-23"},{"lineNumber":10,"author":{"gitId":"ianwangeeen"},"content":"    }","lastModifiedDate":"2021-09-23"},{"lineNumber":11,"author":{"gitId":"ianwangeeen"},"content":"","lastModifiedDate":"2021-09-23"},{"lineNumber":12,"author":{"gitId":"ianwangeeen"},"content":"    public static boolean hasDoneKeyword(String arg) {","lastModifiedDate":"2021-09-23"},{"lineNumber":13,"author":{"gitId":"ianwangeeen"},"content":"        return arg.trim().matches(\"^[done]+\\\\s+[0-9]+$\");","lastModifiedDate":"2021-09-23"},{"lineNumber":14,"author":{"gitId":"ianwangeeen"},"content":"    }","lastModifiedDate":"2021-09-23"},{"lineNumber":15,"author":{"gitId":"ianwangeeen"},"content":"","lastModifiedDate":"2021-09-23"},{"lineNumber":16,"author":{"gitId":"ianwangeeen"},"content":"    public static boolean hasTodoKeyword(String arg) {","lastModifiedDate":"2021-09-23"},{"lineNumber":17,"author":{"gitId":"ianwangeeen"},"content":"        return arg.trim().toLowerCase().contains(\"todo\");","lastModifiedDate":"2021-09-23"},{"lineNumber":18,"author":{"gitId":"ianwangeeen"},"content":"    }","lastModifiedDate":"2021-09-23"},{"lineNumber":19,"author":{"gitId":"ianwangeeen"},"content":"","lastModifiedDate":"2021-09-23"},{"lineNumber":20,"author":{"gitId":"ianwangeeen"},"content":"    public static boolean hasDeadlineKeyword(String arg) {","lastModifiedDate":"2021-09-23"},{"lineNumber":21,"author":{"gitId":"ianwangeeen"},"content":"        return arg.trim().toLowerCase().contains(\"deadline\");","lastModifiedDate":"2021-09-23"},{"lineNumber":22,"author":{"gitId":"ianwangeeen"},"content":"    }","lastModifiedDate":"2021-09-23"},{"lineNumber":23,"author":{"gitId":"ianwangeeen"},"content":"","lastModifiedDate":"2021-09-23"},{"lineNumber":24,"author":{"gitId":"ianwangeeen"},"content":"    public static boolean hasEventKeyword(String arg) {","lastModifiedDate":"2021-09-23"},{"lineNumber":25,"author":{"gitId":"ianwangeeen"},"content":"        return arg.trim().toLowerCase().contains(\"event\");","lastModifiedDate":"2021-09-23"},{"lineNumber":26,"author":{"gitId":"ianwangeeen"},"content":"    }","lastModifiedDate":"2021-09-23"},{"lineNumber":27,"author":{"gitId":"ianwangeeen"},"content":"","lastModifiedDate":"2021-09-23"},{"lineNumber":28,"author":{"gitId":"ianwangeeen"},"content":"    public static boolean hasDeleteKeyword(String arg) {","lastModifiedDate":"2021-09-23"},{"lineNumber":29,"author":{"gitId":"ianwangeeen"},"content":"        return arg.trim().toLowerCase().contains(\"delete\");","lastModifiedDate":"2021-09-23"},{"lineNumber":30,"author":{"gitId":"ianwangeeen"},"content":"    }","lastModifiedDate":"2021-09-23"},{"lineNumber":31,"author":{"gitId":"ianwangeeen"},"content":"","lastModifiedDate":"2021-09-23"},{"lineNumber":32,"author":{"gitId":"ianwangeeen"},"content":"    /**","lastModifiedDate":"2021-09-23"},{"lineNumber":33,"author":{"gitId":"ianwangeeen"},"content":"     * Returns the required value for keyword which is the first word keyed in by user.","lastModifiedDate":"2021-09-23"},{"lineNumber":34,"author":{"gitId":"ianwangeeen"},"content":"     *","lastModifiedDate":"2021-09-23"},{"lineNumber":35,"author":{"gitId":"ianwangeeen"},"content":"     * @param query user raw data input.","lastModifiedDate":"2021-09-23"},{"lineNumber":36,"author":{"gitId":"ianwangeeen"},"content":"     * @return keyword value from Keyword enum class.","lastModifiedDate":"2021-09-23"},{"lineNumber":37,"author":{"gitId":"ianwangeeen"},"content":"     */","lastModifiedDate":"2021-09-23"},{"lineNumber":38,"author":{"gitId":"ianwangeeen"},"content":"    public static Keyword getKeywordStatus(String query) {","lastModifiedDate":"2021-09-23"},{"lineNumber":39,"author":{"gitId":"ianwangeeen"},"content":"        Keyword keyword;","lastModifiedDate":"2021-09-23"},{"lineNumber":40,"author":{"gitId":"ianwangeeen"},"content":"        if (hasDoneKeyword(query)) {","lastModifiedDate":"2021-09-23"},{"lineNumber":41,"author":{"gitId":"ianwangeeen"},"content":"            keyword \u003d Keyword.DONE_TASK;","lastModifiedDate":"2021-09-23"},{"lineNumber":42,"author":{"gitId":"ianwangeeen"},"content":"        } else if (hasTodoKeyword(query)) {","lastModifiedDate":"2021-09-23"},{"lineNumber":43,"author":{"gitId":"ianwangeeen"},"content":"            keyword \u003d Keyword.TODO_TASK;","lastModifiedDate":"2021-09-23"},{"lineNumber":44,"author":{"gitId":"ianwangeeen"},"content":"        } else if (hasDeadlineKeyword(query)) {","lastModifiedDate":"2021-09-23"},{"lineNumber":45,"author":{"gitId":"ianwangeeen"},"content":"            keyword \u003d Keyword.DEADLINE_TASK;","lastModifiedDate":"2021-09-23"},{"lineNumber":46,"author":{"gitId":"ianwangeeen"},"content":"        } else if (hasEventKeyword(query)) {","lastModifiedDate":"2021-09-23"},{"lineNumber":47,"author":{"gitId":"ianwangeeen"},"content":"            keyword \u003d Keyword.EVENT_TASK;","lastModifiedDate":"2021-09-23"},{"lineNumber":48,"author":{"gitId":"ianwangeeen"},"content":"        } else if (hasListKeyword(query)) {","lastModifiedDate":"2021-09-23"},{"lineNumber":49,"author":{"gitId":"ianwangeeen"},"content":"            keyword \u003d Keyword.LIST_ITEMS;","lastModifiedDate":"2021-09-23"},{"lineNumber":50,"author":{"gitId":"ianwangeeen"},"content":"        } else if (query.trim().equals(\"bye\")) {","lastModifiedDate":"2021-09-23"},{"lineNumber":51,"author":{"gitId":"ianwangeeen"},"content":"            keyword \u003d Keyword.GOODBYE_KEYWORD;","lastModifiedDate":"2021-09-23"},{"lineNumber":52,"author":{"gitId":"ianwangeeen"},"content":"        } else if (hasDeleteKeyword(query)) {","lastModifiedDate":"2021-09-23"},{"lineNumber":53,"author":{"gitId":"ianwangeeen"},"content":"            keyword \u003d Keyword.DELETE_KEYWORD;","lastModifiedDate":"2021-09-23"},{"lineNumber":54,"author":{"gitId":"ianwangeeen"},"content":"        } else {","lastModifiedDate":"2021-09-23"},{"lineNumber":55,"author":{"gitId":"ianwangeeen"},"content":"            keyword \u003d Keyword.NO_KEYWORD;","lastModifiedDate":"2021-09-23"},{"lineNumber":56,"author":{"gitId":"ianwangeeen"},"content":"        }","lastModifiedDate":"2021-09-23"},{"lineNumber":57,"author":{"gitId":"ianwangeeen"},"content":"        return keyword;","lastModifiedDate":"2021-09-23"},{"lineNumber":58,"author":{"gitId":"ianwangeeen"},"content":"    }","lastModifiedDate":"2021-09-23"},{"lineNumber":59,"author":{"gitId":"ianwangeeen"},"content":"","lastModifiedDate":"2021-09-23"},{"lineNumber":60,"author":{"gitId":"ianwangeeen"},"content":"    /**","lastModifiedDate":"2021-09-23"},{"lineNumber":61,"author":{"gitId":"ianwangeeen"},"content":"     * Returns the list number which is assigned to the task.","lastModifiedDate":"2021-09-23"},{"lineNumber":62,"author":{"gitId":"ianwangeeen"},"content":"     *","lastModifiedDate":"2021-09-23"},{"lineNumber":63,"author":{"gitId":"ianwangeeen"},"content":"     * @param arg user input that contains word [done].","lastModifiedDate":"2021-09-23"},{"lineNumber":64,"author":{"gitId":"ianwangeeen"},"content":"     * @return task number.","lastModifiedDate":"2021-09-23"},{"lineNumber":65,"author":{"gitId":"ianwangeeen"},"content":"     */","lastModifiedDate":"2021-09-23"},{"lineNumber":66,"author":{"gitId":"ianwangeeen"},"content":"    public static int getTaskNum(String arg) {","lastModifiedDate":"2021-09-23"},{"lineNumber":67,"author":{"gitId":"ianwangeeen"},"content":"        String[] words \u003d arg.trim().split(\"[\\\\s]+\");","lastModifiedDate":"2021-09-23"},{"lineNumber":68,"author":{"gitId":"ianwangeeen"},"content":"        return Integer.parseInt(words[1]);","lastModifiedDate":"2021-09-23"},{"lineNumber":69,"author":{"gitId":"ianwangeeen"},"content":"    }","lastModifiedDate":"2021-09-23"},{"lineNumber":70,"author":{"gitId":"ianwangeeen"},"content":"","lastModifiedDate":"2021-09-23"},{"lineNumber":71,"author":{"gitId":"ianwangeeen"},"content":"    /**","lastModifiedDate":"2021-09-23"},{"lineNumber":72,"author":{"gitId":"ianwangeeen"},"content":"     * Returns the number or unchecked tasks.","lastModifiedDate":"2021-09-23"},{"lineNumber":73,"author":{"gitId":"ianwangeeen"},"content":"     *","lastModifiedDate":"2021-09-23"},{"lineNumber":74,"author":{"gitId":"ianwangeeen"},"content":"     * @param tasks ArrayList\u003cTask\u003e for Tasks.","lastModifiedDate":"2021-09-23"},{"lineNumber":75,"author":{"gitId":"ianwangeeen"},"content":"     * @return int for number of uncompleted tasks.","lastModifiedDate":"2021-09-23"},{"lineNumber":76,"author":{"gitId":"ianwangeeen"},"content":"     */","lastModifiedDate":"2021-09-23"},{"lineNumber":77,"author":{"gitId":"ianwangeeen"},"content":"    public static int getNumOfUncompletedTasks(ArrayList\u003cTask\u003e tasks) {","lastModifiedDate":"2021-09-23"},{"lineNumber":78,"author":{"gitId":"ianwangeeen"},"content":"        int numOfUncompletedTasks \u003d 0;","lastModifiedDate":"2021-09-23"},{"lineNumber":79,"author":{"gitId":"ianwangeeen"},"content":"        for (Task task : tasks) {","lastModifiedDate":"2021-09-23"},{"lineNumber":80,"author":{"gitId":"ianwangeeen"},"content":"            if (!task.isDone) {","lastModifiedDate":"2021-09-23"},{"lineNumber":81,"author":{"gitId":"ianwangeeen"},"content":"                numOfUncompletedTasks++;","lastModifiedDate":"2021-09-23"},{"lineNumber":82,"author":{"gitId":"ianwangeeen"},"content":"            }","lastModifiedDate":"2021-09-23"},{"lineNumber":83,"author":{"gitId":"ianwangeeen"},"content":"        }","lastModifiedDate":"2021-09-23"},{"lineNumber":84,"author":{"gitId":"ianwangeeen"},"content":"        return numOfUncompletedTasks;","lastModifiedDate":"2021-09-23"},{"lineNumber":85,"author":{"gitId":"ianwangeeen"},"content":"    }","lastModifiedDate":"2021-09-23"},{"lineNumber":86,"author":{"gitId":"ianwangeeen"},"content":"","lastModifiedDate":"2021-09-23"},{"lineNumber":87,"author":{"gitId":"ianwangeeen"},"content":"    /**","lastModifiedDate":"2021-09-23"},{"lineNumber":88,"author":{"gitId":"ianwangeeen"},"content":"     * Returns the description of the task only, without the date or the keyword.","lastModifiedDate":"2021-09-23"},{"lineNumber":89,"author":{"gitId":"ianwangeeen"},"content":"     *","lastModifiedDate":"2021-09-23"},{"lineNumber":90,"author":{"gitId":"ianwangeeen"},"content":"     * @param query user raw data input.","lastModifiedDate":"2021-09-23"},{"lineNumber":91,"author":{"gitId":"ianwangeeen"},"content":"     * @return description of task.","lastModifiedDate":"2021-09-23"},{"lineNumber":92,"author":{"gitId":"ianwangeeen"},"content":"     */","lastModifiedDate":"2021-09-23"},{"lineNumber":93,"author":{"gitId":"ianwangeeen"},"content":"    public static String getQueryDescription(String query) {","lastModifiedDate":"2021-09-23"},{"lineNumber":94,"author":{"gitId":"ianwangeeen"},"content":"        String[] words \u003d query.trim().split(\"[\\\\s]+\");","lastModifiedDate":"2021-09-23"},{"lineNumber":95,"author":{"gitId":"ianwangeeen"},"content":"        String[] allButFirstWord \u003d Arrays.copyOfRange(words, 1, words.length);","lastModifiedDate":"2021-09-23"},{"lineNumber":96,"author":{"gitId":"ianwangeeen"},"content":"        StringBuilder sentenceAfterDeletion \u003d new StringBuilder();","lastModifiedDate":"2021-09-23"},{"lineNumber":97,"author":{"gitId":"ianwangeeen"},"content":"        for (String word : allButFirstWord) {","lastModifiedDate":"2021-09-23"},{"lineNumber":98,"author":{"gitId":"ianwangeeen"},"content":"            if (word.contains(\"/\")) {","lastModifiedDate":"2021-09-23"},{"lineNumber":99,"author":{"gitId":"ianwangeeen"},"content":"                break;","lastModifiedDate":"2021-09-23"},{"lineNumber":100,"author":{"gitId":"ianwangeeen"},"content":"            } else {","lastModifiedDate":"2021-09-23"},{"lineNumber":101,"author":{"gitId":"ianwangeeen"},"content":"                sentenceAfterDeletion.append(word).append(\" \");","lastModifiedDate":"2021-09-23"},{"lineNumber":102,"author":{"gitId":"ianwangeeen"},"content":"            }","lastModifiedDate":"2021-09-23"},{"lineNumber":103,"author":{"gitId":"ianwangeeen"},"content":"        }","lastModifiedDate":"2021-09-23"},{"lineNumber":104,"author":{"gitId":"ianwangeeen"},"content":"        return sentenceAfterDeletion.toString();","lastModifiedDate":"2021-09-23"},{"lineNumber":105,"author":{"gitId":"ianwangeeen"},"content":"    }","lastModifiedDate":"2021-09-23"},{"lineNumber":106,"author":{"gitId":"ianwangeeen"},"content":"","lastModifiedDate":"2021-09-23"},{"lineNumber":107,"author":{"gitId":"ianwangeeen"},"content":"    /**","lastModifiedDate":"2021-09-23"},{"lineNumber":108,"author":{"gitId":"ianwangeeen"},"content":"     * Returns date value for tasks which need a date input field. If user does not have proper date formatting, (i.e.","lastModifiedDate":"2021-09-23"},{"lineNumber":109,"author":{"gitId":"ianwangeeen"},"content":"     * \u0027/by\u0027 or \u0027/at\u0027) this function returns an empty string.","lastModifiedDate":"2021-09-23"},{"lineNumber":110,"author":{"gitId":"ianwangeeen"},"content":"     *","lastModifiedDate":"2021-09-23"},{"lineNumber":111,"author":{"gitId":"ianwangeeen"},"content":"     * @param query user raw data input.","lastModifiedDate":"2021-09-23"},{"lineNumber":112,"author":{"gitId":"ianwangeeen"},"content":"     * @return date value.","lastModifiedDate":"2021-09-23"},{"lineNumber":113,"author":{"gitId":"ianwangeeen"},"content":"     */","lastModifiedDate":"2021-09-23"},{"lineNumber":114,"author":{"gitId":"ianwangeeen"},"content":"    public static String getDate(String query) {","lastModifiedDate":"2021-09-23"},{"lineNumber":115,"author":{"gitId":"ianwangeeen"},"content":"        int slashPosition \u003d query.indexOf(\"/\");","lastModifiedDate":"2021-09-23"},{"lineNumber":116,"author":{"gitId":"ianwangeeen"},"content":"        if (slashPosition \u003d\u003d -1) {","lastModifiedDate":"2021-09-23"},{"lineNumber":117,"author":{"gitId":"ianwangeeen"},"content":"            return \"\";","lastModifiedDate":"2021-09-23"},{"lineNumber":118,"author":{"gitId":"ianwangeeen"},"content":"        } else {","lastModifiedDate":"2021-09-23"},{"lineNumber":119,"author":{"gitId":"ianwangeeen"},"content":"            int datePosition \u003d slashPosition + 3;","lastModifiedDate":"2021-09-23"},{"lineNumber":120,"author":{"gitId":"ianwangeeen"},"content":"            return query.substring(datePosition).trim();","lastModifiedDate":"2021-09-23"},{"lineNumber":121,"author":{"gitId":"ianwangeeen"},"content":"        }","lastModifiedDate":"2021-09-23"},{"lineNumber":122,"author":{"gitId":"ianwangeeen"},"content":"    }","lastModifiedDate":"2021-09-23"},{"lineNumber":123,"author":{"gitId":"ianwangeeen"},"content":"","lastModifiedDate":"2021-09-23"},{"lineNumber":124,"author":{"gitId":"ianwangeeen"},"content":"    /**","lastModifiedDate":"2021-09-23"},{"lineNumber":125,"author":{"gitId":"ianwangeeen"},"content":"     * Returns void. Function is responsible for adding different Tasks to the task list.","lastModifiedDate":"2021-09-23"},{"lineNumber":126,"author":{"gitId":"ianwangeeen"},"content":"     *","lastModifiedDate":"2021-09-23"},{"lineNumber":127,"author":{"gitId":"ianwangeeen"},"content":"     * @param query user raw data input","lastModifiedDate":"2021-09-23"},{"lineNumber":128,"author":{"gitId":"ianwangeeen"},"content":"     * @throws NullPointerException if user keys in done [number] when there is no such task.","lastModifiedDate":"2021-09-23"},{"lineNumber":129,"author":{"gitId":"ianwangeeen"},"content":"     */","lastModifiedDate":"2021-09-23"},{"lineNumber":130,"author":{"gitId":"ianwangeeen"},"content":"    public static void addTask(String query) throws IndexOutOfBoundsException {","lastModifiedDate":"2021-09-23"},{"lineNumber":131,"author":{"gitId":"ianwangeeen"},"content":"        Keyword keyword \u003d getKeywordStatus(query);","lastModifiedDate":"2021-09-23"},{"lineNumber":132,"author":{"gitId":"ianwangeeen"},"content":"        switch (keyword) {","lastModifiedDate":"2021-09-23"},{"lineNumber":133,"author":{"gitId":"ianwangeeen"},"content":"        case DONE_TASK:","lastModifiedDate":"2021-09-23"},{"lineNumber":134,"author":{"gitId":"ianwangeeen"},"content":"            try {","lastModifiedDate":"2021-09-23"},{"lineNumber":135,"author":{"gitId":"ianwangeeen"},"content":"                int taskNumber \u003d getTaskNum(query) - 1;","lastModifiedDate":"2021-09-23"},{"lineNumber":136,"author":{"gitId":"ianwangeeen"},"content":"                Task referencedTask \u003d tasks.get(taskNumber);","lastModifiedDate":"2021-09-23"},{"lineNumber":137,"author":{"gitId":"ianwangeeen"},"content":"                referencedTask.markAsDone();","lastModifiedDate":"2021-09-23"},{"lineNumber":138,"author":{"gitId":"ianwangeeen"},"content":"                Ui.printDone(referencedTask);","lastModifiedDate":"2021-09-23"},{"lineNumber":139,"author":{"gitId":"ianwangeeen"},"content":"                System.out.println(\"Total unchecked items in your list: \" + getNumOfUncompletedTasks(tasks));","lastModifiedDate":"2021-09-23"},{"lineNumber":140,"author":{"gitId":"ianwangeeen"},"content":"            } catch (IndexOutOfBoundsException exception) {","lastModifiedDate":"2021-09-23"},{"lineNumber":141,"author":{"gitId":"ianwangeeen"},"content":"                System.out.println(\"There is no such task number...\");","lastModifiedDate":"2021-09-23"},{"lineNumber":142,"author":{"gitId":"ianwangeeen"},"content":"            }","lastModifiedDate":"2021-09-23"},{"lineNumber":143,"author":{"gitId":"ianwangeeen"},"content":"            break;","lastModifiedDate":"2021-09-23"},{"lineNumber":144,"author":{"gitId":"ianwangeeen"},"content":"        case TODO_TASK:","lastModifiedDate":"2021-09-23"},{"lineNumber":145,"author":{"gitId":"ianwangeeen"},"content":"            tasks.add(new Todo(getQueryDescription(query)));","lastModifiedDate":"2021-09-23"},{"lineNumber":146,"author":{"gitId":"ianwangeeen"},"content":"            System.out.println(\"Added a Todo Task: \" + getQueryDescription(query));","lastModifiedDate":"2021-09-23"},{"lineNumber":147,"author":{"gitId":"ianwangeeen"},"content":"            System.out.println(\"Total unchecked items in your list: \" + getNumOfUncompletedTasks(tasks));","lastModifiedDate":"2021-09-23"},{"lineNumber":148,"author":{"gitId":"ianwangeeen"},"content":"            break;","lastModifiedDate":"2021-09-23"},{"lineNumber":149,"author":{"gitId":"ianwangeeen"},"content":"        case EVENT_TASK:","lastModifiedDate":"2021-09-23"},{"lineNumber":150,"author":{"gitId":"ianwangeeen"},"content":"            try {","lastModifiedDate":"2021-09-23"},{"lineNumber":151,"author":{"gitId":"ianwangeeen"},"content":"                if (getDate(query).equals(\"\")) {","lastModifiedDate":"2021-09-23"},{"lineNumber":152,"author":{"gitId":"ianwangeeen"},"content":"                    throw new InvalidInputsException.InvalidDateFormatting(\"Wrong format of date \"","lastModifiedDate":"2021-09-23"},{"lineNumber":153,"author":{"gitId":"ianwangeeen"},"content":"                            + \"has been entered\");","lastModifiedDate":"2021-09-23"},{"lineNumber":154,"author":{"gitId":"ianwangeeen"},"content":"                }","lastModifiedDate":"2021-09-23"},{"lineNumber":155,"author":{"gitId":"ianwangeeen"},"content":"                tasks.add(new Event(getQueryDescription(query), getDate(query)));","lastModifiedDate":"2021-09-23"},{"lineNumber":156,"author":{"gitId":"ianwangeeen"},"content":"                System.out.println(\"Added an Event Task: \" + getQueryDescription(query));","lastModifiedDate":"2021-09-23"},{"lineNumber":157,"author":{"gitId":"ianwangeeen"},"content":"                System.out.println(\"Total unchecked items in your list: \" + getNumOfUncompletedTasks(tasks));","lastModifiedDate":"2021-09-23"},{"lineNumber":158,"author":{"gitId":"ianwangeeen"},"content":"            } catch (InvalidInputsException.InvalidDateFormatting exception) {","lastModifiedDate":"2021-09-23"},{"lineNumber":159,"author":{"gitId":"ianwangeeen"},"content":"                exception.printStackTrace();","lastModifiedDate":"2021-09-23"},{"lineNumber":160,"author":{"gitId":"ianwangeeen"},"content":"                System.out.println(\"Did you forget to add in the \u0027/by\u0027 again?\");","lastModifiedDate":"2021-09-23"},{"lineNumber":161,"author":{"gitId":"ianwangeeen"},"content":"            }","lastModifiedDate":"2021-09-23"},{"lineNumber":162,"author":{"gitId":"ianwangeeen"},"content":"            break;","lastModifiedDate":"2021-09-23"},{"lineNumber":163,"author":{"gitId":"ianwangeeen"},"content":"        case DEADLINE_TASK:","lastModifiedDate":"2021-09-23"},{"lineNumber":164,"author":{"gitId":"ianwangeeen"},"content":"            try {","lastModifiedDate":"2021-09-23"},{"lineNumber":165,"author":{"gitId":"ianwangeeen"},"content":"                if (getDate(query).equals(\"\")) {","lastModifiedDate":"2021-09-23"},{"lineNumber":166,"author":{"gitId":"ianwangeeen"},"content":"                    throw new InvalidInputsException.InvalidDateFormatting(\"Wrong format of date \"","lastModifiedDate":"2021-09-23"},{"lineNumber":167,"author":{"gitId":"ianwangeeen"},"content":"                            + \"has been entered\");","lastModifiedDate":"2021-09-23"},{"lineNumber":168,"author":{"gitId":"ianwangeeen"},"content":"                }","lastModifiedDate":"2021-09-23"},{"lineNumber":169,"author":{"gitId":"ianwangeeen"},"content":"                tasks.add(new Deadline(getQueryDescription(query), getDate(query)));","lastModifiedDate":"2021-09-23"},{"lineNumber":170,"author":{"gitId":"ianwangeeen"},"content":"                System.out.println(\"Added a Deadline Task: \" + getQueryDescription(query));","lastModifiedDate":"2021-09-23"},{"lineNumber":171,"author":{"gitId":"ianwangeeen"},"content":"                System.out.println(\"Total unchecked items in your list: \" + getNumOfUncompletedTasks(tasks));","lastModifiedDate":"2021-09-23"},{"lineNumber":172,"author":{"gitId":"ianwangeeen"},"content":"            } catch (InvalidInputsException.InvalidDateFormatting exception) {","lastModifiedDate":"2021-09-23"},{"lineNumber":173,"author":{"gitId":"ianwangeeen"},"content":"                exception.printStackTrace();","lastModifiedDate":"2021-09-23"},{"lineNumber":174,"author":{"gitId":"ianwangeeen"},"content":"                System.out.println(\"Did you forget to add in the \u0027/by\u0027 again?\");","lastModifiedDate":"2021-09-23"},{"lineNumber":175,"author":{"gitId":"ianwangeeen"},"content":"            }","lastModifiedDate":"2021-09-23"},{"lineNumber":176,"author":{"gitId":"ianwangeeen"},"content":"            break;","lastModifiedDate":"2021-09-23"},{"lineNumber":177,"author":{"gitId":"ianwangeeen"},"content":"        case LIST_ITEMS:","lastModifiedDate":"2021-09-23"},{"lineNumber":178,"author":{"gitId":"ianwangeeen"},"content":"            Ui.printList(tasks);","lastModifiedDate":"2021-09-23"},{"lineNumber":179,"author":{"gitId":"ianwangeeen"},"content":"            break;","lastModifiedDate":"2021-09-23"},{"lineNumber":180,"author":{"gitId":"ianwangeeen"},"content":"        case DELETE_KEYWORD:","lastModifiedDate":"2021-09-23"},{"lineNumber":181,"author":{"gitId":"ianwangeeen"},"content":"            try {","lastModifiedDate":"2021-09-23"},{"lineNumber":182,"author":{"gitId":"ianwangeeen"},"content":"                int taskNumber \u003d getTaskNum(query) - 1;","lastModifiedDate":"2021-09-23"},{"lineNumber":183,"author":{"gitId":"ianwangeeen"},"content":"                Task referencedTask \u003d tasks.get(taskNumber);","lastModifiedDate":"2021-09-23"},{"lineNumber":184,"author":{"gitId":"ianwangeeen"},"content":"                tasks.remove(taskNumber);","lastModifiedDate":"2021-09-23"},{"lineNumber":185,"author":{"gitId":"ianwangeeen"},"content":"                Ui.printDeletedMessage(referencedTask);","lastModifiedDate":"2021-09-23"},{"lineNumber":186,"author":{"gitId":"ianwangeeen"},"content":"                System.out.println(\"Total unchecked items in your list: \" + getNumOfUncompletedTasks(tasks));","lastModifiedDate":"2021-09-23"},{"lineNumber":187,"author":{"gitId":"ianwangeeen"},"content":"            } catch (IndexOutOfBoundsException exception) {","lastModifiedDate":"2021-09-23"},{"lineNumber":188,"author":{"gitId":"ianwangeeen"},"content":"                System.out.println(\"There is no such task number...\");","lastModifiedDate":"2021-09-23"},{"lineNumber":189,"author":{"gitId":"ianwangeeen"},"content":"            }","lastModifiedDate":"2021-09-23"},{"lineNumber":190,"author":{"gitId":"ianwangeeen"},"content":"            break;","lastModifiedDate":"2021-09-23"},{"lineNumber":191,"author":{"gitId":"ianwangeeen"},"content":"        case NO_KEYWORD:","lastModifiedDate":"2021-09-23"},{"lineNumber":192,"author":{"gitId":"ianwangeeen"},"content":"            try {","lastModifiedDate":"2021-09-23"},{"lineNumber":193,"author":{"gitId":"ianwangeeen"},"content":"                throw new InvalidInputsException.MissingKeyword(\"You have to input \u003ctodo\u003e, \u003cdeadline\u003e or\"","lastModifiedDate":"2021-09-23"},{"lineNumber":194,"author":{"gitId":"ianwangeeen"},"content":"                        + \" \u003cevent\u003e first!\");","lastModifiedDate":"2021-09-23"},{"lineNumber":195,"author":{"gitId":"ianwangeeen"},"content":"            } catch (InvalidInputsException.MissingKeyword exception) {","lastModifiedDate":"2021-09-23"},{"lineNumber":196,"author":{"gitId":"ianwangeeen"},"content":"                exception.printStackTrace();","lastModifiedDate":"2021-09-23"},{"lineNumber":197,"author":{"gitId":"ianwangeeen"},"content":"                System.out.println(\"Invalid keyword!!!\");","lastModifiedDate":"2021-09-23"},{"lineNumber":198,"author":{"gitId":"ianwangeeen"},"content":"            }","lastModifiedDate":"2021-09-23"},{"lineNumber":199,"author":{"gitId":"ianwangeeen"},"content":"            break;","lastModifiedDate":"2021-09-23"},{"lineNumber":200,"author":{"gitId":"ianwangeeen"},"content":"        case GOODBYE_KEYWORD:","lastModifiedDate":"2021-09-23"},{"lineNumber":201,"author":{"gitId":"ianwangeeen"},"content":"            Ui.printGoodbyeMessage();","lastModifiedDate":"2021-09-23"},{"lineNumber":202,"author":{"gitId":"ianwangeeen"},"content":"            break;","lastModifiedDate":"2021-09-23"},{"lineNumber":203,"author":{"gitId":"ianwangeeen"},"content":"        }","lastModifiedDate":"2021-09-23"},{"lineNumber":204,"author":{"gitId":"ianwangeeen"},"content":"    }","lastModifiedDate":"2021-09-23"},{"lineNumber":205,"author":{"gitId":"ianwangeeen"},"content":"","lastModifiedDate":"2021-09-23"},{"lineNumber":206,"author":{"gitId":"ianwangeeen"},"content":"}","lastModifiedDate":"2021-09-23"}],"authorContributionMap":{"ianwangeeen":206}},{"path":"src/main/java/Todo.java","fileType":"java","lines":[{"lineNumber":1,"author":{"gitId":"ianwangeeen"},"content":"public class Todo extends Task {","lastModifiedDate":"2021-08-31"},{"lineNumber":2,"author":{"gitId":"ianwangeeen"},"content":"","lastModifiedDate":"2021-08-31"},{"lineNumber":3,"author":{"gitId":"ianwangeeen"},"content":"    protected boolean isDone;","lastModifiedDate":"2021-08-31"},{"lineNumber":4,"author":{"gitId":"ianwangeeen"},"content":"","lastModifiedDate":"2021-08-31"},{"lineNumber":5,"author":{"gitId":"ianwangeeen"},"content":"    public Todo(String description) {","lastModifiedDate":"2021-08-31"},{"lineNumber":6,"author":{"gitId":"ianwangeeen"},"content":"        super(description);","lastModifiedDate":"2021-08-31"},{"lineNumber":7,"author":{"gitId":"ianwangeeen"},"content":"    }","lastModifiedDate":"2021-08-31"},{"lineNumber":8,"author":{"gitId":"ianwangeeen"},"content":"","lastModifiedDate":"2021-08-31"},{"lineNumber":9,"author":{"gitId":"ianwangeeen"},"content":"    public boolean isDone() {","lastModifiedDate":"2021-08-31"},{"lineNumber":10,"author":{"gitId":"ianwangeeen"},"content":"        return isDone;","lastModifiedDate":"2021-08-31"},{"lineNumber":11,"author":{"gitId":"ianwangeeen"},"content":"    }","lastModifiedDate":"2021-08-31"},{"lineNumber":12,"author":{"gitId":"ianwangeeen"},"content":"","lastModifiedDate":"2021-08-31"},{"lineNumber":13,"author":{"gitId":"ianwangeeen"},"content":"    @Override","lastModifiedDate":"2021-08-31"},{"lineNumber":14,"author":{"gitId":"ianwangeeen"},"content":"    public String toString() {","lastModifiedDate":"2021-08-31"},{"lineNumber":15,"author":{"gitId":"ianwangeeen"},"content":"        return \"[ To do  ]\" + getStatusIcon() + \" \" + super.toString();","lastModifiedDate":"2021-09-02"},{"lineNumber":16,"author":{"gitId":"ianwangeeen"},"content":"    }","lastModifiedDate":"2021-08-31"},{"lineNumber":17,"author":{"gitId":"ianwangeeen"},"content":"}","lastModifiedDate":"2021-08-31"}],"authorContributionMap":{"ianwangeeen":17}},{"path":"src/main/java/Ui.java","fileType":"java","lines":[{"lineNumber":1,"author":{"gitId":"ianwangeeen"},"content":"import java.io.IOException;","lastModifiedDate":"2021-09-22"},{"lineNumber":2,"author":{"gitId":"ianwangeeen"},"content":"import java.util.ArrayList;","lastModifiedDate":"2021-09-22"},{"lineNumber":3,"author":{"gitId":"ianwangeeen"},"content":"import java.util.Scanner;","lastModifiedDate":"2021-09-22"},{"lineNumber":4,"author":{"gitId":"ianwangeeen"},"content":"import java.util.Arrays;","lastModifiedDate":"2021-09-22"},{"lineNumber":5,"author":{"gitId":"ianwangeeen"},"content":"import java.io.File;","lastModifiedDate":"2021-09-22"},{"lineNumber":6,"author":{"gitId":"ianwangeeen"},"content":"import java.io.FileWriter;","lastModifiedDate":"2021-09-22"},{"lineNumber":7,"author":{"gitId":"ianwangeeen"},"content":"","lastModifiedDate":"2021-09-22"},{"lineNumber":8,"author":{"gitId":"ianwangeeen"},"content":"public class Ui {","lastModifiedDate":"2021-09-22"},{"lineNumber":9,"author":{"gitId":"ianwangeeen"},"content":"","lastModifiedDate":"2021-09-22"},{"lineNumber":10,"author":{"gitId":"ianwangeeen"},"content":"    private static final String LINE_SEPARATOR \u003d (\"_____________________________________________________\");","lastModifiedDate":"2021-09-22"},{"lineNumber":11,"author":{"gitId":"ianwangeeen"},"content":"","lastModifiedDate":"2021-09-22"},{"lineNumber":12,"author":{"gitId":"ianwangeeen"},"content":"    public static void printSeparator() {","lastModifiedDate":"2021-09-23"},{"lineNumber":13,"author":{"gitId":"ianwangeeen"},"content":"        System.out.println(LINE_SEPARATOR);","lastModifiedDate":"2021-09-23"},{"lineNumber":14,"author":{"gitId":"ianwangeeen"},"content":"    }","lastModifiedDate":"2021-09-22"},{"lineNumber":15,"author":{"gitId":"ianwangeeen"},"content":"","lastModifiedDate":"2021-09-22"},{"lineNumber":16,"author":{"gitId":"ianwangeeen"},"content":"    /**","lastModifiedDate":"2021-09-22"},{"lineNumber":17,"author":{"gitId":"ianwangeeen"},"content":"     * Return void. Function is responsible for printing out the whole task list of the user.","lastModifiedDate":"2021-09-22"},{"lineNumber":18,"author":{"gitId":"ianwangeeen"},"content":"     *","lastModifiedDate":"2021-09-22"},{"lineNumber":19,"author":{"gitId":"ianwangeeen"},"content":"     * @param tasks list of tasks input by user.","lastModifiedDate":"2021-09-22"},{"lineNumber":20,"author":{"gitId":"ianwangeeen"},"content":"     */","lastModifiedDate":"2021-09-22"},{"lineNumber":21,"author":{"gitId":"ianwangeeen"},"content":"    public static void printList(ArrayList\u003cTask\u003e tasks) {","lastModifiedDate":"2021-09-22"},{"lineNumber":22,"author":{"gitId":"ianwangeeen"},"content":"        int count \u003d 0;","lastModifiedDate":"2021-09-22"},{"lineNumber":23,"author":{"gitId":"ianwangeeen"},"content":"        if (tasks.size() \u003d\u003d 0) {","lastModifiedDate":"2021-09-23"},{"lineNumber":24,"author":{"gitId":"ianwangeeen"},"content":"            System.out.println(\"Well... your list is looking very scarce...\");","lastModifiedDate":"2021-09-23"},{"lineNumber":25,"author":{"gitId":"ianwangeeen"},"content":"        } else {","lastModifiedDate":"2021-09-23"},{"lineNumber":26,"author":{"gitId":"ianwangeeen"},"content":"            System.out.println(\"Here is your list:\");","lastModifiedDate":"2021-09-22"},{"lineNumber":27,"author":{"gitId":"ianwangeeen"},"content":"            for (Task item : tasks) {","lastModifiedDate":"2021-09-22"},{"lineNumber":28,"author":{"gitId":"ianwangeeen"},"content":"                if (tasks.get(count) !\u003d null) {","lastModifiedDate":"2021-09-22"},{"lineNumber":29,"author":{"gitId":"ianwangeeen"},"content":"                    count++;","lastModifiedDate":"2021-09-22"},{"lineNumber":30,"author":{"gitId":"ianwangeeen"},"content":"                    System.out.println(count + \". \" + item);","lastModifiedDate":"2021-09-22"},{"lineNumber":31,"author":{"gitId":"ianwangeeen"},"content":"                }","lastModifiedDate":"2021-09-22"},{"lineNumber":32,"author":{"gitId":"ianwangeeen"},"content":"            }","lastModifiedDate":"2021-09-22"},{"lineNumber":33,"author":{"gitId":"ianwangeeen"},"content":"        }","lastModifiedDate":"2021-09-22"},{"lineNumber":34,"author":{"gitId":"ianwangeeen"},"content":"    }","lastModifiedDate":"2021-09-23"},{"lineNumber":35,"author":{"gitId":"ianwangeeen"},"content":"","lastModifiedDate":"2021-09-22"},{"lineNumber":36,"author":{"gitId":"ianwangeeen"},"content":"    public static void printDone(Task task) {","lastModifiedDate":"2021-09-22"},{"lineNumber":37,"author":{"gitId":"ianwangeeen"},"content":"        System.out.println(\"You have marked item \" + task.description + \" as done:\");","lastModifiedDate":"2021-09-22"},{"lineNumber":38,"author":{"gitId":"ianwangeeen"},"content":"        System.out.println(task.getStatusIcon() + \" \" + task.description);","lastModifiedDate":"2021-09-22"},{"lineNumber":39,"author":{"gitId":"ianwangeeen"},"content":"    }","lastModifiedDate":"2021-09-22"},{"lineNumber":40,"author":{"gitId":"ianwangeeen"},"content":"","lastModifiedDate":"2021-09-22"},{"lineNumber":41,"author":{"gitId":"ianwangeeen"},"content":"    public static void printDeletedMessage(Task task) {","lastModifiedDate":"2021-09-22"},{"lineNumber":42,"author":{"gitId":"ianwangeeen"},"content":"        System.out.println(\"You have deleted the item: \" + \"\\n\" + task);","lastModifiedDate":"2021-09-22"},{"lineNumber":43,"author":{"gitId":"ianwangeeen"},"content":"    }","lastModifiedDate":"2021-09-22"},{"lineNumber":44,"author":{"gitId":"ianwangeeen"},"content":"","lastModifiedDate":"2021-09-22"},{"lineNumber":45,"author":{"gitId":"ianwangeeen"},"content":"    public static void printGreeting() {","lastModifiedDate":"2021-09-22"},{"lineNumber":46,"author":{"gitId":"ianwangeeen"},"content":"        String FACE \u003d \"⣿⣿⡇⠄⣼⣿⣿⠿⣿⣿⣿⣦⠘⣿⣿⣿⣿⣿⠏⣰⣿⡿⠟⢻⣿⣿⣷⡀⠸⣿\\n\"","lastModifiedDate":"2021-09-22"},{"lineNumber":47,"author":{"gitId":"ianwangeeen"},"content":"                + \"⣿⣿⡇⠰⣿⣿⠁⠄⠄⠄⣿⣿⠆⢹⣿⣿⣿⣿⠄⣿⣿⠁⠄⠄⠄⣿⣿⡇⠄⣿\\n\"","lastModifiedDate":"2021-09-22"},{"lineNumber":48,"author":{"gitId":"ianwangeeen"},"content":"                + \"⣿⣿⡇⠄⢿⣿⣷⣤⣤⣼⣿⡟⢀⣿⣿⣿⣿⣿⡄⠻⣿⣷⣤⣤⣾⣿⡿⠁⠄⣿\\n\"","lastModifiedDate":"2021-09-22"},{"lineNumber":49,"author":{"gitId":"ianwangeeen"},"content":"                + \"⣿⣿⠃⢸⣦⡙⠛⠿⠟⠛⠉⣠⣾⣿⣿⣿⣿⣿⣿⣆⡈⠛⠻⠿⠛⢋⣴⡇⢸⣿\\n\"","lastModifiedDate":"2021-09-22"},{"lineNumber":50,"author":{"gitId":"ianwangeeen"},"content":"                + \"⣿⣿⡀⠈⢿⣿⣷⣶⣶⣶⣿⣿⣿⣿⠛⣿⡋⣿⣿⣿⣿⣷⣶⣶⣾⣿⡿⠄⢸⣿\\n\"","lastModifiedDate":"2021-09-22"},{"lineNumber":51,"author":{"gitId":"ianwangeeen"},"content":"                + \"⣿⣿⡇⠄⠈⢿⣿⣯⡻⣿⣿⣿⣿⣿⣿⣿⣿⣿⣿⣿⣿⣿⠟⣽⣿⡟⠄⠄⣮⣿\\n\"","lastModifiedDate":"2021-09-22"},{"lineNumber":52,"author":{"gitId":"ianwangeeen"},"content":"                + \"⣿⣿⣷⠄⠄⠄⠹⣿⣷⣌⠙⢿⣿⣿⣿⣿⣿⣿⣿⡿⠟⢁⣾⣿⠋⠄⠄⠄⢹⣿\\n\"","lastModifiedDate":"2021-09-22"},{"lineNumber":53,"author":{"gitId":"ianwangeeen"},"content":"                + \"⣿⣿⣏⠄⠄⠄⠄⠘⢿⣿⣦⡀⠈⠛⢿⣿⡿⠟⠉⢀⣴⣿⠟⠁⠄⠄⠄⢠⢸⣿\\n\"","lastModifiedDate":"2021-09-22"},{"lineNumber":54,"author":{"gitId":"ianwangeeen"},"content":"                + \"⣿⣿⣿⠄⠄⠄⠄⠄⠄⠙⢿⣿⣦⡀⠄⠄⠄⢀⣴⣿⠟⠃⠄⠄⠄⠄⠄⠄⣸⣿\\n\"","lastModifiedDate":"2021-09-22"},{"lineNumber":55,"author":{"gitId":"ianwangeeen"},"content":"                + \"⣿⣿⣿⡄⠄⠄⠄⠄⠄⠄⢠⠉⠻⢿⣷⣶⣾⡿⠛⠁⡀⠄⠄⠄⠄⠄⠄⠄⣿⣿\\n\";","lastModifiedDate":"2021-09-22"},{"lineNumber":56,"author":{"gitId":"ianwangeeen"},"content":"","lastModifiedDate":"2021-09-22"},{"lineNumber":57,"author":{"gitId":"ianwangeeen"},"content":"        System.out.println(FACE);","lastModifiedDate":"2021-09-22"},{"lineNumber":58,"author":{"gitId":"ianwangeeen"},"content":"        System.out.println(\"Hello! I\u0027m Duke the Dancing Dragon.\");","lastModifiedDate":"2021-09-22"},{"lineNumber":59,"author":{"gitId":"ianwangeeen"},"content":"        System.out.println(\"Anything I can help you with, young Padawan?\");","lastModifiedDate":"2021-09-22"},{"lineNumber":60,"author":{"gitId":"ianwangeeen"},"content":"        printSeparator();","lastModifiedDate":"2021-09-22"},{"lineNumber":61,"author":{"gitId":"ianwangeeen"},"content":"    }","lastModifiedDate":"2021-09-22"},{"lineNumber":62,"author":{"gitId":"ianwangeeen"},"content":"","lastModifiedDate":"2021-09-22"},{"lineNumber":63,"author":{"gitId":"ianwangeeen"},"content":"    public static void printGoodbyeMessage() {","lastModifiedDate":"2021-09-22"},{"lineNumber":64,"author":{"gitId":"ianwangeeen"},"content":"        System.out.println(\"It\u0027s over Anakin... I can finally eat my lun-\");","lastModifiedDate":"2021-09-22"},{"lineNumber":65,"author":{"gitId":"ianwangeeen"},"content":"        System.out.println(LINE_SEPARATOR);","lastModifiedDate":"2021-09-22"},{"lineNumber":66,"author":{"gitId":"ianwangeeen"},"content":"    }","lastModifiedDate":"2021-09-22"},{"lineNumber":67,"author":{"gitId":"ianwangeeen"},"content":"}","lastModifiedDate":"2021-09-22"}],"authorContributionMap":{"ianwangeeen":67}}]
