{"authorDailyContributionsMap":{"ianwangeeen":[{"date":"2021-08-17","commitResults":[{"hash":"1674a80d8aa4004ecc8065ef06bbd0c9f7528c3f","messageTitle":"Added greeting() and goodbyeMessage()","messageBody":"","tags":["Level-0"],"fileTypesAndContributionMap":{"java":{"insertions":13,"deletions":0}}}]},{"date":"2021-08-21","commitResults":[{"hash":"e87f9ebf49696582c2333e2d6c11964271955404","messageTitle":"added echoMessage()","messageBody":"","tags":["Level-1"],"fileTypesAndContributionMap":{"java":{"insertions":41,"deletions":4}}}]},{"date":"2021-08-24","commitResults":[{"hash":"fd89c81e998054049dd5e69a916f3b01c2f75f15","messageTitle":"added printList","messageBody":"","tags":["Level-2"],"fileTypesAndContributionMap":{"java":{"insertions":31,"deletions":10}}},{"hash":"fc08425004744d438ba17afc356d215f4ac55228","messageTitle":"added Task Class","messageBody":"","fileTypesAndContributionMap":{"java":{"insertions":52,"deletions":16}}}]},{"date":"2021-08-25","commitResults":[{"hash":"e95af7b45172b581a93ffa63e8928174c897ea67","messageTitle":"changed regex for markAsDone portion","messageBody":"","fileTypesAndContributionMap":{"java":{"insertions":2,"deletions":2}}},{"hash":"6ba109375db18dc86779f9c045e07d86a8ec2329","messageTitle":"added Task Class and markAsDone","messageBody":"","tags":["Level-3","A-CodingStandard"],"fileTypesAndContributionMap":{"java":{"insertions":1,"deletions":1}}}]},{"date":"2021-08-31","commitResults":[{"hash":"6ab63b2a4ae1e79428d4c6338a8af380cc963fda","messageTitle":"add Keyword, Deadline, Todo and Event classes","messageBody":"","fileTypesAndContributionMap":{"java":{"insertions":125,"deletions":28}}},{"hash":"ac534f020aec51251ffabfdca923ccc4d29b62fd","messageTitle":"add getKeywordStatus","messageBody":"","fileTypesAndContributionMap":{"java":{"insertions":91,"deletions":51}}}]},{"date":"2021-09-01","commitResults":[{"hash":"d9ecdd573060c38853779157935275b66766fcec","messageTitle":"change switch case statement, list still not working","messageBody":"","fileTypesAndContributionMap":{"java":{"insertions":3,"deletions":4}}}]},{"date":"2021-09-02","commitResults":[{"hash":"aa9f8c31f947cf3c916dbc12423c7c05dc6062d3","messageTitle":"change messages for tasks","messageBody":"","fileTypesAndContributionMap":{"java":{"insertions":73,"deletions":67}}},{"hash":"fd36422ac2e6168f95f7a7f1ccc89e432034f1f4","messageTitle":"fix bugs at make printing words better","messageBody":"","tags":["Level-4"],"fileTypesAndContributionMap":{"java":{"insertions":44,"deletions":21}}},{"hash":"cf84957a3fc0d487df467ae12bbf00074cc6ee62","messageTitle":"add comments for functions","messageBody":"","tags":["A-CodeQuality"],"fileTypesAndContributionMap":{"java":{"insertions":74,"deletions":40}}}]},{"date":"2021-09-05","commitResults":[{"hash":"3f712c7c97b9ebb46fa7708108ac13ac23fb0a65","messageTitle":"Add exceptions","messageBody":"","fileTypesAndContributionMap":{"java":{"insertions":25,"deletions":13}}}]},{"date":"2021-09-07","commitResults":[{"hash":"d38a939bc5e1b63aa1158fb930db6cef6ae8e1a0","messageTitle":"add InvalidExpressionException class, exceptions at deadline and done keywords","messageBody":"","fileTypesAndContributionMap":{"java":{"insertions":0,"deletions":1}}}]},{"date":"2021-09-11","commitResults":[{"hash":"9179c8af0fd18fc569aa8354dba1c2a9b4e1fbd3","messageTitle":"fix exceptions at deadline, event and done taasks","messageBody":"","tags":["Level-5","A-Exceptions"],"fileTypesAndContributionMap":{"java":{"insertions":79,"deletions":31}}},{"hash":"2440d3bd03a89b7cd5848c22384e9e50bbea37c2","messageTitle":"add delete keyword","messageBody":"","tags":["Level-6","A-Collections"],"fileTypesAndContributionMap":{"java":{"insertions":58,"deletions":40}}}]},{"date":"2021-09-12","commitResults":[{"hash":"04ce721c411d962465ae6a2a2ef54eaacce636db","messageTitle":"add Save method","messageBody":"","tags":["Level-7","A-Jar"],"fileTypesAndContributionMap":{"java":{"insertions":57,"deletions":10}}},{"hash":"addd72037869cf71df6e2abdca24e5154ad2ad90","messageTitle":"add delete method","messageBody":"","fileTypesAndContributionMap":{"java":{"insertions":10,"deletions":57}}},{"hash":"7c8d70363c31a67aee8c92194885a618217fcbc1","messageTitle":"Add save function","messageBody":"","fileTypesAndContributionMap":{"java":{"insertions":57,"deletions":10}}}]},{"date":"2021-09-22","commitResults":[{"hash":"1f779184987ccbce2e3f2c338d376e3fbdd6fa5d","messageTitle":"More OOP","messageBody":"","fileTypesAndContributionMap":{"java":{"insertions":322,"deletions":1}}}]},{"date":"2021-09-23","commitResults":[{"hash":"6252b95968827d550255c69047f670933466eeb7","messageTitle":"More OOP","messageBody":"","fileTypesAndContributionMap":{"java":{"insertions":232,"deletions":267}}}]}]},"authorFileTypeContributionMap":{"ianwangeeen":{"java":722,"md":0,"fxml":0,"sh":0,"bat":0,"gradle":0,"txt":0}},"authorContributionVariance":{"ianwangeeen":2478.0986},"authorDisplayNameMap":{"ianwangeeen":"CS2113T-F12-4 IAN ..E EN"}}
