{"authorDailyContributionsMap":{"xRossKoh":[{"date":"2021-08-18","commitResults":[{"hash":"70903e7ed188f33129bf8cbb17bb656d2bd231d6","messageTitle":"Added level 0 - Greet","messageBody":"","fileTypesAndContributionMap":{"java":{"insertions":19,"deletions":0}}}]},{"date":"2021-08-22","commitResults":[{"hash":"d3b87f3f2fd8c5862e171ebb31690635d400fce7","messageTitle":"Changed name of chatbot to xRoss","messageBody":"Added Scanner to chatbot to take in command line inputs\n","fileTypesAndContributionMap":{"java":{"insertions":4,"deletions":4}}},{"hash":"922b9c4c85750b95f22a30ccac8903bab64914e4","messageTitle":"Added Level-1. Greet, Exit and Echo","messageBody":"","tags":["Level-1"],"fileTypesAndContributionMap":{"java":{"insertions":52,"deletions":14},"bat":{"insertions":1,"deletions":1},"md":{"insertions":2,"deletions":2}}},{"hash":"9082b921cc5e604d5ee6786eed9f424f4a45b9e2","messageTitle":"Removed printMessage method in xRoss class","messageBody":"","fileTypesAndContributionMap":{"java":{"insertions":4,"deletions":0}}},{"hash":"73ca2539018f7aba56d3251ccdacb56f31a82051","messageTitle":"Level-2 Add, List","messageBody":"","fileTypesAndContributionMap":{"java":{"insertions":66,"deletions":20}}}]},{"date":"2021-08-23","commitResults":[{"hash":"e176f7974063773bd8eac69241abbdce7763cbe9","messageTitle":"Added Level-2. Add, List","messageBody":"Changed name of chatbot to xRoss\n","tags":["Level-2"],"fileTypesAndContributionMap":{"java":{"insertions":1,"deletions":0}}},{"hash":"e124d8c6ae459338c3a9086b75814d13a71d04a8","messageTitle":"Added Level-3 Mark as Done","messageBody":"Changed switch-case statement in xRoss.java to if-else statement\n\nAdded markAsDone method and completedTasksCount variable in TaskManager class\n","fileTypesAndContributionMap":{"java":{"insertions":27,"deletions":7}}}]},{"date":"2021-08-25","commitResults":[{"hash":"6739b5dd4370a9191e661f1e18877a17d1449f5f","messageTitle":"Added command flags in command line input","messageBody":"Added echo feature when there is no command in command line input\n","tags":["Level-3","A-CodingStandard"],"fileTypesAndContributionMap":{"java":{"insertions":15,"deletions":7}}}]},{"date":"2021-08-30","commitResults":[{"hash":"5da1ddeeb58539bf747cc7eea733147d25b96d7e","messageTitle":"Added Todo, Deadline and Event classes, inherited from Task class","messageBody":"Added printTask method to Todo, Deadline, Event and Task classes\n\nAdded conditionals for user input in xRoss.java for adding Todos, Deadlines and Events\n","fileTypesAndContributionMap":{"java":{"insertions":113,"deletions":16}}},{"hash":"47a2787b523a9739aac9c70a395d18364a5bc41e","messageTitle":"Refined the chat bot logo","messageBody":"Changed the echo message\n","fileTypesAndContributionMap":{"java":{"insertions":4,"deletions":4}}},{"hash":"a35d96d18ba2b914898422325e16d8009e8c01e6","messageTitle":"Added error messages for user inputs of incorrect format for deadlines and events","messageBody":"Added error messages for invalid user inputs for done command\n","fileTypesAndContributionMap":{"java":{"insertions":31,"deletions":1}}},{"hash":"fef3c682462a3378179639bd1f259906a3a33a09","messageTitle":"Refined formatting using ctrl-shift-l","messageBody":"","tags":["Level-4","A-CodeQuality"],"fileTypesAndContributionMap":{"java":{"insertions":29,"deletions":29}}}]},{"date":"2021-09-01","commitResults":[{"hash":"21a8884a79c3408340a31587c0aeb543d66cc4c7","messageTitle":"Updated input.txt, EXPECTED.txt and runtest.bash in .\\text-ui-test for automated text UI testing","messageBody":"Automated text UI testing passed\n","tags":["A-TextUiTesting"],"fileTypesAndContributionMap":{"txt":{"insertions":10,"deletions":0},"java":{"insertions":1,"deletions":1},"bat":{"insertions":1,"deletions":1}}}]},{"date":"2021-09-07","commitResults":[{"hash":"d7fa23771ac4a7a06fa0a9ba51c148ed01c4880f","messageTitle":"Added error detection for invalid todo, deadline and event commands","messageBody":"Added error detection for invalid mark as done command and argument\n","fileTypesAndContributionMap":{"txt":{"insertions":5,"deletions":0},"java":{"insertions":105,"deletions":54}}}]},{"date":"2021-09-08","commitResults":[{"hash":"89f1c8154a918a34b9901cb74578a2f2cb5d7596","messageTitle":"Added EmptyStringException","messageBody":"Added empty string error detection for user input\n\nRefined error detection for todo command\n","fileTypesAndContributionMap":{"txt":{"insertions":1,"deletions":0},"java":{"insertions":63,"deletions":34}}},{"hash":"3820ffbbf58203887ac66d8cf9e4cfe7818cfc04","messageTitle":"Added comments to xRoss.java","messageBody":"Brought main method in xRoss.java to the top\n","fileTypesAndContributionMap":{"java":{"insertions":51,"deletions":43}}},{"hash":"eee9387c7031ace3376960b829bc67ba4cc94247","messageTitle":"Added xRoss package","messageBody":"Added task and exception packages within xRoss package\n","fileTypesAndContributionMap":{"java":{"insertions":33,"deletions":4}}}]},{"date":"2021-09-10","commitResults":[{"hash":"a9401f7a0636d605c11e22eeaeb1ee32b6c1d17f","messageTitle":"Changed Task[] to ArrayLists\u003cTask\u003e in TaskManager.java","messageBody":"Edited methods to conform to new ArrayList\u003cList\u003e\n","fileTypesAndContributionMap":{"java":{"insertions":9,"deletions":7},"bat":{"insertions":2,"deletions":2}}},{"hash":"b8b2c115116b3a807d976f7b7843dfcef3a42664","messageTitle":"Added deleteTask method in TaskManager.java","messageBody":"Added code in xRoss.java to handle new delete function\n","fileTypesAndContributionMap":{"java":{"insertions":60,"deletions":6}}}]},{"date":"2021-09-11","commitResults":[{"hash":"91c9cd0cc9e11b99bc7bfde08d4236dbbff24e8f","messageTitle":"Fixed minor bugs in delete function","messageBody":"Extracted printTaskCounts method in TaskManager.java\n\nTweaked some output\n","fileTypesAndContributionMap":{"java":{"insertions":20,"deletions":15}}}]},{"date":"2021-09-13","commitResults":[{"hash":"8505f6539432b27e38b9fa6df5037026580e2f12","messageTitle":"Added FileManager class for save function","messageBody":"","fileTypesAndContributionMap":{"java":{"insertions":66,"deletions":0}}},{"hash":"af97b89656b82356f21f0ef2a3fc7c71f88a551c","messageTitle":"Started implementation of save function","messageBody":"Issues faced with saveToFile method in TaskManager.java\n","fileTypesAndContributionMap":{"java":{"insertions":111,"deletions":62}}}]},{"date":"2021-09-14","commitResults":[{"hash":"f5f63a9648671e2165a6ee55ad8843aeec11f584","messageTitle":"Fixed bugs to implementation of save function","messageBody":"","fileTypesAndContributionMap":{"java":{"insertions":19,"deletions":12}}},{"hash":"17af007fb622c127c7f5953ec16327c2d191997c","messageTitle":"Merged branch-Level-6","messageBody":"","tags":["Level-6","A-Collections"],"fileTypesAndContributionMap":{"java":{"insertions":1,"deletions":1}}},{"hash":"7daa7457a0c3ecf4fe27b4482f05c4a8e4f33d69","messageTitle":"Added javadoc to all files","messageBody":"Manually tested all functions after merge\n","fileTypesAndContributionMap":{"java":{"insertions":212,"deletions":19}}}]},{"date":"2021-09-15","commitResults":[{"hash":"c5dd7ed0f13d54f9f9f6e4f9364c18dff2ff3b70","messageTitle":"Saves to text file after every task and done command","messageBody":"","fileTypesAndContributionMap":{"java":{"insertions":6,"deletions":3}}}]},{"date":"2021-09-26","commitResults":[{"hash":"f17887211d46e1b18fd80252c6d32d5e9c8b678b","messageTitle":"Created Ui class and extracted relevant methods from xRoss.java to Ui.java","messageBody":"","fileTypesAndContributionMap":{"java":{"insertions":234,"deletions":219}}},{"hash":"8541f079d7ae48a0845cf8adbe9b618e948521f3","messageTitle":"Added new Parser class and extracted relevant methods from main method in xRoss.java","messageBody":"","fileTypesAndContributionMap":{"java":{"insertions":42,"deletions":31}}},{"hash":"71cfceaf22902da8dfd747ad12422a96539da8d7","messageTitle":"Added documentation for Ui and Parser classes","messageBody":"","fileTypesAndContributionMap":{"java":{"insertions":26,"deletions":3}}},{"hash":"162c0bdd6e0f575a9d987f39ff6aa12bc1b31506","messageTitle":"Changed deadline and event classes to store LocalDateTime objects instead of strings","messageBody":"","tags":["Level-8"],"fileTypesAndContributionMap":{"java":{"insertions":122,"deletions":72}}}]},{"date":"2021-09-27","commitResults":[{"hash":"4fbfcfe1f0cc6ac0b8c285481f9a420d53c0f453","messageTitle":"Refactored FileManager.java into storage package","messageBody":"","tags":["A-MoreOOP","A-JavaDoc"],"fileTypesAndContributionMap":{"java":{"insertions":3,"deletions":2}}},{"hash":"2cd89373c147c090ed3b7b2079e2d9e5eddd5a61","messageTitle":"Revert \"Merging branch-Level-8 to master\"","messageBody":"","fileTypesAndContributionMap":{"java":{"insertions":72,"deletions":122}}},{"hash":"5cda6b403c40e23d7cba829cb669aafbfa0f0469","messageTitle":"Revert \"Revert \"Merging branch-Level-8 to master\"\"","messageBody":"","fileTypesAndContributionMap":{"java":{"insertions":122,"deletions":72}}}]}]},"authorFileTypeContributionMap":{"xRossKoh":{"java":872,"md":2,"fxml":0,"sh":0,"bat":2,"gradle":0,"txt":16}},"authorContributionVariance":{"xRossKoh":3849.476},"authorDisplayNameMap":{"xRossKoh":"CS2113T-F12-1 KOH ..NETH"}}
