{"authorDailyContributionsMap":{"xRossKoh":[{"date":"2021-08-18","commitResults":[{"hash":"70903e7ed188f33129bf8cbb17bb656d2bd231d6","messageTitle":"Added level 0 - Greet","messageBody":"","fileTypesAndContributionMap":{"java":{"insertions":19,"deletions":0}}}]},{"date":"2021-08-22","commitResults":[{"hash":"d3b87f3f2fd8c5862e171ebb31690635d400fce7","messageTitle":"Changed name of chatbot to xRoss","messageBody":"Added Scanner to chatbot to take in command line inputs\n","fileTypesAndContributionMap":{"java":{"insertions":4,"deletions":4}}},{"hash":"922b9c4c85750b95f22a30ccac8903bab64914e4","messageTitle":"Added Level-1. Greet, Exit and Echo","messageBody":"","tags":["Level-1"],"fileTypesAndContributionMap":{"java":{"insertions":52,"deletions":14},"bat":{"insertions":1,"deletions":1},"md":{"insertions":2,"deletions":2}}},{"hash":"9082b921cc5e604d5ee6786eed9f424f4a45b9e2","messageTitle":"Removed printMessage method in xRoss class","messageBody":"","fileTypesAndContributionMap":{"java":{"insertions":4,"deletions":0}}},{"hash":"73ca2539018f7aba56d3251ccdacb56f31a82051","messageTitle":"Level-2 Add, List","messageBody":"","fileTypesAndContributionMap":{"java":{"insertions":66,"deletions":20}}}]},{"date":"2021-08-23","commitResults":[{"hash":"e176f7974063773bd8eac69241abbdce7763cbe9","messageTitle":"Added Level-2. Add, List","messageBody":"Changed name of chatbot to xRoss\n","tags":["Level-2"],"fileTypesAndContributionMap":{"java":{"insertions":1,"deletions":0}}},{"hash":"e124d8c6ae459338c3a9086b75814d13a71d04a8","messageTitle":"Added Level-3 Mark as Done","messageBody":"Changed switch-case statement in xRoss.java to if-else statement\n\nAdded markAsDone method and completedTasksCount variable in TaskManager class\n","fileTypesAndContributionMap":{"java":{"insertions":27,"deletions":7}}}]},{"date":"2021-08-25","commitResults":[{"hash":"6739b5dd4370a9191e661f1e18877a17d1449f5f","messageTitle":"Added command flags in command line input","messageBody":"Added echo feature when there is no command in command line input\n","tags":["Level-3","A-CodingStandard"],"fileTypesAndContributionMap":{"java":{"insertions":15,"deletions":7}}}]},{"date":"2021-08-30","commitResults":[{"hash":"5da1ddeeb58539bf747cc7eea733147d25b96d7e","messageTitle":"Added Todo, Deadline and Event classes, inherited from Task class","messageBody":"Added printTask method to Todo, Deadline, Event and Task classes\n\nAdded conditionals for user input in xRoss.java for adding Todos, Deadlines and Events\n","fileTypesAndContributionMap":{"java":{"insertions":113,"deletions":16}}},{"hash":"47a2787b523a9739aac9c70a395d18364a5bc41e","messageTitle":"Refined the chat bot logo","messageBody":"Changed the echo message\n","fileTypesAndContributionMap":{"java":{"insertions":4,"deletions":4}}},{"hash":"a35d96d18ba2b914898422325e16d8009e8c01e6","messageTitle":"Added error messages for user inputs of incorrect format for deadlines and events","messageBody":"Added error messages for invalid user inputs for done command\n","fileTypesAndContributionMap":{"java":{"insertions":31,"deletions":1}}},{"hash":"fef3c682462a3378179639bd1f259906a3a33a09","messageTitle":"Refined formatting using ctrl-shift-l","messageBody":"","tags":["Level-4","A-CodeQuality"],"fileTypesAndContributionMap":{"java":{"insertions":29,"deletions":29}}}]},{"date":"2021-09-01","commitResults":[{"hash":"21a8884a79c3408340a31587c0aeb543d66cc4c7","messageTitle":"Updated input.txt, EXPECTED.txt and runtest.bash in .\\text-ui-test for automated text UI testing","messageBody":"Automated text UI testing passed\n","tags":["A-TextUiTesting"],"fileTypesAndContributionMap":{"txt":{"insertions":10,"deletions":0},"java":{"insertions":1,"deletions":1},"bat":{"insertions":1,"deletions":1}}}]}]},"authorFileTypeContributionMap":{"xRossKoh":{"java":270,"md":2,"fxml":0,"sh":0,"bat":2,"gradle":0,"txt":10}},"authorContributionVariance":{"xRossKoh":355.06012},"authorDisplayNameMap":{"xRossKoh":"CS2113T-F12-1 KOH ..NETH"}}
