{"authorDailyContributionsMap":{"jyxhazcake":[{"date":"2021-08-24","commitResults":[{"hash":"0658e543d18799b7c76c3fd6dbfea24474a0d70f","messageTitle":"Add basic greet message","messageBody":"","tags":["Level-0"],"fileTypesAndContributionMap":{"java":{"insertions":7,"deletions":1}}}]}]},"authorFileTypeContributionMap":{"jyxhazcake":{"java":7,"md":0,"fxml":0,"sh":0,"bat":0,"gradle":0,"txt":0}},"authorContributionVariance":{"jyxhazcake":0.2869897},"authorDisplayNameMap":{"jyxhazcake":"JIA ..XUAN"}}
