[{"path":"src/main/java/Duke.java","fileType":"java","lines":[{"lineNumber":1,"author":{"gitId":"theeugenechong"},"content":"import java.util.Scanner;","lastModifiedDate":"2021-08-21"},{"lineNumber":2,"author":{"gitId":"theeugenechong"},"content":"import java.util.Arrays;","lastModifiedDate":"2021-08-21"},{"lineNumber":3,"author":{"gitId":"theeugenechong"},"content":"","lastModifiedDate":"2021-08-21"},{"lineNumber":4,"author":{"gitId":"-"},"content":"public class Duke {","lastModifiedDate":"2019-07-29"},{"lineNumber":5,"author":{"gitId":"theeugenechong"},"content":"    public static void printLogoAndGreet() {","lastModifiedDate":"2021-08-21"},{"lineNumber":6,"author":{"gitId":"-"},"content":"        String logo \u003d \" ____        _        \\n\"","lastModifiedDate":"2019-07-29"},{"lineNumber":7,"author":{"gitId":"-"},"content":"                + \"|  _ \\\\ _   _| | _____ \\n\"","lastModifiedDate":"2019-07-29"},{"lineNumber":8,"author":{"gitId":"-"},"content":"                + \"| | | | | | | |/ / _ \\\\\\n\"","lastModifiedDate":"2019-07-29"},{"lineNumber":9,"author":{"gitId":"-"},"content":"                + \"| |_| | |_| |   \u003c  __/\\n\"","lastModifiedDate":"2019-07-29"},{"lineNumber":10,"author":{"gitId":"-"},"content":"                + \"|____/ \\\\__,_|_|\\\\_\\\\___|\\n\";","lastModifiedDate":"2019-07-29"},{"lineNumber":11,"author":{"gitId":"-"},"content":"        System.out.println(\"Hello from\\n\" + logo);","lastModifiedDate":"2019-07-29"},{"lineNumber":12,"author":{"gitId":"theeugenechong"},"content":"        System.out.println(\"____________________________________________________________\");","lastModifiedDate":"2021-08-13"},{"lineNumber":13,"author":{"gitId":"theeugenechong"},"content":"        System.out.println(\" Hey there! I\u0027m Duke.\");","lastModifiedDate":"2021-08-21"},{"lineNumber":14,"author":{"gitId":"theeugenechong"},"content":"        System.out.println(\" How may I help you?\");","lastModifiedDate":"2021-08-21"},{"lineNumber":15,"author":{"gitId":"theeugenechong"},"content":"        System.out.println(\"____________________________________________________________\");","lastModifiedDate":"2021-08-22"},{"lineNumber":16,"author":{"gitId":"theeugenechong"},"content":"    }","lastModifiedDate":"2021-08-21"},{"lineNumber":17,"author":{"gitId":"theeugenechong"},"content":"","lastModifiedDate":"2021-08-21"},{"lineNumber":18,"author":{"gitId":"theeugenechong"},"content":"    public static void printTaskList(Task[] tasks) {","lastModifiedDate":"2021-08-21"},{"lineNumber":19,"author":{"gitId":"theeugenechong"},"content":"        System.out.println(\"____________________________________________________________\");","lastModifiedDate":"2021-08-21"},{"lineNumber":20,"author":{"gitId":"theeugenechong"},"content":"        System.out.println(\" Here are the tasks in your list:\");","lastModifiedDate":"2021-08-21"},{"lineNumber":21,"author":{"gitId":"theeugenechong"},"content":"        for (int i \u003d 0; i \u003c tasks.length; i++) {","lastModifiedDate":"2021-08-21"},{"lineNumber":22,"author":{"gitId":"theeugenechong"},"content":"            System.out.println((i + 1) + \". \" + \"[\" + tasks[i].getStatusIcon() +\"] \" + tasks[i].description);","lastModifiedDate":"2021-08-21"},{"lineNumber":23,"author":{"gitId":"theeugenechong"},"content":"        }","lastModifiedDate":"2021-08-21"},{"lineNumber":24,"author":{"gitId":"theeugenechong"},"content":"        System.out.println(\"____________________________________________________________\");","lastModifiedDate":"2021-08-21"},{"lineNumber":25,"author":{"gitId":"theeugenechong"},"content":"    }","lastModifiedDate":"2021-08-21"},{"lineNumber":26,"author":{"gitId":"theeugenechong"},"content":"","lastModifiedDate":"2021-08-21"},{"lineNumber":27,"author":{"gitId":"theeugenechong"},"content":"    public static void printGoodbye() {","lastModifiedDate":"2021-08-21"},{"lineNumber":28,"author":{"gitId":"theeugenechong"},"content":"        System.out.println(\"____________________________________________________________\");","lastModifiedDate":"2021-08-21"},{"lineNumber":29,"author":{"gitId":"theeugenechong"},"content":"        System.out.println(\" Goodbye! Hope to see you again soon.\");","lastModifiedDate":"2021-08-21"},{"lineNumber":30,"author":{"gitId":"theeugenechong"},"content":"        System.out.println(\"____________________________________________________________\");","lastModifiedDate":"2021-08-21"},{"lineNumber":31,"author":{"gitId":"theeugenechong"},"content":"    }","lastModifiedDate":"2021-08-21"},{"lineNumber":32,"author":{"gitId":"theeugenechong"},"content":"","lastModifiedDate":"2021-08-21"},{"lineNumber":33,"author":{"gitId":"theeugenechong"},"content":"    public static boolean isNumeric(String str) {","lastModifiedDate":"2021-08-22"},{"lineNumber":34,"author":{"gitId":"theeugenechong"},"content":"        try {","lastModifiedDate":"2021-08-22"},{"lineNumber":35,"author":{"gitId":"theeugenechong"},"content":"            Integer.parseInt(str);","lastModifiedDate":"2021-08-22"},{"lineNumber":36,"author":{"gitId":"theeugenechong"},"content":"            return true;","lastModifiedDate":"2021-08-22"},{"lineNumber":37,"author":{"gitId":"theeugenechong"},"content":"        } catch (NumberFormatException e) {","lastModifiedDate":"2021-08-22"},{"lineNumber":38,"author":{"gitId":"theeugenechong"},"content":"            return false;","lastModifiedDate":"2021-08-22"},{"lineNumber":39,"author":{"gitId":"theeugenechong"},"content":"        }","lastModifiedDate":"2021-08-22"},{"lineNumber":40,"author":{"gitId":"theeugenechong"},"content":"    }","lastModifiedDate":"2021-08-22"},{"lineNumber":41,"author":{"gitId":"theeugenechong"},"content":"","lastModifiedDate":"2021-08-22"},{"lineNumber":42,"author":{"gitId":"theeugenechong"},"content":"    public static void printTaskDone(Task[] tasks, int taskCount, String doneTask) {","lastModifiedDate":"2021-08-21"},{"lineNumber":43,"author":{"gitId":"theeugenechong"},"content":"        String[] doneSentence \u003d doneTask.split(\" \");","lastModifiedDate":"2021-08-21"},{"lineNumber":44,"author":{"gitId":"theeugenechong"},"content":"","lastModifiedDate":"2021-08-22"},{"lineNumber":45,"author":{"gitId":"theeugenechong"},"content":"        if (doneSentence.length !\u003d 2) {","lastModifiedDate":"2021-08-21"},{"lineNumber":46,"author":{"gitId":"theeugenechong"},"content":"            System.out.println(\"____________________________________________________________\");","lastModifiedDate":"2021-08-21"},{"lineNumber":47,"author":{"gitId":"theeugenechong"},"content":"            System.out.println(\" Your command is of the wrong format! To mark a task as done, enter \\\"done {ID of done task}\\\".\");","lastModifiedDate":"2021-08-22"},{"lineNumber":48,"author":{"gitId":"theeugenechong"},"content":"            System.out.println(\"____________________________________________________________\");","lastModifiedDate":"2021-08-22"},{"lineNumber":49,"author":{"gitId":"theeugenechong"},"content":"            return;","lastModifiedDate":"2021-08-22"},{"lineNumber":50,"author":{"gitId":"theeugenechong"},"content":"        }","lastModifiedDate":"2021-08-22"},{"lineNumber":51,"author":{"gitId":"theeugenechong"},"content":"","lastModifiedDate":"2021-08-22"},{"lineNumber":52,"author":{"gitId":"theeugenechong"},"content":"        if (!isNumeric(doneSentence[1])) {","lastModifiedDate":"2021-08-22"},{"lineNumber":53,"author":{"gitId":"theeugenechong"},"content":"            System.out.println(\"____________________________________________________________\");","lastModifiedDate":"2021-08-22"},{"lineNumber":54,"author":{"gitId":"theeugenechong"},"content":"            System.out.println(\" Your command is of the wrong format! Enter a number for your task ID.\");","lastModifiedDate":"2021-08-22"},{"lineNumber":55,"author":{"gitId":"theeugenechong"},"content":"            System.out.println(\"____________________________________________________________\");","lastModifiedDate":"2021-08-21"},{"lineNumber":56,"author":{"gitId":"theeugenechong"},"content":"            return;","lastModifiedDate":"2021-08-21"},{"lineNumber":57,"author":{"gitId":"theeugenechong"},"content":"        }","lastModifiedDate":"2021-08-21"},{"lineNumber":58,"author":{"gitId":"theeugenechong"},"content":"","lastModifiedDate":"2021-08-21"},{"lineNumber":59,"author":{"gitId":"theeugenechong"},"content":"        int taskToMarkDone \u003d Integer.parseInt(doneSentence[1]);","lastModifiedDate":"2021-08-21"},{"lineNumber":60,"author":{"gitId":"theeugenechong"},"content":"        if (taskToMarkDone \u003e taskCount || taskToMarkDone \u003c\u003d 0) {","lastModifiedDate":"2021-08-21"},{"lineNumber":61,"author":{"gitId":"theeugenechong"},"content":"            System.out.println(\"____________________________________________________________\");","lastModifiedDate":"2021-08-21"},{"lineNumber":62,"author":{"gitId":"theeugenechong"},"content":"            System.out.println(\" Sorry, the task is not in the list! Try again.\");","lastModifiedDate":"2021-08-21"},{"lineNumber":63,"author":{"gitId":"theeugenechong"},"content":"            System.out.println(\"____________________________________________________________\");","lastModifiedDate":"2021-08-21"},{"lineNumber":64,"author":{"gitId":"theeugenechong"},"content":"        } else {","lastModifiedDate":"2021-08-21"},{"lineNumber":65,"author":{"gitId":"theeugenechong"},"content":"            tasks[taskToMarkDone - 1].markDone();","lastModifiedDate":"2021-08-21"},{"lineNumber":66,"author":{"gitId":"theeugenechong"},"content":"            System.out.println(\"____________________________________________________________\");","lastModifiedDate":"2021-08-21"},{"lineNumber":67,"author":{"gitId":"theeugenechong"},"content":"            System.out.println(\" Great! I have marked the following task as done: \");","lastModifiedDate":"2021-08-21"},{"lineNumber":68,"author":{"gitId":"theeugenechong"},"content":"            System.out.println(\"   [\" + tasks[taskToMarkDone - 1].getStatusIcon() + \"] \" + tasks[taskToMarkDone - 1].description);","lastModifiedDate":"2021-08-21"},{"lineNumber":69,"author":{"gitId":"theeugenechong"},"content":"            System.out.println(\"____________________________________________________________\");","lastModifiedDate":"2021-08-21"},{"lineNumber":70,"author":{"gitId":"theeugenechong"},"content":"        }","lastModifiedDate":"2021-08-21"},{"lineNumber":71,"author":{"gitId":"theeugenechong"},"content":"    }","lastModifiedDate":"2021-08-21"},{"lineNumber":72,"author":{"gitId":"theeugenechong"},"content":"","lastModifiedDate":"2021-08-21"},{"lineNumber":73,"author":{"gitId":"theeugenechong"},"content":"    public static void printTaskAdded(Task[] tasks, int taskCount, String addedTask) {","lastModifiedDate":"2021-08-21"},{"lineNumber":74,"author":{"gitId":"theeugenechong"},"content":"        tasks[taskCount] \u003d new Task(addedTask);","lastModifiedDate":"2021-08-21"},{"lineNumber":75,"author":{"gitId":"theeugenechong"},"content":"        System.out.println(\"____________________________________________________________\");","lastModifiedDate":"2021-08-13"},{"lineNumber":76,"author":{"gitId":"theeugenechong"},"content":"        System.out.println(\" I have added a task: \" + addedTask);","lastModifiedDate":"2021-08-21"},{"lineNumber":77,"author":{"gitId":"theeugenechong"},"content":"        System.out.println(\"____________________________________________________________\");","lastModifiedDate":"2021-08-21"},{"lineNumber":78,"author":{"gitId":"theeugenechong"},"content":"    }","lastModifiedDate":"2021-08-21"},{"lineNumber":79,"author":{"gitId":"theeugenechong"},"content":"","lastModifiedDate":"2021-08-21"},{"lineNumber":80,"author":{"gitId":"theeugenechong"},"content":"    public static void main(String[] args) {","lastModifiedDate":"2021-08-21"},{"lineNumber":81,"author":{"gitId":"theeugenechong"},"content":"        printLogoAndGreet();","lastModifiedDate":"2021-08-21"},{"lineNumber":82,"author":{"gitId":"theeugenechong"},"content":"","lastModifiedDate":"2021-08-21"},{"lineNumber":83,"author":{"gitId":"theeugenechong"},"content":"        String line;","lastModifiedDate":"2021-08-21"},{"lineNumber":84,"author":{"gitId":"theeugenechong"},"content":"        Scanner in \u003d new Scanner(System.in);","lastModifiedDate":"2021-08-21"},{"lineNumber":85,"author":{"gitId":"theeugenechong"},"content":"","lastModifiedDate":"2021-08-21"},{"lineNumber":86,"author":{"gitId":"theeugenechong"},"content":"        int taskCount \u003d 0;","lastModifiedDate":"2021-08-21"},{"lineNumber":87,"author":{"gitId":"theeugenechong"},"content":"        Task[] tasks \u003d new Task[100];","lastModifiedDate":"2021-08-21"},{"lineNumber":88,"author":{"gitId":"theeugenechong"},"content":"        line \u003d in.nextLine();","lastModifiedDate":"2021-08-21"},{"lineNumber":89,"author":{"gitId":"theeugenechong"},"content":"","lastModifiedDate":"2021-08-21"},{"lineNumber":90,"author":{"gitId":"theeugenechong"},"content":"        while (!line.trim().equalsIgnoreCase(\"bye\")) {","lastModifiedDate":"2021-08-22"},{"lineNumber":91,"author":{"gitId":"theeugenechong"},"content":"            if (line.trim().equalsIgnoreCase(\"list\")) {","lastModifiedDate":"2021-08-22"},{"lineNumber":92,"author":{"gitId":"theeugenechong"},"content":"                printTaskList(Arrays.copyOf(tasks, taskCount));","lastModifiedDate":"2021-08-21"},{"lineNumber":93,"author":{"gitId":"theeugenechong"},"content":"            } else if (line.toLowerCase().startsWith(\"done\")) {","lastModifiedDate":"2021-08-21"},{"lineNumber":94,"author":{"gitId":"theeugenechong"},"content":"                printTaskDone(tasks, taskCount, line);","lastModifiedDate":"2021-08-21"},{"lineNumber":95,"author":{"gitId":"theeugenechong"},"content":"            } else {","lastModifiedDate":"2021-08-21"},{"lineNumber":96,"author":{"gitId":"theeugenechong"},"content":"                printTaskAdded(tasks, taskCount, line);","lastModifiedDate":"2021-08-21"},{"lineNumber":97,"author":{"gitId":"theeugenechong"},"content":"                taskCount++;","lastModifiedDate":"2021-08-21"},{"lineNumber":98,"author":{"gitId":"theeugenechong"},"content":"            }","lastModifiedDate":"2021-08-21"},{"lineNumber":99,"author":{"gitId":"theeugenechong"},"content":"            line \u003d in.nextLine();","lastModifiedDate":"2021-08-21"},{"lineNumber":100,"author":{"gitId":"theeugenechong"},"content":"        }","lastModifiedDate":"2021-08-21"},{"lineNumber":101,"author":{"gitId":"theeugenechong"},"content":"        printGoodbye();","lastModifiedDate":"2021-08-21"},{"lineNumber":102,"author":{"gitId":"-"},"content":"    }","lastModifiedDate":"2019-07-29"},{"lineNumber":103,"author":{"gitId":"-"},"content":"}","lastModifiedDate":"2019-07-29"}],"authorContributionMap":{"theeugenechong":94,"-":9}},{"path":"src/main/java/Task.java","fileType":"java","lines":[{"lineNumber":1,"author":{"gitId":"theeugenechong"},"content":"public class Task {","lastModifiedDate":"2021-08-21"},{"lineNumber":2,"author":{"gitId":"theeugenechong"},"content":"    protected String description;","lastModifiedDate":"2021-08-21"},{"lineNumber":3,"author":{"gitId":"theeugenechong"},"content":"    protected boolean isDone;","lastModifiedDate":"2021-08-21"},{"lineNumber":4,"author":{"gitId":"theeugenechong"},"content":"","lastModifiedDate":"2021-08-21"},{"lineNumber":5,"author":{"gitId":"theeugenechong"},"content":"    public Task(String description) {","lastModifiedDate":"2021-08-21"},{"lineNumber":6,"author":{"gitId":"theeugenechong"},"content":"        this.description \u003d description;","lastModifiedDate":"2021-08-21"},{"lineNumber":7,"author":{"gitId":"theeugenechong"},"content":"        this.isDone \u003d false;","lastModifiedDate":"2021-08-21"},{"lineNumber":8,"author":{"gitId":"theeugenechong"},"content":"    }","lastModifiedDate":"2021-08-21"},{"lineNumber":9,"author":{"gitId":"theeugenechong"},"content":"","lastModifiedDate":"2021-08-21"},{"lineNumber":10,"author":{"gitId":"theeugenechong"},"content":"    public String getStatusIcon() {","lastModifiedDate":"2021-08-21"},{"lineNumber":11,"author":{"gitId":"theeugenechong"},"content":"        if (this.isDone) {","lastModifiedDate":"2021-08-21"},{"lineNumber":12,"author":{"gitId":"theeugenechong"},"content":"            return \"X\";","lastModifiedDate":"2021-08-21"},{"lineNumber":13,"author":{"gitId":"theeugenechong"},"content":"        } else {","lastModifiedDate":"2021-08-21"},{"lineNumber":14,"author":{"gitId":"theeugenechong"},"content":"            return \" \";","lastModifiedDate":"2021-08-21"},{"lineNumber":15,"author":{"gitId":"theeugenechong"},"content":"        }","lastModifiedDate":"2021-08-21"},{"lineNumber":16,"author":{"gitId":"theeugenechong"},"content":"    }","lastModifiedDate":"2021-08-21"},{"lineNumber":17,"author":{"gitId":"theeugenechong"},"content":"","lastModifiedDate":"2021-08-21"},{"lineNumber":18,"author":{"gitId":"theeugenechong"},"content":"    public void markDone() {","lastModifiedDate":"2021-08-21"},{"lineNumber":19,"author":{"gitId":"theeugenechong"},"content":"        this.isDone \u003d true;","lastModifiedDate":"2021-08-21"},{"lineNumber":20,"author":{"gitId":"theeugenechong"},"content":"    }","lastModifiedDate":"2021-08-21"},{"lineNumber":21,"author":{"gitId":"theeugenechong"},"content":"}","lastModifiedDate":"2021-08-21"}],"authorContributionMap":{"theeugenechong":21}}]
