{"authorDailyContributionsMap":{"theeugenechong":[{"date":"2021-08-13","commitResults":[{"hash":"89b6f4a33ce683cb50214f4db2d8366fd8bbcd06","messageTitle":"Add Level-0: Greet","messageBody":"","tags":["Level-0"],"fileTypesAndContributionMap":{"java":{"insertions":6,"deletions":0}}}]},{"date":"2021-08-21","commitResults":[{"hash":"361f432f0b7e57f796ae960f866b575f15f4fab3","messageTitle":"Add Level-1: Greet, Echo, Exit","messageBody":"","tags":["Level-1"],"fileTypesAndContributionMap":{"java":{"insertions":18,"deletions":3}}},{"hash":"fc410ce56bbc6eccc7bb4ccc18c7e7176e785151","messageTitle":"Add Level-2: Add, List","messageBody":"","tags":["Level-2"],"fileTypesAndContributionMap":{"java":{"insertions":21,"deletions":3}}},{"hash":"16b32893f5c006a3ba387c3195afad806bfc1eae","messageTitle":"ADd Level-3: Mark as Done","messageBody":"","fileTypesAndContributionMap":{"java":{"insertions":40,"deletions":6}}},{"hash":"1f8fec990a66212afc3721d68b8baef244397a3f","messageTitle":"Add equalsIgnoreCase","messageBody":"","fileTypesAndContributionMap":{"java":{"insertions":3,"deletions":3}}},{"hash":"ad0742f1df65e9e798da88a0600a7c1cf858fd58","messageTitle":"Organise different print statements into multiple functions called by main()","messageBody":"","fileTypesAndContributionMap":{"java":{"insertions":54,"deletions":31}}}]},{"date":"2021-08-22","commitResults":[{"hash":"25b1df08dfdc3e7ff88d3b1557c3b9eca2224997","messageTitle":"Add method to handle invalid input when wrong command format is used to mark task as done","messageBody":"","fileTypesAndContributionMap":{"java":{"insertions":21,"deletions":3}}}]},{"date":"2021-08-23","commitResults":[{"hash":"1ff0538fc6e7868f1941dda7b64bf931d7665651","messageTitle":"Add comments for printTaskDone() method","messageBody":"","tags":["Level-3","A-Classes"],"fileTypesAndContributionMap":{"java":{"insertions":4,"deletions":1}}},{"hash":"a5293b8809c9e0b08ba31d8b49cff8b882072b73","messageTitle":"Minor tweaks to comply with coding standard","messageBody":"","tags":["A-CodingStandard"],"fileTypesAndContributionMap":{"java":{"insertions":1,"deletions":1}}}]},{"date":"2021-08-28","commitResults":[{"hash":"1f6f647b7615003be3510b0b0f8819d0ade95ace","messageTitle":"Add Todo, Event, Deadline classes.","messageBody":"","fileTypesAndContributionMap":{"java":{"insertions":78,"deletions":8}}}]},{"date":"2021-08-29","commitResults":[{"hash":"6be2c01359371564be944c66b1e1eac080cb2d8b","messageTitle":"Add Level-4: ToDos, Events, Deadlines along with some error checking","messageBody":"","tags":["Level-4","A-Inheritance"],"fileTypesAndContributionMap":{"java":{"insertions":136,"deletions":11}}},{"hash":"070f226db7e843874984d7c0b851ee617b1fdba5","messageTitle":"Add text files for Automated UI Testing","messageBody":"","tags":["A-TextUITesting"],"fileTypesAndContributionMap":{"txt":{"insertions":15,"deletions":0},"java":{"insertions":4,"deletions":4}}},{"hash":"f5dca24b0f63b2edf45420378dd06f121061774d","messageTitle":"Refactor code by adding constant variables for Duke\u0027s I/O strings and magic numbers","messageBody":"","tags":["A-CodeQuality"],"fileTypesAndContributionMap":{"java":{"insertions":100,"deletions":73}}}]},{"date":"2021-09-05","commitResults":[{"hash":"1fff2c2e0d1d1f591be79c9719781bab64932f98","messageTitle":"Add exception classes","messageBody":"","fileTypesAndContributionMap":{"java":{"insertions":324,"deletions":0}}},{"hash":"7d7d06bcd842e2632e4cbebb8e0ac7532987a54b","messageTitle":"Add error handling using exceptions Refactor by adding TaskManager class","messageBody":"","fileTypesAndContributionMap":{"java":{"insertions":13,"deletions":227}}},{"hash":"76cf2bdcc740e60d0200683414df3ca1fa17c22b","messageTitle":"Add Java documentation for TaskManager methods","messageBody":"","fileTypesAndContributionMap":{"java":{"insertions":68,"deletions":8}}},{"hash":"0fb8b634e3c060118bb1192ef79646dc157c3fd8","messageTitle":"Edit documentation for adding task methods","messageBody":"","fileTypesAndContributionMap":{"java":{"insertions":11,"deletions":2}}},{"hash":"649f3dc7dc02be62d907b8cf53d98b8bb63cf522","messageTitle":"Change method signatures in TaskManager class Make tasks array a final attribute in TaskManager","messageBody":"","fileTypesAndContributionMap":{"java":{"insertions":9,"deletions":17}}},{"hash":"16246d6cc4b0410c2af883bfd07f79eb78b4f07b","messageTitle":"Organize classes into suitable Java packages","messageBody":"","fileTypesAndContributionMap":{"java":{"insertions":34,"deletions":0},"bat":{"insertions":1,"deletions":1},"sh":{"insertions":1,"deletions":1}}},{"hash":"70e8f427e8349409784c209247078b682a81e051","messageTitle":"Rearrange methods in Duke and TaskManager classes for better readability","messageBody":"","fileTypesAndContributionMap":{"java":{"insertions":48,"deletions":42}}}]},{"date":"2021-09-11","commitResults":[{"hash":"f31347d9aa1c049a7eb2460da17dec058929a171","messageTitle":"Add exception for empty list","messageBody":"","fileTypesAndContributionMap":{"java":{"insertions":33,"deletions":12}}},{"hash":"38d9035eceb2b0a14ff2ed654038c56a9cfa8c26","messageTitle":"Replace task array with ArrayList","messageBody":"","fileTypesAndContributionMap":{"java":{"insertions":19,"deletions":23}}},{"hash":"43f8e2c8ebf960e36fdb138852371ebd3f8d33e4","messageTitle":"Implement delete for Duke","messageBody":"","fileTypesAndContributionMap":{"java":{"insertions":66,"deletions":8}}},{"hash":"c9a0adb9a89bf3bb187047c0667f9d041931b5e9","messageTitle":"Update automated text UI testing to include delete command","messageBody":"","fileTypesAndContributionMap":{"txt":{"insertions":5,"deletions":0},"java":{"insertions":1,"deletions":1},"bat":{"insertions":1,"deletions":1}}}]},{"date":"2021-09-12","commitResults":[{"hash":"7848a970983ceb3fd0075f0ccd4308676e510bd0","messageTitle":"Add attribute for tasks to represent the type of task","messageBody":"","fileTypesAndContributionMap":{"java":{"insertions":6,"deletions":3}}},{"hash":"0625bc52be0004b32a62fb32b45c1d95be97d355","messageTitle":"Add DataManager class which helps in loading and saving of Duke\u0027s data","messageBody":"","fileTypesAndContributionMap":{"java":{"insertions":135,"deletions":3}}},{"hash":"237b1a275b37dd5eb1370e50bce59b49243a4762","messageTitle":"Implement loading of data into Duke\u0027s task list upon starting the program and saving data before the program ends","messageBody":"","fileTypesAndContributionMap":{"txt":{"insertions":1,"deletions":0},"java":{"insertions":58,"deletions":12}}},{"hash":"ef6547d79d77af6b8715111e2058e222676ecc08","messageTitle":"Fix minor bug when saving task to text file","messageBody":"","tags":["Level-7","A-Jar"],"fileTypesAndContributionMap":{"java":{"insertions":4,"deletions":2}}},{"hash":"5d00778023f318ce7eb9c8dfdeef66491227202b","messageTitle":"Rearrange and list out import statements to adhere to coding standard and improve readbility","messageBody":"","fileTypesAndContributionMap":{"txt":{"insertions":0,"deletions":1},"java":{"insertions":11,"deletions":4}}}]},{"date":"2021-09-18","commitResults":[{"hash":"def2e558a33b36076ede6d475f3f1761cc3c9647","messageTitle":"Change code to save data everytime a task is added or deleted","messageBody":"","fileTypesAndContributionMap":{"java":{"insertions":5,"deletions":1}}},{"hash":"d94e5966f37a3bac1c32feef7cf59e30d088a9af","messageTitle":"Add feature where a Duke\u0027s data is now saved in a file tasks.txt in a directory dukeData","messageBody":"","fileTypesAndContributionMap":{"java":{"insertions":9,"deletions":4}}},{"hash":"b3fe563dda825863a7abf40765964ea845e798f3","messageTitle":"Removed old tasks.txt file which was not created in the dukeData directory","messageBody":"","fileTypesAndContributionMap":{"txt":{"insertions":0,"deletions":0}}},{"hash":"89cd22a4df386175737f9d2a8a4ad536e7946709","messageTitle":"Make Task class abstract","messageBody":"","fileTypesAndContributionMap":{"java":{"insertions":2,"deletions":5}}},{"hash":"ad6fb194207185b753202a05fc07629bc37275bf","messageTitle":"Delete unnecessary exceptions","messageBody":"","fileTypesAndContributionMap":{"java":{"insertions":0,"deletions":138}}},{"hash":"ed7399be29d8eb8137a6c5ae8e1cc743bee7fbde","messageTitle":"Add classes containing Duke constants","messageBody":"","fileTypesAndContributionMap":{"java":{"insertions":75,"deletions":0}}},{"hash":"c2851a5c8edc30ac4b1e5ff4815b716645e1b85f","messageTitle":"Add Ui class to handle printing ouf Duke output messages","messageBody":"","fileTypesAndContributionMap":{"java":{"insertions":121,"deletions":0}}},{"hash":"b0b0050b536d591b37d2c2b0c279d90e2efdd00d","messageTitle":"Add exception classes which are more generalized","messageBody":"","fileTypesAndContributionMap":{"java":{"insertions":16,"deletions":1}}},{"hash":"3e3579a27c7d951f0870cbd956e8f8ac923dbb3b","messageTitle":"Update methods in TaskManager and DataManager to implement methods in new Ui class and handle new exceptions","messageBody":"","fileTypesAndContributionMap":{"java":{"insertions":75,"deletions":175}}},{"hash":"d70592d74a9006c213e544a79f9a86f79a4df95e","messageTitle":"Update markDone and delete methods to handle IndexOutOfBoundException and not ArrayOutOfBoundException","messageBody":"","fileTypesAndContributionMap":{"java":{"insertions":6,"deletions":31}}}]},{"date":"2021-09-19","commitResults":[{"hash":"1e218347d7a5bed473f68701a299133d040225a1","messageTitle":"Rename exceptions to avoid confusion","messageBody":"","fileTypesAndContributionMap":{"java":{"insertions":1,"deletions":0}}},{"hash":"37df270275f1ed8c227351fec451a86b164b7649","messageTitle":"Move Duke class (main class) out of a package","messageBody":"","fileTypesAndContributionMap":{"java":{"insertions":5,"deletions":5}}},{"hash":"e316e261649920c76a4f09442bc663f1aa35d770","messageTitle":"Add an empty line at the start of class to follow coding standard","messageBody":"","fileTypesAndContributionMap":{"java":{"insertions":14,"deletions":11}}},{"hash":"93c8675287d7b494519123ba2339f0dc5ff90e0c","messageTitle":"Add CommandWord enum","messageBody":"","fileTypesAndContributionMap":{"java":{"insertions":11,"deletions":0}}},{"hash":"dc358171a22aa41694c1bfb4d152733dd8199751","messageTitle":"Add Parser class to process user input","messageBody":"","fileTypesAndContributionMap":{"java":{"insertions":99,"deletions":0}}},{"hash":"644c77413c32672c95cd7187a315254cd4abd4bb","messageTitle":"Remove constants in DataManager","messageBody":"","fileTypesAndContributionMap":{"java":{"insertions":2,"deletions":6}}},{"hash":"0b1cc778d0b24453a754454d8e2f043c36816374","messageTitle":"Implement methods in TaskManager (adding a task, deleting and marking as done) with the Parser class","messageBody":"","fileTypesAndContributionMap":{"java":{"insertions":72,"deletions":167}}},{"hash":"c1fabb71268687b20cb4f4934e4c496f22908004","messageTitle":"Remove unused method in Ui class","messageBody":"","fileTypesAndContributionMap":{"java":{"insertions":0,"deletions":7}}},{"hash":"7e00de6e0b330115fe4ac3d9931cb58b89a6a52b","messageTitle":"Add help command to print recognizable commands and their formats","messageBody":"","fileTypesAndContributionMap":{"java":{"insertions":7,"deletions":0}}},{"hash":"42d8f1c46f2dbb99b1d0845258b33d20eebec17e","messageTitle":"Add exit command to Parser and CommandWord enum","messageBody":"","fileTypesAndContributionMap":{"java":{"insertions":3,"deletions":0}}},{"hash":"d3b013c4f4fcf6c6f11917d43baaa8f4d308475c","messageTitle":"Add exit command to TaskManager class","messageBody":"","fileTypesAndContributionMap":{"java":{"insertions":3,"deletions":0}}},{"hash":"0ef7ded23176fca4ff153bf7e3036404c5178ddd","messageTitle":"Add Scanner and PrintStream to Ui class for user interaction","messageBody":"","fileTypesAndContributionMap":{"java":{"insertions":60,"deletions":51}}},{"hash":"82805f73ebbcc3c15540ed53708c6c5fd7defcb1","messageTitle":"Restructure main Duke class to follow AB2 example Integrate main class with new Ui functionalities","messageBody":"","fileTypesAndContributionMap":{"java":{"insertions":19,"deletions":10}}},{"hash":"260f9c4809f838e7dc9f8a68500b47d036d387e5","messageTitle":"Rename TaskManager class to CommandExecutor","messageBody":"","fileTypesAndContributionMap":{"java":{"insertions":0,"deletions":0}}},{"hash":"fcfd04e38fc29b9a7ba315ca29591b1f87649b6d","messageTitle":"Add TaskList class to handle addition,deletion and marking done of tasks","messageBody":"","fileTypesAndContributionMap":{"java":{"insertions":85,"deletions":0}}},{"hash":"a2e40c8c7a5e15ae710e12df4d5cfe02cece79cb","messageTitle":"Add TaskEncoder and TaskDecoder to help in encoding and decoding of tasks from text file","messageBody":"","fileTypesAndContributionMap":{"java":{"insertions":102,"deletions":0}}},{"hash":"e8065ce5c2e813d9c189d6037e6d62dca11b759d","messageTitle":"Change DataManager class to be non-static Introduce constructors","messageBody":"","fileTypesAndContributionMap":{"java":{"insertions":74,"deletions":92}}},{"hash":"a46e30bd76b529428d8f74005dd0dc985a68aaf6","messageTitle":"Change Duke\u0027s entry message to a constant","messageBody":"","fileTypesAndContributionMap":{"java":{"insertions":1,"deletions":0}}},{"hash":"e9683ada21f36f2a4178ee824e326af64f17e4cf","messageTitle":"Integrate CommandExecutor with TaskList methods","messageBody":"","fileTypesAndContributionMap":{"java":{"insertions":39,"deletions":97}}},{"hash":"4a641c7bd23db8f441847a06b729f4a2f83bb53e","messageTitle":"Change main class to be able to run with instances of CommandExecutor and DataManager","messageBody":"","fileTypesAndContributionMap":{"java":{"insertions":19,"deletions":11}}}]}]},"authorFileTypeContributionMap":{"theeugenechong":{"java":934,"md":0,"fxml":0,"sh":1,"bat":2,"gradle":0,"txt":20}},"authorContributionVariance":{"theeugenechong":9824.549},"authorDisplayNameMap":{"theeugenechong":"CS2113T-W13-4 EUGE..IANG"}}
