[{"path":"src/main/java/Deadlines.java","fileType":"java","lines":[{"lineNumber":1,"author":{"gitId":"yuejunfeng0909"},"content":"public class Deadlines extends Task {","lastModifiedDate":"2021-08-29"},{"lineNumber":2,"author":{"gitId":"yuejunfeng0909"},"content":"    private String time;","lastModifiedDate":"2021-08-29"},{"lineNumber":3,"author":{"gitId":"yuejunfeng0909"},"content":"    static String ddlCmd \u003d \" /by \";","lastModifiedDate":"2021-09-09"},{"lineNumber":4,"author":{"gitId":"yuejunfeng0909"},"content":"","lastModifiedDate":"2021-08-29"},{"lineNumber":5,"author":{"gitId":"yuejunfeng0909"},"content":"    public Deadlines(String description, String time) {","lastModifiedDate":"2021-08-29"},{"lineNumber":6,"author":{"gitId":"yuejunfeng0909"},"content":"        super(description);","lastModifiedDate":"2021-08-29"},{"lineNumber":7,"author":{"gitId":"yuejunfeng0909"},"content":"        this.time \u003d time;","lastModifiedDate":"2021-08-29"},{"lineNumber":8,"author":{"gitId":"yuejunfeng0909"},"content":"    }","lastModifiedDate":"2021-08-29"},{"lineNumber":9,"author":{"gitId":"yuejunfeng0909"},"content":"","lastModifiedDate":"2021-08-29"},{"lineNumber":10,"author":{"gitId":"yuejunfeng0909"},"content":"    public static Deadlines parseDeadlines(String commandDescription) {","lastModifiedDate":"2021-09-09"},{"lineNumber":11,"author":{"gitId":"yuejunfeng0909"},"content":"        return new Deadlines(commandDescription.split(ddlCmd)[0], commandDescription.split(ddlCmd)[1]);","lastModifiedDate":"2021-09-09"},{"lineNumber":12,"author":{"gitId":"yuejunfeng0909"},"content":"    }","lastModifiedDate":"2021-09-09"},{"lineNumber":13,"author":{"gitId":"yuejunfeng0909"},"content":"","lastModifiedDate":"2021-09-09"},{"lineNumber":14,"author":{"gitId":"yuejunfeng0909"},"content":"    @Override","lastModifiedDate":"2021-08-29"},{"lineNumber":15,"author":{"gitId":"yuejunfeng0909"},"content":"    public String toString() {","lastModifiedDate":"2021-09-09"},{"lineNumber":16,"author":{"gitId":"yuejunfeng0909"},"content":"        return String.format(\"%s%s %s (by: %s)\", this.getClassIndicator(), this.getStatusIndicator(), this.getTaskDescription(), time);","lastModifiedDate":"2021-09-09"},{"lineNumber":17,"author":{"gitId":"yuejunfeng0909"},"content":"    }","lastModifiedDate":"2021-08-29"},{"lineNumber":18,"author":{"gitId":"yuejunfeng0909"},"content":"}","lastModifiedDate":"2021-08-29"}],"authorContributionMap":{"yuejunfeng0909":18}},{"path":"src/main/java/Duke.java","fileType":"java","lines":[{"lineNumber":1,"author":{"gitId":"yuejunfeng0909"},"content":"import java.util.Scanner;","lastModifiedDate":"2021-08-21"},{"lineNumber":2,"author":{"gitId":"yuejunfeng0909"},"content":"","lastModifiedDate":"2021-08-21"},{"lineNumber":3,"author":{"gitId":"-"},"content":"public class Duke {","lastModifiedDate":"2019-07-29"},{"lineNumber":4,"author":{"gitId":"-"},"content":"    public static void main(String[] args) {","lastModifiedDate":"2019-07-29"},{"lineNumber":5,"author":{"gitId":"yuejunfeng0909"},"content":"        Scanner in \u003d new Scanner(System.in);","lastModifiedDate":"2021-08-21"},{"lineNumber":6,"author":{"gitId":"yuejunfeng0909"},"content":"","lastModifiedDate":"2021-08-21"},{"lineNumber":7,"author":{"gitId":"yuejunfeng0909"},"content":"        final String LOGO \u003d \" ____        _\\n\"","lastModifiedDate":"2021-09-09"},{"lineNumber":8,"author":{"gitId":"-"},"content":"                + \"|  _ \\\\ _   _| | _____\\n\"","lastModifiedDate":"2019-07-29"},{"lineNumber":9,"author":{"gitId":"-"},"content":"                + \"| | | | | | | |/ / _ \\\\\\n\"","lastModifiedDate":"2019-07-29"},{"lineNumber":10,"author":{"gitId":"-"},"content":"                + \"| |_| | |_| |   \u003c  __/\\n\"","lastModifiedDate":"2019-07-29"},{"lineNumber":11,"author":{"gitId":"-"},"content":"                + \"|____/ \\\\__,_|_|\\\\_\\\\___|\\n\";","lastModifiedDate":"2019-07-29"},{"lineNumber":12,"author":{"gitId":"yuejunfeng0909"},"content":"","lastModifiedDate":"2021-08-21"},{"lineNumber":13,"author":{"gitId":"yuejunfeng0909"},"content":"        MessageBubble.printMessageBubble(\"Hello from\\n\" + LOGO + \"What can I do for you?\");","lastModifiedDate":"2021-09-09"},{"lineNumber":14,"author":{"gitId":"yuejunfeng0909"},"content":"","lastModifiedDate":"2021-08-21"},{"lineNumber":15,"author":{"gitId":"yuejunfeng0909"},"content":"        List list \u003d new List();","lastModifiedDate":"2021-08-21"},{"lineNumber":16,"author":{"gitId":"yuejunfeng0909"},"content":"        keepAsking:","lastModifiedDate":"2021-08-21"},{"lineNumber":17,"author":{"gitId":"yuejunfeng0909"},"content":"        while (true) {","lastModifiedDate":"2021-08-21"},{"lineNumber":18,"author":{"gitId":"yuejunfeng0909"},"content":"            String command \u003d in.nextLine();","lastModifiedDate":"2021-08-21"},{"lineNumber":19,"author":{"gitId":"yuejunfeng0909"},"content":"            String commandWord \u003d command.contains(\" \")? command.substring(0, command.indexOf(\u0027 \u0027)): command;","lastModifiedDate":"2021-08-21"},{"lineNumber":20,"author":{"gitId":"yuejunfeng0909"},"content":"            String commandDescription \u003d command.contains(\" \")? command.substring(command.indexOf(\u0027 \u0027)  +1) : command;","lastModifiedDate":"2021-08-29"},{"lineNumber":21,"author":{"gitId":"yuejunfeng0909"},"content":"","lastModifiedDate":"2021-08-29"},{"lineNumber":22,"author":{"gitId":"yuejunfeng0909"},"content":"            switch (commandWord) {","lastModifiedDate":"2021-08-21"},{"lineNumber":23,"author":{"gitId":"yuejunfeng0909"},"content":"            case \"bye\":","lastModifiedDate":"2021-08-21"},{"lineNumber":24,"author":{"gitId":"yuejunfeng0909"},"content":"                break keepAsking;","lastModifiedDate":"2021-08-21"},{"lineNumber":25,"author":{"gitId":"yuejunfeng0909"},"content":"            case \"list\":","lastModifiedDate":"2021-08-21"},{"lineNumber":26,"author":{"gitId":"yuejunfeng0909"},"content":"                list.printList();","lastModifiedDate":"2021-08-21"},{"lineNumber":27,"author":{"gitId":"yuejunfeng0909"},"content":"                break;","lastModifiedDate":"2021-08-21"},{"lineNumber":28,"author":{"gitId":"yuejunfeng0909"},"content":"            case \"todo\":","lastModifiedDate":"2021-08-29"},{"lineNumber":29,"author":{"gitId":"yuejunfeng0909"},"content":"                ToDos tempTodo \u003d new ToDos(commandDescription);","lastModifiedDate":"2021-08-29"},{"lineNumber":30,"author":{"gitId":"yuejunfeng0909"},"content":"                list.addItem(tempTodo);","lastModifiedDate":"2021-08-29"},{"lineNumber":31,"author":{"gitId":"yuejunfeng0909"},"content":"                break;","lastModifiedDate":"2021-08-29"},{"lineNumber":32,"author":{"gitId":"yuejunfeng0909"},"content":"            case \"event\":","lastModifiedDate":"2021-08-29"},{"lineNumber":33,"author":{"gitId":"yuejunfeng0909"},"content":"                try {","lastModifiedDate":"2021-09-09"},{"lineNumber":34,"author":{"gitId":"yuejunfeng0909"},"content":"                    list.addItem(Events.parseEvent(commandDescription));","lastModifiedDate":"2021-09-09"},{"lineNumber":35,"author":{"gitId":"yuejunfeng0909"},"content":"                } catch (ArrayIndexOutOfBoundsException e) {","lastModifiedDate":"2021-09-09"},{"lineNumber":36,"author":{"gitId":"yuejunfeng0909"},"content":"                    MessageBubble.printMessageBubble(\"Oops! The description of a event cannot be empty\");","lastModifiedDate":"2021-09-09"},{"lineNumber":37,"author":{"gitId":"yuejunfeng0909"},"content":"                }","lastModifiedDate":"2021-09-09"},{"lineNumber":38,"author":{"gitId":"yuejunfeng0909"},"content":"                break;","lastModifiedDate":"2021-08-29"},{"lineNumber":39,"author":{"gitId":"yuejunfeng0909"},"content":"            case \"deadline\":","lastModifiedDate":"2021-08-29"},{"lineNumber":40,"author":{"gitId":"yuejunfeng0909"},"content":"                try {","lastModifiedDate":"2021-09-09"},{"lineNumber":41,"author":{"gitId":"yuejunfeng0909"},"content":"                    list.addItem(Deadlines.parseDeadlines(commandDescription));","lastModifiedDate":"2021-09-09"},{"lineNumber":42,"author":{"gitId":"yuejunfeng0909"},"content":"                } catch (ArrayIndexOutOfBoundsException e) {","lastModifiedDate":"2021-09-09"},{"lineNumber":43,"author":{"gitId":"yuejunfeng0909"},"content":"                    MessageBubble.printMessageBubble(\"Oops! The description of a deadline cannot be empty\");","lastModifiedDate":"2021-09-09"},{"lineNumber":44,"author":{"gitId":"yuejunfeng0909"},"content":"                }","lastModifiedDate":"2021-09-09"},{"lineNumber":45,"author":{"gitId":"yuejunfeng0909"},"content":"                break;","lastModifiedDate":"2021-08-29"},{"lineNumber":46,"author":{"gitId":"yuejunfeng0909"},"content":"            case \"done\":","lastModifiedDate":"2021-08-21"},{"lineNumber":47,"author":{"gitId":"yuejunfeng0909"},"content":"                try {","lastModifiedDate":"2021-09-09"},{"lineNumber":48,"author":{"gitId":"yuejunfeng0909"},"content":"                    int indexOfDoneItem \u003d Integer.parseInt(command.split(\" \")[1]);","lastModifiedDate":"2021-09-09"},{"lineNumber":49,"author":{"gitId":"yuejunfeng0909"},"content":"                    list.doneItem(indexOfDoneItem);","lastModifiedDate":"2021-08-21"},{"lineNumber":50,"author":{"gitId":"yuejunfeng0909"},"content":"                } catch (ArrayIndexOutOfBoundsException | NumberFormatException e) {","lastModifiedDate":"2021-09-09"},{"lineNumber":51,"author":{"gitId":"yuejunfeng0909"},"content":"                    MessageBubble.printMessageBubble(\"You can mark item as done using \\\"done (index of item)\\\"\");","lastModifiedDate":"2021-09-09"},{"lineNumber":52,"author":{"gitId":"yuejunfeng0909"},"content":"                }","lastModifiedDate":"2021-09-09"},{"lineNumber":53,"author":{"gitId":"yuejunfeng0909"},"content":"                break;","lastModifiedDate":"2021-08-21"},{"lineNumber":54,"author":{"gitId":"yuejunfeng0909"},"content":"            case \"undone\":","lastModifiedDate":"2021-08-22"},{"lineNumber":55,"author":{"gitId":"yuejunfeng0909"},"content":"                try {","lastModifiedDate":"2021-09-09"},{"lineNumber":56,"author":{"gitId":"yuejunfeng0909"},"content":"                    int indexOfUndoneItem \u003d Integer.parseInt(command.split(\" \")[1]);","lastModifiedDate":"2021-09-09"},{"lineNumber":57,"author":{"gitId":"yuejunfeng0909"},"content":"                    list.undoneItem(indexOfUndoneItem);","lastModifiedDate":"2021-08-22"},{"lineNumber":58,"author":{"gitId":"yuejunfeng0909"},"content":"                } catch (ArrayIndexOutOfBoundsException | NumberFormatException e) {","lastModifiedDate":"2021-09-09"},{"lineNumber":59,"author":{"gitId":"yuejunfeng0909"},"content":"                    MessageBubble.printMessageBubble(\"You can mark item as not done using \\\"undone (index of item)\\\"\");","lastModifiedDate":"2021-09-09"},{"lineNumber":60,"author":{"gitId":"yuejunfeng0909"},"content":"                }","lastModifiedDate":"2021-09-09"},{"lineNumber":61,"author":{"gitId":"yuejunfeng0909"},"content":"                break;","lastModifiedDate":"2021-08-22"},{"lineNumber":62,"author":{"gitId":"yuejunfeng0909"},"content":"            default:","lastModifiedDate":"2021-09-09"},{"lineNumber":63,"author":{"gitId":"yuejunfeng0909"},"content":"                MessageBubble.printMessageBubble(\"Oops! I\u0027m sorry, but I don\u0027t know what that means :-(\");","lastModifiedDate":"2021-09-09"},{"lineNumber":64,"author":{"gitId":"yuejunfeng0909"},"content":"            }","lastModifiedDate":"2021-08-21"},{"lineNumber":65,"author":{"gitId":"yuejunfeng0909"},"content":"        }","lastModifiedDate":"2021-08-21"},{"lineNumber":66,"author":{"gitId":"yuejunfeng0909"},"content":"","lastModifiedDate":"2021-08-21"},{"lineNumber":67,"author":{"gitId":"yuejunfeng0909"},"content":"        MessageBubble.printMessageBubble(\"Bye. Hope to see you again soon!\");","lastModifiedDate":"2021-08-29"},{"lineNumber":68,"author":{"gitId":"-"},"content":"    }","lastModifiedDate":"2019-07-29"},{"lineNumber":69,"author":{"gitId":"-"},"content":"}","lastModifiedDate":"2019-07-29"}],"authorContributionMap":{"-":8,"yuejunfeng0909":61}},{"path":"src/main/java/Events.java","fileType":"java","lines":[{"lineNumber":1,"author":{"gitId":"yuejunfeng0909"},"content":"public class Events extends Task {","lastModifiedDate":"2021-08-29"},{"lineNumber":2,"author":{"gitId":"yuejunfeng0909"},"content":"    private String time;","lastModifiedDate":"2021-08-29"},{"lineNumber":3,"author":{"gitId":"yuejunfeng0909"},"content":"    static String ddlCmd \u003d \" /at \";","lastModifiedDate":"2021-09-09"},{"lineNumber":4,"author":{"gitId":"yuejunfeng0909"},"content":"","lastModifiedDate":"2021-08-29"},{"lineNumber":5,"author":{"gitId":"yuejunfeng0909"},"content":"    public Events(String description, String time) {","lastModifiedDate":"2021-08-29"},{"lineNumber":6,"author":{"gitId":"yuejunfeng0909"},"content":"        super(description);","lastModifiedDate":"2021-08-29"},{"lineNumber":7,"author":{"gitId":"yuejunfeng0909"},"content":"        this.time \u003d time;","lastModifiedDate":"2021-08-29"},{"lineNumber":8,"author":{"gitId":"yuejunfeng0909"},"content":"    }","lastModifiedDate":"2021-08-29"},{"lineNumber":9,"author":{"gitId":"yuejunfeng0909"},"content":"","lastModifiedDate":"2021-08-29"},{"lineNumber":10,"author":{"gitId":"yuejunfeng0909"},"content":"    public static Events parseEvent(String commandDescription) {","lastModifiedDate":"2021-09-09"},{"lineNumber":11,"author":{"gitId":"yuejunfeng0909"},"content":"        return new Events(commandDescription.split(ddlCmd)[0], commandDescription.split(ddlCmd)[1]);","lastModifiedDate":"2021-09-09"},{"lineNumber":12,"author":{"gitId":"yuejunfeng0909"},"content":"    }","lastModifiedDate":"2021-09-09"},{"lineNumber":13,"author":{"gitId":"yuejunfeng0909"},"content":"","lastModifiedDate":"2021-09-09"},{"lineNumber":14,"author":{"gitId":"yuejunfeng0909"},"content":"    @Override","lastModifiedDate":"2021-08-29"},{"lineNumber":15,"author":{"gitId":"yuejunfeng0909"},"content":"    public String toString() {","lastModifiedDate":"2021-09-09"},{"lineNumber":16,"author":{"gitId":"yuejunfeng0909"},"content":"        return String.format(\"%s%s %s (at: %s)\", this.getClassIndicator(), this.getStatusIndicator(), this.getTaskDescription(), time);","lastModifiedDate":"2021-09-09"},{"lineNumber":17,"author":{"gitId":"yuejunfeng0909"},"content":"    }","lastModifiedDate":"2021-08-29"},{"lineNumber":18,"author":{"gitId":"yuejunfeng0909"},"content":"}","lastModifiedDate":"2021-08-29"}],"authorContributionMap":{"yuejunfeng0909":18}},{"path":"src/main/java/List.java","fileType":"java","lines":[{"lineNumber":1,"author":{"gitId":"yuejunfeng0909"},"content":"public class List {","lastModifiedDate":"2021-08-21"},{"lineNumber":2,"author":{"gitId":"yuejunfeng0909"},"content":"    public static int MAX_LIST_ITEMS \u003d 100;","lastModifiedDate":"2021-08-21"},{"lineNumber":3,"author":{"gitId":"yuejunfeng0909"},"content":"    private Task[] items;","lastModifiedDate":"2021-08-21"},{"lineNumber":4,"author":{"gitId":"yuejunfeng0909"},"content":"    private int numOfListItems;","lastModifiedDate":"2021-08-21"},{"lineNumber":5,"author":{"gitId":"yuejunfeng0909"},"content":"","lastModifiedDate":"2021-08-21"},{"lineNumber":6,"author":{"gitId":"yuejunfeng0909"},"content":"    public List() {","lastModifiedDate":"2021-08-21"},{"lineNumber":7,"author":{"gitId":"yuejunfeng0909"},"content":"        items \u003d new Task[MAX_LIST_ITEMS];","lastModifiedDate":"2021-08-21"},{"lineNumber":8,"author":{"gitId":"yuejunfeng0909"},"content":"        numOfListItems \u003d 0;","lastModifiedDate":"2021-08-21"},{"lineNumber":9,"author":{"gitId":"yuejunfeng0909"},"content":"    }","lastModifiedDate":"2021-08-21"},{"lineNumber":10,"author":{"gitId":"yuejunfeng0909"},"content":"","lastModifiedDate":"2021-08-21"},{"lineNumber":11,"author":{"gitId":"yuejunfeng0909"},"content":"    public void addItem(Task task) {","lastModifiedDate":"2021-08-29"},{"lineNumber":12,"author":{"gitId":"yuejunfeng0909"},"content":"        items[numOfListItems] \u003d task;","lastModifiedDate":"2021-08-29"},{"lineNumber":13,"author":{"gitId":"yuejunfeng0909"},"content":"        numOfListItems++;","lastModifiedDate":"2021-08-21"},{"lineNumber":14,"author":{"gitId":"yuejunfeng0909"},"content":"","lastModifiedDate":"2021-08-21"},{"lineNumber":15,"author":{"gitId":"yuejunfeng0909"},"content":"        MessageBubble msg \u003d new MessageBubble();","lastModifiedDate":"2021-08-29"},{"lineNumber":16,"author":{"gitId":"yuejunfeng0909"},"content":"        msg.addMessage(\"Got it. I\u0027ve added this task:\");","lastModifiedDate":"2021-08-29"},{"lineNumber":17,"author":{"gitId":"yuejunfeng0909"},"content":"        msg.addMessage(String.format(\" %d:%s\", numOfListItems, task.toString()));","lastModifiedDate":"2021-09-09"},{"lineNumber":18,"author":{"gitId":"yuejunfeng0909"},"content":"        msg.addMessage(\"Now you have \" + numOfListItems + \" tasks in the list.\");","lastModifiedDate":"2021-08-29"},{"lineNumber":19,"author":{"gitId":"yuejunfeng0909"},"content":"        msg.printMessageBubble();","lastModifiedDate":"2021-08-29"},{"lineNumber":20,"author":{"gitId":"yuejunfeng0909"},"content":"    }","lastModifiedDate":"2021-08-21"},{"lineNumber":21,"author":{"gitId":"yuejunfeng0909"},"content":"","lastModifiedDate":"2021-08-21"},{"lineNumber":22,"author":{"gitId":"yuejunfeng0909"},"content":"    public void doneItem(int indexOfDoneItem) {","lastModifiedDate":"2021-08-21"},{"lineNumber":23,"author":{"gitId":"yuejunfeng0909"},"content":"        int adjustedIndex \u003d indexOfDoneItem - 1;","lastModifiedDate":"2021-08-21"},{"lineNumber":24,"author":{"gitId":"yuejunfeng0909"},"content":"        try {","lastModifiedDate":"2021-09-09"},{"lineNumber":25,"author":{"gitId":"yuejunfeng0909"},"content":"            items[adjustedIndex].markAsDone();","lastModifiedDate":"2021-08-21"},{"lineNumber":26,"author":{"gitId":"yuejunfeng0909"},"content":"        } catch (NullPointerException e) {","lastModifiedDate":"2021-09-09"},{"lineNumber":27,"author":{"gitId":"yuejunfeng0909"},"content":"            MessageBubble.printMessageBubble(\"Oops! I cannot find \" + indexOfDoneItem + \" in your list\");","lastModifiedDate":"2021-09-09"},{"lineNumber":28,"author":{"gitId":"yuejunfeng0909"},"content":"        }","lastModifiedDate":"2021-09-09"},{"lineNumber":29,"author":{"gitId":"yuejunfeng0909"},"content":"    }","lastModifiedDate":"2021-08-21"},{"lineNumber":30,"author":{"gitId":"yuejunfeng0909"},"content":"","lastModifiedDate":"2021-08-21"},{"lineNumber":31,"author":{"gitId":"yuejunfeng0909"},"content":"    public void undoneItem(int indexOfDoneItem) {","lastModifiedDate":"2021-08-21"},{"lineNumber":32,"author":{"gitId":"yuejunfeng0909"},"content":"        int adjustedIndex \u003d indexOfDoneItem - 1;","lastModifiedDate":"2021-08-21"},{"lineNumber":33,"author":{"gitId":"yuejunfeng0909"},"content":"        try {","lastModifiedDate":"2021-09-09"},{"lineNumber":34,"author":{"gitId":"yuejunfeng0909"},"content":"            items[adjustedIndex].markAsNotDone();","lastModifiedDate":"2021-08-21"},{"lineNumber":35,"author":{"gitId":"yuejunfeng0909"},"content":"        } catch (NullPointerException e) {","lastModifiedDate":"2021-09-09"},{"lineNumber":36,"author":{"gitId":"yuejunfeng0909"},"content":"            MessageBubble.printMessageBubble(\"Oops! I cannot find \" + indexOfDoneItem + \" in your list\");","lastModifiedDate":"2021-09-09"},{"lineNumber":37,"author":{"gitId":"yuejunfeng0909"},"content":"        }","lastModifiedDate":"2021-09-09"},{"lineNumber":38,"author":{"gitId":"yuejunfeng0909"},"content":"    }","lastModifiedDate":"2021-08-21"},{"lineNumber":39,"author":{"gitId":"yuejunfeng0909"},"content":"","lastModifiedDate":"2021-08-21"},{"lineNumber":40,"author":{"gitId":"yuejunfeng0909"},"content":"    public void printList() {","lastModifiedDate":"2021-08-21"},{"lineNumber":41,"author":{"gitId":"yuejunfeng0909"},"content":"        MessageBubble msg \u003d new MessageBubble();","lastModifiedDate":"2021-08-29"},{"lineNumber":42,"author":{"gitId":"yuejunfeng0909"},"content":"        msg.addMessage(\"Here are the tasks in your list:\");","lastModifiedDate":"2021-08-28"},{"lineNumber":43,"author":{"gitId":"yuejunfeng0909"},"content":"        for (int i \u003d 0; i \u003c numOfListItems; i++) {","lastModifiedDate":"2021-08-21"},{"lineNumber":44,"author":{"gitId":"yuejunfeng0909"},"content":"            msg.addMessage(String.format(\" %d:%s\", i + 1, items[i].toString()));","lastModifiedDate":"2021-09-09"},{"lineNumber":45,"author":{"gitId":"yuejunfeng0909"},"content":"        }","lastModifiedDate":"2021-08-21"},{"lineNumber":46,"author":{"gitId":"yuejunfeng0909"},"content":"        msg.printMessageBubble();","lastModifiedDate":"2021-08-28"},{"lineNumber":47,"author":{"gitId":"yuejunfeng0909"},"content":"    }","lastModifiedDate":"2021-08-21"},{"lineNumber":48,"author":{"gitId":"yuejunfeng0909"},"content":"}","lastModifiedDate":"2021-08-21"}],"authorContributionMap":{"yuejunfeng0909":48}},{"path":"src/main/java/MessageBubble.java","fileType":"java","lines":[{"lineNumber":1,"author":{"gitId":"yuejunfeng0909"},"content":"public class MessageBubble {","lastModifiedDate":"2021-08-29"},{"lineNumber":2,"author":{"gitId":"yuejunfeng0909"},"content":"    static final String DIVIDER_SYMBOL \u003d \"_\";","lastModifiedDate":"2021-08-28"},{"lineNumber":3,"author":{"gitId":"yuejunfeng0909"},"content":"    static final int DIVIDER_SYMBOL_COUNT \u003d 60;","lastModifiedDate":"2021-08-28"},{"lineNumber":4,"author":{"gitId":"yuejunfeng0909"},"content":"    static int MAX_MESSAGES \u003d 100;","lastModifiedDate":"2021-08-28"},{"lineNumber":5,"author":{"gitId":"yuejunfeng0909"},"content":"","lastModifiedDate":"2021-08-28"},{"lineNumber":6,"author":{"gitId":"yuejunfeng0909"},"content":"    private String[] messages;","lastModifiedDate":"2021-08-28"},{"lineNumber":7,"author":{"gitId":"yuejunfeng0909"},"content":"    private int messagesCount;","lastModifiedDate":"2021-08-28"},{"lineNumber":8,"author":{"gitId":"yuejunfeng0909"},"content":"","lastModifiedDate":"2021-08-28"},{"lineNumber":9,"author":{"gitId":"yuejunfeng0909"},"content":"    public MessageBubble() {","lastModifiedDate":"2021-08-29"},{"lineNumber":10,"author":{"gitId":"yuejunfeng0909"},"content":"        messages \u003d new String[MAX_MESSAGES];","lastModifiedDate":"2021-08-28"},{"lineNumber":11,"author":{"gitId":"yuejunfeng0909"},"content":"        messagesCount \u003d 0;","lastModifiedDate":"2021-08-28"},{"lineNumber":12,"author":{"gitId":"yuejunfeng0909"},"content":"    }","lastModifiedDate":"2021-08-28"},{"lineNumber":13,"author":{"gitId":"yuejunfeng0909"},"content":"","lastModifiedDate":"2021-08-28"},{"lineNumber":14,"author":{"gitId":"yuejunfeng0909"},"content":"    public MessageBubble(String msg) {","lastModifiedDate":"2021-08-29"},{"lineNumber":15,"author":{"gitId":"yuejunfeng0909"},"content":"        this();","lastModifiedDate":"2021-08-28"},{"lineNumber":16,"author":{"gitId":"yuejunfeng0909"},"content":"        addMessage(msg);","lastModifiedDate":"2021-08-28"},{"lineNumber":17,"author":{"gitId":"yuejunfeng0909"},"content":"    }","lastModifiedDate":"2021-08-28"},{"lineNumber":18,"author":{"gitId":"yuejunfeng0909"},"content":"","lastModifiedDate":"2021-08-28"},{"lineNumber":19,"author":{"gitId":"yuejunfeng0909"},"content":"    public MessageBubble(String[] msgs) {","lastModifiedDate":"2021-08-29"},{"lineNumber":20,"author":{"gitId":"yuejunfeng0909"},"content":"        this();","lastModifiedDate":"2021-08-28"},{"lineNumber":21,"author":{"gitId":"yuejunfeng0909"},"content":"        for (String msg : msgs) {","lastModifiedDate":"2021-08-28"},{"lineNumber":22,"author":{"gitId":"yuejunfeng0909"},"content":"            addMessage(msg);","lastModifiedDate":"2021-08-28"},{"lineNumber":23,"author":{"gitId":"yuejunfeng0909"},"content":"        }","lastModifiedDate":"2021-08-28"},{"lineNumber":24,"author":{"gitId":"yuejunfeng0909"},"content":"    }","lastModifiedDate":"2021-08-28"},{"lineNumber":25,"author":{"gitId":"yuejunfeng0909"},"content":"","lastModifiedDate":"2021-08-28"},{"lineNumber":26,"author":{"gitId":"yuejunfeng0909"},"content":"    public void addMessage(String msg) {","lastModifiedDate":"2021-08-28"},{"lineNumber":27,"author":{"gitId":"yuejunfeng0909"},"content":"        if (msg.contains(\"\\n\")) {","lastModifiedDate":"2021-09-09"},{"lineNumber":28,"author":{"gitId":"yuejunfeng0909"},"content":"            for (String line : msg.split(\"\\n\")) {","lastModifiedDate":"2021-09-09"},{"lineNumber":29,"author":{"gitId":"yuejunfeng0909"},"content":"                messages[messagesCount++] \u003d line;","lastModifiedDate":"2021-09-09"},{"lineNumber":30,"author":{"gitId":"yuejunfeng0909"},"content":"            }","lastModifiedDate":"2021-09-09"},{"lineNumber":31,"author":{"gitId":"yuejunfeng0909"},"content":"        } else {","lastModifiedDate":"2021-09-09"},{"lineNumber":32,"author":{"gitId":"yuejunfeng0909"},"content":"            messages[messagesCount++] \u003d msg;","lastModifiedDate":"2021-08-28"},{"lineNumber":33,"author":{"gitId":"yuejunfeng0909"},"content":"        }","lastModifiedDate":"2021-08-28"},{"lineNumber":34,"author":{"gitId":"yuejunfeng0909"},"content":"    }","lastModifiedDate":"2021-09-09"},{"lineNumber":35,"author":{"gitId":"yuejunfeng0909"},"content":"","lastModifiedDate":"2021-08-28"},{"lineNumber":36,"author":{"gitId":"yuejunfeng0909"},"content":"    static void printSectionDivider() {","lastModifiedDate":"2021-08-28"},{"lineNumber":37,"author":{"gitId":"yuejunfeng0909"},"content":"        System.out.println(\"\\t\" + DIVIDER_SYMBOL.repeat(DIVIDER_SYMBOL_COUNT));","lastModifiedDate":"2021-09-09"},{"lineNumber":38,"author":{"gitId":"yuejunfeng0909"},"content":"    }","lastModifiedDate":"2021-08-28"},{"lineNumber":39,"author":{"gitId":"yuejunfeng0909"},"content":"","lastModifiedDate":"2021-08-28"},{"lineNumber":40,"author":{"gitId":"yuejunfeng0909"},"content":"    static void printMessage(String msg) {","lastModifiedDate":"2021-08-28"},{"lineNumber":41,"author":{"gitId":"yuejunfeng0909"},"content":"        System.out.println(\"\\t \" + msg);","lastModifiedDate":"2021-09-09"},{"lineNumber":42,"author":{"gitId":"yuejunfeng0909"},"content":"    }","lastModifiedDate":"2021-08-28"},{"lineNumber":43,"author":{"gitId":"yuejunfeng0909"},"content":"","lastModifiedDate":"2021-08-28"},{"lineNumber":44,"author":{"gitId":"yuejunfeng0909"},"content":"    public void printMessage(String[] msgs) {","lastModifiedDate":"2021-08-28"},{"lineNumber":45,"author":{"gitId":"yuejunfeng0909"},"content":"        for (int i \u003d 0; i \u003c messagesCount; i++) {","lastModifiedDate":"2021-08-28"},{"lineNumber":46,"author":{"gitId":"yuejunfeng0909"},"content":"            printMessage(msgs[i]);","lastModifiedDate":"2021-08-28"},{"lineNumber":47,"author":{"gitId":"yuejunfeng0909"},"content":"        }","lastModifiedDate":"2021-08-28"},{"lineNumber":48,"author":{"gitId":"yuejunfeng0909"},"content":"    }","lastModifiedDate":"2021-08-28"},{"lineNumber":49,"author":{"gitId":"yuejunfeng0909"},"content":"","lastModifiedDate":"2021-08-28"},{"lineNumber":50,"author":{"gitId":"yuejunfeng0909"},"content":"    public void printMessageBubble() {","lastModifiedDate":"2021-08-28"},{"lineNumber":51,"author":{"gitId":"yuejunfeng0909"},"content":"        printSectionDivider();","lastModifiedDate":"2021-08-28"},{"lineNumber":52,"author":{"gitId":"yuejunfeng0909"},"content":"        printMessage(messages);","lastModifiedDate":"2021-08-28"},{"lineNumber":53,"author":{"gitId":"yuejunfeng0909"},"content":"        printSectionDivider();","lastModifiedDate":"2021-08-28"},{"lineNumber":54,"author":{"gitId":"yuejunfeng0909"},"content":"    }","lastModifiedDate":"2021-08-28"},{"lineNumber":55,"author":{"gitId":"yuejunfeng0909"},"content":"","lastModifiedDate":"2021-08-28"},{"lineNumber":56,"author":{"gitId":"yuejunfeng0909"},"content":"    static void printMessageBubble(String msg) {","lastModifiedDate":"2021-08-28"},{"lineNumber":57,"author":{"gitId":"yuejunfeng0909"},"content":"        MessageBubble temp \u003d new MessageBubble();","lastModifiedDate":"2021-09-09"},{"lineNumber":58,"author":{"gitId":"yuejunfeng0909"},"content":"        temp.addMessage(msg);","lastModifiedDate":"2021-09-09"},{"lineNumber":59,"author":{"gitId":"yuejunfeng0909"},"content":"        temp.printMessageBubble();","lastModifiedDate":"2021-09-09"},{"lineNumber":60,"author":{"gitId":"yuejunfeng0909"},"content":"    }","lastModifiedDate":"2021-08-28"},{"lineNumber":61,"author":{"gitId":"yuejunfeng0909"},"content":"}","lastModifiedDate":"2021-08-28"}],"authorContributionMap":{"yuejunfeng0909":61}},{"path":"src/main/java/Task.java","fileType":"java","lines":[{"lineNumber":1,"author":{"gitId":"yuejunfeng0909"},"content":"public class Task {","lastModifiedDate":"2021-08-21"},{"lineNumber":2,"author":{"gitId":"yuejunfeng0909"},"content":"    protected String description;","lastModifiedDate":"2021-08-21"},{"lineNumber":3,"author":{"gitId":"yuejunfeng0909"},"content":"    protected boolean isDone;","lastModifiedDate":"2021-08-21"},{"lineNumber":4,"author":{"gitId":"yuejunfeng0909"},"content":"","lastModifiedDate":"2021-08-21"},{"lineNumber":5,"author":{"gitId":"yuejunfeng0909"},"content":"    public Task(String description) {","lastModifiedDate":"2021-08-21"},{"lineNumber":6,"author":{"gitId":"yuejunfeng0909"},"content":"        this.description \u003d description;","lastModifiedDate":"2021-08-21"},{"lineNumber":7,"author":{"gitId":"yuejunfeng0909"},"content":"        this.isDone \u003d false;","lastModifiedDate":"2021-08-21"},{"lineNumber":8,"author":{"gitId":"yuejunfeng0909"},"content":"    }","lastModifiedDate":"2021-08-21"},{"lineNumber":9,"author":{"gitId":"yuejunfeng0909"},"content":"","lastModifiedDate":"2021-08-21"},{"lineNumber":10,"author":{"gitId":"yuejunfeng0909"},"content":"    public String getStatusIndicator() {","lastModifiedDate":"2021-08-29"},{"lineNumber":11,"author":{"gitId":"yuejunfeng0909"},"content":"        return (isDone ? \"[X]\" : \"[ ]\");","lastModifiedDate":"2021-08-29"},{"lineNumber":12,"author":{"gitId":"yuejunfeng0909"},"content":"    }","lastModifiedDate":"2021-08-21"},{"lineNumber":13,"author":{"gitId":"yuejunfeng0909"},"content":"","lastModifiedDate":"2021-08-21"},{"lineNumber":14,"author":{"gitId":"yuejunfeng0909"},"content":"    public void markAsDone() {","lastModifiedDate":"2021-08-21"},{"lineNumber":15,"author":{"gitId":"yuejunfeng0909"},"content":"        MessageBubble msg \u003d new MessageBubble();","lastModifiedDate":"2021-08-29"},{"lineNumber":16,"author":{"gitId":"yuejunfeng0909"},"content":"        if (!isDone) {","lastModifiedDate":"2021-08-21"},{"lineNumber":17,"author":{"gitId":"yuejunfeng0909"},"content":"            isDone \u003d true;","lastModifiedDate":"2021-08-21"},{"lineNumber":18,"author":{"gitId":"yuejunfeng0909"},"content":"            msg.addMessage(\"Nice! I\u0027ve marked this \" + this.getClass().getName() + \" as done:\");","lastModifiedDate":"2021-08-29"},{"lineNumber":19,"author":{"gitId":"yuejunfeng0909"},"content":"        } else {","lastModifiedDate":"2021-08-21"},{"lineNumber":20,"author":{"gitId":"yuejunfeng0909"},"content":"            msg.addMessage(\"Warning! The \" + this.getClass().getName() + \" is already done:\");","lastModifiedDate":"2021-08-29"},{"lineNumber":21,"author":{"gitId":"yuejunfeng0909"},"content":"        }","lastModifiedDate":"2021-08-21"},{"lineNumber":22,"author":{"gitId":"yuejunfeng0909"},"content":"        msg.addMessage(\" \" + this.getClassIndicator() + \"[X] \" + description);","lastModifiedDate":"2021-08-29"},{"lineNumber":23,"author":{"gitId":"yuejunfeng0909"},"content":"        msg.printMessageBubble();","lastModifiedDate":"2021-08-28"},{"lineNumber":24,"author":{"gitId":"yuejunfeng0909"},"content":"    }","lastModifiedDate":"2021-08-21"},{"lineNumber":25,"author":{"gitId":"yuejunfeng0909"},"content":"","lastModifiedDate":"2021-08-21"},{"lineNumber":26,"author":{"gitId":"yuejunfeng0909"},"content":"    public void markAsNotDone() {","lastModifiedDate":"2021-08-21"},{"lineNumber":27,"author":{"gitId":"yuejunfeng0909"},"content":"        MessageBubble newMessage \u003d new MessageBubble();","lastModifiedDate":"2021-08-29"},{"lineNumber":28,"author":{"gitId":"yuejunfeng0909"},"content":"        if (isDone) {","lastModifiedDate":"2021-08-21"},{"lineNumber":29,"author":{"gitId":"yuejunfeng0909"},"content":"            isDone \u003d false;","lastModifiedDate":"2021-08-21"},{"lineNumber":30,"author":{"gitId":"yuejunfeng0909"},"content":"            newMessage.addMessage(\"Ok! I\u0027ve marked this \" + this.getClass().getName() + \" as not done:\");","lastModifiedDate":"2021-08-29"},{"lineNumber":31,"author":{"gitId":"yuejunfeng0909"},"content":"        } else {","lastModifiedDate":"2021-08-21"},{"lineNumber":32,"author":{"gitId":"yuejunfeng0909"},"content":"            newMessage.addMessage(\"Warning! The \" + this.getClass().getName() + \" is not done yet:\");","lastModifiedDate":"2021-08-29"},{"lineNumber":33,"author":{"gitId":"yuejunfeng0909"},"content":"        }","lastModifiedDate":"2021-08-21"},{"lineNumber":34,"author":{"gitId":"yuejunfeng0909"},"content":"","lastModifiedDate":"2021-08-28"},{"lineNumber":35,"author":{"gitId":"yuejunfeng0909"},"content":"        newMessage.addMessage(\" \" + this.getClassIndicator() + \"[ ] \" + description);","lastModifiedDate":"2021-08-29"},{"lineNumber":36,"author":{"gitId":"yuejunfeng0909"},"content":"        newMessage.printMessageBubble();","lastModifiedDate":"2021-08-28"},{"lineNumber":37,"author":{"gitId":"yuejunfeng0909"},"content":"    }","lastModifiedDate":"2021-08-21"},{"lineNumber":38,"author":{"gitId":"yuejunfeng0909"},"content":"","lastModifiedDate":"2021-08-21"},{"lineNumber":39,"author":{"gitId":"yuejunfeng0909"},"content":"    public String getTaskDescription() {","lastModifiedDate":"2021-08-29"},{"lineNumber":40,"author":{"gitId":"yuejunfeng0909"},"content":"        return description;","lastModifiedDate":"2021-08-29"},{"lineNumber":41,"author":{"gitId":"yuejunfeng0909"},"content":"    }","lastModifiedDate":"2021-08-29"},{"lineNumber":42,"author":{"gitId":"yuejunfeng0909"},"content":"","lastModifiedDate":"2021-08-29"},{"lineNumber":43,"author":{"gitId":"yuejunfeng0909"},"content":"    public String getClassIndicator() {","lastModifiedDate":"2021-08-29"},{"lineNumber":44,"author":{"gitId":"yuejunfeng0909"},"content":"        if (Task.class.equals(this.getClass())) {","lastModifiedDate":"2021-08-29"},{"lineNumber":45,"author":{"gitId":"yuejunfeng0909"},"content":"            return \"[ ]\";","lastModifiedDate":"2021-08-29"},{"lineNumber":46,"author":{"gitId":"yuejunfeng0909"},"content":"        } else {","lastModifiedDate":"2021-08-29"},{"lineNumber":47,"author":{"gitId":"yuejunfeng0909"},"content":"            return String.format(\"[%s]\", this.getClass().getName().substring(0, 1));","lastModifiedDate":"2021-09-09"},{"lineNumber":48,"author":{"gitId":"yuejunfeng0909"},"content":"        }","lastModifiedDate":"2021-08-29"},{"lineNumber":49,"author":{"gitId":"yuejunfeng0909"},"content":"    }","lastModifiedDate":"2021-08-21"},{"lineNumber":50,"author":{"gitId":"yuejunfeng0909"},"content":"","lastModifiedDate":"2021-08-29"},{"lineNumber":51,"author":{"gitId":"yuejunfeng0909"},"content":"    public void parseOperation(String command){","lastModifiedDate":"2021-09-09"},{"lineNumber":52,"author":{"gitId":"yuejunfeng0909"},"content":"","lastModifiedDate":"2021-09-09"},{"lineNumber":53,"author":{"gitId":"yuejunfeng0909"},"content":"    }","lastModifiedDate":"2021-08-29"},{"lineNumber":54,"author":{"gitId":"yuejunfeng0909"},"content":"","lastModifiedDate":"2021-08-29"},{"lineNumber":55,"author":{"gitId":"yuejunfeng0909"},"content":"    @Override","lastModifiedDate":"2021-09-09"},{"lineNumber":56,"author":{"gitId":"yuejunfeng0909"},"content":"    public String toString() {","lastModifiedDate":"2021-09-09"},{"lineNumber":57,"author":{"gitId":"yuejunfeng0909"},"content":"        return String.format(\"%s%s %s\", this.getClassIndicator(), this.getStatusIndicator(), this.getTaskDescription());","lastModifiedDate":"2021-09-09"},{"lineNumber":58,"author":{"gitId":"yuejunfeng0909"},"content":"    }","lastModifiedDate":"2021-08-29"},{"lineNumber":59,"author":{"gitId":"yuejunfeng0909"},"content":"}","lastModifiedDate":"2021-08-21"}],"authorContributionMap":{"yuejunfeng0909":59}},{"path":"src/main/java/ToDos.java","fileType":"java","lines":[{"lineNumber":1,"author":{"gitId":"yuejunfeng0909"},"content":"public class ToDos extends Task {","lastModifiedDate":"2021-08-29"},{"lineNumber":2,"author":{"gitId":"yuejunfeng0909"},"content":"","lastModifiedDate":"2021-08-29"},{"lineNumber":3,"author":{"gitId":"yuejunfeng0909"},"content":"    public ToDos(String description) {","lastModifiedDate":"2021-08-29"},{"lineNumber":4,"author":{"gitId":"yuejunfeng0909"},"content":"        super(description);","lastModifiedDate":"2021-08-29"},{"lineNumber":5,"author":{"gitId":"yuejunfeng0909"},"content":"    }","lastModifiedDate":"2021-08-29"},{"lineNumber":6,"author":{"gitId":"yuejunfeng0909"},"content":"}","lastModifiedDate":"2021-08-29"}],"authorContributionMap":{"yuejunfeng0909":6}},{"path":"text-ui-test/input.txt","fileType":"txt","lines":[{"lineNumber":1,"author":{"gitId":"yuejunfeng0909"},"content":"todo read book","lastModifiedDate":"2021-08-29"},{"lineNumber":2,"author":{"gitId":"yuejunfeng0909"},"content":"deadline return book /by June 6th","lastModifiedDate":"2021-08-29"},{"lineNumber":3,"author":{"gitId":"yuejunfeng0909"},"content":"event project meeting /at Aug 6th 2-4pm","lastModifiedDate":"2021-08-29"},{"lineNumber":4,"author":{"gitId":"yuejunfeng0909"},"content":"todo join sports club","lastModifiedDate":"2021-08-29"},{"lineNumber":5,"author":{"gitId":"yuejunfeng0909"},"content":"done 1","lastModifiedDate":"2021-08-29"},{"lineNumber":6,"author":{"gitId":"yuejunfeng0909"},"content":"done 4","lastModifiedDate":"2021-08-29"},{"lineNumber":7,"author":{"gitId":"yuejunfeng0909"},"content":"todo borrow book","lastModifiedDate":"2021-08-29"},{"lineNumber":8,"author":{"gitId":"yuejunfeng0909"},"content":"list","lastModifiedDate":"2021-08-29"},{"lineNumber":9,"author":{"gitId":"yuejunfeng0909"},"content":"deadline do homework /by no idea :-p","lastModifiedDate":"2021-08-29"},{"lineNumber":10,"author":{"gitId":"yuejunfeng0909"},"content":"bye","lastModifiedDate":"2021-08-29"}],"authorContributionMap":{"yuejunfeng0909":10}}]
