{"repoSenseVersion":"v1.14","reportGeneratedTime":"Sun Oct 3 12:27:11 2021 UTC+08:00","reportGenerationTime":" 47.46 second(s)","zoneId":"UTC+08:00","reportTitle":"RepoSense Report","repos":[{"location":{"location":"https://github.com/DuckWillow/ip.git","repoName":"ip","organization":"DuckWillow"},"branch":"master","displayName":"DuckWillow/ip[master]","outputFolderName":"DuckWillow_ip_master"},{"location":{"location":"https://github.com/exetr/ip.git","repoName":"ip","organization":"exetr"},"branch":"master","displayName":"exetr/ip[master]","outputFolderName":"exetr_ip_master"},{"location":{"location":"https://github.com/MaifengNg/ip.git","repoName":"ip","organization":"MaifengNg"},"branch":"master","displayName":"MaifengNg/ip[master]","outputFolderName":"MaifengNg_ip_master"},{"location":{"location":"https://github.com/bernardboey/ip.git","repoName":"ip","organization":"bernardboey"},"branch":"master","displayName":"bernardboey/ip[master]","outputFolderName":"bernardboey_ip_master"},{"location":{"location":"https://github.com/Herrekt/ip.git","repoName":"ip","organization":"Herrekt"},"branch":"master","displayName":"Herrekt/ip[master]","outputFolderName":"Herrekt_ip_master"},{"location":{"location":"https://github.com/silinche/ip.git","repoName":"ip","organization":"silinche"},"branch":"master","displayName":"silinche/ip[master]","outputFolderName":"silinche_ip_master"},{"location":{"location":"https://github.com/peng-217/ip.git","repoName":"ip","organization":"peng-217"},"branch":"master","displayName":"peng-217/ip[master]","outputFolderName":"peng-217_ip_master"},{"location":{"location":"https://github.com/arcturusz/ip.git","repoName":"ip","organization":"arcturusz"},"branch":"master","displayName":"arcturusz/ip[master]","outputFolderName":"arcturusz_ip_master"},{"location":{"location":"https://github.com/owensoh/ip.git","repoName":"ip","organization":"owensoh"},"branch":"master","displayName":"owensoh/ip[master]","outputFolderName":"owensoh_ip_master"},{"location":{"location":"https://github.com/wutdequack/ip.git","repoName":"ip","organization":"wutdequack"},"branch":"master","displayName":"wutdequack/ip[master]","outputFolderName":"wutdequack_ip_master"},{"location":{"location":"https://github.com/Kureans/ip.git","repoName":"ip","organization":"Kureans"},"branch":"master","displayName":"Kureans/ip[master]","outputFolderName":"Kureans_ip_master"},{"location":{"location":"https://github.com/JoshHDs/ip.git","repoName":"ip","organization":"JoshHDs"},"branch":"master","displayName":"JoshHDs/ip[master]","outputFolderName":"JoshHDs_ip_master"},{"location":{"location":"https://github.com/CrimsonTitan79/ip.git","repoName":"ip","organization":"CrimsonTitan79"},"branch":"master","displayName":"CrimsonTitan79/ip[master]","outputFolderName":"CrimsonTitan79_ip_master"},{"location":{"location":"https://github.com/andrewtkh1/ip.git","repoName":"ip","organization":"andrewtkh1"},"branch":"master","displayName":"andrewtkh1/ip[master]","outputFolderName":"andrewtkh1_ip_master"},{"location":{"location":"https://github.com/thaddyyz/ip.git","repoName":"ip","organization":"thaddyyz"},"branch":"master","displayName":"thaddyyz/ip[master]","outputFolderName":"thaddyyz_ip_master"},{"location":{"location":"https://github.com/mohamad-adam8991/ip.git","repoName":"ip","organization":"mohamad-adam8991"},"branch":"master","displayName":"mohamad-adam8991/ip[master]","outputFolderName":"mohamad-adam8991_ip_master"},{"location":{"location":"https://github.com/WaiKit-nus/ip.git","repoName":"ip","organization":"WaiKit-nus"},"branch":"master","displayName":"WaiKit-nus/ip[master]","outputFolderName":"WaiKit-nus_ip_master"},{"location":{"location":"https://github.com/justinfidelis/ip.git","repoName":"ip","organization":"justinfidelis"},"branch":"master","displayName":"justinfidelis/ip[master]","outputFolderName":"justinfidelis_ip_master"},{"location":{"location":"https://github.com/jushg/ip.git","repoName":"ip","organization":"jushg"},"branch":"master","displayName":"jushg/ip[master]","outputFolderName":"jushg_ip_master"},{"location":{"location":"https://github.com/vincentlauhl/ip.git","repoName":"ip","organization":"vincentlauhl"},"branch":"master","displayName":"vincentlauhl/ip[master]","outputFolderName":"vincentlauhl_ip_master"},{"location":{"location":"https://github.com/maxwireddevs/ip.git","repoName":"ip","organization":"maxwireddevs"},"branch":"master","displayName":"maxwireddevs/ip[master]","outputFolderName":"maxwireddevs_ip_master"},{"location":{"location":"https://github.com/EricBryann/ip.git","repoName":"ip","organization":"EricBryann"},"branch":"master","displayName":"EricBryann/ip[master]","outputFolderName":"EricBryann_ip_master"},{"location":{"location":"https://github.com/markuslyq/ip.git","repoName":"ip","organization":"markuslyq"},"branch":"master","displayName":"markuslyq/ip[master]","outputFolderName":"markuslyq_ip_master"},{"location":{"location":"https://github.com/ShaoYurui/ip.git","repoName":"ip","organization":"ShaoYurui"},"branch":"master","displayName":"ShaoYurui/ip[master]","outputFolderName":"ShaoYurui_ip_master"},{"location":{"location":"https://github.com/nguyin/ip.git","repoName":"ip","organization":"nguyin"},"branch":"master","displayName":"nguyin/ip[master]","outputFolderName":"nguyin_ip_master"},{"location":{"location":"https://github.com/WU-LUOYU-SERENA/ip.git","repoName":"ip","organization":"WU-LUOYU-SERENA"},"branch":"master","displayName":"WU-LUOYU-SERENA/ip[master]","outputFolderName":"WU-LUOYU-SERENA_ip_master"},{"location":{"location":"https://github.com/Isabella-L/ip.git","repoName":"ip","organization":"Isabella-L"},"branch":"master","displayName":"Isabella-L/ip[master]","outputFolderName":"Isabella-L_ip_master"},{"location":{"location":"https://github.com/avellinwong01/ip.git","repoName":"ip","organization":"avellinwong01"},"branch":"master","displayName":"avellinwong01/ip[master]","outputFolderName":"avellinwong01_ip_master"},{"location":{"location":"https://github.com/ZhangErliCarl/ip.git","repoName":"ip","organization":"ZhangErliCarl"},"branch":"master","displayName":"ZhangErliCarl/ip[master]","outputFolderName":"ZhangErliCarl_ip_master"},{"location":{"location":"https://github.com/Yuxinn-J/ip.git","repoName":"ip","organization":"Yuxinn-J"},"branch":"master","displayName":"Yuxinn-J/ip[master]","outputFolderName":"Yuxinn-J_ip_master"},{"location":{"location":"https://github.com/oneScotch/ip.git","repoName":"ip","organization":"oneScotch"},"branch":"master","displayName":"oneScotch/ip[master]","outputFolderName":"oneScotch_ip_master"},{"location":{"location":"https://github.com/dyahnafisah/ip.git","repoName":"ip","organization":"dyahnafisah"},"branch":"master","displayName":"dyahnafisah/ip[master]","outputFolderName":"dyahnafisah_ip_master"},{"location":{"location":"https://github.com/husysg/ip.git","repoName":"ip","organization":"husysg"},"branch":"master","displayName":"husysg/ip[master]","outputFolderName":"husysg_ip_master"},{"location":{"location":"https://github.com/Vincent6896/ip.git","repoName":"ip","organization":"Vincent6896"},"branch":"master","displayName":"Vincent6896/ip[master]","outputFolderName":"Vincent6896_ip_master"},{"location":{"location":"https://github.com/LilyDaytoy/ip.git","repoName":"ip","organization":"LilyDaytoy"},"branch":"master","displayName":"LilyDaytoy/ip[master]","outputFolderName":"LilyDaytoy_ip_master"},{"location":{"location":"https://github.com/Mist0919/ip.git","repoName":"ip","organization":"Mist0919"},"branch":"master","displayName":"Mist0919/ip[master]","outputFolderName":"Mist0919_ip_master"},{"location":{"location":"https://github.com/KairuiHu/ip.git","repoName":"ip","organization":"KairuiHu"},"branch":"master","displayName":"KairuiHu/ip[master]","outputFolderName":"KairuiHu_ip_master"},{"location":{"location":"https://github.com/ruyian/ip.git","repoName":"ip","organization":"ruyian"},"branch":"master","displayName":"ruyian/ip[master]","outputFolderName":"ruyian_ip_master"},{"location":{"location":"https://github.com/LimJiaJing/ip.git","repoName":"ip","organization":"LimJiaJing"},"branch":"master","displayName":"LimJiaJing/ip[master]","outputFolderName":"LimJiaJing_ip_master"},{"location":{"location":"https://github.com/Journeyman1998/ip.git","repoName":"ip","organization":"Journeyman1998"},"branch":"master","displayName":"Journeyman1998/ip[master]","outputFolderName":"Journeyman1998_ip_master"},{"location":{"location":"https://github.com/mohamedirfansh/ip.git","repoName":"ip","organization":"mohamedirfansh"},"branch":"master","displayName":"mohamedirfansh/ip[master]","outputFolderName":"mohamedirfansh_ip_master"},{"location":{"location":"https://github.com/arraysius/ip.git","repoName":"ip","organization":"arraysius"},"branch":"master","displayName":"arraysius/ip[master]","outputFolderName":"arraysius_ip_master"},{"location":{"location":"https://github.com/kelvneo/ip.git","repoName":"ip","organization":"kelvneo"},"branch":"master","displayName":"kelvneo/ip[master]","outputFolderName":"kelvneo_ip_master"},{"location":{"location":"https://github.com/3m0W33D/ip.git","repoName":"ip","organization":"3m0W33D"},"branch":"master","displayName":"3m0W33D/ip[master]","outputFolderName":"3m0W33D_ip_master"},{"location":{"location":"https://github.com/rizemon/ip.git","repoName":"ip","organization":"rizemon"},"branch":"master","displayName":"rizemon/ip[master]","outputFolderName":"rizemon_ip_master"},{"location":{"location":"https://github.com/Rrraaaeee/ip.git","repoName":"ip","organization":"Rrraaaeee"},"branch":"master","displayName":"Rrraaaeee/ip[master]","outputFolderName":"Rrraaaeee_ip_master"},{"location":{"location":"https://github.com/adricpjw/ip.git","repoName":"ip","organization":"adricpjw"},"branch":"master","displayName":"adricpjw/ip[master]","outputFolderName":"adricpjw_ip_master"},{"location":{"location":"https://github.com/Nirmaleshwar/ip.git","repoName":"ip","organization":"Nirmaleshwar"},"branch":"master","displayName":"Nirmaleshwar/ip[master]","outputFolderName":"Nirmaleshwar_ip_master"},{"location":{"location":"https://github.com/deonchung/ip.git","repoName":"ip","organization":"deonchung"},"branch":"master","displayName":"deonchung/ip[master]","outputFolderName":"deonchung_ip_master"},{"location":{"location":"https://github.com/jiangweichen835/ip.git","repoName":"ip","organization":"jiangweichen835"},"branch":"master","displayName":"jiangweichen835/ip[master]","outputFolderName":"jiangweichen835_ip_master"},{"location":{"location":"https://github.com/Cuiminjing/ip.git","repoName":"ip","organization":"Cuiminjing"},"branch":"master","displayName":"Cuiminjing/ip[master]","outputFolderName":"Cuiminjing_ip_master"},{"location":{"location":"https://github.com/LS-Young/ip.git","repoName":"ip","organization":"LS-Young"},"branch":"master","displayName":"LS-Young/ip[master]","outputFolderName":"LS-Young_ip_master"},{"location":{"location":"https://github.com/EdisonZhong17/ip.git","repoName":"ip","organization":"EdisonZhong17"},"branch":"master","displayName":"EdisonZhong17/ip[master]","outputFolderName":"EdisonZhong17_ip_master"},{"location":{"location":"https://github.com/Cesare4869/ip.git","repoName":"ip","organization":"Cesare4869"},"branch":"master","displayName":"Cesare4869/ip[master]","outputFolderName":"Cesare4869_ip_master"},{"location":{"location":"https://github.com/Demonshaha/ip.git","repoName":"ip","organization":"Demonshaha"},"branch":"master","displayName":"Demonshaha/ip[master]","outputFolderName":"Demonshaha_ip_master"},{"location":{"location":"https://github.com/SuibianP/ip.git","repoName":"ip","organization":"SuibianP"},"branch":"master","displayName":"SuibianP/ip[master]","outputFolderName":"SuibianP_ip_master"},{"location":{"location":"https://github.com/Uxinnn/ip.git","repoName":"ip","organization":"Uxinnn"},"branch":"master","displayName":"Uxinnn/ip[master]","outputFolderName":"Uxinnn_ip_master"},{"location":{"location":"https://github.com/jerrelllzw/ip.git","repoName":"ip","organization":"jerrelllzw"},"branch":"master","displayName":"jerrelllzw/ip[master]","outputFolderName":"jerrelllzw_ip_master"},{"location":{"location":"https://github.com/Woolicious98/ip.git","repoName":"ip","organization":"Woolicious98"},"branch":"master","displayName":"Woolicious98/ip[master]","outputFolderName":"Woolicious98_ip_master"},{"location":{"location":"https://github.com/flerovious/ip.git","repoName":"ip","organization":"flerovious"},"branch":"master","displayName":"flerovious/ip[master]","outputFolderName":"flerovious_ip_master"},{"location":{"location":"https://github.com/ThaddeusLim99/ip.git","repoName":"ip","organization":"ThaddeusLim99"},"branch":"master","displayName":"ThaddeusLim99/ip[master]","outputFolderName":"ThaddeusLim99_ip_master"},{"location":{"location":"https://github.com/jonathanlkw/ip.git","repoName":"ip","organization":"jonathanlkw"},"branch":"master","displayName":"jonathanlkw/ip[master]","outputFolderName":"jonathanlkw_ip_master"},{"location":{"location":"https://github.com/ZenoNexus/ip.git","repoName":"ip","organization":"ZenoNexus"},"branch":"master","displayName":"ZenoNexus/ip[master]","outputFolderName":"ZenoNexus_ip_master"},{"location":{"location":"https://github.com/YipWayne/ip.git","repoName":"ip","organization":"YipWayne"},"branch":"master","displayName":"YipWayne/ip[master]","outputFolderName":"YipWayne_ip_master"},{"location":{"location":"https://github.com/joshualeeky/ip.git","repoName":"ip","organization":"joshualeeky"},"branch":"master","displayName":"joshualeeky/ip[master]","outputFolderName":"joshualeeky_ip_master"},{"location":{"location":"https://github.com/YEOWEIHNGWHYELAB/ip.git","repoName":"ip","organization":"YEOWEIHNGWHYELAB"},"branch":"master","displayName":"YEOWEIHNGWHYELAB/ip[master]","outputFolderName":"YEOWEIHNGWHYELAB_ip_master"},{"location":{"location":"https://github.com/jyxhazcake/ip.git","repoName":"ip","organization":"jyxhazcake"},"branch":"master","displayName":"jyxhazcake/ip[master]","outputFolderName":"jyxhazcake_ip_master"},{"location":{"location":"https://github.com/alvynben/ip.git","repoName":"ip","organization":"alvynben"},"branch":"master","displayName":"alvynben/ip[master]","outputFolderName":"alvynben_ip_master"},{"location":{"location":"https://github.com/APZH/ip.git","repoName":"ip","organization":"APZH"},"branch":"master","displayName":"APZH/ip[master]","outputFolderName":"APZH_ip_master"},{"location":{"location":"https://github.com/RemusTeo/ip.git","repoName":"ip","organization":"RemusTeo"},"branch":"master","displayName":"RemusTeo/ip[master]","outputFolderName":"RemusTeo_ip_master"},{"location":{"location":"https://github.com/leyondlee/ip.git","repoName":"ip","organization":"leyondlee"},"branch":"master","displayName":"leyondlee/ip[master]","outputFolderName":"leyondlee_ip_master"},{"location":{"location":"https://github.com/SeenFang/ip.git","repoName":"ip","organization":"SeenFang"},"branch":"master","displayName":"SeenFang/ip[master]","outputFolderName":"SeenFang_ip_master"},{"location":{"location":"https://github.com/Teckwhye/ip.git","repoName":"ip","organization":"Teckwhye"},"branch":"master","displayName":"Teckwhye/ip[master]","outputFolderName":"Teckwhye_ip_master"},{"location":{"location":"https://github.com/SeanRobertDH/ip.git","repoName":"ip","organization":"SeanRobertDH"},"branch":"master","displayName":"SeanRobertDH/ip[master]","outputFolderName":"SeanRobertDH_ip_master"},{"location":{"location":"https://github.com/alvintan01/ip.git","repoName":"ip","organization":"alvintan01"},"branch":"master","displayName":"alvintan01/ip[master]","outputFolderName":"alvintan01_ip_master"},{"location":{"location":"https://github.com/marcusbory/ip.git","repoName":"ip","organization":"marcusbory"},"branch":"master","displayName":"marcusbory/ip[master]","outputFolderName":"marcusbory_ip_master"},{"location":{"location":"https://github.com/izdiyadfrhn/ip.git","repoName":"ip","organization":"izdiyadfrhn"},"branch":"master","displayName":"izdiyadfrhn/ip[master]","outputFolderName":"izdiyadfrhn_ip_master"},{"location":{"location":"https://github.com/ashrafjfr/ip.git","repoName":"ip","organization":"ashrafjfr"},"branch":"master","displayName":"ashrafjfr/ip[master]","outputFolderName":"ashrafjfr_ip_master"},{"location":{"location":"https://github.com/ngnigel99/ip.git","repoName":"ip","organization":"ngnigel99"},"branch":"master","displayName":"ngnigel99/ip[master]","outputFolderName":"ngnigel99_ip_master"},{"location":{"location":"https://github.com/crabnuggets/ip.git","repoName":"ip","organization":"crabnuggets"},"branch":"master","displayName":"crabnuggets/ip[master]","outputFolderName":"crabnuggets_ip_master"},{"location":{"location":"https://github.com/titustortoiseturtle1999/ip.git","repoName":"ip","organization":"titustortoiseturtle1999"},"branch":"master","displayName":"titustortoiseturtle1999/ip[master]","outputFolderName":"titustortoiseturtle1999_ip_master"},{"location":{"location":"https://github.com/ChuaXiongWei/ip.git","repoName":"ip","organization":"ChuaXiongWei"},"branch":"master","displayName":"ChuaXiongWei/ip[master]","outputFolderName":"ChuaXiongWei_ip_master"},{"location":{"location":"https://github.com/kengjit/ip.git","repoName":"ip","organization":"kengjit"},"branch":"master","displayName":"kengjit/ip[master]","outputFolderName":"kengjit_ip_master"},{"location":{"location":"https://github.com/renzocanare/ip.git","repoName":"ip","organization":"renzocanare"},"branch":"master","displayName":"renzocanare/ip[master]","outputFolderName":"renzocanare_ip_master"},{"location":{"location":"https://github.com/xRossKoh/ip.git","repoName":"ip","organization":"xRossKoh"},"branch":"master","displayName":"xRossKoh/ip[master]","outputFolderName":"xRossKoh_ip_master"},{"location":{"location":"https://github.com/rondayvoo/ip.git","repoName":"ip","organization":"rondayvoo"},"branch":"master","displayName":"rondayvoo/ip[master]","outputFolderName":"rondayvoo_ip_master"},{"location":{"location":"https://github.com/jonathanmui4/ip.git","repoName":"ip","organization":"jonathanmui4"},"branch":"master","displayName":"jonathanmui4/ip[master]","outputFolderName":"jonathanmui4_ip_master"},{"location":{"location":"https://github.com/STAung07/ip.git","repoName":"ip","organization":"STAung07"},"branch":"master","displayName":"STAung07/ip[master]","outputFolderName":"STAung07_ip_master"},{"location":{"location":"https://github.com/edlyIrsyad/ip.git","repoName":"ip","organization":"edlyIrsyad"},"branch":"master","displayName":"edlyIrsyad/ip[master]","outputFolderName":"edlyIrsyad_ip_master"},{"location":{"location":"https://github.com/KZQ1999/ip.git","repoName":"ip","organization":"KZQ1999"},"branch":"master","displayName":"KZQ1999/ip[master]","outputFolderName":"KZQ1999_ip_master"},{"location":{"location":"https://github.com/leowyy99/ip.git","repoName":"ip","organization":"leowyy99"},"branch":"master","displayName":"leowyy99/ip[master]","outputFolderName":"leowyy99_ip_master"},{"location":{"location":"https://github.com/saravanamani1999/ip.git","repoName":"ip","organization":"saravanamani1999"},"branch":"master","displayName":"saravanamani1999/ip[master]","outputFolderName":"saravanamani1999_ip_master"},{"location":{"location":"https://github.com/KaiserHuang88/ip.git","repoName":"ip","organization":"KaiserHuang88"},"branch":"master","displayName":"KaiserHuang88/ip[master]","outputFolderName":"KaiserHuang88_ip_master"},{"location":{"location":"https://github.com/irvinseet/ip.git","repoName":"ip","organization":"irvinseet"},"branch":"master","displayName":"irvinseet/ip[master]","outputFolderName":"irvinseet_ip_master"},{"location":{"location":"https://github.com/ChewyChair/ip.git","repoName":"ip","organization":"ChewyChair"},"branch":"master","displayName":"ChewyChair/ip[master]","outputFolderName":"ChewyChair_ip_master"},{"location":{"location":"https://github.com/itsleeqian/ip.git","repoName":"ip","organization":"itsleeqian"},"branch":"master","displayName":"itsleeqian/ip[master]","outputFolderName":"itsleeqian_ip_master"},{"location":{"location":"https://github.com/pragyan01/ip.git","repoName":"ip","organization":"pragyan01"},"branch":"master","displayName":"pragyan01/ip[master]","outputFolderName":"pragyan01_ip_master"},{"location":{"location":"https://github.com/kahhe/ip.git","repoName":"ip","organization":"kahhe"},"branch":"master","displayName":"kahhe/ip[master]","outputFolderName":"kahhe_ip_master"},{"location":{"location":"https://github.com/zh1huang/ip.git","repoName":"ip","organization":"zh1huang"},"branch":"master","displayName":"zh1huang/ip[master]","outputFolderName":"zh1huang_ip_master"},{"location":{"location":"https://github.com/yzhedwin/ip.git","repoName":"ip","organization":"yzhedwin"},"branch":"master","displayName":"yzhedwin/ip[master]","outputFolderName":"yzhedwin_ip_master"},{"location":{"location":"https://github.com/kum-wh/ip.git","repoName":"ip","organization":"kum-wh"},"branch":"master","displayName":"kum-wh/ip[master]","outputFolderName":"kum-wh_ip_master"},{"location":{"location":"https://github.com/jhsee5/ip.git","repoName":"ip","organization":"jhsee5"},"branch":"master","displayName":"jhsee5/ip[master]","outputFolderName":"jhsee5_ip_master"},{"location":{"location":"https://github.com/leecheokfeng/ip.git","repoName":"ip","organization":"leecheokfeng"},"branch":"master","displayName":"leecheokfeng/ip[master]","outputFolderName":"leecheokfeng_ip_master"},{"location":{"location":"https://github.com/xingjie99/ip.git","repoName":"ip","organization":"xingjie99"},"branch":"master","displayName":"xingjie99/ip[master]","outputFolderName":"xingjie99_ip_master"},{"location":{"location":"https://github.com/alwinangys/ip.git","repoName":"ip","organization":"alwinangys"},"branch":"master","displayName":"alwinangys/ip[master]","outputFolderName":"alwinangys_ip_master"},{"location":{"location":"https://github.com/Jon-the-MELON/ip.git","repoName":"ip","organization":"Jon-the-MELON"},"branch":"master","displayName":"Jon-the-MELON/ip[master]","outputFolderName":"Jon-the-MELON_ip_master"},{"location":{"location":"https://github.com/zonglun99/ip.git","repoName":"ip","organization":"zonglun99"},"branch":"master","displayName":"zonglun99/ip[master]","outputFolderName":"zonglun99_ip_master"},{"location":{"location":"https://github.com/yeezao/ip.git","repoName":"ip","organization":"yeezao"},"branch":"master","displayName":"yeezao/ip[master]","outputFolderName":"yeezao_ip_master"},{"location":{"location":"https://github.com/MAZJ124/ip.git","repoName":"ip","organization":"MAZJ124"},"branch":"master","displayName":"MAZJ124/ip[master]","outputFolderName":"MAZJ124_ip_master"},{"location":{"location":"https://github.com/yanjia1777/ip.git","repoName":"ip","organization":"yanjia1777"},"branch":"master","displayName":"yanjia1777/ip[master]","outputFolderName":"yanjia1777_ip_master"},{"location":{"location":"https://github.com/williamlamjy/ip.git","repoName":"ip","organization":"williamlamjy"},"branch":"master","displayName":"williamlamjy/ip[master]","outputFolderName":"williamlamjy_ip_master"},{"location":{"location":"https://github.com/yapjoonsiong/ip.git","repoName":"ip","organization":"yapjoonsiong"},"branch":"master","displayName":"yapjoonsiong/ip[master]","outputFolderName":"yapjoonsiong_ip_master"},{"location":{"location":"https://github.com/lixiyuan416/ip.git","repoName":"ip","organization":"lixiyuan416"},"branch":"master","displayName":"lixiyuan416/ip[master]","outputFolderName":"lixiyuan416_ip_master"},{"location":{"location":"https://github.com/ng-andre/ip.git","repoName":"ip","organization":"ng-andre"},"branch":"master","displayName":"ng-andre/ip[master]","outputFolderName":"ng-andre_ip_master"},{"location":{"location":"https://github.com/DmitriYam/ip.git","repoName":"ip","organization":"DmitriYam"},"branch":"master","displayName":"DmitriYam/ip[master]","outputFolderName":"DmitriYam_ip_master"},{"location":{"location":"https://github.com/xingyuan123/ip.git","repoName":"ip","organization":"xingyuan123"},"branch":"master","displayName":"xingyuan123/ip[master]","outputFolderName":"xingyuan123_ip_master"},{"location":{"location":"https://github.com/Rakesh12000/ip.git","repoName":"ip","organization":"Rakesh12000"},"branch":"master","displayName":"Rakesh12000/ip[master]","outputFolderName":"Rakesh12000_ip_master"},{"location":{"location":"https://github.com/hozhenhong99/ip.git","repoName":"ip","organization":"hozhenhong99"},"branch":"master","displayName":"hozhenhong99/ip[master]","outputFolderName":"hozhenhong99_ip_master"},{"location":{"location":"https://github.com/weidak/ip.git","repoName":"ip","organization":"weidak"},"branch":"master","displayName":"weidak/ip[master]","outputFolderName":"weidak_ip_master"},{"location":{"location":"https://github.com/jiexiong-zeng/ip.git","repoName":"ip","organization":"jiexiong-zeng"},"branch":"master","displayName":"jiexiong-zeng/ip[master]","outputFolderName":"jiexiong-zeng_ip_master"},{"location":{"location":"https://github.com/Roycius/ip.git","repoName":"ip","organization":"Roycius"},"branch":"master","displayName":"Roycius/ip[master]","outputFolderName":"Roycius_ip_master"},{"location":{"location":"https://github.com/theodorekwok/ip.git","repoName":"ip","organization":"theodorekwok"},"branch":"master","displayName":"theodorekwok/ip[master]","outputFolderName":"theodorekwok_ip_master"},{"location":{"location":"https://github.com/conradwee/ip.git","repoName":"ip","organization":"conradwee"},"branch":"master","displayName":"conradwee/ip[master]","outputFolderName":"conradwee_ip_master"},{"location":{"location":"https://github.com/Poopies99/ip.git","repoName":"ip","organization":"Poopies99"},"branch":"master","displayName":"Poopies99/ip[master]","outputFolderName":"Poopies99_ip_master"},{"location":{"location":"https://github.com/antrikshv/ip.git","repoName":"ip","organization":"antrikshv"},"branch":"master","displayName":"antrikshv/ip[master]","outputFolderName":"antrikshv_ip_master"},{"location":{"location":"https://github.com/xuanlc113/ip.git","repoName":"ip","organization":"xuanlc113"},"branch":"master","displayName":"xuanlc113/ip[master]","outputFolderName":"xuanlc113_ip_master"},{"location":{"location":"https://github.com/lezongmun/ip.git","repoName":"ip","organization":"lezongmun"},"branch":"master","displayName":"lezongmun/ip[master]","outputFolderName":"lezongmun_ip_master"},{"location":{"location":"https://github.com/gavienwz/ip.git","repoName":"ip","organization":"gavienwz"},"branch":"master","displayName":"gavienwz/ip[master]","outputFolderName":"gavienwz_ip_master"},{"location":{"location":"https://github.com/VishalJeyaram/ip.git","repoName":"ip","organization":"VishalJeyaram"},"branch":"master","displayName":"VishalJeyaram/ip[master]","outputFolderName":"VishalJeyaram_ip_master"},{"location":{"location":"https://github.com/ianwangeeen/ip.git","repoName":"ip","organization":"ianwangeeen"},"branch":"master","displayName":"ianwangeeen/ip[master]","outputFolderName":"ianwangeeen_ip_master"},{"location":{"location":"https://github.com/kyun99/ip.git","repoName":"ip","organization":"kyun99"},"branch":"master","displayName":"kyun99/ip[master]","outputFolderName":"kyun99_ip_master"},{"location":{"location":"https://github.com/Dniv-ra/ip.git","repoName":"ip","organization":"Dniv-ra"},"branch":"master","displayName":"Dniv-ra/ip[master]","outputFolderName":"Dniv-ra_ip_master"},{"location":{"location":"https://github.com/IshaaanVyas/ip.git","repoName":"ip","organization":"IshaaanVyas"},"branch":"master","displayName":"IshaaanVyas/ip[master]","outputFolderName":"IshaaanVyas_ip_master"},{"location":{"location":"https://github.com/KishorKumar11/ip.git","repoName":"ip","organization":"KishorKumar11"},"branch":"master","displayName":"KishorKumar11/ip[master]","outputFolderName":"KishorKumar11_ip_master"},{"location":{"location":"https://github.com/madhanse/ip.git","repoName":"ip","organization":"madhanse"},"branch":"master","displayName":"madhanse/ip[master]","outputFolderName":"madhanse_ip_master"},{"location":{"location":"https://github.com/shyamgj1900/ip.git","repoName":"ip","organization":"shyamgj1900"},"branch":"master","displayName":"shyamgj1900/ip[master]","outputFolderName":"shyamgj1900_ip_master"},{"location":{"location":"https://github.com/shoibloya/ip.git","repoName":"ip","organization":"shoibloya"},"branch":"master","displayName":"shoibloya/ip[master]","outputFolderName":"shoibloya_ip_master"},{"location":{"location":"https://github.com/mudkip8/ip.git","repoName":"ip","organization":"mudkip8"},"branch":"master","displayName":"mudkip8/ip[master]","outputFolderName":"mudkip8_ip_master"},{"location":{"location":"https://github.com/arvejw/ip.git","repoName":"ip","organization":"arvejw"},"branch":"master","displayName":"arvejw/ip[master]","outputFolderName":"arvejw_ip_master"},{"location":{"location":"https://github.com/leeyikai/ip.git","repoName":"ip","organization":"leeyikai"},"branch":"master","displayName":"leeyikai/ip[master]","outputFolderName":"leeyikai_ip_master"},{"location":{"location":"https://github.com/xkisxk/ip.git","repoName":"ip","organization":"xkisxk"},"branch":"master","displayName":"xkisxk/ip[master]","outputFolderName":"xkisxk_ip_master"},{"location":{"location":"https://github.com/AayushMathur7/ip.git","repoName":"ip","organization":"AayushMathur7"},"branch":"master","displayName":"AayushMathur7/ip[master]","outputFolderName":"AayushMathur7_ip_master"},{"location":{"location":"https://github.com/KVignesh122/ip.git","repoName":"ip","organization":"KVignesh122"},"branch":"master","displayName":"KVignesh122/ip[master]","outputFolderName":"KVignesh122_ip_master"},{"location":{"location":"https://github.com/ChrisLangton/ip.git","repoName":"ip","organization":"ChrisLangton"},"branch":"master","displayName":"ChrisLangton/ip[master]","outputFolderName":"ChrisLangton_ip_master"},{"location":{"location":"https://github.com/DJ-Tan/ip.git","repoName":"ip","organization":"DJ-Tan"},"branch":"master","displayName":"DJ-Tan/ip[master]","outputFolderName":"DJ-Tan_ip_master"},{"location":{"location":"https://github.com/datn02/ip.git","repoName":"ip","organization":"datn02"},"branch":"master","displayName":"datn02/ip[master]","outputFolderName":"datn02_ip_master"},{"location":{"location":"https://github.com/richwill28/ip.git","repoName":"ip","organization":"richwill28"},"branch":"master","displayName":"richwill28/ip[master]","outputFolderName":"richwill28_ip_master"},{"location":{"location":"https://github.com/BryanElmer/ip.git","repoName":"ip","organization":"BryanElmer"},"branch":"master","displayName":"BryanElmer/ip[master]","outputFolderName":"BryanElmer_ip_master"},{"location":{"location":"https://github.com/nvbinh15/ip.git","repoName":"ip","organization":"nvbinh15"},"branch":"master","displayName":"nvbinh15/ip[master]","outputFolderName":"nvbinh15_ip_master"},{"location":{"location":"https://github.com/tryyang2001/ip.git","repoName":"ip","organization":"tryyang2001"},"branch":"master","displayName":"tryyang2001/ip[master]","outputFolderName":"tryyang2001_ip_master"},{"location":{"location":"https://github.com/theeugenechong/ip.git","repoName":"ip","organization":"theeugenechong"},"branch":"master","displayName":"theeugenechong/ip[master]","outputFolderName":"theeugenechong_ip_master"},{"location":{"location":"https://github.com/nonrnp/ip.git","repoName":"ip","organization":"nonrnp"},"branch":"master","displayName":"nonrnp/ip[master]","outputFolderName":"nonrnp_ip_master"},{"location":{"location":"https://github.com/brendanlsz/ip.git","repoName":"ip","organization":"brendanlsz"},"branch":"master","displayName":"brendanlsz/ip[master]","outputFolderName":"brendanlsz_ip_master"},{"location":{"location":"https://github.com/naijie2108/ip.git","repoName":"ip","organization":"naijie2108"},"branch":"master","displayName":"naijie2108/ip[master]","outputFolderName":"naijie2108_ip_master"},{"location":{"location":"https://github.com/giterator/ip.git","repoName":"ip","organization":"giterator"},"branch":"master","displayName":"giterator/ip[master]","outputFolderName":"giterator_ip_master"},{"location":{"location":"https://github.com/haoyusimon/ip.git","repoName":"ip","organization":"haoyusimon"},"branch":"master","displayName":"haoyusimon/ip[master]","outputFolderName":"haoyusimon_ip_master"},{"location":{"location":"https://github.com/yuejunfeng0909/ip.git","repoName":"ip","organization":"yuejunfeng0909"},"branch":"master","displayName":"yuejunfeng0909/ip[master]","outputFolderName":"yuejunfeng0909_ip_master"},{"location":{"location":"https://github.com/Xuefei2001/ip.git","repoName":"ip","organization":"Xuefei2001"},"branch":"master","displayName":"Xuefei2001/ip[master]","outputFolderName":"Xuefei2001_ip_master"},{"location":{"location":"https://github.com/powzx/ip.git","repoName":"ip","organization":"powzx"},"branch":"master","displayName":"powzx/ip[master]","outputFolderName":"powzx_ip_master"},{"location":{"location":"https://github.com/EdwardZYWang/ip.git","repoName":"ip","organization":"EdwardZYWang"},"branch":"master","displayName":"EdwardZYWang/ip[master]","outputFolderName":"EdwardZYWang_ip_master"},{"location":{"location":"https://github.com/poppolette/ip.git","repoName":"ip","organization":"poppolette"},"branch":"master","displayName":"poppolette/ip[master]","outputFolderName":"poppolette_ip_master"},{"location":{"location":"https://github.com/t-l-xin/ip.git","repoName":"ip","organization":"t-l-xin"},"branch":"master","displayName":"t-l-xin/ip[master]","outputFolderName":"t-l-xin_ip_master"},{"location":{"location":"https://github.com/siyuancheng178/ip.git","repoName":"ip","organization":"siyuancheng178"},"branch":"master","displayName":"siyuancheng178/ip[master]","outputFolderName":"siyuancheng178_ip_master"},{"location":{"location":"https://github.com/mayankp291/ip.git","repoName":"ip","organization":"mayankp291"},"branch":"master","displayName":"mayankp291/ip[master]","outputFolderName":"mayankp291_ip_master"},{"location":{"location":"https://github.com/teoziyiivy/ip.git","repoName":"ip","organization":"teoziyiivy"},"branch":"master","displayName":"teoziyiivy/ip[master]","outputFolderName":"teoziyiivy_ip_master"},{"location":{"location":"https://github.com/Yitching/ip.git","repoName":"ip","organization":"Yitching"},"branch":"master","displayName":"Yitching/ip[master]","outputFolderName":"Yitching_ip_master"},{"location":{"location":"https://github.com/daknam2001/ip.git","repoName":"ip","organization":"daknam2001"},"branch":"master","displayName":"daknam2001/ip[master]","outputFolderName":"daknam2001_ip_master"},{"location":{"location":"https://github.com/aaapppsss/ip.git","repoName":"ip","organization":"aaapppsss"},"branch":"master","displayName":"aaapppsss/ip[master]","outputFolderName":"aaapppsss_ip_master"},{"location":{"location":"https://github.com/huien77/ip.git","repoName":"ip","organization":"huien77"},"branch":"master","displayName":"huien77/ip[master]","outputFolderName":"huien77_ip_master"},{"location":{"location":"https://github.com/ngoivanessa/ip.git","repoName":"ip","organization":"ngoivanessa"},"branch":"master","displayName":"ngoivanessa/ip[master]","outputFolderName":"ngoivanessa_ip_master"},{"location":{"location":"https://github.com/qqkoh/ip.git","repoName":"ip","organization":"qqkoh"},"branch":"master","displayName":"qqkoh/ip[master]","outputFolderName":"qqkoh_ip_master"},{"location":{"location":"https://github.com/tttyyzzz/ip.git","repoName":"ip","organization":"tttyyzzz"},"branch":"master","displayName":"tttyyzzz/ip[master]","outputFolderName":"tttyyzzz_ip_master"},{"location":{"location":"https://github.com/kairoskoh/ip.git","repoName":"ip","organization":"kairoskoh"},"branch":"master","displayName":"kairoskoh/ip[master]","outputFolderName":"kairoskoh_ip_master"},{"location":{"location":"https://github.com/bobowoo2468/ip.git","repoName":"ip","organization":"bobowoo2468"},"branch":"master","displayName":"bobowoo2468/ip[master]","outputFolderName":"bobowoo2468_ip_master"},{"location":{"location":"https://github.com/nishantrai-nus/ip.git","repoName":"ip","organization":"nishantrai-nus"},"branch":"master","displayName":"nishantrai-nus/ip[master]","outputFolderName":"nishantrai-nus_ip_master"},{"location":{"location":"https://github.com/jach23/ip.git","repoName":"ip","organization":"jach23"},"branch":"master","displayName":"jach23/ip[master]","outputFolderName":"jach23_ip_master"},{"location":{"location":"https://github.com/JMattChiam/ip.git","repoName":"ip","organization":"JMattChiam"},"branch":"master","displayName":"JMattChiam/ip[master]","outputFolderName":"JMattChiam_ip_master"},{"location":{"location":"https://github.com/fansxx/ip.git","repoName":"ip","organization":"fansxx"},"branch":"master","displayName":"fansxx/ip[master]","outputFolderName":"fansxx_ip_master"},{"location":{"location":"https://github.com/uosjapuelks/ip.git","repoName":"ip","organization":"uosjapuelks"},"branch":"master","displayName":"uosjapuelks/ip[master]","outputFolderName":"uosjapuelks_ip_master"},{"location":{"location":"https://github.com/rebchua39/ip.git","repoName":"ip","organization":"rebchua39"},"branch":"master","displayName":"rebchua39/ip[master]","outputFolderName":"rebchua39_ip_master"},{"location":{"location":"https://github.com/ptejasv/ip.git","repoName":"ip","organization":"ptejasv"},"branch":"master","displayName":"ptejasv/ip[master]","outputFolderName":"ptejasv_ip_master"},{"location":{"location":"https://github.com/AnShengLee/ip.git","repoName":"ip","organization":"AnShengLee"},"branch":"master","displayName":"AnShengLee/ip[master]","outputFolderName":"AnShengLee_ip_master"},{"location":{"location":"https://github.com/JWweiyin/ip.git","repoName":"ip","organization":"JWweiyin"},"branch":"master","displayName":"JWweiyin/ip[master]","outputFolderName":"JWweiyin_ip_master"},{"location":{"location":"https://github.com/swongts/ip.git","repoName":"ip","organization":"swongts"},"branch":"master","displayName":"swongts/ip[master]","outputFolderName":"swongts_ip_master"},{"location":{"location":"https://github.com/dlimyh98/ip.git","repoName":"ip","organization":"dlimyh98"},"branch":"master","displayName":"dlimyh98/ip[master]","outputFolderName":"dlimyh98_ip_master"},{"location":{"location":"https://github.com/astralum/ip.git","repoName":"ip","organization":"astralum"},"branch":"master","displayName":"astralum/ip[master]","outputFolderName":"astralum_ip_master"},{"location":{"location":"https://github.com/tlyi/ip.git","repoName":"ip","organization":"tlyi"},"branch":"master","displayName":"tlyi/ip[master]","outputFolderName":"tlyi_ip_master"},{"location":{"location":"https://github.com/rachelkeh/ip.git","repoName":"ip","organization":"rachelkeh"},"branch":"master","displayName":"rachelkeh/ip[master]","outputFolderName":"rachelkeh_ip_master"},{"location":{"location":"https://github.com/Alvinlj00/ip.git","repoName":"ip","organization":"Alvinlj00"},"branch":"master","displayName":"Alvinlj00/ip[master]","outputFolderName":"Alvinlj00_ip_master"},{"location":{"location":"https://github.com/a-tph/ip.git","repoName":"ip","organization":"a-tph"},"branch":"master","displayName":"a-tph/ip[master]","outputFolderName":"a-tph_ip_master"},{"location":{"location":"https://github.com/Kair0s3/ip.git","repoName":"ip","organization":"Kair0s3"},"branch":"master","displayName":"Kair0s3/ip[master]","outputFolderName":"Kair0s3_ip_master"},{"location":{"location":"https://github.com/Jiale-Sun/ip.git","repoName":"ip","organization":"Jiale-Sun"},"branch":"master","displayName":"Jiale-Sun/ip[master]","outputFolderName":"Jiale-Sun_ip_master"},{"location":{"location":"https://github.com/aditichadha1310/ip.git","repoName":"ip","organization":"aditichadha1310"},"branch":"master","displayName":"aditichadha1310/ip[master]","outputFolderName":"aditichadha1310_ip_master"},{"location":{"location":"https://github.com/praj-bellakka/ip.git","repoName":"ip","organization":"praj-bellakka"},"branch":"master","displayName":"praj-bellakka/ip[master]","outputFolderName":"praj-bellakka_ip_master"},{"location":{"location":"https://github.com/LouisLouis19/ip.git","repoName":"ip","organization":"LouisLouis19"},"branch":"master","displayName":"LouisLouis19/ip[master]","outputFolderName":"LouisLouis19_ip_master"},{"location":{"location":"https://github.com/pos0414/ip.git","repoName":"ip","organization":"pos0414"},"branch":"master","displayName":"pos0414/ip[master]","outputFolderName":"pos0414_ip_master"},{"location":{"location":"https://github.com/swatimahadevan/ip.git","repoName":"ip","organization":"swatimahadevan"},"branch":"master","displayName":"swatimahadevan/ip[master]","outputFolderName":"swatimahadevan_ip_master"},{"location":{"location":"https://github.com/SvethaMahadevan/ip.git","repoName":"ip","organization":"SvethaMahadevan"},"branch":"master","displayName":"SvethaMahadevan/ip[master]","outputFolderName":"SvethaMahadevan_ip_master"}],"errorList":[],"sinceDate":"2021-01-15","untilDate":"2021-10-03","isSinceDateProvided":true,"isUntilDateProvided":false}
