{"authorDailyContributionsMap":{"YEOWEIHNGWHYELAB":[{"date":"2021-08-15","commitResults":[{"hash":"0db9220fe8d2723be19c02dc218df8552d120d6c","messageTitle":"First increment of Hi Bye","messageBody":"","tags":["Level-0"],"fileTypesAndContributionMap":{"java":{"insertions":7,"deletions":0}}}]},{"date":"2021-08-24","commitResults":[{"hash":"a271b595fe6d4528001426ecdfe184a47219742b","messageTitle":"Level-1, Chat Bot parrots whatever user mention except bye","messageBody":"","tags":["Level-1"],"fileTypesAndContributionMap":{"txt":{"insertions":19,"deletions":0},"java":{"insertions":44,"deletions":2}}},{"hash":"9e35d59fe094885e3fe8e25e6d44e8c377551668","messageTitle":"Level-2, added array of strings to store user input text \u0026 display when list is entered.","messageBody":"","tags":["Level-2"],"fileTypesAndContributionMap":{"java":{"insertions":19,"deletions":3}}},{"hash":"ad2a32f621b9108e10308ae42d7faee7111d9392","messageTitle":"Level-3. Added \"mark task as done\" functionality \u0026 comments. Move some code from main method to some other method.","messageBody":"","tags":["Level-3"],"fileTypesAndContributionMap":{"java":{"insertions":129,"deletions":33}}}]},{"date":"2021-08-25","commitResults":[{"hash":"4f642c31190533e9fa7711995557f44c7491d4a0","messageTitle":"A-CodingStandard","messageBody":"Change code format to the specified java coding standard\n","tags":["A-CodingStandard"],"fileTypesAndContributionMap":{"java":{"insertions":6,"deletions":6}}}]},{"date":"2021-08-31","commitResults":[{"hash":"4e1a06d7b1b255a50d49547c2295281a22dcd51e","messageTitle":"Level-4","messageBody":"Added 3 different task types - ToDos, Deadlines, Events through the use of A-Inheritance\n","tags":["Level-4"],"fileTypesAndContributionMap":{"txt":{"insertions":41,"deletions":1},"java":{"insertions":113,"deletions":9}}}]},{"date":"2021-09-01","commitResults":[{"hash":"e5de095852efddd37872d91e793c5a31d4f2d40c","messageTitle":"A-CodeQuality","messageBody":"Done several refactoring that move long code from the main method into a class.\nMade some tweaks to the output format of the chatbot.\nAdded comments to some methods and class.\nCreated a new folder for text file containing ASCII art (text-art).\n","tags":["A-CodeQuality"],"fileTypesAndContributionMap":{"txt":{"insertions":18,"deletions":19},"java":{"insertions":328,"deletions":92}}},{"hash":"30d80627fcd29b1eb472413f85ec092e01ef4c25","messageTitle":"A-TextUiTesting","messageBody":"Reformatted some of the output text.\nMade tiny changes to variable names.\nMade changes such that the chat bot can handle description with a whitespace \" \".\nRemoved any non-ASCII characters in the text art to prevent the runtest.bat from throwing errors.\nAdded test cases and expected outcome to test all the commands.\nAdded a copy of the text-art folder into the text-ui-test as the working directory of that is different.\nAll test case passed...\n","tags":["A-TextUiTesting"],"fileTypesAndContributionMap":{"txt":{"insertions":76,"deletions":1},"java":{"insertions":9,"deletions":7}}}]},{"date":"2021-09-06","commitResults":[{"hash":"bec5560031b19b028f21931c031060bbb2961e02","messageTitle":"A-Exceptions","messageBody":"Added DukeException class which extends upon Exception.\n","fileTypesAndContributionMap":{"java":{"insertions":57,"deletions":34}}},{"hash":"d7d5ffb0b79aad406a27b36f38cfdaaa3a85f6a3","messageTitle":"Level-5","messageBody":"Added more error handling - check if event and deadline command format has \" /by \" or \" /at \" and must have both description \u0026 time.\nUpdated the text-ui-test.\n","tags":["Error-Handle"],"fileTypesAndContributionMap":{"txt":{"insertions":6,"deletions":0},"java":{"insertions":60,"deletions":17}}},{"hash":"a1753d3dcc07e2dd455dca59177a0676fd80cf2e","messageTitle":"A-Packages","messageBody":"Made changes to the runtest.bat file to account for packages.\nPackage is structured as duke with commandHandler, textPrinter, taskType, exceptionHandler.\n","fileTypesAndContributionMap":{"java":{"insertions":24,"deletions":0},"bat":{"insertions":1,"deletions":1}}}]},{"date":"2021-09-08","commitResults":[{"hash":"8bf20ab138ddef633fe288774b8a0094eff5aa4e","messageTitle":"Made changes to the error message","messageBody":"","fileTypesAndContributionMap":{"java":{"insertions":1,"deletions":1}}},{"hash":"2bb61394f0bafa9694499acda1ceda3e032440d0","messageTitle":"Added command to the ui-test","messageBody":"","fileTypesAndContributionMap":{"txt":{"insertions":1,"deletions":0}}},{"hash":"51702d171cb3b7bf242c82966eeb8f3c78ad078a","messageTitle":"debugging ui-test","messageBody":"","fileTypesAndContributionMap":{"txt":{"insertions":0,"deletions":1},"java":{"insertions":1,"deletions":1}}},{"hash":"ec62e9bed051f5707bbcddaa0f33fb96d13aec33","messageTitle":"made changes to some comments","messageBody":"","fileTypesAndContributionMap":{"java":{"insertions":3,"deletions":3}}},{"hash":"fcadfb38e040660e5d3517b49be6adb56f7bdeb0","messageTitle":"Changes to comments","messageBody":"","fileTypesAndContributionMap":{"java":{"insertions":1,"deletions":1}}},{"hash":"b1ad500b6fe9491900bc9a19354613b7a17dcf59","messageTitle":"Level-5-Branch","messageBody":"","fileTypesAndContributionMap":{"java":{"insertions":1,"deletions":0}}},{"hash":"d5f055605b586f43b17030b78ae2c19ec9c7c4e2","messageTitle":"Warning for IO Exception","messageBody":"","fileTypesAndContributionMap":{"java":{"insertions":1,"deletions":0}}}]},{"date":"2021-09-09","commitResults":[{"hash":"87a2e9ede1a2449bdc4820d507a93ccddc4325b0","messageTitle":"Fixed the runtest.bat issue","messageBody":"","fileTypesAndContributionMap":{"bat":{"insertions":3,"deletions":2}}},{"hash":"d7483a1a47b887f82252d6d7a977fb89605cd63d","messageTitle":"Added todo notes file","messageBody":"","fileTypesAndContributionMap":{"txt":{"insertions":0,"deletions":0}}},{"hash":"0fa2347d9f929171469e7c61e1c1c5d10e23bdbc","messageTitle":"Test notes","messageBody":"","fileTypesAndContributionMap":{"txt":{"insertions":3,"deletions":0}}},{"hash":"aa703379b5c05e74ef92e1884eb93bbede5b7b28","messageTitle":"notes","messageBody":"","fileTypesAndContributionMap":{"txt":{"insertions":1,"deletions":0}}},{"hash":"0e5ff3de799921c28a01b0af128a06feafd0c933","messageTitle":"naming","messageBody":"","fileTypesAndContributionMap":{"txt":{"insertions":1,"deletions":1}}},{"hash":"3a08024fa35921cf3b913bd43cb6ef4ba13b5a18","messageTitle":"Updated notes for text-art and To-Do for text-ui-test.","messageBody":"","fileTypesAndContributionMap":{"txt":{"insertions":7,"deletions":4}}},{"hash":"c54c79c85c81ecaeda6c29d2dcdc1f67af7a18cc","messageTitle":"Tweak Exception format","messageBody":"","fileTypesAndContributionMap":{"java":{"insertions":0,"deletions":30}}},{"hash":"b78c057248103bc51e234778a78d36cb5ad9930f","messageTitle":"Level-5","messageBody":"Added more Exception handling for the thrown exception.\n","fileTypesAndContributionMap":{"java":{"insertions":30,"deletions":0}}},{"hash":"dd5ac7c6ccf718b458afa4a26cf607f419a9254c","messageTitle":"Added exception handling for when \"todo \" is entered with whitespace but without description.","messageBody":"","tags":["A-Exceptions"],"fileTypesAndContributionMap":{"txt":{"insertions":1,"deletions":0},"java":{"insertions":4,"deletions":0}}},{"hash":"c583fea265b5feba12c49f4663d436ab9556c193","messageTitle":"Changed Structure","messageBody":"","fileTypesAndContributionMap":{"java":{"insertions":0,"deletions":0}}},{"hash":"f2ba15b3003a694abb6b540cc55402a907ac42e1","messageTitle":"Change Structure","messageBody":"","fileTypesAndContributionMap":{"java":{"insertions":1,"deletions":2}}},{"hash":"c6578b58ec501559a095718d4fecdb97a0f68224","messageTitle":"Restructure Package","messageBody":"","fileTypesAndContributionMap":{"java":{"insertions":2,"deletions":1}}}]},{"date":"2021-09-10","commitResults":[{"hash":"b6dcc36337daa4c7ae49e569d9c6fc33e20dfa90","messageTitle":"update readme","messageBody":"","fileTypesAndContributionMap":{"txt":{"insertions":1,"deletions":1}}}]},{"date":"2021-09-13","commitResults":[{"hash":"2a14aa704d73e1177137f243c1b9259f53a0fd56","messageTitle":"A-Collections","messageBody":"Uses Java Collections class to store data instead of the Task[] array.\nMade some changes to formating of done command\u0027s print statement.\n","fileTypesAndContributionMap":{"java":{"insertions":17,"deletions":1}}},{"hash":"803f5f6039206680e02fca17cec9fd38baa85bdf","messageTitle":"Update UI-Test Updated the code to work with the Java Collection Added delete command and fixed the bugs of incorrect numbering","messageBody":"","tags":["A-Collections"],"fileTypesAndContributionMap":{"txt":{"insertions":5,"deletions":0},"java":{"insertions":40,"deletions":12}}},{"hash":"2b6e686d2a3de717a87ec5aa210e0efa9905386d","messageTitle":"Level-6","messageBody":"Final changes to text-ui-test and final bug fixes for Level-6\n","tags":["Level-6"],"fileTypesAndContributionMap":{"java":{"insertions":2,"deletions":1}}},{"hash":"481aa345067e666d37645b9d8f53340ff189d601","messageTitle":"First attempt of Level-7","messageBody":"I have only implemented load .txt file. Have not implemented save .txt yet.\n","fileTypesAndContributionMap":{"txt":{"insertions":4,"deletions":0},"java":{"insertions":67,"deletions":1}}},{"hash":"1fbf54c3bba0be5ca9d829eaa8dc6fdaa53da1d2","messageTitle":"Added support for mkdir","messageBody":"","fileTypesAndContributionMap":{"java":{"insertions":25,"deletions":10}}},{"hash":"3b986ad7772650f401e97e7e89d4b18cf951887f","messageTitle":"Finalized load duke.txt by adding done features...","messageBody":"","fileTypesAndContributionMap":{"txt":{"insertions":4,"deletions":4},"java":{"insertions":76,"deletions":6}}},{"hash":"73ccd0f92745eeebaf053fe8e4301180d4e8f088","messageTitle":"Level-7","messageBody":"Final Changes - Made it so that the save works with all types of tasks.\n","tags":["Level-7"],"fileTypesAndContributionMap":{"txt":{"insertions":5,"deletions":2},"java":{"insertions":131,"deletions":11}}},{"hash":"7bc34fe795a88ec72cc429ac1734302f71894fb6","messageTitle":"Added deletion to the duke,txt. Deletion issue not fixed yet as files could not be successfully removed.","messageBody":"","fileTypesAndContributionMap":{"txt":{"insertions":1,"deletions":1},"java":{"insertions":104,"deletions":2}}},{"hash":"5d62135e0d6b36f2a19e5ad34d155fae6eed29e4","messageTitle":"Fixed the cannot delete file issue, the reason is because you forgot to .close() one of your scanner... I\u0027m an idiot...","messageBody":"","fileTypesAndContributionMap":{"txt":{"insertions":1,"deletions":4},"java":{"insertions":12,"deletions":6}}}]},{"date":"2021-09-14","commitResults":[{"hash":"a6c99d37495593cef913f92e6bc07ceddeb5f3a0","messageTitle":"A-Jar","messageBody":"Built artifact.\n","tags":["A-Jar"],"fileTypesAndContributionMap":{"txt":{"insertions":3,"deletions":0}}}]},{"date":"2021-09-15","commitResults":[{"hash":"f03832b1d8b71fd504521f8188243618bcbc5002","messageTitle":"Prevented user from entering the exact same description and at/by","messageBody":"","fileTypesAndContributionMap":{"txt":{"insertions":9,"deletions":3},"java":{"insertions":89,"deletions":45}}},{"hash":"6e4ea1db3018a37fe9f3d93dc20fdee4c129db4a","messageTitle":"ensure no newline if the duke.txt is empty","messageBody":"","fileTypesAndContributionMap":{"txt":{"insertions":1,"deletions":7},"java":{"insertions":89,"deletions":58}}},{"hash":"3b6a06cd29b5a1f04f739da4b7c930efe45900de","messageTitle":"Fixed the issue: when you delete all the task and create a task and delete  this task, it will not be able to delete for this edge case. But the issue is again that you forget to close() scanner.","messageBody":"","fileTypesAndContributionMap":{"txt":{"insertions":0,"deletions":1},"java":{"insertions":2,"deletions":1}}},{"hash":"c55099b62ed46f20d61786bc92214f12a4d4a129","messageTitle":"Removed Useless Notes","messageBody":"","fileTypesAndContributionMap":{"txt":{"insertions":0,"deletions":16}}},{"hash":"1f631481c2c649dfadea2972ff7415f5247cb4d9","messageTitle":"Removed useless comments and moved wait() to another class.","messageBody":"","fileTypesAndContributionMap":{"java":{"insertions":22,"deletions":98}}}]}]},"authorFileTypeContributionMap":{"YEOWEIHNGWHYELAB":{"java":1031,"md":0,"fxml":0,"sh":0,"bat":3,"gradle":0,"txt":142}},"authorContributionVariance":{"YEOWEIHNGWHYELAB":3776.575},"authorDisplayNameMap":{"YEOWEIHNGWHYELAB":"CS2113T-F11-2 YEO .. HNG"}}
