{"authorDailyContributionsMap":{"YEOWEIHNGWHYELAB":[{"date":"2021-08-15","commitResults":[{"hash":"0db9220fe8d2723be19c02dc218df8552d120d6c","messageTitle":"First increment of Hi Bye","messageBody":"","tags":["Level-0"],"fileTypesAndContributionMap":{"java":{"insertions":7,"deletions":0}}}]},{"date":"2021-08-24","commitResults":[{"hash":"a271b595fe6d4528001426ecdfe184a47219742b","messageTitle":"Level-1, Chat Bot parrots whatever user mention except bye","messageBody":"","tags":["Level-1"],"fileTypesAndContributionMap":{"txt":{"insertions":19,"deletions":0},"java":{"insertions":44,"deletions":2}}},{"hash":"9e35d59fe094885e3fe8e25e6d44e8c377551668","messageTitle":"Level-2, added array of strings to store user input text \u0026 display when list is entered.","messageBody":"","tags":["Level-2"],"fileTypesAndContributionMap":{"java":{"insertions":19,"deletions":3}}},{"hash":"ad2a32f621b9108e10308ae42d7faee7111d9392","messageTitle":"Level-3. Added \"mark task as done\" functionality \u0026 comments. Move some code from main method to some other method.","messageBody":"","tags":["Level-3"],"fileTypesAndContributionMap":{"java":{"insertions":129,"deletions":33}}}]},{"date":"2021-08-25","commitResults":[{"hash":"4f642c31190533e9fa7711995557f44c7491d4a0","messageTitle":"A-CodingStandard","messageBody":"Change code format to the specified java coding standard\n","tags":["A-CodingStandard"],"fileTypesAndContributionMap":{"java":{"insertions":6,"deletions":6}}}]},{"date":"2021-08-31","commitResults":[{"hash":"4e1a06d7b1b255a50d49547c2295281a22dcd51e","messageTitle":"Level-4","messageBody":"Added 3 different task types - ToDos, Deadlines, Events through the use of A-Inheritance\n","tags":["Level-4"],"fileTypesAndContributionMap":{"txt":{"insertions":41,"deletions":1},"java":{"insertions":113,"deletions":9}}}]},{"date":"2021-09-01","commitResults":[{"hash":"e5de095852efddd37872d91e793c5a31d4f2d40c","messageTitle":"A-CodeQuality","messageBody":"Done several refactoring that move long code from the main method into a class.\nMade some tweaks to the output format of the chatbot.\nAdded comments to some methods and class.\nCreated a new folder for text file containing ASCII art (text-art).\n","tags":["A-CodeQuality"],"fileTypesAndContributionMap":{"txt":{"insertions":18,"deletions":19},"java":{"insertions":328,"deletions":92}}},{"hash":"30d80627fcd29b1eb472413f85ec092e01ef4c25","messageTitle":"A-TextUiTesting","messageBody":"Reformatted some of the output text.\nMade tiny changes to variable names.\nMade changes such that the chat bot can handle description with a whitespace \" \".\nRemoved any non-ASCII characters in the text art to prevent the runtest.bat from throwing errors.\nAdded test cases and expected outcome to test all the commands.\nAdded a copy of the text-art folder into the text-ui-test as the working directory of that is different.\nAll test case passed...\n","tags":["A-TextUiTesting"],"fileTypesAndContributionMap":{"txt":{"insertions":76,"deletions":1},"java":{"insertions":9,"deletions":7}}}]},{"date":"2021-09-06","commitResults":[{"hash":"bec5560031b19b028f21931c031060bbb2961e02","messageTitle":"A-Exceptions","messageBody":"Added DukeException class which extends upon Exception.\n","fileTypesAndContributionMap":{"java":{"insertions":57,"deletions":34}}},{"hash":"d7d5ffb0b79aad406a27b36f38cfdaaa3a85f6a3","messageTitle":"Level-5","messageBody":"Added more error handling - check if event and deadline command format has \" /by \" or \" /at \" and must have both description \u0026 time.\nUpdated the text-ui-test.\n","tags":["Error-Handle"],"fileTypesAndContributionMap":{"txt":{"insertions":6,"deletions":0},"java":{"insertions":60,"deletions":17}}},{"hash":"a1753d3dcc07e2dd455dca59177a0676fd80cf2e","messageTitle":"A-Packages","messageBody":"Made changes to the runtest.bat file to account for packages.\nPackage is structured as duke with commandHandler, textPrinter, taskType, exceptionHandler.\n","fileTypesAndContributionMap":{"java":{"insertions":24,"deletions":0},"bat":{"insertions":1,"deletions":1}}}]},{"date":"2021-09-08","commitResults":[{"hash":"8bf20ab138ddef633fe288774b8a0094eff5aa4e","messageTitle":"Made changes to the error message","messageBody":"","fileTypesAndContributionMap":{"java":{"insertions":1,"deletions":1}}},{"hash":"2bb61394f0bafa9694499acda1ceda3e032440d0","messageTitle":"Added command to the ui-test","messageBody":"","fileTypesAndContributionMap":{"txt":{"insertions":1,"deletions":0}}},{"hash":"51702d171cb3b7bf242c82966eeb8f3c78ad078a","messageTitle":"debugging ui-test","messageBody":"","fileTypesAndContributionMap":{"txt":{"insertions":0,"deletions":1},"java":{"insertions":1,"deletions":1}}},{"hash":"ec62e9bed051f5707bbcddaa0f33fb96d13aec33","messageTitle":"made changes to some comments","messageBody":"","fileTypesAndContributionMap":{"java":{"insertions":3,"deletions":3}}},{"hash":"fcadfb38e040660e5d3517b49be6adb56f7bdeb0","messageTitle":"Changes to comments","messageBody":"","fileTypesAndContributionMap":{"java":{"insertions":1,"deletions":1}}},{"hash":"b1ad500b6fe9491900bc9a19354613b7a17dcf59","messageTitle":"Level-5-Branch","messageBody":"","fileTypesAndContributionMap":{"java":{"insertions":1,"deletions":0}}},{"hash":"d5f055605b586f43b17030b78ae2c19ec9c7c4e2","messageTitle":"Warning for IO Exception","messageBody":"","fileTypesAndContributionMap":{"java":{"insertions":1,"deletions":0}}}]},{"date":"2021-09-09","commitResults":[{"hash":"87a2e9ede1a2449bdc4820d507a93ccddc4325b0","messageTitle":"Fixed the runtest.bat issue","messageBody":"","fileTypesAndContributionMap":{"bat":{"insertions":3,"deletions":2}}},{"hash":"d7483a1a47b887f82252d6d7a977fb89605cd63d","messageTitle":"Added todo notes file","messageBody":"","fileTypesAndContributionMap":{"txt":{"insertions":0,"deletions":0}}},{"hash":"0fa2347d9f929171469e7c61e1c1c5d10e23bdbc","messageTitle":"Test notes","messageBody":"","fileTypesAndContributionMap":{"txt":{"insertions":3,"deletions":0}}},{"hash":"aa703379b5c05e74ef92e1884eb93bbede5b7b28","messageTitle":"notes","messageBody":"","fileTypesAndContributionMap":{"txt":{"insertions":1,"deletions":0}}},{"hash":"0e5ff3de799921c28a01b0af128a06feafd0c933","messageTitle":"naming","messageBody":"","fileTypesAndContributionMap":{"txt":{"insertions":1,"deletions":1}}},{"hash":"3a08024fa35921cf3b913bd43cb6ef4ba13b5a18","messageTitle":"Updated notes for text-art and To-Do for text-ui-test.","messageBody":"","fileTypesAndContributionMap":{"txt":{"insertions":7,"deletions":4}}},{"hash":"c54c79c85c81ecaeda6c29d2dcdc1f67af7a18cc","messageTitle":"Tweak Exception format","messageBody":"","fileTypesAndContributionMap":{"java":{"insertions":0,"deletions":30}}},{"hash":"b78c057248103bc51e234778a78d36cb5ad9930f","messageTitle":"Level-5","messageBody":"Added more Exception handling for the thrown exception.\n","fileTypesAndContributionMap":{"java":{"insertions":30,"deletions":0}}},{"hash":"dd5ac7c6ccf718b458afa4a26cf607f419a9254c","messageTitle":"Added exception handling for when \"todo \" is entered with whitespace but without description.","messageBody":"","tags":["A-Exceptions"],"fileTypesAndContributionMap":{"txt":{"insertions":1,"deletions":0},"java":{"insertions":4,"deletions":0}}},{"hash":"c583fea265b5feba12c49f4663d436ab9556c193","messageTitle":"Changed Structure","messageBody":"","fileTypesAndContributionMap":{"java":{"insertions":0,"deletions":0}}},{"hash":"f2ba15b3003a694abb6b540cc55402a907ac42e1","messageTitle":"Change Structure","messageBody":"","fileTypesAndContributionMap":{"java":{"insertions":1,"deletions":2}}},{"hash":"c6578b58ec501559a095718d4fecdb97a0f68224","messageTitle":"Restructure Package","messageBody":"","fileTypesAndContributionMap":{"java":{"insertions":2,"deletions":1}}}]},{"date":"2021-09-10","commitResults":[{"hash":"b6dcc36337daa4c7ae49e569d9c6fc33e20dfa90","messageTitle":"update readme","messageBody":"","fileTypesAndContributionMap":{"txt":{"insertions":1,"deletions":1}}}]},{"date":"2021-09-13","commitResults":[{"hash":"2a14aa704d73e1177137f243c1b9259f53a0fd56","messageTitle":"A-Collections","messageBody":"Uses Java Collections class to store data instead of the Task[] array.\nMade some changes to formating of done command\u0027s print statement.\n","fileTypesAndContributionMap":{"java":{"insertions":17,"deletions":1}}},{"hash":"803f5f6039206680e02fca17cec9fd38baa85bdf","messageTitle":"Update UI-Test Updated the code to work with the Java Collection Added delete command and fixed the bugs of incorrect numbering","messageBody":"","tags":["A-Collections"],"fileTypesAndContributionMap":{"txt":{"insertions":5,"deletions":0},"java":{"insertions":40,"deletions":12}}},{"hash":"2b6e686d2a3de717a87ec5aa210e0efa9905386d","messageTitle":"Level-6","messageBody":"Final changes to text-ui-test and final bug fixes for Level-6\n","tags":["Level-6"],"fileTypesAndContributionMap":{"java":{"insertions":2,"deletions":1}}},{"hash":"481aa345067e666d37645b9d8f53340ff189d601","messageTitle":"First attempt of Level-7","messageBody":"I have only implemented load .txt file. Have not implemented save .txt yet.\n","fileTypesAndContributionMap":{"txt":{"insertions":4,"deletions":0},"java":{"insertions":67,"deletions":1}}},{"hash":"1fbf54c3bba0be5ca9d829eaa8dc6fdaa53da1d2","messageTitle":"Added support for mkdir","messageBody":"","fileTypesAndContributionMap":{"java":{"insertions":25,"deletions":10}}},{"hash":"3b986ad7772650f401e97e7e89d4b18cf951887f","messageTitle":"Finalized load duke.txt by adding done features...","messageBody":"","fileTypesAndContributionMap":{"txt":{"insertions":4,"deletions":4},"java":{"insertions":76,"deletions":6}}},{"hash":"73ccd0f92745eeebaf053fe8e4301180d4e8f088","messageTitle":"Level-7","messageBody":"Final Changes - Made it so that the save works with all types of tasks.\n","tags":["Level-7"],"fileTypesAndContributionMap":{"txt":{"insertions":5,"deletions":2},"java":{"insertions":131,"deletions":11}}},{"hash":"7bc34fe795a88ec72cc429ac1734302f71894fb6","messageTitle":"Added deletion to the duke,txt. Deletion issue not fixed yet as files could not be successfully removed.","messageBody":"","fileTypesAndContributionMap":{"txt":{"insertions":1,"deletions":1},"java":{"insertions":104,"deletions":2}}},{"hash":"5d62135e0d6b36f2a19e5ad34d155fae6eed29e4","messageTitle":"Fixed the cannot delete file issue, the reason is because you forgot to .close() one of your scanner... I\u0027m an idiot...","messageBody":"","fileTypesAndContributionMap":{"txt":{"insertions":1,"deletions":4},"java":{"insertions":12,"deletions":6}}}]},{"date":"2021-09-14","commitResults":[{"hash":"a6c99d37495593cef913f92e6bc07ceddeb5f3a0","messageTitle":"A-Jar","messageBody":"Built artifact.\n","tags":["A-Jar"],"fileTypesAndContributionMap":{"txt":{"insertions":3,"deletions":0}}}]},{"date":"2021-09-15","commitResults":[{"hash":"f03832b1d8b71fd504521f8188243618bcbc5002","messageTitle":"Prevented user from entering the exact same description and at/by","messageBody":"","fileTypesAndContributionMap":{"txt":{"insertions":9,"deletions":3},"java":{"insertions":89,"deletions":45}}},{"hash":"6e4ea1db3018a37fe9f3d93dc20fdee4c129db4a","messageTitle":"ensure no newline if the duke.txt is empty","messageBody":"","fileTypesAndContributionMap":{"txt":{"insertions":1,"deletions":7},"java":{"insertions":89,"deletions":58}}},{"hash":"3b6a06cd29b5a1f04f739da4b7c930efe45900de","messageTitle":"Fixed the issue: when you delete all the task and create a task and delete  this task, it will not be able to delete for this edge case. But the issue is again that you forget to close() scanner.","messageBody":"","fileTypesAndContributionMap":{"txt":{"insertions":0,"deletions":1},"java":{"insertions":2,"deletions":1}}},{"hash":"c55099b62ed46f20d61786bc92214f12a4d4a129","messageTitle":"Removed Useless Notes","messageBody":"","fileTypesAndContributionMap":{"txt":{"insertions":0,"deletions":16}}},{"hash":"1f631481c2c649dfadea2972ff7415f5247cb4d9","messageTitle":"Removed useless comments and moved wait() to another class.","messageBody":"","fileTypesAndContributionMap":{"java":{"insertions":22,"deletions":98}}}]},{"date":"2021-09-16","commitResults":[{"hash":"deda7fce6ee96de230a8139f38eeae8d00d94b70","messageTitle":"Removed deep nested if else from duke.class","messageBody":"","fileTypesAndContributionMap":{"java":{"insertions":91,"deletions":82}}},{"hash":"0cd04aeb08cb06567f1536f8de8bed7f3f942330","messageTitle":"fixed issue of file cannot delete when you have 2 exact same description which triggered a warning -\u003e afterwards won\u0027t be able to delete anything because it returned control before the .close() operation.","messageBody":"","fileTypesAndContributionMap":{"txt":{"insertions":4,"deletions":0},"java":{"insertions":2,"deletions":1}}},{"hash":"f906f5d020f3d890d8fe52a8cfe041296bf4f401","messageTitle":"refactoring some methods","messageBody":"","fileTypesAndContributionMap":{"txt":{"insertions":0,"deletions":4},"java":{"insertions":53,"deletions":49}}},{"hash":"41f16d5d542d4228c91d8808b1a6f56bf3d559ae","messageTitle":"Fixed done command which will introduce a newline to the end incorrectly","messageBody":"","fileTypesAndContributionMap":{"txt":{"insertions":2,"deletions":0},"java":{"insertions":8,"deletions":3}}}]},{"date":"2021-09-17","commitResults":[{"hash":"728da1bfc952c803ab61f6fcf9a79e7618ec7d44","messageTitle":"added referencing","messageBody":"","fileTypesAndContributionMap":{"txt":{"insertions":0,"deletions":2},"java":{"insertions":11,"deletions":4}}},{"hash":"88321f48ad390f243860bb64cf309a203bde5921","messageTitle":"Fixed bug -\u003e When deleting the last task of a list of \u003e2 items, there will be a newline incorrectly introduced in duke.txt","messageBody":"","fileTypesAndContributionMap":{"txt":{"insertions":1,"deletions":0},"java":{"insertions":16,"deletions":7}}}]},{"date":"2021-09-19","commitResults":[{"hash":"93a23124cddacc04cdada04aa904f8ac6f8b3678","messageTitle":"moved deletion, addTask, finishedTask, listTask to TaskList class in duke","messageBody":"","fileTypesAndContributionMap":{"txt":{"insertions":2,"deletions":1},"java":{"insertions":260,"deletions":201}}},{"hash":"f6efa9f38a28b58635a2d582fb9ef6de8c54d7c5","messageTitle":"create .run()","messageBody":"","fileTypesAndContributionMap":{"txt":{"insertions":2,"deletions":2},"java":{"insertions":48,"deletions":22}}},{"hash":"df24a39b0d020eb46f85520e85478eaaa1d8ba9f","messageTitle":"fixed if deletion of task leads to a unwanted newline on text file.","messageBody":"","fileTypesAndContributionMap":{"txt":{"insertions":2,"deletions":2},"java":{"insertions":13,"deletions":6}}},{"hash":"fd8b68f0184795119e672366b15134cfbc833321","messageTitle":"move the task counter and the ArrayList to TaskList","messageBody":"","fileTypesAndContributionMap":{"java":{"insertions":40,"deletions":89}}},{"hash":"6952b0884163def167537a2607741945c2ec978a","messageTitle":"change name of SaveTaskListToText to storage","messageBody":"","fileTypesAndContributionMap":{"txt":{"insertions":3,"deletions":1},"java":{"insertions":361,"deletions":371}}},{"hash":"bf7b8d8717ca0ae78d202711ae11cd5ce320815e","messageTitle":"move the if elseif check for the type of command to duke.commandHandler","messageBody":"","fileTypesAndContributionMap":{"txt":{"insertions":5,"deletions":2},"java":{"insertions":109,"deletions":104}}},{"hash":"7dffcf0da4b10fa1e0a06ac9ae6586d27191afe2","messageTitle":"added formatted date for deadline only","messageBody":"","fileTypesAndContributionMap":{"txt":{"insertions":1,"deletions":2},"java":{"insertions":36,"deletions":1}}},{"hash":"965eeda72a7d55e154cdaa25b2ae760d5489e1a2","messageTitle":"added formatted date to event and fixed issue where deletion of event and deadline would fail","messageBody":"","fileTypesAndContributionMap":{"txt":{"insertions":2,"deletions":6},"java":{"insertions":58,"deletions":11}}}]},{"date":"2021-09-20","commitResults":[{"hash":"c91fae97950801e88da249dd7598d3933eecfe63","messageTitle":"added find command and changed time format when printing.","messageBody":"","fileTypesAndContributionMap":{"txt":{"insertions":3,"deletions":1},"java":{"insertions":31,"deletions":2}}},{"hash":"80549dcd8ffed9faa2ab7906c4eb8fad4333620c","messageTitle":"find command will throw exception when no keyword is given","messageBody":"","tags":["Level-9"],"fileTypesAndContributionMap":{"txt":{"insertions":5,"deletions":4},"java":{"insertions":6,"deletions":1}}},{"hash":"fc783c808919083b20d6c14815a3a415f839c199","messageTitle":"Added comments for most files. Except Storage","messageBody":"","fileTypesAndContributionMap":{"java":{"insertions":128,"deletions":9}}},{"hash":"6f43e1af1a4c767439d6373d91d659fc5a2b375c","messageTitle":"comment for Storage","messageBody":"","tags":["A-JavaDoc"],"fileTypesAndContributionMap":{"java":{"insertions":73,"deletions":15}}},{"hash":"66bac4ff490e03fc82155df4fdb14f682664930d","messageTitle":"Small formatting on duke.java","messageBody":"","fileTypesAndContributionMap":{"java":{"insertions":0,"deletions":1}}},{"hash":"a2557b42536811de3747a512fb49fbc3d68cab8e","messageTitle":"made changes to comments for referencing.","messageBody":"","fileTypesAndContributionMap":{"java":{"insertions":27,"deletions":24}}},{"hash":"79bfb99534ad0ca7a73f435b0a903f21879d240e","messageTitle":"changes to event datetime formatting","messageBody":"","fileTypesAndContributionMap":{"txt":{"insertions":1,"deletions":2},"java":{"insertions":3,"deletions":5}}},{"hash":"10817090ef0eb402d6e5c5225ad2ade46fe1d417","messageTitle":"listed out all command","messageBody":"","fileTypesAndContributionMap":{"txt":{"insertions":1,"deletions":4},"md":{"insertions":11,"deletions":2}}},{"hash":"5f57a5a58282a65f216f484e71dc8d382b3c17b6","messageTitle":"describe find.","messageBody":"","fileTypesAndContributionMap":{"txt":{"insertions":2,"deletions":0},"md":{"insertions":21,"deletions":9}}},{"hash":"5baab66acebe1fb668d374d3e8591f88d93117f6","messageTitle":"add description for todo event deadline","messageBody":"","fileTypesAndContributionMap":{"txt":{"insertions":4,"deletions":1},"md":{"insertions":66,"deletions":0}}},{"hash":"34bb6517cb52203b9b8f3fb96fb34085bea30f46","messageTitle":"describe all commands","messageBody":"","fileTypesAndContributionMap":{"txt":{"insertions":2,"deletions":3},"md":{"insertions":68,"deletions":30}}},{"hash":"e1692ea80e9aa767e280e9a11dbc0a3d8a15619b","messageTitle":"added title for intro","messageBody":"","fileTypesAndContributionMap":{"md":{"insertions":2,"deletions":0}}},{"hash":"b8ad971bda57e79b160b7d9cce5872dfc058b066","messageTitle":"added help command","messageBody":"","fileTypesAndContributionMap":{"txt":{"insertions":92,"deletions":1},"java":{"insertions":17,"deletions":2},"md":{"insertions":6,"deletions":0}}},{"hash":"dfbc53274a554c15a5a96ddafc0521f46498778e","messageTitle":"updated help example on README","messageBody":"","fileTypesAndContributionMap":{"md":{"insertions":2,"deletions":0}}},{"hash":"8f9c0b65041a9c40137bf083552f6e4d2ca0caf4","messageTitle":"format intro","messageBody":"","fileTypesAndContributionMap":{"md":{"insertions":1,"deletions":1}}},{"hash":"f276f749947848471077c148d12caa9119004681","messageTitle":"remove format for intro","messageBody":"","fileTypesAndContributionMap":{"md":{"insertions":1,"deletions":1}}},{"hash":"6dfc56cfc4b515c853b9148b7889bda8d5215aac","messageTitle":"test formatting for features","messageBody":"","fileTypesAndContributionMap":{"md":{"insertions":2,"deletions":2}}},{"hash":"2eae505896f74018dc1700c85c9a2479dc3ea1ea","messageTitle":"Added bye description","messageBody":"","fileTypesAndContributionMap":{"txt":{"insertions":3,"deletions":1},"md":{"insertions":4,"deletions":0}}}]},{"date":"2021-09-21","commitResults":[{"hash":"b176a81586232afcee84c70bb881b0588febaf9b","messageTitle":"added bye description","messageBody":"","fileTypesAndContributionMap":{"md":{"insertions":29,"deletions":2}}},{"hash":"e935cd361e7181ef059e83168232a965d65ac904","messageTitle":"Update README.md","messageBody":"","fileTypesAndContributionMap":{"md":{"insertions":2,"deletions":2}}}]},{"date":"2021-09-23","commitResults":[{"hash":"85c0b7d94e8b5c799acee1a4b9172ba529cfa332","messageTitle":"Update README.md","messageBody":"","fileTypesAndContributionMap":{"md":{"insertions":1,"deletions":1}}}]},{"date":"2021-09-25","commitResults":[{"hash":"92d7184611ef6b7a75d656e8c9c9d6c0112c49af","messageTitle":"Added more description for error in adding event/deadline. Package CommandHandler.","messageBody":"","fileTypesAndContributionMap":{"java":{"insertions":9,"deletions":4}}},{"hash":"586d2e012c20759dd57377db9563995379c32b94","messageTitle":"added more features description","messageBody":"","fileTypesAndContributionMap":{"md":{"insertions":15,"deletions":2}}}]},{"date":"2021-09-26","commitResults":[{"hash":"4d82a2080a31a78ac3409baa38ef9f8d3fcaab47","messageTitle":"create border CONSTANT and minor variable name changes","messageBody":"","fileTypesAndContributionMap":{"java":{"insertions":43,"deletions":34}}},{"hash":"c517ee907cfd7df2df687b02ec266c09c9bfdb31","messageTitle":"update document features and getting started","messageBody":"","fileTypesAndContributionMap":{"md":{"insertions":57,"deletions":1}}},{"hash":"7c28550020597ce53bd67ad8c84fc9e17c99c22f","messageTitle":"Update README.md","messageBody":"","fileTypesAndContributionMap":{"md":{"insertions":1,"deletions":1}}},{"hash":"59dd380c1b8bbaf4a8588b03627bcb46d0e0fa21","messageTitle":"Update README.md","messageBody":"","fileTypesAndContributionMap":{"md":{"insertions":1,"deletions":1}}},{"hash":"d0b8c35482b366cfd8cd140eb8469fc70935f6b4","messageTitle":"Update README.md","messageBody":"","fileTypesAndContributionMap":{"md":{"insertions":1,"deletions":1}}},{"hash":"fa40c8f8cde45676055932ac9466cdd030e545fd","messageTitle":"added content and summary to docs","messageBody":"","fileTypesAndContributionMap":{"md":{"insertions":23,"deletions":2}}},{"hash":"4a14c0fc8ec925946384994b7de6507092a603a8","messageTitle":"Update README.md","messageBody":"","fileTypesAndContributionMap":{"md":{"insertions":4,"deletions":0}}},{"hash":"71a0adcf4f434da6d57b076d08d163841bd9153b","messageTitle":"update content of doc","messageBody":"","fileTypesAndContributionMap":{"md":{"insertions":18,"deletions":0}}},{"hash":"8bc1d39387a9fe4dc6803e39616b8d414f973b05","messageTitle":"Update README.md","messageBody":"","fileTypesAndContributionMap":{"md":{"insertions":3,"deletions":2}}},{"hash":"e3feafeb9bcedca231fdb99ed52e65a17f959ba2","messageTitle":"Update README.md","messageBody":"","fileTypesAndContributionMap":{"md":{"insertions":10,"deletions":0}}},{"hash":"a27515799f1cdabba9a5a24b96899056cd1731fd","messageTitle":"Update README.md","messageBody":"","fileTypesAndContributionMap":{"md":{"insertions":0,"deletions":10}}},{"hash":"3f723f5d75c7b7798d8731d22eb5ea725d35c9ee","messageTitle":"Update README.md","messageBody":"","fileTypesAndContributionMap":{"md":{"insertions":5,"deletions":0}}},{"hash":"0c680a0cae44c25b17605f7ab7d9ed8bc149f305","messageTitle":"Update README.md","messageBody":"","fileTypesAndContributionMap":{"md":{"insertions":3,"deletions":3}}},{"hash":"655187987d28209e3fc7ce9b26ff5eab34bcbc7e","messageTitle":"Update README.md","messageBody":"","fileTypesAndContributionMap":{"md":{"insertions":3,"deletions":2}}},{"hash":"d31a017f2c33c5be471ebc5ed1766d993ffb3478","messageTitle":"Update README.md","messageBody":"","fileTypesAndContributionMap":{"md":{"insertions":7,"deletions":7}}},{"hash":"fd8a0674e7c30f1bccc610e02b9107e0ac8f8582","messageTitle":"doc content changes","messageBody":"","fileTypesAndContributionMap":{"md":{"insertions":19,"deletions":19}}},{"hash":"1e2dbf4a8bad4ec7e59474d2fb8c1e0993887cf4","messageTitle":"minor changes to doc content","messageBody":"","fileTypesAndContributionMap":{"md":{"insertions":1,"deletions":1}}},{"hash":"4f17553a034fdac0d434ecc4b497e32184f725da","messageTitle":"added comments and fixed bug (trailing white space on 2 exact task will result in incorrect deletion) at Storage.java","messageBody":"","tags":["A-Release"],"fileTypesAndContributionMap":{"java":{"insertions":31,"deletions":5}}},{"hash":"a1ad39222b41c7d91fa52c8a23979066233e61bc","messageTitle":"Update README.md","messageBody":"","fileTypesAndContributionMap":{"md":{"insertions":4,"deletions":3}}},{"hash":"cbd6dfc78c456e24a9fe10e963e22bad9398833c","messageTitle":"Update README.md","messageBody":"","fileTypesAndContributionMap":{"md":{"insertions":1,"deletions":0}}},{"hash":"3b1259009caa72371b028f388e0c65f4a2d9c7cf","messageTitle":"Update README.md","messageBody":"","fileTypesAndContributionMap":{"md":{"insertions":1,"deletions":0}}},{"hash":"27d1a4b769873f25f1ba36dad82a96bde1ddb049","messageTitle":"change app name","messageBody":"","fileTypesAndContributionMap":{"md":{"insertions":1,"deletions":1}}},{"hash":"4e5bfc4ced821ecf4b912e169125ae0cc3664e8a","messageTitle":"getting started changes","messageBody":"","fileTypesAndContributionMap":{"md":{"insertions":2,"deletions":2}}}]}]},"authorFileTypeContributionMap":{"YEOWEIHNGWHYELAB":{"java":1268,"md":296,"fxml":0,"sh":0,"bat":3,"gradle":0,"txt":240}},"authorContributionVariance":{"YEOWEIHNGWHYELAB":18163.04},"authorDisplayNameMap":{"YEOWEIHNGWHYELAB":"CS2113T-F11-2 YEO .. HNG"}}
