{"authorDailyContributionsMap":{"leeyikai":[{"date":"2021-08-20","commitResults":[{"hash":"ba42358649fbdcfc0990e62120d90d45bd762ac9","messageTitle":"feat: week 1 tasks","messageBody":"","fileTypesAndContributionMap":{"java":{"insertions":7,"deletions":0}}}]},{"date":"2021-08-26","commitResults":[{"hash":"3a41612019a1406624c8254cc6d2a82e3003fe72","messageTitle":"feat: added week 3 level 1","messageBody":"","tags":["Level-1"],"fileTypesAndContributionMap":{"java":{"insertions":18,"deletions":4}}},{"hash":"6ca4278ea60a9327d46bfc3c7aab10fabea85911","messageTitle":"feat: added week 3 level 2","messageBody":"","tags":["Level-2"],"fileTypesAndContributionMap":{"java":{"insertions":16,"deletions":9}}},{"hash":"4aae15dc203d609c7111f6e4708b655015dda35c","messageTitle":"feat: added week 3 level 3","messageBody":"","tags":["Level-3"],"fileTypesAndContributionMap":{"java":{"insertions":29,"deletions":13}}},{"hash":"596a3060148f5e85ac4303c0a90d4696da23cb28","messageTitle":"fix: fit coding standard","messageBody":"","fileTypesAndContributionMap":{"java":{"insertions":7,"deletions":6}}}]},{"date":"2021-08-27","commitResults":[{"hash":"50076fdf94d2572d19cb18f726c336200955bd23","messageTitle":"fix: wrong constant name","messageBody":"","tags":["A-CodingStandard"],"fileTypesAndContributionMap":{"java":{"insertions":2,"deletions":2}}}]}]},"authorFileTypeContributionMap":{"leeyikai":{"java":44,"md":0,"fxml":0,"sh":0,"bat":0,"gradle":0,"txt":0}},"authorContributionVariance":{"leeyikai":46.27666},"authorDisplayNameMap":{"leeyikai":"CS2113T-T12-2 LEE .. KAI"}}
