{"authorDailyContributionsMap":{"markuslyq":[{"date":"2021-08-21","commitResults":[{"hash":"4064871cff9a724f420aeabad60edd44bf95b727","messageTitle":"Level - 0","messageBody":"","fileTypesAndContributionMap":{"java":{"insertions":5,"deletions":0}}},{"hash":"f26c424cdc46dd166d1ecf0290558bff40c7d106","messageTitle":"Update Duke.java","messageBody":"Level-0\n","fileTypesAndContributionMap":{"java":{"insertions":0,"deletions":1}}},{"hash":"e91a3bdb1ccce0019f3f949d07e15020454c0c57","messageTitle":"Update Duke.java","messageBody":"Completed Level-0\n","fileTypesAndContributionMap":{"java":{"insertions":1,"deletions":0}}},{"hash":"39ae283d88a43e32e870d1150c663c9fad1876e8","messageTitle":"Commit Level-0","messageBody":"","tags":["Level-0"],"fileTypesAndContributionMap":{"java":{"insertions":1,"deletions":1}}}]},{"date":"2021-08-23","commitResults":[{"hash":"f896d60d4be6bb8f1be46bb1c4f32ffeca95d10d","messageTitle":"Update Duke.java","messageBody":"Level 1. Greet, Echo, Exit\n","tags":["Level-1"],"fileTypesAndContributionMap":{"java":{"insertions":13,"deletions":0}}},{"hash":"79244385d9bde94e178d03ddf4a7d8c66e4f6191","messageTitle":"Update Duke.java","messageBody":"Added the ability to store whatever text entered by the user and display them back to the user when requested.\n","fileTypesAndContributionMap":{"java":{"insertions":17,"deletions":2}}},{"hash":"f0be1567dddb4c1f69a2aa73d11d74dcc630c177","messageTitle":"Update Duke.java","messageBody":"Added the ability to store whatever text entered by the user and display them back to the user when requested.\n","fileTypesAndContributionMap":{"java":{"insertions":3,"deletions":3}}},{"hash":"2138bfe61a9c33760cbb0a4df1775479e3de948d","messageTitle":"Create Task.java","messageBody":"Added the ability to store whatever text entered by the user and display them back to the user when requested.\n","tags":["Level-2"],"fileTypesAndContributionMap":{"java":{"insertions":17,"deletions":0}}},{"hash":"d91a7ca89e639f8178461c5308cdcdaaf6bc0e89","messageTitle":"Update Duke.java","messageBody":"Added the ability to mark tasks as done.\n","fileTypesAndContributionMap":{"java":{"insertions":13,"deletions":6}}}]},{"date":"2021-08-26","commitResults":[{"hash":"5c8e935f1675817963849e758f9e22aded2b997c","messageTitle":"Update Duke.java","messageBody":"Added the ability to mark tasks as done.\n","fileTypesAndContributionMap":{"java":{"insertions":16,"deletions":14}}},{"hash":"ab178bb34c3fe5c908d495308df27ac0a55f11ed","messageTitle":"Created a class to represent tasks","messageBody":"","fileTypesAndContributionMap":{"java":{"insertions":1,"deletions":1}}},{"hash":"44bded2d3978a0a04102a90620bd7e01a763cc91","messageTitle":"Added the ability to mark tasks as done","messageBody":"","tags":["Level-3"],"fileTypesAndContributionMap":{"java":{"insertions":6,"deletions":6}}}]},{"date":"2021-08-27","commitResults":[{"hash":"5d12583f930b6128c6a44228596ee9564dfbefb0","messageTitle":"Added the ability to mark tasks as done.","messageBody":"","tags":["A-CodingStandard"],"fileTypesAndContributionMap":{"java":{"insertions":4,"deletions":0}}}]},{"date":"2021-08-31","commitResults":[{"hash":"66618b6b136f26fd020f8e9f15aafc391231c423","messageTitle":"Added support for tracking three types of tasks","messageBody":"","tags":["Level-4"],"fileTypesAndContributionMap":{"java":{"insertions":128,"deletions":30},"sh":{"insertions":0,"deletions":0}}}]}]},"authorFileTypeContributionMap":{"markuslyq":{"java":162,"md":0,"fxml":0,"sh":0,"bat":0,"gradle":0,"txt":0}},"authorContributionVariance":{"markuslyq":140.21083},"authorDisplayNameMap":{"markuslyq":"CS2113-T13-2 MARK.. QIN"}}
