[{"path":"README.md","fileType":"md","lines":[{"lineNumber":1,"author":{"gitId":"ngnigel99"},"content":"\u003c!DOCTYPE html lang\u003d\"en\"\u003e","lastModifiedDate":"2021-09-01"},{"lineNumber":2,"author":{"gitId":"ngnigel99"},"content":" \u003cbody\u003e ","lastModifiedDate":"2021-09-01"},{"lineNumber":3,"author":{"gitId":"ngnigel99"},"content":"  \u003cpre\u003e","lastModifiedDate":"2021-09-01"},{"lineNumber":4,"author":{"gitId":"ngnigel99"},"content":"____        _        ","lastModifiedDate":"2021-09-01"},{"lineNumber":5,"author":{"gitId":"ngnigel99"},"content":"|  _ \\ _   _| | _____ ","lastModifiedDate":"2021-09-01"},{"lineNumber":6,"author":{"gitId":"ngnigel99"},"content":"| | | | | | | |/ / _ \\","lastModifiedDate":"2021-09-01"},{"lineNumber":7,"author":{"gitId":"ngnigel99"},"content":"| |_| | |_| |   \u003c  __/","lastModifiedDate":"2021-09-01"},{"lineNumber":8,"author":{"gitId":"ngnigel99"},"content":"|____/ \\__,_|_|\\_\\___|","lastModifiedDate":"2021-09-01"},{"lineNumber":9,"author":{"gitId":"ngnigel99"},"content":"  \u003c/pre\u003e","lastModifiedDate":"2021-09-01"},{"lineNumber":10,"author":{"gitId":"ngnigel99"},"content":" \u003c/body\u003e","lastModifiedDate":"2021-09-01"},{"lineNumber":11,"author":{"gitId":"ngnigel99"},"content":"\u003c/html\u003e","lastModifiedDate":"2021-09-01"}],"authorContributionMap":{"ngnigel99":11}},{"path":"src/main/java/duke/command/Duke.java","fileType":"java","lines":[{"lineNumber":1,"author":{"gitId":"ngnigel99"},"content":"package duke.command;","lastModifiedDate":"2021-09-08"},{"lineNumber":2,"author":{"gitId":"ngnigel99"},"content":"","lastModifiedDate":"2021-09-08"},{"lineNumber":3,"author":{"gitId":"ngnigel99"},"content":"import duke.exception.DukeException;","lastModifiedDate":"2021-09-08"},{"lineNumber":4,"author":{"gitId":"ngnigel99"},"content":"import duke.task.Mascot;","lastModifiedDate":"2021-09-08"},{"lineNumber":5,"author":{"gitId":"ngnigel99"},"content":"import duke.task.Task;","lastModifiedDate":"2021-09-08"},{"lineNumber":6,"author":{"gitId":"ngnigel99"},"content":"import duke.security.AccountDetail;","lastModifiedDate":"2021-09-08"},{"lineNumber":7,"author":{"gitId":"ngnigel99"},"content":"","lastModifiedDate":"2021-09-08"},{"lineNumber":8,"author":{"gitId":"ngnigel99"},"content":"import java.util.Scanner;","lastModifiedDate":"2021-08-24"},{"lineNumber":9,"author":{"gitId":"ngnigel99"},"content":"","lastModifiedDate":"2021-08-24"},{"lineNumber":10,"author":{"gitId":"-"},"content":"public class Duke {","lastModifiedDate":"2019-07-29"},{"lineNumber":11,"author":{"gitId":"ngnigel99"},"content":"    public static final int STOP_ADD \u003d -1;","lastModifiedDate":"2021-08-29"},{"lineNumber":12,"author":{"gitId":"ngnigel99"},"content":"    public static final int ADD_SUCCESS \u003d 1;","lastModifiedDate":"2021-08-29"},{"lineNumber":13,"author":{"gitId":"ngnigel99"},"content":"    private static boolean isFail \u003d false;","lastModifiedDate":"2021-08-25"},{"lineNumber":14,"author":{"gitId":"ngnigel99"},"content":"    private static int taskCount \u003d 0;","lastModifiedDate":"2021-08-29"},{"lineNumber":15,"author":{"gitId":"ngnigel99"},"content":"    public static void printLine() {","lastModifiedDate":"2021-08-18"},{"lineNumber":16,"author":{"gitId":"ngnigel99"},"content":"        System.out.println(\"                 ...                 \");","lastModifiedDate":"2021-08-18"},{"lineNumber":17,"author":{"gitId":"ngnigel99"},"content":"    }","lastModifiedDate":"2021-08-18"},{"lineNumber":18,"author":{"gitId":"ngnigel99"},"content":"","lastModifiedDate":"2021-08-18"},{"lineNumber":19,"author":{"gitId":"ngnigel99"},"content":"    public static void sayHi(String username) {","lastModifiedDate":"2021-08-25"},{"lineNumber":20,"author":{"gitId":"ngnigel99"},"content":"        printLine();","lastModifiedDate":"2021-08-18"},{"lineNumber":21,"author":{"gitId":"ngnigel99"},"content":"        System.out.println(\"Hello \" + username + \"!\" + \"\\n\" + \"I\u0027m Duke\");","lastModifiedDate":"2021-08-25"},{"lineNumber":22,"author":{"gitId":"ngnigel99"},"content":"        System.out.println(\"What can I do for you?\");","lastModifiedDate":"2021-08-18"},{"lineNumber":23,"author":{"gitId":"ngnigel99"},"content":"        printLine();","lastModifiedDate":"2021-08-18"},{"lineNumber":24,"author":{"gitId":"ngnigel99"},"content":"    }","lastModifiedDate":"2021-08-18"},{"lineNumber":25,"author":{"gitId":"ngnigel99"},"content":"","lastModifiedDate":"2021-08-18"},{"lineNumber":26,"author":{"gitId":"ngnigel99"},"content":"    public static void sayGoodbye() {","lastModifiedDate":"2021-08-18"},{"lineNumber":27,"author":{"gitId":"ngnigel99"},"content":"        printLine();","lastModifiedDate":"2021-08-18"},{"lineNumber":28,"author":{"gitId":"ngnigel99"},"content":"        System.out.println(\"Bye. Hope to see you  again soon!\");","lastModifiedDate":"2021-08-18"},{"lineNumber":29,"author":{"gitId":"ngnigel99"},"content":"        printLine();","lastModifiedDate":"2021-08-18"},{"lineNumber":30,"author":{"gitId":"ngnigel99"},"content":"    }","lastModifiedDate":"2021-08-18"},{"lineNumber":31,"author":{"gitId":"ngnigel99"},"content":"","lastModifiedDate":"2021-08-18"},{"lineNumber":32,"author":{"gitId":"ngnigel99"},"content":"    public static String readInputEchoCommand() {","lastModifiedDate":"2021-09-03"},{"lineNumber":33,"author":{"gitId":"ngnigel99"},"content":"        Scanner in \u003d new Scanner(System.in);","lastModifiedDate":"2021-08-24"},{"lineNumber":34,"author":{"gitId":"ngnigel99"},"content":"        String command \u003d in.nextLine();","lastModifiedDate":"2021-08-24"},{"lineNumber":35,"author":{"gitId":"ngnigel99"},"content":"        System.out.println(\"    \" + command);","lastModifiedDate":"2021-08-24"},{"lineNumber":36,"author":{"gitId":"ngnigel99"},"content":"        return command;","lastModifiedDate":"2021-08-24"},{"lineNumber":37,"author":{"gitId":"ngnigel99"},"content":"    }","lastModifiedDate":"2021-08-24"},{"lineNumber":38,"author":{"gitId":"ngnigel99"},"content":"","lastModifiedDate":"2021-08-24"},{"lineNumber":39,"author":{"gitId":"ngnigel99"},"content":"    public static String printTask(Task item) {","lastModifiedDate":"2021-08-29"},{"lineNumber":40,"author":{"gitId":"ngnigel99"},"content":"        if (item.isToDo()) {","lastModifiedDate":"2021-08-29"},{"lineNumber":41,"author":{"gitId":"ngnigel99"},"content":"            return \" (by: \" + item.getDeadline() + \") \";","lastModifiedDate":"2021-08-29"},{"lineNumber":42,"author":{"gitId":"ngnigel99"},"content":"        }","lastModifiedDate":"2021-08-29"},{"lineNumber":43,"author":{"gitId":"ngnigel99"},"content":"        else if (item.isEvent()) {","lastModifiedDate":"2021-08-29"},{"lineNumber":44,"author":{"gitId":"ngnigel99"},"content":"            return \" (at: \" + item.getEventDescription() + \") \";","lastModifiedDate":"2021-08-29"},{"lineNumber":45,"author":{"gitId":"ngnigel99"},"content":"        }","lastModifiedDate":"2021-08-29"},{"lineNumber":46,"author":{"gitId":"ngnigel99"},"content":"        return \"\";","lastModifiedDate":"2021-08-29"},{"lineNumber":47,"author":{"gitId":"ngnigel99"},"content":"    }","lastModifiedDate":"2021-08-29"},{"lineNumber":48,"author":{"gitId":"ngnigel99"},"content":"","lastModifiedDate":"2021-08-29"},{"lineNumber":49,"author":{"gitId":"ngnigel99"},"content":"    public static void listTasks(Task[] items) {","lastModifiedDate":"2021-08-25"},{"lineNumber":50,"author":{"gitId":"ngnigel99"},"content":"        int in \u003d 1;","lastModifiedDate":"2021-08-25"},{"lineNumber":51,"author":{"gitId":"ngnigel99"},"content":"        System.out.println(\" /          / \");","lastModifiedDate":"2021-08-25"},{"lineNumber":52,"author":{"gitId":"ngnigel99"},"content":"        for (Task item : items) {","lastModifiedDate":"2021-08-25"},{"lineNumber":53,"author":{"gitId":"ngnigel99"},"content":"            if (item !\u003d null) {","lastModifiedDate":"2021-08-25"},{"lineNumber":54,"author":{"gitId":"ngnigel99"},"content":"                String tick \u003d (item.isDone()) ? \"✓\" : \" \";","lastModifiedDate":"2021-08-25"},{"lineNumber":55,"author":{"gitId":"ngnigel99"},"content":"                System.out.println(in + \". \" + \"[\" + item.getType() + \"] \" + \"[\" + tick + \"]\" + \" \" + item.getDescription() + printTask(item));","lastModifiedDate":"2021-08-29"},{"lineNumber":56,"author":{"gitId":"ngnigel99"},"content":"                in++;","lastModifiedDate":"2021-08-25"},{"lineNumber":57,"author":{"gitId":"ngnigel99"},"content":"            }","lastModifiedDate":"2021-08-25"},{"lineNumber":58,"author":{"gitId":"ngnigel99"},"content":"        }","lastModifiedDate":"2021-08-25"},{"lineNumber":59,"author":{"gitId":"ngnigel99"},"content":"        System.out.println(\" /          / \");","lastModifiedDate":"2021-08-25"},{"lineNumber":60,"author":{"gitId":"ngnigel99"},"content":"    }","lastModifiedDate":"2021-08-25"},{"lineNumber":61,"author":{"gitId":"ngnigel99"},"content":"","lastModifiedDate":"2021-08-25"},{"lineNumber":62,"author":{"gitId":"ngnigel99"},"content":"    public static boolean getIsFail() {","lastModifiedDate":"2021-08-25"},{"lineNumber":63,"author":{"gitId":"ngnigel99"},"content":"        return isFail;","lastModifiedDate":"2021-08-25"},{"lineNumber":64,"author":{"gitId":"ngnigel99"},"content":"    }","lastModifiedDate":"2021-08-25"},{"lineNumber":65,"author":{"gitId":"ngnigel99"},"content":"","lastModifiedDate":"2021-08-25"},{"lineNumber":66,"author":{"gitId":"ngnigel99"},"content":"    public static void setIsFail() {","lastModifiedDate":"2021-08-25"},{"lineNumber":67,"author":{"gitId":"ngnigel99"},"content":"        isFail \u003d Boolean.logicalXor(isFail, true);","lastModifiedDate":"2021-08-25"},{"lineNumber":68,"author":{"gitId":"ngnigel99"},"content":"    }","lastModifiedDate":"2021-08-25"},{"lineNumber":69,"author":{"gitId":"ngnigel99"},"content":"","lastModifiedDate":"2021-08-25"},{"lineNumber":70,"author":{"gitId":"ngnigel99"},"content":"    public static void runDuke() {","lastModifiedDate":"2021-08-25"},{"lineNumber":71,"author":{"gitId":"ngnigel99"},"content":"        Scanner in \u003d new Scanner(System.in);","lastModifiedDate":"2021-08-25"},{"lineNumber":72,"author":{"gitId":"ngnigel99"},"content":"        if (isDukeFail()) {","lastModifiedDate":"2021-09-03"},{"lineNumber":73,"author":{"gitId":"ngnigel99"},"content":"            return;","lastModifiedDate":"2021-09-03"},{"lineNumber":74,"author":{"gitId":"ngnigel99"},"content":"        }","lastModifiedDate":"2021-09-03"},{"lineNumber":75,"author":{"gitId":"ngnigel99"},"content":"        setupUsernamePassword(in);","lastModifiedDate":"2021-08-29"},{"lineNumber":76,"author":{"gitId":"ngnigel99"},"content":"        sayHi(AccountDetail.getUsername());","lastModifiedDate":"2021-08-25"},{"lineNumber":77,"author":{"gitId":"ngnigel99"},"content":"        String command;","lastModifiedDate":"2021-08-24"},{"lineNumber":78,"author":{"gitId":"ngnigel99"},"content":"        Task[] taskList \u003d new Task[100];","lastModifiedDate":"2021-08-25"},{"lineNumber":79,"author":{"gitId":"ngnigel99"},"content":"        do {","lastModifiedDate":"2021-08-25"},{"lineNumber":80,"author":{"gitId":"ngnigel99"},"content":"            command \u003d in.nextLine();","lastModifiedDate":"2021-08-25"},{"lineNumber":81,"author":{"gitId":"ngnigel99"},"content":"            switch (command) {","lastModifiedDate":"2021-08-25"},{"lineNumber":82,"author":{"gitId":"ngnigel99"},"content":"            case (\"list\"):","lastModifiedDate":"2021-08-25"},{"lineNumber":83,"author":{"gitId":"ngnigel99"},"content":"                listTasks(taskList);","lastModifiedDate":"2021-08-25"},{"lineNumber":84,"author":{"gitId":"ngnigel99"},"content":"                break;","lastModifiedDate":"2021-08-25"},{"lineNumber":85,"author":{"gitId":"ngnigel99"},"content":"            case (\"add\"):","lastModifiedDate":"2021-08-25"},{"lineNumber":86,"author":{"gitId":"ngnigel99"},"content":"                addTaskToList(in, taskList);","lastModifiedDate":"2021-08-29"},{"lineNumber":87,"author":{"gitId":"ngnigel99"},"content":"                break;","lastModifiedDate":"2021-08-25"},{"lineNumber":88,"author":{"gitId":"ngnigel99"},"content":"            case (\"done\"):","lastModifiedDate":"2021-08-25"},{"lineNumber":89,"author":{"gitId":"ngnigel99"},"content":"                markTasksAsDone(in, taskList);","lastModifiedDate":"2021-08-29"},{"lineNumber":90,"author":{"gitId":"ngnigel99"},"content":"                break;","lastModifiedDate":"2021-08-25"},{"lineNumber":91,"author":{"gitId":"ngnigel99"},"content":"            case (\"clear\"):","lastModifiedDate":"2021-08-25"},{"lineNumber":92,"author":{"gitId":"ngnigel99"},"content":"                taskList \u003d clearTaskList();","lastModifiedDate":"2021-08-29"},{"lineNumber":93,"author":{"gitId":"ngnigel99"},"content":"                break;","lastModifiedDate":"2021-08-25"},{"lineNumber":94,"author":{"gitId":"ngnigel99"},"content":"            case (\"mascot\"):","lastModifiedDate":"2021-08-25"},{"lineNumber":95,"author":{"gitId":"ngnigel99"},"content":"                mascotSay(in);","lastModifiedDate":"2021-08-29"},{"lineNumber":96,"author":{"gitId":"ngnigel99"},"content":"                break;","lastModifiedDate":"2021-08-25"},{"lineNumber":97,"author":{"gitId":"ngnigel99"},"content":"            case(\"echo\"):","lastModifiedDate":"2021-08-26"},{"lineNumber":98,"author":{"gitId":"ngnigel99"},"content":"                readInputEchoCommand();","lastModifiedDate":"2021-09-03"},{"lineNumber":99,"author":{"gitId":"ngnigel99"},"content":"                break;","lastModifiedDate":"2021-08-26"},{"lineNumber":100,"author":{"gitId":"ngnigel99"},"content":"            case(\"todo\"):","lastModifiedDate":"2021-08-29"},{"lineNumber":101,"author":{"gitId":"ngnigel99"},"content":"                addTodoToList(in, taskList);","lastModifiedDate":"2021-08-29"},{"lineNumber":102,"author":{"gitId":"ngnigel99"},"content":"                break;","lastModifiedDate":"2021-08-29"},{"lineNumber":103,"author":{"gitId":"ngnigel99"},"content":"            case(\"event\"):","lastModifiedDate":"2021-08-29"},{"lineNumber":104,"author":{"gitId":"ngnigel99"},"content":"                addEventToList(in, taskList);","lastModifiedDate":"2021-08-29"},{"lineNumber":105,"author":{"gitId":"ngnigel99"},"content":"                break;","lastModifiedDate":"2021-08-29"},{"lineNumber":106,"author":{"gitId":"ngnigel99"},"content":"            case(\"deadline\"):","lastModifiedDate":"2021-08-29"},{"lineNumber":107,"author":{"gitId":"ngnigel99"},"content":"                amendTaskDeadline(in, taskList);","lastModifiedDate":"2021-08-29"},{"lineNumber":108,"author":{"gitId":"ngnigel99"},"content":"                break;","lastModifiedDate":"2021-08-29"},{"lineNumber":109,"author":{"gitId":"ngnigel99"},"content":"            case (\"bye\"):","lastModifiedDate":"2021-08-25"},{"lineNumber":110,"author":{"gitId":"ngnigel99"},"content":"                break;","lastModifiedDate":"2021-08-25"},{"lineNumber":111,"author":{"gitId":"ngnigel99"},"content":"            default:","lastModifiedDate":"2021-08-25"},{"lineNumber":112,"author":{"gitId":"ngnigel99"},"content":"                System.out.println(\"Command not recognized. Please enter a command again!\");","lastModifiedDate":"2021-08-25"},{"lineNumber":113,"author":{"gitId":"ngnigel99"},"content":"            }","lastModifiedDate":"2021-08-25"},{"lineNumber":114,"author":{"gitId":"ngnigel99"},"content":"        } while (!command.equals(\"bye\"));","lastModifiedDate":"2021-08-24"},{"lineNumber":115,"author":{"gitId":"ngnigel99"},"content":"        sayGoodbye();","lastModifiedDate":"2021-08-18"},{"lineNumber":116,"author":{"gitId":"-"},"content":"    }","lastModifiedDate":"2019-07-29"},{"lineNumber":117,"author":{"gitId":"ngnigel99"},"content":"","lastModifiedDate":"2021-08-25"},{"lineNumber":118,"author":{"gitId":"ngnigel99"},"content":"    private static boolean isDukeFail() {","lastModifiedDate":"2021-08-29"},{"lineNumber":119,"author":{"gitId":"ngnigel99"},"content":"        if (Duke.getIsFail()) {","lastModifiedDate":"2021-08-29"},{"lineNumber":120,"author":{"gitId":"ngnigel99"},"content":"            System.out.println(\"        bot failed, sometimes we all need a break       \");","lastModifiedDate":"2021-08-29"},{"lineNumber":121,"author":{"gitId":"ngnigel99"},"content":"            return true;","lastModifiedDate":"2021-08-29"},{"lineNumber":122,"author":{"gitId":"ngnigel99"},"content":"        }","lastModifiedDate":"2021-08-29"},{"lineNumber":123,"author":{"gitId":"ngnigel99"},"content":"        return false;","lastModifiedDate":"2021-08-29"},{"lineNumber":124,"author":{"gitId":"ngnigel99"},"content":"    }","lastModifiedDate":"2021-08-29"},{"lineNumber":125,"author":{"gitId":"ngnigel99"},"content":"","lastModifiedDate":"2021-08-29"},{"lineNumber":126,"author":{"gitId":"ngnigel99"},"content":"    private static void mascotSay(Scanner in) {","lastModifiedDate":"2021-08-29"},{"lineNumber":127,"author":{"gitId":"ngnigel99"},"content":"        Mascot jim \u003d new Mascot();","lastModifiedDate":"2021-09-03"},{"lineNumber":128,"author":{"gitId":"ngnigel99"},"content":"        String text \u003d in.nextLine();","lastModifiedDate":"2021-08-29"},{"lineNumber":129,"author":{"gitId":"ngnigel99"},"content":"        Mascot.penguinSay(text);","lastModifiedDate":"2021-08-29"},{"lineNumber":130,"author":{"gitId":"ngnigel99"},"content":"    }","lastModifiedDate":"2021-08-29"},{"lineNumber":131,"author":{"gitId":"ngnigel99"},"content":"","lastModifiedDate":"2021-08-29"},{"lineNumber":132,"author":{"gitId":"ngnigel99"},"content":"    private static void setupUsernamePassword(Scanner in) {","lastModifiedDate":"2021-08-29"},{"lineNumber":133,"author":{"gitId":"ngnigel99"},"content":"        AccountDetail user \u003d new AccountDetail();","lastModifiedDate":"2021-08-29"},{"lineNumber":134,"author":{"gitId":"ngnigel99"},"content":"        System.out.print(\"Username [dukeBot]: \");","lastModifiedDate":"2021-08-29"},{"lineNumber":135,"author":{"gitId":"ngnigel99"},"content":"        AccountDetail.setUsername(in.nextLine());","lastModifiedDate":"2021-08-29"},{"lineNumber":136,"author":{"gitId":"ngnigel99"},"content":"        System.out.print(\"Password [bukeDot]: \");","lastModifiedDate":"2021-08-29"},{"lineNumber":137,"author":{"gitId":"ngnigel99"},"content":"        AccountDetail.setPassword(in.nextLine());","lastModifiedDate":"2021-08-29"},{"lineNumber":138,"author":{"gitId":"ngnigel99"},"content":"    }","lastModifiedDate":"2021-08-29"},{"lineNumber":139,"author":{"gitId":"ngnigel99"},"content":"","lastModifiedDate":"2021-08-29"},{"lineNumber":140,"author":{"gitId":"ngnigel99"},"content":"    private static Task[] clearTaskList() {","lastModifiedDate":"2021-08-29"},{"lineNumber":141,"author":{"gitId":"ngnigel99"},"content":"        Task[] taskList \u003d new Task[100];","lastModifiedDate":"2021-08-29"},{"lineNumber":142,"author":{"gitId":"ngnigel99"},"content":"        taskCount \u003d 0;","lastModifiedDate":"2021-08-29"},{"lineNumber":143,"author":{"gitId":"ngnigel99"},"content":"        return taskList;","lastModifiedDate":"2021-08-29"},{"lineNumber":144,"author":{"gitId":"ngnigel99"},"content":"    }","lastModifiedDate":"2021-08-29"},{"lineNumber":145,"author":{"gitId":"ngnigel99"},"content":"","lastModifiedDate":"2021-08-29"},{"lineNumber":146,"author":{"gitId":"ngnigel99"},"content":"    private static void markTasksAsDone(Scanner in, Task[] taskList) {","lastModifiedDate":"2021-08-29"},{"lineNumber":147,"author":{"gitId":"ngnigel99"},"content":"        DukeException doneCheck \u003d new DukeException(\"doneCheck\");","lastModifiedDate":"2021-09-08"},{"lineNumber":148,"author":{"gitId":"ngnigel99"},"content":"        try {","lastModifiedDate":"2021-09-09"},{"lineNumber":149,"author":{"gitId":"ngnigel99"},"content":"            String number \u003d null;","lastModifiedDate":"2021-09-09"},{"lineNumber":150,"author":{"gitId":"ngnigel99"},"content":"            do {","lastModifiedDate":"2021-09-08"},{"lineNumber":151,"author":{"gitId":"ngnigel99"},"content":"                number \u003d in.nextLine();","lastModifiedDate":"2021-09-08"},{"lineNumber":152,"author":{"gitId":"ngnigel99"},"content":"                if (doneCheck.startsWithSpace(number)) {","lastModifiedDate":"2021-09-08"},{"lineNumber":153,"author":{"gitId":"ngnigel99"},"content":"                    doneCheck.inputFailMessage();","lastModifiedDate":"2021-09-08"},{"lineNumber":154,"author":{"gitId":"ngnigel99"},"content":"                    doneCheck.printDoneFormat();","lastModifiedDate":"2021-09-08"},{"lineNumber":155,"author":{"gitId":"ngnigel99"},"content":"                }","lastModifiedDate":"2021-09-08"},{"lineNumber":156,"author":{"gitId":"ngnigel99"},"content":"                else if (doneCheck.isEmpty(number)) {","lastModifiedDate":"2021-09-08"},{"lineNumber":157,"author":{"gitId":"ngnigel99"},"content":"                    doneCheck.inputFailMessage();","lastModifiedDate":"2021-09-08"},{"lineNumber":158,"author":{"gitId":"ngnigel99"},"content":"                    doneCheck.printNoNull();","lastModifiedDate":"2021-09-08"},{"lineNumber":159,"author":{"gitId":"ngnigel99"},"content":"                }","lastModifiedDate":"2021-09-08"},{"lineNumber":160,"author":{"gitId":"ngnigel99"},"content":"                else if (!doneCheck.isIntegerInput(number)) {","lastModifiedDate":"2021-09-08"},{"lineNumber":161,"author":{"gitId":"ngnigel99"},"content":"                    doneCheck.printIntegerOnly();","lastModifiedDate":"2021-09-08"},{"lineNumber":162,"author":{"gitId":"ngnigel99"},"content":"                }","lastModifiedDate":"2021-09-08"},{"lineNumber":163,"author":{"gitId":"ngnigel99"},"content":"            } while (doneCheck.startsWithSpace(number)","lastModifiedDate":"2021-09-08"},{"lineNumber":164,"author":{"gitId":"ngnigel99"},"content":"                    || doneCheck.isEmpty(number)","lastModifiedDate":"2021-09-08"},{"lineNumber":165,"author":{"gitId":"ngnigel99"},"content":"                    || !doneCheck.isIntegerInput(number)","lastModifiedDate":"2021-09-08"},{"lineNumber":166,"author":{"gitId":"ngnigel99"},"content":"                    );","lastModifiedDate":"2021-09-08"},{"lineNumber":167,"author":{"gitId":"ngnigel99"},"content":"            number \u003d number.trim();","lastModifiedDate":"2021-09-08"},{"lineNumber":168,"author":{"gitId":"ngnigel99"},"content":"            String[] numberList \u003d number.split(\" \");","lastModifiedDate":"2021-08-29"},{"lineNumber":169,"author":{"gitId":"ngnigel99"},"content":"            System.out.print(\"remove \");","lastModifiedDate":"2021-08-29"},{"lineNumber":170,"author":{"gitId":"ngnigel99"},"content":"            for (String i : numberList) {","lastModifiedDate":"2021-08-29"},{"lineNumber":171,"author":{"gitId":"ngnigel99"},"content":"                int index \u003d Integer.parseInt(i) - 1;","lastModifiedDate":"2021-08-29"},{"lineNumber":172,"author":{"gitId":"ngnigel99"},"content":"                if (!doneCheck.inListRange(index, taskCount)) {","lastModifiedDate":"2021-09-08"},{"lineNumber":173,"author":{"gitId":"ngnigel99"},"content":"                    doneCheck.printNotInRange(index);","lastModifiedDate":"2021-09-08"},{"lineNumber":174,"author":{"gitId":"ngnigel99"},"content":"                    return;","lastModifiedDate":"2021-09-08"},{"lineNumber":175,"author":{"gitId":"ngnigel99"},"content":"                }","lastModifiedDate":"2021-09-08"},{"lineNumber":176,"author":{"gitId":"ngnigel99"},"content":"                taskList[index].setDone(true);","lastModifiedDate":"2021-08-29"},{"lineNumber":177,"author":{"gitId":"ngnigel99"},"content":"                System.out.print(taskList[index].getDescription() + \", \");","lastModifiedDate":"2021-08-29"},{"lineNumber":178,"author":{"gitId":"ngnigel99"},"content":"            }","lastModifiedDate":"2021-08-29"},{"lineNumber":179,"author":{"gitId":"ngnigel99"},"content":"            System.out.println(\"\\n / done tasks, good job! / \");","lastModifiedDate":"2021-08-29"},{"lineNumber":180,"author":{"gitId":"ngnigel99"},"content":"        } catch (NumberFormatException e) {","lastModifiedDate":"2021-09-09"},{"lineNumber":181,"author":{"gitId":"ngnigel99"},"content":"            doneCheck.printIntegerOnly();","lastModifiedDate":"2021-09-09"},{"lineNumber":182,"author":{"gitId":"ngnigel99"},"content":"        } catch (NullPointerException e) {","lastModifiedDate":"2021-09-09"},{"lineNumber":183,"author":{"gitId":"ngnigel99"},"content":"            doneCheck.printNoNull();","lastModifiedDate":"2021-09-09"},{"lineNumber":184,"author":{"gitId":"ngnigel99"},"content":"        }","lastModifiedDate":"2021-09-09"},{"lineNumber":185,"author":{"gitId":"ngnigel99"},"content":"    }","lastModifiedDate":"2021-08-29"},{"lineNumber":186,"author":{"gitId":"ngnigel99"},"content":"","lastModifiedDate":"2021-08-29"},{"lineNumber":187,"author":{"gitId":"ngnigel99"},"content":"    private static int addTaskToList(Scanner in, Task[] taskList) {","lastModifiedDate":"2021-08-29"},{"lineNumber":188,"author":{"gitId":"ngnigel99"},"content":"        String taskName;","lastModifiedDate":"2021-08-29"},{"lineNumber":189,"author":{"gitId":"ngnigel99"},"content":"        do {","lastModifiedDate":"2021-08-29"},{"lineNumber":190,"author":{"gitId":"ngnigel99"},"content":"            taskName \u003d in.nextLine();","lastModifiedDate":"2021-08-29"},{"lineNumber":191,"author":{"gitId":"ngnigel99"},"content":"            if (taskName.equals(\"stop\")) {","lastModifiedDate":"2021-08-29"},{"lineNumber":192,"author":{"gitId":"ngnigel99"},"content":"                return STOP_ADD;","lastModifiedDate":"2021-08-29"},{"lineNumber":193,"author":{"gitId":"ngnigel99"},"content":"            }","lastModifiedDate":"2021-08-29"},{"lineNumber":194,"author":{"gitId":"ngnigel99"},"content":"            taskList[taskCount] \u003d new Task(taskName);","lastModifiedDate":"2021-08-29"},{"lineNumber":195,"author":{"gitId":"ngnigel99"},"content":"            taskCount++;","lastModifiedDate":"2021-08-29"},{"lineNumber":196,"author":{"gitId":"ngnigel99"},"content":"        } while (!taskName.equals(\"stop\"));","lastModifiedDate":"2021-08-29"},{"lineNumber":197,"author":{"gitId":"ngnigel99"},"content":"        System.out.println(\"Finished adding tasks!\");","lastModifiedDate":"2021-08-29"},{"lineNumber":198,"author":{"gitId":"ngnigel99"},"content":"        return ADD_SUCCESS;","lastModifiedDate":"2021-08-29"},{"lineNumber":199,"author":{"gitId":"ngnigel99"},"content":"    }","lastModifiedDate":"2021-08-29"},{"lineNumber":200,"author":{"gitId":"ngnigel99"},"content":"","lastModifiedDate":"2021-08-29"},{"lineNumber":201,"author":{"gitId":"ngnigel99"},"content":"    private static int addTodoToList(Scanner in, Task[] taskList) {","lastModifiedDate":"2021-08-29"},{"lineNumber":202,"author":{"gitId":"ngnigel99"},"content":"        String todoName;","lastModifiedDate":"2021-08-29"},{"lineNumber":203,"author":{"gitId":"ngnigel99"},"content":"        do {","lastModifiedDate":"2021-08-29"},{"lineNumber":204,"author":{"gitId":"ngnigel99"},"content":"            todoName \u003d in.nextLine();","lastModifiedDate":"2021-08-29"},{"lineNumber":205,"author":{"gitId":"ngnigel99"},"content":"            if (todoName.equals(\"stop\")) {","lastModifiedDate":"2021-08-29"},{"lineNumber":206,"author":{"gitId":"ngnigel99"},"content":"                return STOP_ADD;","lastModifiedDate":"2021-08-29"},{"lineNumber":207,"author":{"gitId":"ngnigel99"},"content":"            }","lastModifiedDate":"2021-08-29"},{"lineNumber":208,"author":{"gitId":"ngnigel99"},"content":"            taskList[taskCount] \u003d new Task(todoName, \"todo\");","lastModifiedDate":"2021-08-29"},{"lineNumber":209,"author":{"gitId":"ngnigel99"},"content":"            taskCount++;","lastModifiedDate":"2021-08-29"},{"lineNumber":210,"author":{"gitId":"ngnigel99"},"content":"        } while (!todoName.equals(\"stop\"));","lastModifiedDate":"2021-08-29"},{"lineNumber":211,"author":{"gitId":"ngnigel99"},"content":"        System.out.println(\"Finished adding todos!\");","lastModifiedDate":"2021-08-29"},{"lineNumber":212,"author":{"gitId":"ngnigel99"},"content":"        return ADD_SUCCESS;","lastModifiedDate":"2021-08-29"},{"lineNumber":213,"author":{"gitId":"ngnigel99"},"content":"    }","lastModifiedDate":"2021-08-29"},{"lineNumber":214,"author":{"gitId":"ngnigel99"},"content":"","lastModifiedDate":"2021-08-29"},{"lineNumber":215,"author":{"gitId":"ngnigel99"},"content":"    private static int addEventToList(Scanner in, Task[] taskList) {","lastModifiedDate":"2021-08-29"},{"lineNumber":216,"author":{"gitId":"ngnigel99"},"content":"        String eventName;","lastModifiedDate":"2021-08-29"},{"lineNumber":217,"author":{"gitId":"ngnigel99"},"content":"        do {","lastModifiedDate":"2021-08-29"},{"lineNumber":218,"author":{"gitId":"ngnigel99"},"content":"            eventName \u003d in.nextLine();","lastModifiedDate":"2021-08-29"},{"lineNumber":219,"author":{"gitId":"ngnigel99"},"content":"            if (eventName.equals(\"stop\")) {","lastModifiedDate":"2021-08-29"},{"lineNumber":220,"author":{"gitId":"ngnigel99"},"content":"                return STOP_ADD;","lastModifiedDate":"2021-08-29"},{"lineNumber":221,"author":{"gitId":"ngnigel99"},"content":"            }","lastModifiedDate":"2021-08-29"},{"lineNumber":222,"author":{"gitId":"ngnigel99"},"content":"            taskList[taskCount] \u003d new Task(eventName, \"event\");","lastModifiedDate":"2021-08-29"},{"lineNumber":223,"author":{"gitId":"ngnigel99"},"content":"            taskCount++;","lastModifiedDate":"2021-08-29"},{"lineNumber":224,"author":{"gitId":"ngnigel99"},"content":"        } while (!eventName.equals(\"stop\"));","lastModifiedDate":"2021-08-29"},{"lineNumber":225,"author":{"gitId":"ngnigel99"},"content":"        System.out.println(\"Finished adding todos!\");","lastModifiedDate":"2021-08-29"},{"lineNumber":226,"author":{"gitId":"ngnigel99"},"content":"        return ADD_SUCCESS;","lastModifiedDate":"2021-08-29"},{"lineNumber":227,"author":{"gitId":"ngnigel99"},"content":"    }","lastModifiedDate":"2021-08-29"},{"lineNumber":228,"author":{"gitId":"ngnigel99"},"content":"","lastModifiedDate":"2021-08-29"},{"lineNumber":229,"author":{"gitId":"ngnigel99"},"content":"    private static void amendTaskDeadline(Scanner in,Task[] taskList) {","lastModifiedDate":"2021-08-29"},{"lineNumber":230,"author":{"gitId":"ngnigel99"},"content":"        DukeException deadlineCheck \u003d new DukeException(\"deadlineCheck\");","lastModifiedDate":"2021-09-08"},{"lineNumber":231,"author":{"gitId":"ngnigel99"},"content":"        try {","lastModifiedDate":"2021-09-09"},{"lineNumber":232,"author":{"gitId":"ngnigel99"},"content":"            String input;","lastModifiedDate":"2021-09-09"},{"lineNumber":233,"author":{"gitId":"ngnigel99"},"content":"            do {","lastModifiedDate":"2021-09-08"},{"lineNumber":234,"author":{"gitId":"ngnigel99"},"content":"                input \u003d in.nextLine();","lastModifiedDate":"2021-09-08"},{"lineNumber":235,"author":{"gitId":"ngnigel99"},"content":"                input \u003d input.trim();","lastModifiedDate":"2021-08-29"},{"lineNumber":236,"author":{"gitId":"ngnigel99"},"content":"                if (!input.contains(\"/\")) {","lastModifiedDate":"2021-09-08"},{"lineNumber":237,"author":{"gitId":"ngnigel99"},"content":"                    deadlineCheck.printDeadlineFormatIssue();","lastModifiedDate":"2021-09-08"},{"lineNumber":238,"author":{"gitId":"ngnigel99"},"content":"                    continue;","lastModifiedDate":"2021-09-08"},{"lineNumber":239,"author":{"gitId":"ngnigel99"},"content":"                }","lastModifiedDate":"2021-09-08"},{"lineNumber":240,"author":{"gitId":"ngnigel99"},"content":"                String[] separateInput \u003d input.split(\"/\", 2);","lastModifiedDate":"2021-08-29"},{"lineNumber":241,"author":{"gitId":"ngnigel99"},"content":"                if (separateInput.length \u003d\u003d 2) {","lastModifiedDate":"2021-08-29"},{"lineNumber":242,"author":{"gitId":"ngnigel99"},"content":"                    //checks for singular, digit input","lastModifiedDate":"2021-09-08"},{"lineNumber":243,"author":{"gitId":"ngnigel99"},"content":"                    if (!deadlineCheck.isIntegerInput(separateInput[0])) {","lastModifiedDate":"2021-09-08"},{"lineNumber":244,"author":{"gitId":"ngnigel99"},"content":"                        deadlineCheck.printIntegerOnly();","lastModifiedDate":"2021-09-08"},{"lineNumber":245,"author":{"gitId":"ngnigel99"},"content":"                        deadlineCheck.printDeadlineFormatIssue();","lastModifiedDate":"2021-09-08"},{"lineNumber":246,"author":{"gitId":"ngnigel99"},"content":"                        continue;","lastModifiedDate":"2021-09-08"},{"lineNumber":247,"author":{"gitId":"ngnigel99"},"content":"                    }","lastModifiedDate":"2021-09-08"},{"lineNumber":248,"author":{"gitId":"ngnigel99"},"content":"                    int index \u003d Integer.parseInt(separateInput[0].trim()) - 1;","lastModifiedDate":"2021-08-29"},{"lineNumber":249,"author":{"gitId":"ngnigel99"},"content":"                    if (!deadlineCheck.inListRange(index, taskCount)) {","lastModifiedDate":"2021-09-08"},{"lineNumber":250,"author":{"gitId":"ngnigel99"},"content":"                        deadlineCheck.printNotInRange(index);","lastModifiedDate":"2021-09-08"},{"lineNumber":251,"author":{"gitId":"ngnigel99"},"content":"                        continue;","lastModifiedDate":"2021-09-08"},{"lineNumber":252,"author":{"gitId":"ngnigel99"},"content":"                    }","lastModifiedDate":"2021-09-08"},{"lineNumber":253,"author":{"gitId":"ngnigel99"},"content":"                    Task toChange \u003d taskList[index];","lastModifiedDate":"2021-08-29"},{"lineNumber":254,"author":{"gitId":"ngnigel99"},"content":"                    toChange.setDeadline(separateInput[1]);","lastModifiedDate":"2021-08-29"},{"lineNumber":255,"author":{"gitId":"ngnigel99"},"content":"                    toChange.setToDo(true);","lastModifiedDate":"2021-08-29"},{"lineNumber":256,"author":{"gitId":"ngnigel99"},"content":"                }","lastModifiedDate":"2021-08-29"},{"lineNumber":257,"author":{"gitId":"ngnigel99"},"content":"            } while (!input.equals(\"stop\"));","lastModifiedDate":"2021-09-08"},{"lineNumber":258,"author":{"gitId":"ngnigel99"},"content":"        } catch (NumberFormatException e) {","lastModifiedDate":"2021-09-09"},{"lineNumber":259,"author":{"gitId":"ngnigel99"},"content":"            deadlineCheck.printDeadlineFormatIssue();","lastModifiedDate":"2021-09-09"},{"lineNumber":260,"author":{"gitId":"ngnigel99"},"content":"        } catch (NullPointerException e) {","lastModifiedDate":"2021-09-09"},{"lineNumber":261,"author":{"gitId":"ngnigel99"},"content":"            System.out.println(\"Not in range, try again!\");","lastModifiedDate":"2021-09-09"},{"lineNumber":262,"author":{"gitId":"ngnigel99"},"content":"        }","lastModifiedDate":"2021-09-09"},{"lineNumber":263,"author":{"gitId":"ngnigel99"},"content":"    }","lastModifiedDate":"2021-08-29"},{"lineNumber":264,"author":{"gitId":"ngnigel99"},"content":"","lastModifiedDate":"2021-08-29"},{"lineNumber":265,"author":{"gitId":"ngnigel99"},"content":"    public static void main(String[] args) {","lastModifiedDate":"2021-08-25"},{"lineNumber":266,"author":{"gitId":"ngnigel99"},"content":"        Duke bot \u003d new Duke();","lastModifiedDate":"2021-08-25"},{"lineNumber":267,"author":{"gitId":"ngnigel99"},"content":"        runDuke();","lastModifiedDate":"2021-08-25"},{"lineNumber":268,"author":{"gitId":"ngnigel99"},"content":"    }","lastModifiedDate":"2021-08-25"},{"lineNumber":269,"author":{"gitId":"ngnigel99"},"content":"","lastModifiedDate":"2021-08-25"},{"lineNumber":270,"author":{"gitId":"-"},"content":"}","lastModifiedDate":"2019-07-29"}],"authorContributionMap":{"ngnigel99":267,"-":3}},{"path":"src/main/java/duke/exception/DukeException.java","fileType":"java","lines":[{"lineNumber":1,"author":{"gitId":"ngnigel99"},"content":"package duke.exception;","lastModifiedDate":"2021-09-08"},{"lineNumber":2,"author":{"gitId":"ngnigel99"},"content":"","lastModifiedDate":"2021-09-08"},{"lineNumber":3,"author":{"gitId":"ngnigel99"},"content":"public class DukeException {","lastModifiedDate":"2021-09-08"},{"lineNumber":4,"author":{"gitId":"ngnigel99"},"content":"    String name;","lastModifiedDate":"2021-09-08"},{"lineNumber":5,"author":{"gitId":"ngnigel99"},"content":"    String messageToUser;","lastModifiedDate":"2021-09-08"},{"lineNumber":6,"author":{"gitId":"ngnigel99"},"content":"","lastModifiedDate":"2021-09-08"},{"lineNumber":7,"author":{"gitId":"ngnigel99"},"content":"    public DukeException(String name) {","lastModifiedDate":"2021-09-08"},{"lineNumber":8,"author":{"gitId":"ngnigel99"},"content":"        this.name \u003d name;","lastModifiedDate":"2021-09-08"},{"lineNumber":9,"author":{"gitId":"ngnigel99"},"content":"    }","lastModifiedDate":"2021-09-08"},{"lineNumber":10,"author":{"gitId":"ngnigel99"},"content":"","lastModifiedDate":"2021-09-08"},{"lineNumber":11,"author":{"gitId":"ngnigel99"},"content":"    //short function to check for at most 2 sentences","lastModifiedDate":"2021-09-08"},{"lineNumber":12,"author":{"gitId":"ngnigel99"},"content":"    public static boolean isValidDeadline(String input) {","lastModifiedDate":"2021-09-08"},{"lineNumber":13,"author":{"gitId":"ngnigel99"},"content":"        return (countWhitespace(input) \u003c\u003d 1);","lastModifiedDate":"2021-09-08"},{"lineNumber":14,"author":{"gitId":"ngnigel99"},"content":"    }","lastModifiedDate":"2021-09-08"},{"lineNumber":15,"author":{"gitId":"ngnigel99"},"content":"","lastModifiedDate":"2021-09-08"},{"lineNumber":16,"author":{"gitId":"ngnigel99"},"content":"    public static boolean isNull(String input) {","lastModifiedDate":"2021-09-08"},{"lineNumber":17,"author":{"gitId":"ngnigel99"},"content":"        return input.equals(null);","lastModifiedDate":"2021-09-08"},{"lineNumber":18,"author":{"gitId":"ngnigel99"},"content":"    }","lastModifiedDate":"2021-09-08"},{"lineNumber":19,"author":{"gitId":"ngnigel99"},"content":"","lastModifiedDate":"2021-09-08"},{"lineNumber":20,"author":{"gitId":"ngnigel99"},"content":"    public static boolean isEmpty(String input) {","lastModifiedDate":"2021-09-08"},{"lineNumber":21,"author":{"gitId":"ngnigel99"},"content":"        return input.equals(\"\");","lastModifiedDate":"2021-09-08"},{"lineNumber":22,"author":{"gitId":"ngnigel99"},"content":"    }","lastModifiedDate":"2021-09-08"},{"lineNumber":23,"author":{"gitId":"ngnigel99"},"content":"    public static int countWhitespace(String input) {","lastModifiedDate":"2021-09-08"},{"lineNumber":24,"author":{"gitId":"ngnigel99"},"content":"        int spaceCount \u003d 0;","lastModifiedDate":"2021-09-08"},{"lineNumber":25,"author":{"gitId":"ngnigel99"},"content":"        for (char s : input.toCharArray()) {","lastModifiedDate":"2021-09-08"},{"lineNumber":26,"author":{"gitId":"ngnigel99"},"content":"            if (s \u003d\u003d \u0027 \u0027) {","lastModifiedDate":"2021-09-08"},{"lineNumber":27,"author":{"gitId":"ngnigel99"},"content":"                spaceCount++;","lastModifiedDate":"2021-09-08"},{"lineNumber":28,"author":{"gitId":"ngnigel99"},"content":"            }","lastModifiedDate":"2021-09-08"},{"lineNumber":29,"author":{"gitId":"ngnigel99"},"content":"        }","lastModifiedDate":"2021-09-08"},{"lineNumber":30,"author":{"gitId":"ngnigel99"},"content":"        return spaceCount;","lastModifiedDate":"2021-09-08"},{"lineNumber":31,"author":{"gitId":"ngnigel99"},"content":"    }","lastModifiedDate":"2021-09-08"},{"lineNumber":32,"author":{"gitId":"ngnigel99"},"content":"","lastModifiedDate":"2021-09-08"},{"lineNumber":33,"author":{"gitId":"ngnigel99"},"content":"    public static boolean startsWithSpace(String input) {","lastModifiedDate":"2021-09-08"},{"lineNumber":34,"author":{"gitId":"ngnigel99"},"content":"        return input.startsWith(\" \");","lastModifiedDate":"2021-09-08"},{"lineNumber":35,"author":{"gitId":"ngnigel99"},"content":"    }","lastModifiedDate":"2021-09-08"},{"lineNumber":36,"author":{"gitId":"ngnigel99"},"content":"","lastModifiedDate":"2021-09-08"},{"lineNumber":37,"author":{"gitId":"ngnigel99"},"content":"    public static String cleanUpString(String input) {","lastModifiedDate":"2021-09-08"},{"lineNumber":38,"author":{"gitId":"ngnigel99"},"content":"        input \u003d input.trim();","lastModifiedDate":"2021-09-08"},{"lineNumber":39,"author":{"gitId":"ngnigel99"},"content":"        input \u003d input.replaceAll(\" \", \"\");","lastModifiedDate":"2021-09-08"},{"lineNumber":40,"author":{"gitId":"ngnigel99"},"content":"        return input;","lastModifiedDate":"2021-09-08"},{"lineNumber":41,"author":{"gitId":"ngnigel99"},"content":"    }","lastModifiedDate":"2021-09-08"},{"lineNumber":42,"author":{"gitId":"ngnigel99"},"content":"    public static boolean isIntegerInput(String input) {","lastModifiedDate":"2021-09-08"},{"lineNumber":43,"author":{"gitId":"ngnigel99"},"content":"        input \u003d cleanUpString(input);","lastModifiedDate":"2021-09-08"},{"lineNumber":44,"author":{"gitId":"ngnigel99"},"content":"        for (char x : input.toCharArray()) {","lastModifiedDate":"2021-09-08"},{"lineNumber":45,"author":{"gitId":"ngnigel99"},"content":"            if (!Character.isDigit(x)) {","lastModifiedDate":"2021-09-08"},{"lineNumber":46,"author":{"gitId":"ngnigel99"},"content":"                return false;","lastModifiedDate":"2021-09-08"},{"lineNumber":47,"author":{"gitId":"ngnigel99"},"content":"            }","lastModifiedDate":"2021-09-08"},{"lineNumber":48,"author":{"gitId":"ngnigel99"},"content":"        }","lastModifiedDate":"2021-09-08"},{"lineNumber":49,"author":{"gitId":"ngnigel99"},"content":"        return true;","lastModifiedDate":"2021-09-08"},{"lineNumber":50,"author":{"gitId":"ngnigel99"},"content":"    }","lastModifiedDate":"2021-09-08"},{"lineNumber":51,"author":{"gitId":"ngnigel99"},"content":"","lastModifiedDate":"2021-09-08"},{"lineNumber":52,"author":{"gitId":"ngnigel99"},"content":"    public static boolean inListRange(int index, int taskCount) {","lastModifiedDate":"2021-09-08"},{"lineNumber":53,"author":{"gitId":"ngnigel99"},"content":"        return index \u003e\u003d 0 \u0026\u0026 index \u003c taskCount; //taskCount is the latest \"empty\" block","lastModifiedDate":"2021-09-08"},{"lineNumber":54,"author":{"gitId":"ngnigel99"},"content":"    }","lastModifiedDate":"2021-09-08"},{"lineNumber":55,"author":{"gitId":"ngnigel99"},"content":"    //Print statements","lastModifiedDate":"2021-09-08"},{"lineNumber":56,"author":{"gitId":"ngnigel99"},"content":"    public static void printNotInRange(int index) {","lastModifiedDate":"2021-09-08"},{"lineNumber":57,"author":{"gitId":"ngnigel99"},"content":"        System.out.println(\"... sorry, task \" + (index + 1) + \" is not in range. Try the \u0027done\u0027 command again!\");","lastModifiedDate":"2021-09-08"},{"lineNumber":58,"author":{"gitId":"ngnigel99"},"content":"    }","lastModifiedDate":"2021-09-08"},{"lineNumber":59,"author":{"gitId":"ngnigel99"},"content":"    public static void printDoneFormat() {","lastModifiedDate":"2021-09-08"},{"lineNumber":60,"author":{"gitId":"ngnigel99"},"content":"        System.out.println(\"Simply type in the task ids, separated by a single whitespace\");","lastModifiedDate":"2021-09-08"},{"lineNumber":61,"author":{"gitId":"ngnigel99"},"content":"        System.out.println(\"e.g 1 2 3 4 5\");","lastModifiedDate":"2021-09-08"},{"lineNumber":62,"author":{"gitId":"ngnigel99"},"content":"    }","lastModifiedDate":"2021-09-08"},{"lineNumber":63,"author":{"gitId":"ngnigel99"},"content":"","lastModifiedDate":"2021-09-08"},{"lineNumber":64,"author":{"gitId":"ngnigel99"},"content":"    public static void inputFailMessage() {","lastModifiedDate":"2021-09-08"},{"lineNumber":65,"author":{"gitId":"ngnigel99"},"content":"        System.out.println(\"☹ OOPS!!! Please follow the format:\");","lastModifiedDate":"2021-09-08"},{"lineNumber":66,"author":{"gitId":"ngnigel99"},"content":"    }","lastModifiedDate":"2021-09-08"},{"lineNumber":67,"author":{"gitId":"ngnigel99"},"content":"","lastModifiedDate":"2021-09-08"},{"lineNumber":68,"author":{"gitId":"ngnigel99"},"content":"    public static void printNoNull() {","lastModifiedDate":"2021-09-08"},{"lineNumber":69,"author":{"gitId":"ngnigel99"},"content":"        System.out.println(\"Please do not leave this field blank.\");","lastModifiedDate":"2021-09-08"},{"lineNumber":70,"author":{"gitId":"ngnigel99"},"content":"    }","lastModifiedDate":"2021-09-08"},{"lineNumber":71,"author":{"gitId":"ngnigel99"},"content":"","lastModifiedDate":"2021-09-08"},{"lineNumber":72,"author":{"gitId":"ngnigel99"},"content":"    public static void printIntegerOnly() {","lastModifiedDate":"2021-09-08"},{"lineNumber":73,"author":{"gitId":"ngnigel99"},"content":"        System.out.println(\"Please only input integers!\");","lastModifiedDate":"2021-09-08"},{"lineNumber":74,"author":{"gitId":"ngnigel99"},"content":"    }","lastModifiedDate":"2021-09-08"},{"lineNumber":75,"author":{"gitId":"ngnigel99"},"content":"","lastModifiedDate":"2021-09-08"},{"lineNumber":76,"author":{"gitId":"ngnigel99"},"content":"    public static void printNotInIndex() {","lastModifiedDate":"2021-09-08"},{"lineNumber":77,"author":{"gitId":"ngnigel99"},"content":"        System.out.println(\"Task not found!\");","lastModifiedDate":"2021-09-08"},{"lineNumber":78,"author":{"gitId":"ngnigel99"},"content":"    }","lastModifiedDate":"2021-09-08"},{"lineNumber":79,"author":{"gitId":"ngnigel99"},"content":"","lastModifiedDate":"2021-09-08"},{"lineNumber":80,"author":{"gitId":"ngnigel99"},"content":"    public static void printDeadlineFormatIssue() {","lastModifiedDate":"2021-09-08"},{"lineNumber":81,"author":{"gitId":"ngnigel99"},"content":"        System.out.println(\"Please use the following format to add deadlines:\");","lastModifiedDate":"2021-09-08"},{"lineNumber":82,"author":{"gitId":"ngnigel99"},"content":"        System.out.println(\"task_id / deadline\");","lastModifiedDate":"2021-09-08"},{"lineNumber":83,"author":{"gitId":"ngnigel99"},"content":"        System.out.println(\"e.g 1 / 2pm today\");","lastModifiedDate":"2021-09-08"},{"lineNumber":84,"author":{"gitId":"ngnigel99"},"content":"    }","lastModifiedDate":"2021-09-08"},{"lineNumber":85,"author":{"gitId":"ngnigel99"},"content":"}","lastModifiedDate":"2021-09-08"}],"authorContributionMap":{"ngnigel99":85}},{"path":"src/main/java/duke/security/AccountDetail.java","fileType":"java","lines":[{"lineNumber":1,"author":{"gitId":"ngnigel99"},"content":"package duke.security;","lastModifiedDate":"2021-09-08"},{"lineNumber":2,"author":{"gitId":"ngnigel99"},"content":"","lastModifiedDate":"2021-09-08"},{"lineNumber":3,"author":{"gitId":"ngnigel99"},"content":"public class AccountDetail {","lastModifiedDate":"2021-08-25"},{"lineNumber":4,"author":{"gitId":"ngnigel99"},"content":"    private static String username \u003d \"John Doe\";","lastModifiedDate":"2021-08-25"},{"lineNumber":5,"author":{"gitId":"ngnigel99"},"content":"    private static String password \u003d \"password\";","lastModifiedDate":"2021-08-25"},{"lineNumber":6,"author":{"gitId":"ngnigel99"},"content":"    private static int points \u003d 0;","lastModifiedDate":"2021-08-25"},{"lineNumber":7,"author":{"gitId":"ngnigel99"},"content":"","lastModifiedDate":"2021-08-25"},{"lineNumber":8,"author":{"gitId":"ngnigel99"},"content":"    public static String getUsername() {","lastModifiedDate":"2021-08-25"},{"lineNumber":9,"author":{"gitId":"ngnigel99"},"content":"        return username;","lastModifiedDate":"2021-08-25"},{"lineNumber":10,"author":{"gitId":"ngnigel99"},"content":"    }","lastModifiedDate":"2021-08-25"},{"lineNumber":11,"author":{"gitId":"ngnigel99"},"content":"","lastModifiedDate":"2021-08-25"},{"lineNumber":12,"author":{"gitId":"ngnigel99"},"content":"    public static void setUsername(String username) {","lastModifiedDate":"2021-08-25"},{"lineNumber":13,"author":{"gitId":"ngnigel99"},"content":"        if (username.isBlank()) {","lastModifiedDate":"2021-08-25"},{"lineNumber":14,"author":{"gitId":"ngnigel99"},"content":"            AccountDetail.username \u003d \"dukeBot\";","lastModifiedDate":"2021-08-25"},{"lineNumber":15,"author":{"gitId":"ngnigel99"},"content":"        } else {","lastModifiedDate":"2021-08-25"},{"lineNumber":16,"author":{"gitId":"ngnigel99"},"content":"            AccountDetail.username \u003d username;","lastModifiedDate":"2021-08-25"},{"lineNumber":17,"author":{"gitId":"ngnigel99"},"content":"        }","lastModifiedDate":"2021-08-25"},{"lineNumber":18,"author":{"gitId":"ngnigel99"},"content":"    }","lastModifiedDate":"2021-08-25"},{"lineNumber":19,"author":{"gitId":"ngnigel99"},"content":"","lastModifiedDate":"2021-08-25"},{"lineNumber":20,"author":{"gitId":"ngnigel99"},"content":"    public static String getPassword() {","lastModifiedDate":"2021-08-25"},{"lineNumber":21,"author":{"gitId":"ngnigel99"},"content":"        return password;","lastModifiedDate":"2021-08-25"},{"lineNumber":22,"author":{"gitId":"ngnigel99"},"content":"    }","lastModifiedDate":"2021-08-25"},{"lineNumber":23,"author":{"gitId":"ngnigel99"},"content":"","lastModifiedDate":"2021-08-25"},{"lineNumber":24,"author":{"gitId":"ngnigel99"},"content":"    public static void setPassword(String password) {","lastModifiedDate":"2021-08-25"},{"lineNumber":25,"author":{"gitId":"ngnigel99"},"content":"        if (password.isBlank()) {","lastModifiedDate":"2021-08-25"},{"lineNumber":26,"author":{"gitId":"ngnigel99"},"content":"            AccountDetail.password \u003d \"bukeDot\";","lastModifiedDate":"2021-08-25"},{"lineNumber":27,"author":{"gitId":"ngnigel99"},"content":"        } else {","lastModifiedDate":"2021-08-25"},{"lineNumber":28,"author":{"gitId":"ngnigel99"},"content":"            AccountDetail.password \u003d password;","lastModifiedDate":"2021-08-25"},{"lineNumber":29,"author":{"gitId":"ngnigel99"},"content":"        }","lastModifiedDate":"2021-08-25"},{"lineNumber":30,"author":{"gitId":"ngnigel99"},"content":"    }","lastModifiedDate":"2021-08-25"},{"lineNumber":31,"author":{"gitId":"ngnigel99"},"content":"","lastModifiedDate":"2021-08-25"},{"lineNumber":32,"author":{"gitId":"ngnigel99"},"content":"    public static int getPoints() {","lastModifiedDate":"2021-08-25"},{"lineNumber":33,"author":{"gitId":"ngnigel99"},"content":"        return points;","lastModifiedDate":"2021-08-25"},{"lineNumber":34,"author":{"gitId":"ngnigel99"},"content":"    }","lastModifiedDate":"2021-08-25"},{"lineNumber":35,"author":{"gitId":"ngnigel99"},"content":"","lastModifiedDate":"2021-08-25"},{"lineNumber":36,"author":{"gitId":"ngnigel99"},"content":"    public static void setPoints(int points) {","lastModifiedDate":"2021-08-25"},{"lineNumber":37,"author":{"gitId":"ngnigel99"},"content":"        AccountDetail.points \u003d points;","lastModifiedDate":"2021-08-25"},{"lineNumber":38,"author":{"gitId":"ngnigel99"},"content":"    }","lastModifiedDate":"2021-08-25"},{"lineNumber":39,"author":{"gitId":"ngnigel99"},"content":"}","lastModifiedDate":"2021-08-25"}],"authorContributionMap":{"ngnigel99":39}},{"path":"src/main/java/duke/task/Mascot.java","fileType":"java","lines":[{"lineNumber":1,"author":{"gitId":"ngnigel99"},"content":"package duke.task;","lastModifiedDate":"2021-09-08"},{"lineNumber":2,"author":{"gitId":"ngnigel99"},"content":"","lastModifiedDate":"2021-09-08"},{"lineNumber":3,"author":{"gitId":"ngnigel99"},"content":"public class Mascot {","lastModifiedDate":"2021-08-25"},{"lineNumber":4,"author":{"gitId":"ngnigel99"},"content":"    private static final String name \u003d \"John Doe\";","lastModifiedDate":"2021-08-25"},{"lineNumber":5,"author":{"gitId":"ngnigel99"},"content":"","lastModifiedDate":"2021-08-25"},{"lineNumber":6,"author":{"gitId":"ngnigel99"},"content":"    //references: https://linuxgazette.net/issue67/orr.html","lastModifiedDate":"2021-08-25"},{"lineNumber":7,"author":{"gitId":"ngnigel99"},"content":"    public static void penguinSay(String say) {","lastModifiedDate":"2021-08-25"},{"lineNumber":8,"author":{"gitId":"ngnigel99"},"content":"        System.out.println(\"\u003c \" + say + \"  \u003e\\n\" +","lastModifiedDate":"2021-08-25"},{"lineNumber":9,"author":{"gitId":"ngnigel99"},"content":"                \" -----------------------\\n\" +","lastModifiedDate":"2021-08-25"},{"lineNumber":10,"author":{"gitId":"ngnigel99"},"content":"                \"   \\\\\\n\" +","lastModifiedDate":"2021-08-25"},{"lineNumber":11,"author":{"gitId":"ngnigel99"},"content":"                \"    \\\\\\n\" +","lastModifiedDate":"2021-08-25"},{"lineNumber":12,"author":{"gitId":"ngnigel99"},"content":"                \"        .--.\\n\" +","lastModifiedDate":"2021-08-25"},{"lineNumber":13,"author":{"gitId":"ngnigel99"},"content":"                \"       |o_o |\\n\" +","lastModifiedDate":"2021-08-25"},{"lineNumber":14,"author":{"gitId":"ngnigel99"},"content":"                \"       |:_/ |\\n\" +","lastModifiedDate":"2021-08-25"},{"lineNumber":15,"author":{"gitId":"ngnigel99"},"content":"                \"      //   \\\\ \\\\\\n\" +","lastModifiedDate":"2021-08-25"},{"lineNumber":16,"author":{"gitId":"ngnigel99"},"content":"                \"     (|     | )\\n\" +","lastModifiedDate":"2021-08-25"},{"lineNumber":17,"author":{"gitId":"ngnigel99"},"content":"                \"    /\u0027\\\\_   _/`\\\\\\n\" +","lastModifiedDate":"2021-08-25"},{"lineNumber":18,"author":{"gitId":"ngnigel99"},"content":"                \"    \\\\___)\u003d(___/\\n\" +","lastModifiedDate":"2021-08-25"},{"lineNumber":19,"author":{"gitId":"ngnigel99"},"content":"                \"                  \");","lastModifiedDate":"2021-08-25"},{"lineNumber":20,"author":{"gitId":"ngnigel99"},"content":"    }","lastModifiedDate":"2021-08-25"},{"lineNumber":21,"author":{"gitId":"ngnigel99"},"content":"}","lastModifiedDate":"2021-08-25"}],"authorContributionMap":{"ngnigel99":21}},{"path":"src/main/java/duke/task/Task.java","fileType":"java","lines":[{"lineNumber":1,"author":{"gitId":"ngnigel99"},"content":"package duke.task;","lastModifiedDate":"2021-09-08"},{"lineNumber":2,"author":{"gitId":"ngnigel99"},"content":"","lastModifiedDate":"2021-08-29"},{"lineNumber":3,"author":{"gitId":"ngnigel99"},"content":"public class Task {","lastModifiedDate":"2021-08-25"},{"lineNumber":4,"author":{"gitId":"ngnigel99"},"content":"    private String description;","lastModifiedDate":"2021-08-25"},{"lineNumber":5,"author":{"gitId":"ngnigel99"},"content":"    private boolean isDone \u003d false;","lastModifiedDate":"2021-08-25"},{"lineNumber":6,"author":{"gitId":"ngnigel99"},"content":"    private boolean isToDo \u003d false;","lastModifiedDate":"2021-08-29"},{"lineNumber":7,"author":{"gitId":"ngnigel99"},"content":"    private boolean isEvent \u003d false;","lastModifiedDate":"2021-08-29"},{"lineNumber":8,"author":{"gitId":"ngnigel99"},"content":"    private int howLong \u003d 0;","lastModifiedDate":"2021-08-25"},{"lineNumber":9,"author":{"gitId":"ngnigel99"},"content":"    private String deadline;","lastModifiedDate":"2021-08-29"},{"lineNumber":10,"author":{"gitId":"ngnigel99"},"content":"    private String eventDescription;","lastModifiedDate":"2021-08-29"},{"lineNumber":11,"author":{"gitId":"ngnigel99"},"content":"","lastModifiedDate":"2021-08-25"},{"lineNumber":12,"author":{"gitId":"ngnigel99"},"content":"    public Task(String description) {","lastModifiedDate":"2021-08-25"},{"lineNumber":13,"author":{"gitId":"ngnigel99"},"content":"        if (!description.equals(null)) {","lastModifiedDate":"2021-08-29"},{"lineNumber":14,"author":{"gitId":"ngnigel99"},"content":"            this.description \u003d description;","lastModifiedDate":"2021-08-25"},{"lineNumber":15,"author":{"gitId":"ngnigel99"},"content":"        }","lastModifiedDate":"2021-08-25"},{"lineNumber":16,"author":{"gitId":"ngnigel99"},"content":"    }","lastModifiedDate":"2021-08-29"},{"lineNumber":17,"author":{"gitId":"ngnigel99"},"content":"","lastModifiedDate":"2021-08-25"},{"lineNumber":18,"author":{"gitId":"ngnigel99"},"content":"    public Task(String deadline, String type) {","lastModifiedDate":"2021-08-29"},{"lineNumber":19,"author":{"gitId":"ngnigel99"},"content":"        type \u003d type.toLowerCase();","lastModifiedDate":"2021-08-29"},{"lineNumber":20,"author":{"gitId":"ngnigel99"},"content":"        if (type.equals(\"todo\")) {","lastModifiedDate":"2021-08-29"},{"lineNumber":21,"author":{"gitId":"ngnigel99"},"content":"            String[] descDeadline \u003d deadline.split(\"/\", 2);","lastModifiedDate":"2021-08-29"},{"lineNumber":22,"author":{"gitId":"ngnigel99"},"content":"            this.description \u003d descDeadline[0].trim();","lastModifiedDate":"2021-08-29"},{"lineNumber":23,"author":{"gitId":"ngnigel99"},"content":"            if (descDeadline.length \u003d\u003d 2) {","lastModifiedDate":"2021-08-29"},{"lineNumber":24,"author":{"gitId":"ngnigel99"},"content":"                this.deadline \u003d descDeadline[1].trim();","lastModifiedDate":"2021-08-29"},{"lineNumber":25,"author":{"gitId":"ngnigel99"},"content":"                this.isToDo \u003d true;","lastModifiedDate":"2021-08-29"},{"lineNumber":26,"author":{"gitId":"ngnigel99"},"content":"            }","lastModifiedDate":"2021-08-29"},{"lineNumber":27,"author":{"gitId":"ngnigel99"},"content":"        }","lastModifiedDate":"2021-08-29"},{"lineNumber":28,"author":{"gitId":"ngnigel99"},"content":"        else if (type.equals(\"event\")) {","lastModifiedDate":"2021-08-29"},{"lineNumber":29,"author":{"gitId":"ngnigel99"},"content":"            String[] descEvent \u003d deadline.split(\"/\", 2);","lastModifiedDate":"2021-08-29"},{"lineNumber":30,"author":{"gitId":"ngnigel99"},"content":"            this.description \u003d descEvent[0].trim();","lastModifiedDate":"2021-08-29"},{"lineNumber":31,"author":{"gitId":"ngnigel99"},"content":"            if (descEvent.length \u003d\u003d 2) {","lastModifiedDate":"2021-08-29"},{"lineNumber":32,"author":{"gitId":"ngnigel99"},"content":"                this.eventDescription \u003d descEvent[1].trim();","lastModifiedDate":"2021-08-29"},{"lineNumber":33,"author":{"gitId":"ngnigel99"},"content":"                this.isEvent \u003d true;","lastModifiedDate":"2021-08-29"},{"lineNumber":34,"author":{"gitId":"ngnigel99"},"content":"            }","lastModifiedDate":"2021-08-29"},{"lineNumber":35,"author":{"gitId":"ngnigel99"},"content":"        }","lastModifiedDate":"2021-08-29"},{"lineNumber":36,"author":{"gitId":"ngnigel99"},"content":"    }","lastModifiedDate":"2021-08-25"},{"lineNumber":37,"author":{"gitId":"ngnigel99"},"content":"","lastModifiedDate":"2021-08-25"},{"lineNumber":38,"author":{"gitId":"ngnigel99"},"content":"    public String getDescription() {","lastModifiedDate":"2021-08-25"},{"lineNumber":39,"author":{"gitId":"ngnigel99"},"content":"        return description;","lastModifiedDate":"2021-08-25"},{"lineNumber":40,"author":{"gitId":"ngnigel99"},"content":"    }","lastModifiedDate":"2021-08-25"},{"lineNumber":41,"author":{"gitId":"ngnigel99"},"content":"","lastModifiedDate":"2021-08-25"},{"lineNumber":42,"author":{"gitId":"ngnigel99"},"content":"    public void setDescription(String description) {","lastModifiedDate":"2021-08-25"},{"lineNumber":43,"author":{"gitId":"ngnigel99"},"content":"        this.description \u003d description;","lastModifiedDate":"2021-08-25"},{"lineNumber":44,"author":{"gitId":"ngnigel99"},"content":"    }","lastModifiedDate":"2021-08-25"},{"lineNumber":45,"author":{"gitId":"ngnigel99"},"content":"","lastModifiedDate":"2021-08-25"},{"lineNumber":46,"author":{"gitId":"ngnigel99"},"content":"    public boolean isDone() {","lastModifiedDate":"2021-08-25"},{"lineNumber":47,"author":{"gitId":"ngnigel99"},"content":"        return isDone;","lastModifiedDate":"2021-08-25"},{"lineNumber":48,"author":{"gitId":"ngnigel99"},"content":"    }","lastModifiedDate":"2021-08-25"},{"lineNumber":49,"author":{"gitId":"ngnigel99"},"content":"","lastModifiedDate":"2021-08-25"},{"lineNumber":50,"author":{"gitId":"ngnigel99"},"content":"    public void setDone(boolean done) {","lastModifiedDate":"2021-08-25"},{"lineNumber":51,"author":{"gitId":"ngnigel99"},"content":"        isDone \u003d done;","lastModifiedDate":"2021-08-25"},{"lineNumber":52,"author":{"gitId":"ngnigel99"},"content":"    }","lastModifiedDate":"2021-08-25"},{"lineNumber":53,"author":{"gitId":"ngnigel99"},"content":"","lastModifiedDate":"2021-08-25"},{"lineNumber":54,"author":{"gitId":"ngnigel99"},"content":"    public int getHowLong() {","lastModifiedDate":"2021-08-25"},{"lineNumber":55,"author":{"gitId":"ngnigel99"},"content":"        return howLong;","lastModifiedDate":"2021-08-25"},{"lineNumber":56,"author":{"gitId":"ngnigel99"},"content":"    }","lastModifiedDate":"2021-08-25"},{"lineNumber":57,"author":{"gitId":"ngnigel99"},"content":"","lastModifiedDate":"2021-08-25"},{"lineNumber":58,"author":{"gitId":"ngnigel99"},"content":"    public void setHowLong(int howLong) {","lastModifiedDate":"2021-08-25"},{"lineNumber":59,"author":{"gitId":"ngnigel99"},"content":"        this.howLong \u003d howLong;","lastModifiedDate":"2021-08-25"},{"lineNumber":60,"author":{"gitId":"ngnigel99"},"content":"    }","lastModifiedDate":"2021-08-25"},{"lineNumber":61,"author":{"gitId":"ngnigel99"},"content":"","lastModifiedDate":"2021-08-29"},{"lineNumber":62,"author":{"gitId":"ngnigel99"},"content":"    public String getDeadline() {","lastModifiedDate":"2021-08-29"},{"lineNumber":63,"author":{"gitId":"ngnigel99"},"content":"        return deadline;","lastModifiedDate":"2021-08-29"},{"lineNumber":64,"author":{"gitId":"ngnigel99"},"content":"    }","lastModifiedDate":"2021-08-29"},{"lineNumber":65,"author":{"gitId":"ngnigel99"},"content":"","lastModifiedDate":"2021-08-29"},{"lineNumber":66,"author":{"gitId":"ngnigel99"},"content":"    public void setDeadline(String deadline) {","lastModifiedDate":"2021-08-29"},{"lineNumber":67,"author":{"gitId":"ngnigel99"},"content":"        this.deadline \u003d deadline;","lastModifiedDate":"2021-08-29"},{"lineNumber":68,"author":{"gitId":"ngnigel99"},"content":"        this.isToDo \u003d true;","lastModifiedDate":"2021-08-29"},{"lineNumber":69,"author":{"gitId":"ngnigel99"},"content":"    }","lastModifiedDate":"2021-08-29"},{"lineNumber":70,"author":{"gitId":"ngnigel99"},"content":"","lastModifiedDate":"2021-08-29"},{"lineNumber":71,"author":{"gitId":"ngnigel99"},"content":"    public String getEventDescription() {","lastModifiedDate":"2021-08-29"},{"lineNumber":72,"author":{"gitId":"ngnigel99"},"content":"        return eventDescription;","lastModifiedDate":"2021-08-29"},{"lineNumber":73,"author":{"gitId":"ngnigel99"},"content":"    }","lastModifiedDate":"2021-08-29"},{"lineNumber":74,"author":{"gitId":"ngnigel99"},"content":"","lastModifiedDate":"2021-08-29"},{"lineNumber":75,"author":{"gitId":"ngnigel99"},"content":"    public void setToDo(boolean hasDeadline) {","lastModifiedDate":"2021-08-29"},{"lineNumber":76,"author":{"gitId":"ngnigel99"},"content":"        this.isToDo \u003d hasDeadline;","lastModifiedDate":"2021-08-29"},{"lineNumber":77,"author":{"gitId":"ngnigel99"},"content":"    }","lastModifiedDate":"2021-08-29"},{"lineNumber":78,"author":{"gitId":"ngnigel99"},"content":"","lastModifiedDate":"2021-08-29"},{"lineNumber":79,"author":{"gitId":"ngnigel99"},"content":"    public boolean isToDo() {","lastModifiedDate":"2021-08-29"},{"lineNumber":80,"author":{"gitId":"ngnigel99"},"content":"        return isToDo;","lastModifiedDate":"2021-08-29"},{"lineNumber":81,"author":{"gitId":"ngnigel99"},"content":"    }","lastModifiedDate":"2021-08-29"},{"lineNumber":82,"author":{"gitId":"ngnigel99"},"content":"","lastModifiedDate":"2021-08-29"},{"lineNumber":83,"author":{"gitId":"ngnigel99"},"content":"    public boolean isEvent() {","lastModifiedDate":"2021-08-29"},{"lineNumber":84,"author":{"gitId":"ngnigel99"},"content":"        return isEvent;","lastModifiedDate":"2021-08-29"},{"lineNumber":85,"author":{"gitId":"ngnigel99"},"content":"    }","lastModifiedDate":"2021-08-29"},{"lineNumber":86,"author":{"gitId":"ngnigel99"},"content":"","lastModifiedDate":"2021-08-29"},{"lineNumber":87,"author":{"gitId":"ngnigel99"},"content":"    public char getType() {","lastModifiedDate":"2021-08-29"},{"lineNumber":88,"author":{"gitId":"ngnigel99"},"content":"        if (this.isToDo \u0026\u0026 !this.getDeadline().equals(\"\")) {","lastModifiedDate":"2021-08-29"},{"lineNumber":89,"author":{"gitId":"ngnigel99"},"content":"            return \u0027D\u0027; //deadline","lastModifiedDate":"2021-08-29"},{"lineNumber":90,"author":{"gitId":"ngnigel99"},"content":"        }","lastModifiedDate":"2021-08-29"},{"lineNumber":91,"author":{"gitId":"ngnigel99"},"content":"        else if (this.isEvent) {","lastModifiedDate":"2021-08-29"},{"lineNumber":92,"author":{"gitId":"ngnigel99"},"content":"            return \u0027E\u0027;","lastModifiedDate":"2021-08-29"},{"lineNumber":93,"author":{"gitId":"ngnigel99"},"content":"        }","lastModifiedDate":"2021-08-29"},{"lineNumber":94,"author":{"gitId":"ngnigel99"},"content":"        else return \u0027T\u0027;    //todo or task by mutual exclusion","lastModifiedDate":"2021-08-29"},{"lineNumber":95,"author":{"gitId":"ngnigel99"},"content":"    }","lastModifiedDate":"2021-08-29"},{"lineNumber":96,"author":{"gitId":"ngnigel99"},"content":"}","lastModifiedDate":"2021-08-25"}],"authorContributionMap":{"ngnigel99":96}},{"path":"text-ui-test/input.txt","fileType":"txt","lines":[{"lineNumber":1,"author":{"gitId":"ngnigel99"},"content":"","lastModifiedDate":"2021-09-01"},{"lineNumber":2,"author":{"gitId":"ngnigel99"},"content":"","lastModifiedDate":"2021-09-01"},{"lineNumber":3,"author":{"gitId":"ngnigel99"},"content":"todo","lastModifiedDate":"2021-09-01"},{"lineNumber":4,"author":{"gitId":"ngnigel99"},"content":"borrow book / today","lastModifiedDate":"2021-09-01"},{"lineNumber":5,"author":{"gitId":"ngnigel99"},"content":"stop","lastModifiedDate":"2021-09-01"},{"lineNumber":6,"author":{"gitId":"ngnigel99"},"content":"add","lastModifiedDate":"2021-09-01"},{"lineNumber":7,"author":{"gitId":"ngnigel99"},"content":"read book","lastModifiedDate":"2021-09-01"},{"lineNumber":8,"author":{"gitId":"ngnigel99"},"content":"stop","lastModifiedDate":"2021-09-01"},{"lineNumber":9,"author":{"gitId":"ngnigel99"},"content":"add","lastModifiedDate":"2021-09-01"},{"lineNumber":10,"author":{"gitId":"ngnigel99"},"content":"return book / June 6th","lastModifiedDate":"2021-09-01"},{"lineNumber":11,"author":{"gitId":"ngnigel99"},"content":"join sports club","lastModifiedDate":"2021-09-01"},{"lineNumber":12,"author":{"gitId":"ngnigel99"},"content":"stop","lastModifiedDate":"2021-09-01"},{"lineNumber":13,"author":{"gitId":"ngnigel99"},"content":"event","lastModifiedDate":"2021-09-01"},{"lineNumber":14,"author":{"gitId":"ngnigel99"},"content":"project meeting / Aug 6th 2-4pm","lastModifiedDate":"2021-09-01"},{"lineNumber":15,"author":{"gitId":"ngnigel99"},"content":"stop","lastModifiedDate":"2021-09-01"},{"lineNumber":16,"author":{"gitId":"ngnigel99"},"content":"list","lastModifiedDate":"2021-09-01"},{"lineNumber":17,"author":{"gitId":"ngnigel99"},"content":"todo","lastModifiedDate":"2021-09-01"},{"lineNumber":18,"author":{"gitId":"ngnigel99"},"content":"return book / Sunday","lastModifiedDate":"2021-09-01"},{"lineNumber":19,"author":{"gitId":"ngnigel99"},"content":"stop","lastModifiedDate":"2021-09-01"},{"lineNumber":20,"author":{"gitId":"ngnigel99"},"content":"list","lastModifiedDate":"2021-09-01"},{"lineNumber":21,"author":{"gitId":"ngnigel99"},"content":"event","lastModifiedDate":"2021-09-01"},{"lineNumber":22,"author":{"gitId":"ngnigel99"},"content":"project meeting / Mon 2-4pm","lastModifiedDate":"2021-09-01"},{"lineNumber":23,"author":{"gitId":"ngnigel99"},"content":"stop","lastModifiedDate":"2021-09-01"},{"lineNumber":24,"author":{"gitId":"ngnigel99"},"content":"list","lastModifiedDate":"2021-09-01"},{"lineNumber":25,"author":{"gitId":"ngnigel99"},"content":"done","lastModifiedDate":"2021-09-01"},{"lineNumber":26,"author":{"gitId":"ngnigel99"},"content":"1 3 4 5","lastModifiedDate":"2021-09-01"},{"lineNumber":27,"author":{"gitId":"ngnigel99"},"content":"list","lastModifiedDate":"2021-09-01"},{"lineNumber":28,"author":{"gitId":"ngnigel99"},"content":"done","lastModifiedDate":"2021-09-01"},{"lineNumber":29,"author":{"gitId":"ngnigel99"},"content":"2 6 7","lastModifiedDate":"2021-09-01"},{"lineNumber":30,"author":{"gitId":"ngnigel99"},"content":"list","lastModifiedDate":"2021-09-01"},{"lineNumber":31,"author":{"gitId":"ngnigel99"},"content":"bye","lastModifiedDate":"2021-09-01"}],"authorContributionMap":{"ngnigel99":31}},{"path":"text-ui-test/todoexpected.txt","fileType":"txt","lines":[{"lineNumber":1,"author":{"gitId":"ngnigel99"},"content":"Username [dukeBot]: Password [bukeDot]:                  ...                 ","lastModifiedDate":"2021-09-01"},{"lineNumber":2,"author":{"gitId":"ngnigel99"},"content":"Hello dukeBot!","lastModifiedDate":"2021-09-01"},{"lineNumber":3,"author":{"gitId":"ngnigel99"},"content":"I\u0027m Duke","lastModifiedDate":"2021-09-01"},{"lineNumber":4,"author":{"gitId":"ngnigel99"},"content":"What can I do for you?","lastModifiedDate":"2021-09-01"},{"lineNumber":5,"author":{"gitId":"ngnigel99"},"content":"                 ...                 ","lastModifiedDate":"2021-09-01"},{"lineNumber":6,"author":{"gitId":"ngnigel99"},"content":"remove task 1, task 3, task 5, task 6, ","lastModifiedDate":"2021-09-01"},{"lineNumber":7,"author":{"gitId":"ngnigel99"},"content":" / done tasks, good job! / ","lastModifiedDate":"2021-09-01"},{"lineNumber":8,"author":{"gitId":"ngnigel99"},"content":" /          / ","lastModifiedDate":"2021-09-01"},{"lineNumber":9,"author":{"gitId":"ngnigel99"},"content":"1. [T] [✓] task 1","lastModifiedDate":"2021-09-01"},{"lineNumber":10,"author":{"gitId":"ngnigel99"},"content":"2. [T] [ ] task 2","lastModifiedDate":"2021-09-01"},{"lineNumber":11,"author":{"gitId":"ngnigel99"},"content":"3. [D] [✓] task 3 (by: 2pm) ","lastModifiedDate":"2021-09-01"},{"lineNumber":12,"author":{"gitId":"ngnigel99"},"content":"4. [D] [ ] task 4 (by: 4pm) ","lastModifiedDate":"2021-09-01"},{"lineNumber":13,"author":{"gitId":"ngnigel99"},"content":"5. [E] [✓] task 5 (at: tommorow) ","lastModifiedDate":"2021-09-01"},{"lineNumber":14,"author":{"gitId":"ngnigel99"},"content":"6. [E] [✓] task 6 (at: day after) ","lastModifiedDate":"2021-09-01"},{"lineNumber":15,"author":{"gitId":"ngnigel99"},"content":" /          / ","lastModifiedDate":"2021-09-01"},{"lineNumber":16,"author":{"gitId":"ngnigel99"},"content":"                 ...                 ","lastModifiedDate":"2021-09-01"},{"lineNumber":17,"author":{"gitId":"ngnigel99"},"content":"Bye. Hope to see you  again soon!","lastModifiedDate":"2021-09-01"},{"lineNumber":18,"author":{"gitId":"ngnigel99"},"content":"                 ...                 ","lastModifiedDate":"2021-09-01"}],"authorContributionMap":{"ngnigel99":18}},{"path":"text-ui-test/todoinput.txt","fileType":"txt","lines":[{"lineNumber":1,"author":{"gitId":"ngnigel99"},"content":"","lastModifiedDate":"2021-09-01"},{"lineNumber":2,"author":{"gitId":"ngnigel99"},"content":"","lastModifiedDate":"2021-09-01"},{"lineNumber":3,"author":{"gitId":"ngnigel99"},"content":"add","lastModifiedDate":"2021-09-01"},{"lineNumber":4,"author":{"gitId":"ngnigel99"},"content":"task 1","lastModifiedDate":"2021-09-01"},{"lineNumber":5,"author":{"gitId":"ngnigel99"},"content":"task 2","lastModifiedDate":"2021-09-01"},{"lineNumber":6,"author":{"gitId":"ngnigel99"},"content":"stop","lastModifiedDate":"2021-09-01"},{"lineNumber":7,"author":{"gitId":"ngnigel99"},"content":"todo","lastModifiedDate":"2021-09-01"},{"lineNumber":8,"author":{"gitId":"ngnigel99"},"content":"task 3  / 2pm","lastModifiedDate":"2021-09-01"},{"lineNumber":9,"author":{"gitId":"ngnigel99"},"content":"task 4  / 4pm","lastModifiedDate":"2021-09-01"},{"lineNumber":10,"author":{"gitId":"ngnigel99"},"content":"stop","lastModifiedDate":"2021-09-01"},{"lineNumber":11,"author":{"gitId":"ngnigel99"},"content":"event","lastModifiedDate":"2021-09-01"},{"lineNumber":12,"author":{"gitId":"ngnigel99"},"content":"task 5 / tommorow","lastModifiedDate":"2021-09-01"},{"lineNumber":13,"author":{"gitId":"ngnigel99"},"content":"task 6 / day after","lastModifiedDate":"2021-09-01"},{"lineNumber":14,"author":{"gitId":"ngnigel99"},"content":"stop","lastModifiedDate":"2021-09-01"},{"lineNumber":15,"author":{"gitId":"ngnigel99"},"content":"done","lastModifiedDate":"2021-09-01"},{"lineNumber":16,"author":{"gitId":"ngnigel99"},"content":"1 3 5 6","lastModifiedDate":"2021-09-01"},{"lineNumber":17,"author":{"gitId":"ngnigel99"},"content":"list","lastModifiedDate":"2021-09-01"},{"lineNumber":18,"author":{"gitId":"ngnigel99"},"content":"bye","lastModifiedDate":"2021-09-01"}],"authorContributionMap":{"ngnigel99":18}}]
