{"authorDailyContributionsMap":{"MAZJ124":[{"date":"2021-08-19","commitResults":[{"hash":"4c693395f0f6bcf30ab848feff925414ae170f7a","messageTitle":"Add greeting message","messageBody":"","tags":["Level-0"],"fileTypesAndContributionMap":{"java":{"insertions":7,"deletions":0}}}]},{"date":"2021-08-22","commitResults":[{"hash":"b5d8bfde5a52798917812e7036b85352e2dba08f","messageTitle":"Add features to greet user, echo messages and exit program","messageBody":"","tags":["Level-1"],"fileTypesAndContributionMap":{"java":{"insertions":12,"deletions":0}}},{"hash":"98a2620e9fb16ff4a4897aff370be417ab7670bc","messageTitle":"Add features to add task to and display todo list","messageBody":"","tags":["Level-2"],"fileTypesAndContributionMap":{"java":{"insertions":15,"deletions":2}}},{"hash":"9f5460e5c529ac2bdc7e509fee01873d347eacc1","messageTitle":"Add features to mark task as done","messageBody":"","tags":["Level-3"],"fileTypesAndContributionMap":{"java":{"insertions":37,"deletions":6}}}]}]},"authorFileTypeContributionMap":{"MAZJ124":{"java":63,"md":0,"fxml":0,"sh":0,"bat":0,"gradle":0,"txt":0}},"authorContributionVariance":{"MAZJ124":23.657415},"authorDisplayNameMap":{"MAZJ124":"MA Z..JIAN"}}
