{"authorDailyContributionsMap":{"powzx":[{"date":"2021-08-15","commitResults":[{"hash":"cdd6b46efd6d8585b06680461c0ba34e1020dc80","messageTitle":"Added Level 0","messageBody":"Greet and exit messages\n","tags":["Level-0"],"fileTypesAndContributionMap":{"java":{"insertions":21,"deletions":2}}}]},{"date":"2021-08-22","commitResults":[{"hash":"747c9840c9fdb17aaa55c278dacfd6b0906ede9d","messageTitle":"Added echo function","messageBody":"Moved main function into Main.java class\nChanged the welcome logo and texts\n","tags":["Level-1"],"fileTypesAndContributionMap":{"java":{"insertions":33,"deletions":13}}},{"hash":"593fcf3a996d9e92014d677c68860971d1d75fc2","messageTitle":"Added TaskManager class","messageBody":"added addTask and listTasks for Duke class to send TaskManager requests\nadded switch-case statement in main function to filter commands\n","tags":["Level-2"],"fileTypesAndContributionMap":{"java":{"insertions":43,"deletions":2}}},{"hash":"722e4729706cc2df4990594a4197573df445d17a","messageTitle":"Added Task class","messageBody":"Added ability to set tasks as done in the chatbot\nChanged the switch-case in main to if-else statements\n","tags":["Level-3"],"fileTypesAndContributionMap":{"java":{"insertions":55,"deletions":14}}},{"hash":"2d478eabe98130ede9db8664b2ce9bb6248473e8","messageTitle":"Minor rearrangement of code in Main","messageBody":"","fileTypesAndContributionMap":{"java":{"insertions":1,"deletions":2}}},{"hash":"33740095fa39f8c219eeff2c851bc37e80638765","messageTitle":"Minor adjustments to style","messageBody":"Removed final for some variables\nDuke LOGO is now final\n","tags":["A-CodingStandard"],"fileTypesAndContributionMap":{"java":{"insertions":13,"deletions":12}}}]},{"date":"2021-08-24","commitResults":[{"hash":"0ec0f07d9fbc2caf51f90acc85c255d96a75b605","messageTitle":"Changed the greet message","messageBody":"","fileTypesAndContributionMap":{"java":{"insertions":1,"deletions":1}}}]},{"date":"2021-08-29","commitResults":[{"hash":"10415dbdc726e152d6caba68da8019572bc4b113","messageTitle":"Add support for tracking three types of tasks","messageBody":"- ToDo, Deadline, Event are added as children of Task class\n- Add InputFilter class to separate command and date details from input\n- Changed greet and exit messages as a constant for better encapsulation\n- Removed error handling from Task Manager (Exceptions to be implemented in future versions)\n- Changed to switch-case statement in Main\n","fileTypesAndContributionMap":{"java":{"insertions":129,"deletions":30}}},{"hash":"deb297fd09d08ed7f6702a9df840e9b324f3b844","messageTitle":"Improved Level 4","messageBody":"- Introduced InputParser to parse inputs into command and parameters\n- Improved the OO model of the program\n- Renamed constants to follow guidelines\n","fileTypesAndContributionMap":{"java":{"insertions":150,"deletions":118}}},{"hash":"168ee4002a79475863b4cfd16f37bf7f37cf3cb2","messageTitle":"Refine parsing of inputs","messageBody":"- Added help and echo commands for Duke\n","fileTypesAndContributionMap":{"java":{"insertions":63,"deletions":30}}},{"hash":"323f15c6cff0f020a6fcca25b337f618bafc6202","messageTitle":"Edit Help Message","messageBody":"","fileTypesAndContributionMap":{"java":{"insertions":1,"deletions":1}}},{"hash":"a6cd4eaec3bacae6ca340eb71184d5fdf68038e3","messageTitle":"Initialized text-ui-test","messageBody":"- input.txt contains inputs for testing\n- populated EXPECTED.txt for testing\n","fileTypesAndContributionMap":{"txt":{"insertions":22,"deletions":0},"bat":{"insertions":1,"deletions":1}}},{"hash":"d116266d782d1a2ac450370eb8bc16af64f1baa6","messageTitle":"Improve Parser","messageBody":"- Add trimInput method to trim all elements in a given String array. This method is used in all three separate methods.\n","tags":["Level-4"],"fileTypesAndContributionMap":{"java":{"insertions":12,"deletions":5}}},{"hash":"e9b2fdd4c6d9bc05c2c593dd9e6891899eb132cc","messageTitle":"Add more test cases for input.txt","messageBody":"- Edit EXPECTED.txt\n","tags":["A-TextUiTesting"],"fileTypesAndContributionMap":{"txt":{"insertions":9,"deletions":0},"java":{"insertions":1,"deletions":1}}},{"hash":"bce3f3ad82ad51e8bb82d9a8f840a55e5c8355ed","messageTitle":"Minor refactoring done","messageBody":"","tags":["A-CodeQuality"],"fileTypesAndContributionMap":{"java":{"insertions":17,"deletions":17}}},{"hash":"1cd74b04bd44bd37c2bb3d1318e71104eb622325","messageTitle":"Add Clear function to clear all tasks","messageBody":"- Modified input.txt and EXPECTED.txt for testing of clear as well\n","fileTypesAndContributionMap":{"txt":{"insertions":2,"deletions":0},"java":{"insertions":24,"deletions":6}}}]},{"date":"2021-09-01","commitResults":[{"hash":"bf9a88cf0fc56009575b3b9a5339df5cb57329b0","messageTitle":"Encapsulate the handling of commands","messageBody":"- executing Duke calls handleUserInput which checks for any inputs that are of length 1, if no match, it will call parseUserInputString.\n","fileTypesAndContributionMap":{"java":{"insertions":51,"deletions":41}}}]},{"date":"2021-09-02","commitResults":[{"hash":"7949368cc98e1bd36000695a2b958ce5ce08541f","messageTitle":"Add trim() to userInputString","messageBody":"userInputString will be trimmed after being taken as input.\nThis is different from the trimInput() function in InputParser, as it trims the individual array elements after being separated.\n","fileTypesAndContributionMap":{"txt":{"insertions":2,"deletions":2},"java":{"insertions":1,"deletions":1}}},{"hash":"fdad04dfb3eea90ae9e11bb8174630c7190de86c","messageTitle":"Refactored trimInput() for better clarity of the purpose of the method","messageBody":"","fileTypesAndContributionMap":{"java":{"insertions":4,"deletions":4}}}]}]},"authorFileTypeContributionMap":{"powzx":{"java":326,"md":0,"fxml":0,"sh":0,"bat":1,"gradle":0,"txt":33}},"authorContributionVariance":{"powzx":1948.7262},"authorDisplayNameMap":{"powzx":"CS2113T-W11-1 POW ..IANG"}}
