[{"path":"src/main/java/Greet.java","fileType":"java","lines":[{"lineNumber":1,"author":{"gitId":"teoziyiivy"},"content":"import java.util.Arrays;","lastModifiedDate":"2021-08-26"},{"lineNumber":2,"author":{"gitId":"teoziyiivy"},"content":"import java.util.Scanner;","lastModifiedDate":"2021-08-26"},{"lineNumber":3,"author":{"gitId":"teoziyiivy"},"content":"","lastModifiedDate":"2021-08-26"},{"lineNumber":4,"author":{"gitId":"teoziyiivy"},"content":"public class Greet {","lastModifiedDate":"2021-08-24"},{"lineNumber":5,"author":{"gitId":"teoziyiivy"},"content":"    public static void main (String[] args) {","lastModifiedDate":"2021-08-24"},{"lineNumber":6,"author":{"gitId":"teoziyiivy"},"content":"        String[] tasks \u003d new String[100];","lastModifiedDate":"2021-08-26"},{"lineNumber":7,"author":{"gitId":"teoziyiivy"},"content":"        int ntasks \u003d 0;","lastModifiedDate":"2021-08-26"},{"lineNumber":8,"author":{"gitId":"teoziyiivy"},"content":"        System.out.println(\"Hello! I\u0027m Duke\");","lastModifiedDate":"2021-08-26"},{"lineNumber":9,"author":{"gitId":"teoziyiivy"},"content":"        String line;","lastModifiedDate":"2021-08-26"},{"lineNumber":10,"author":{"gitId":"teoziyiivy"},"content":"        Scanner in \u003d new Scanner(System.in);","lastModifiedDate":"2021-08-26"},{"lineNumber":11,"author":{"gitId":"teoziyiivy"},"content":"        System.out.println(\"What can I do for you?\");","lastModifiedDate":"2021-08-26"},{"lineNumber":12,"author":{"gitId":"teoziyiivy"},"content":"        line \u003d in.nextLine();","lastModifiedDate":"2021-08-26"},{"lineNumber":13,"author":{"gitId":"teoziyiivy"},"content":"        boolean bool1 \u003d false;","lastModifiedDate":"2021-08-26"},{"lineNumber":14,"author":{"gitId":"teoziyiivy"},"content":"        while (!bool1) {","lastModifiedDate":"2021-08-26"},{"lineNumber":15,"author":{"gitId":"teoziyiivy"},"content":"            System.out.println(\"added: \" + line);","lastModifiedDate":"2021-08-26"},{"lineNumber":16,"author":{"gitId":"teoziyiivy"},"content":"            tasks[ntasks]\u003d line;","lastModifiedDate":"2021-08-26"},{"lineNumber":17,"author":{"gitId":"teoziyiivy"},"content":"            ntasks +\u003d 1;","lastModifiedDate":"2021-08-26"},{"lineNumber":18,"author":{"gitId":"teoziyiivy"},"content":"            line \u003d in.nextLine();","lastModifiedDate":"2021-08-26"},{"lineNumber":19,"author":{"gitId":"teoziyiivy"},"content":"            if (line.equals(\"list\")) {","lastModifiedDate":"2021-08-26"},{"lineNumber":20,"author":{"gitId":"teoziyiivy"},"content":"                for (int i \u003d 0; i \u003c ntasks; i +\u003d 1) {","lastModifiedDate":"2021-08-26"},{"lineNumber":21,"author":{"gitId":"teoziyiivy"},"content":"                    System.out.println((i+1) + \". \" + tasks[i]);","lastModifiedDate":"2021-08-26"},{"lineNumber":22,"author":{"gitId":"teoziyiivy"},"content":"                }","lastModifiedDate":"2021-08-26"},{"lineNumber":23,"author":{"gitId":"teoziyiivy"},"content":"            }","lastModifiedDate":"2021-08-26"},{"lineNumber":24,"author":{"gitId":"teoziyiivy"},"content":"            if (line.contains(\"bye\")) {","lastModifiedDate":"2021-08-26"},{"lineNumber":25,"author":{"gitId":"teoziyiivy"},"content":"                bool1 \u003d true;","lastModifiedDate":"2021-08-26"},{"lineNumber":26,"author":{"gitId":"teoziyiivy"},"content":"            }","lastModifiedDate":"2021-08-26"},{"lineNumber":27,"author":{"gitId":"teoziyiivy"},"content":"        }","lastModifiedDate":"2021-08-26"},{"lineNumber":28,"author":{"gitId":"teoziyiivy"},"content":"        System.out.println(\"Bye. Hope to see you again soon!\");","lastModifiedDate":"2021-08-24"},{"lineNumber":29,"author":{"gitId":"teoziyiivy"},"content":"    }","lastModifiedDate":"2021-08-24"},{"lineNumber":30,"author":{"gitId":"teoziyiivy"},"content":"}","lastModifiedDate":"2021-08-24"}],"authorContributionMap":{"teoziyiivy":30}}]
