{"authorDailyContributionsMap":{"teoziyiivy":[{"date":"2021-08-24","commitResults":[{"hash":"a05464fcf0108070fe05a77c24c723ff7581e863","messageTitle":"Level 0: Greet","messageBody":"","tags":["Level-0"],"fileTypesAndContributionMap":{"java":{"insertions":6,"deletions":0}}}]},{"date":"2021-08-26","commitResults":[{"hash":"efd9e5bc401cb761aa42cc5f85d28ca235fcf735","messageTitle":"Level-1","messageBody":"","tags":["Level-1"],"fileTypesAndContributionMap":{"java":{"insertions":16,"deletions":1}}},{"hash":"99d6469029ae643e13f890c148c98798fe6edbb4","messageTitle":"Level-2","messageBody":"","tags":["Level-2"],"fileTypesAndContributionMap":{"java":{"insertions":10,"deletions":1}}},{"hash":"1814bd1edf5636476a63a7c6d0167a9fa4dc6857","messageTitle":"Level-3","messageBody":"","tags":["Level-3"],"fileTypesAndContributionMap":{"java":{"insertions":37,"deletions":11}}},{"hash":"0e868fe0ecc2e57c5eb2cb4421688bc5a44e6d27","messageTitle":"A-CodingStandard","messageBody":"","tags":["A-CodingStandard"],"fileTypesAndContributionMap":{"java":{"insertions":2,"deletions":4}}}]},{"date":"2021-09-01","commitResults":[{"hash":"de9dc0ab589cb23f954cd43b0a698f67371d029e","messageTitle":"Level-4","messageBody":"","tags":["Level-4"],"fileTypesAndContributionMap":{"java":{"insertions":134,"deletions":40}}},{"hash":"0061596a35990d9ea5b80f6115c4a1793cbded14","messageTitle":"Revert \"Level-4\"","messageBody":"This reverts commit de9dc0ab589cb23f954cd43b0a698f67371d029e.\n","fileTypesAndContributionMap":{"java":{"insertions":40,"deletions":134}}}]},{"date":"2021-09-02","commitResults":[{"hash":"860304e6965777b41bca9684b1516f70b0d0c5be","messageTitle":"Fixing accidental revert","messageBody":"","fileTypesAndContributionMap":{"java":{"insertions":135,"deletions":41}}},{"hash":"466cbeea100643e8d21e8e7f8def93afa8c08c17","messageTitle":"Incomplete A-TextUiTesting","messageBody":"","fileTypesAndContributionMap":{"txt":{"insertions":8,"deletions":0},"bat":{"insertions":2,"deletions":2}}},{"hash":"781043a4ea55f88f6a5f4c0f96194824d92131ff","messageTitle":"A-CodeQuality","messageBody":"","tags":["A-CodeQuality"],"fileTypesAndContributionMap":{"java":{"insertions":6,"deletions":0}}},{"hash":"50e7e6b721f0f8d6a1579fff267dc8c997e65a6d","messageTitle":"Shifting comment line","messageBody":"","fileTypesAndContributionMap":{"java":{"insertions":2,"deletions":1}}},{"hash":"a6b0cb4690b1781b6d871c67b3ad91537aa4d43d","messageTitle":"Altering runtest.bat","messageBody":"","fileTypesAndContributionMap":{"bat":{"insertions":2,"deletions":2}}},{"hash":"81aba6144bbde54f674aa1eeb322bca16cccdc74","messageTitle":"A-TextUiTesting update","messageBody":"","tags":["A-TextUiTesting"],"fileTypesAndContributionMap":{"bat":{"insertions":3,"deletions":3}}}]}]},"authorFileTypeContributionMap":{"teoziyiivy":{"java":161,"md":0,"fxml":0,"sh":0,"bat":1,"gradle":0,"txt":8}},"authorContributionVariance":{"teoziyiivy":731.2692},"authorDisplayNameMap":{"teoziyiivy":"CS2113T-F14-3 TEO .. IVY"}}
