{"authorDailyContributionsMap":{"praj-bellakka":[{"date":"2021-08-18","commitResults":[{"hash":"5bb0229b591e2513f180791ef44c9fa396232eae","messageTitle":"Level 0","messageBody":"Implemented a skeletal version of Duke with a greet statement\n","fileTypesAndContributionMap":{"java":{"insertions":6,"deletions":0}}}]},{"date":"2021-08-24","commitResults":[{"hash":"b73cef3254db83d222f6f1121e104f92e073c9db","messageTitle":"Added Greet, Echo and Exit functionality","messageBody":"","tags":["Level-1"],"fileTypesAndContributionMap":{"java":{"insertions":65,"deletions":3}}},{"hash":"69a94a4438fad7d1c9681b6a19266f0d13f336ab","messageTitle":"Added Level 2: Add, List","messageBody":"","tags":["Level-2"],"fileTypesAndContributionMap":{"java":{"insertions":22,"deletions":9}}},{"hash":"56a4d6a9ed30774d02669860709eb173f751fa45","messageTitle":"Added Level-3: The ability to mark tasks as done","messageBody":"","tags":["Level-3"],"fileTypesAndContributionMap":{"java":{"insertions":58,"deletions":13}}},{"hash":"0173bf95b22195e95e5d3b70ae83d063deff83cb","messageTitle":"Follow programming standards","messageBody":"","tags":["A-CodingStandard"],"fileTypesAndContributionMap":{"java":{"insertions":23,"deletions":27}}}]},{"date":"2021-08-30","commitResults":[{"hash":"f6d5b79a7f6eaa4f5c339cc80ea8f19912c72225","messageTitle":"Added Level-4 functionalities","messageBody":"","tags":["Level-4"],"fileTypesAndContributionMap":{"java":{"insertions":182,"deletions":27}}},{"hash":"2ce6120a12da465ae1ae0afbe23993bf3c7e3c92","messageTitle":"Added A-TextUiTesting Fixed some UI bugs in Program.java","messageBody":"","tags":["A-TextUiTesting"],"fileTypesAndContributionMap":{"txt":{"insertions":9,"deletions":0},"java":{"insertions":17,"deletions":8}}},{"hash":"26db9e4259ee12f5e36d21172670c5f87d1cf175","messageTitle":"Refactored code to comply with coding standards","messageBody":"","tags":["A-CodeQuality"],"fileTypesAndContributionMap":{"java":{"insertions":21,"deletions":17}}}]},{"date":"2021-09-05","commitResults":[{"hash":"8fbb0ae4a2d05332487e8e63a069803f69abd038","messageTitle":"Added exception handlers","messageBody":"","fileTypesAndContributionMap":{"java":{"insertions":79,"deletions":31}}},{"hash":"62dfba91d0d775d9e85869bdffbefe14ebc346dc","messageTitle":"Refactored code","messageBody":"","fileTypesAndContributionMap":{"java":{"insertions":5,"deletions":5}}},{"hash":"15f0b9684077c4aaf4f7e438b731deffe8e1219a","messageTitle":"Divided classes into packages","messageBody":"","fileTypesAndContributionMap":{"java":{"insertions":27,"deletions":5},"bat":{"insertions":1,"deletions":1},"md":{"insertions":2,"deletions":2}}}]},{"date":"2021-09-06","commitResults":[{"hash":"e8373eb5eebcea58d695b46fe436216ef3e9e037","messageTitle":"Fixed package imports","messageBody":"","fileTypesAndContributionMap":{"java":{"insertions":2,"deletions":4}}},{"hash":"6b957ac3677ee4b32f90d8e2cc9f3a654e46bbc9","messageTitle":"Revert \"Fixed package imports\"","messageBody":"This reverts commit e8373eb5eebcea58d695b46fe436216ef3e9e037.\n","fileTypesAndContributionMap":{"java":{"insertions":4,"deletions":2}}}]}]},"authorFileTypeContributionMap":{"praj-bellakka":{"java":367,"md":2,"fxml":0,"sh":0,"bat":1,"gradle":0,"txt":9}},"authorContributionVariance":{"praj-bellakka":640.65814},"authorDisplayNameMap":{"praj-bellakka":"CS2113T-W12-1 BELL..JWAL"}}
