{"authorDailyContributionsMap":{"crabnuggets":[{"date":"2021-08-22","commitResults":[{"hash":"b01860e375af384d20554189ac81f50a0c0d5fdb","messageTitle":"Add Level-0: Greet","messageBody":"","fileTypesAndContributionMap":{"java":{"insertions":11,"deletions":0}}}]},{"date":"2021-08-23","commitResults":[{"hash":"7db9fcd956325df55178d5b820a13f8dd5b80d84","messageTitle":"Add Level-1: Greet, Echo, Exit","messageBody":"* Update logo and bot name to \"Billy\"\n* Add echo for user input\n* Add case-insensitive exit when user inputs \"bye\"\n","tags":["Level-1"],"fileTypesAndContributionMap":{"java":{"insertions":32,"deletions":14}}},{"hash":"a7ea184ecfc516669b882db0a48d0e02942aa4d1","messageTitle":"Add Level-2: Add, List","messageBody":"* Update userInput to trim excess whitespaces\n* Store user input in a list\n* Implement printList method in Duke.java\n","tags":["Level-2"],"fileTypesAndContributionMap":{"java":{"insertions":22,"deletions":5}}},{"hash":"8ba7c8d9fe1d6f300aa6e79b879e03bcfb60b7ea","messageTitle":"Add Task class","messageBody":"* Create Task class with description and completion status of task\n* Change task list in Duke.java to handle Task objects\n* Print out completion status of task\n","tags":["A-Classes"],"fileTypesAndContributionMap":{"java":{"insertions":28,"deletions":5}}},{"hash":"284e93fd5481cc9b824119b2304e1cb16ba3fe6c","messageTitle":"Add extractInt method in Duke.java","messageBody":"","fileTypesAndContributionMap":{"java":{"insertions":32,"deletions":0}}},{"hash":"3b4dd3f13feee6bf1dc1d6468950466a9824d03e","messageTitle":"Replace toggleDone method with markAsDone","messageBody":"markAsDone sets isDone field to true instead of toggling its value\n","fileTypesAndContributionMap":{"java":{"insertions":2,"deletions":2}}},{"hash":"0f0d9a356f749a8efd0916b85349246103738f88","messageTitle":"Optimize extractInt method in Duke.java","messageBody":"* Reduced size of extractedInts array\n","fileTypesAndContributionMap":{"java":{"insertions":10,"deletions":12}}},{"hash":"512e46dc44bf304fa547af12d1454be3e4bdef6e","messageTitle":"Add markTasksAsDone method in Duke.java","messageBody":"","fileTypesAndContributionMap":{"java":{"insertions":39,"deletions":0}}},{"hash":"2f3eacfaf9cdf0fbe12ddda28a931fa7786169ae","messageTitle":"Add Level-3: Mark as Done","messageBody":"* Allow users to mark single or multiple tasks as done\n* Fix bug where marking last task as done returns error\n","tags":["Level-3"],"fileTypesAndContributionMap":{"java":{"insertions":4,"deletions":2}}},{"hash":"ebf2ac9628ec54874596c7f9366fa69a3d47825f","messageTitle":"Tweak code to comply with coding standard","messageBody":"* Remove unused java.sql.Array import\n* Optimize some expressions\n","fileTypesAndContributionMap":{"java":{"insertions":3,"deletions":4}}}]},{"date":"2021-08-25","commitResults":[{"hash":"cf57ba2216e3244474c33a66cf9af1b18e77e327","messageTitle":"Tweak code to further comply with coding standard","messageBody":"","tags":["A-CodingStandard"],"fileTypesAndContributionMap":{"java":{"insertions":16,"deletions":16}}}]},{"date":"2021-08-29","commitResults":[{"hash":"f7740cb25e81d8cc4613d039f63c6161aaa0d6a0","messageTitle":"Add TaskType enum","messageBody":"","fileTypesAndContributionMap":{"java":{"insertions":3,"deletions":0}}},{"hash":"92c7f9424ab321fe8d1c7dc24a35480356c683df","messageTitle":"Update Task class to include \"type\" field","messageBody":"\"type\" is of TaskType enum\n\n* Add getter for type\n","fileTypesAndContributionMap":{"java":{"insertions":6,"deletions":0}}},{"hash":"76b3b35d1b88d2e252978b50b084d1cabc2ebdfb","messageTitle":"Add printType method to Task.java","messageBody":"","fileTypesAndContributionMap":{"java":{"insertions":7,"deletions":0}}},{"hash":"5e4bbefab7f1ce5da69060d5aaa0c6ce7ff45a1c","messageTitle":"Update printType method in Task.java","messageBody":"","fileTypesAndContributionMap":{"java":{"insertions":1,"deletions":4}}},{"hash":"4fadfc9d6a8cf5a9a150b5fce8024f5492215732","messageTitle":"Add Todo class","messageBody":"","fileTypesAndContributionMap":{"java":{"insertions":10,"deletions":0}}},{"hash":"6a8c11687a004f1026c1cb3412c49a2913effe06","messageTitle":"Add taskLabel values to TasktType enum","messageBody":"The taskLabel field is a String value that denotes the type of task\nsuch that it can be printed on the terminal output.\n","fileTypesAndContributionMap":{"java":{"insertions":13,"deletions":1}}},{"hash":"c9197fe31a739eddee62e115fa3c38cc0ecbd154","messageTitle":"Override toString method in Task.java","messageBody":"toString method now prints out the type, status, and description of\nthe task. The label of the task uses the getTaskLabel method from\nthe TaskType enum.\n","fileTypesAndContributionMap":{"java":{"insertions":4,"deletions":2}}},{"hash":"7e63a9b3e751902255e920e1606eaf0b732fc5d9","messageTitle":"Tweak Todo.java","messageBody":"* Update constructor to match type of task correctly\n* Remove outdated printType method\n","fileTypesAndContributionMap":{"java":{"insertions":1,"deletions":5}}},{"hash":"ac34fd8cfd7939f60fc64c546b97dbce1c960735","messageTitle":"Add new EMPTY TaskType enum","messageBody":"In addition,\n* Update Task.java to set type of task as EMPTY by default\n","fileTypesAndContributionMap":{"java":{"insertions":2,"deletions":2}}},{"hash":"e6cfd739539c4baf7dd2f241e86663ede8f866a2","messageTitle":"Add Deadline class","messageBody":"* Inherits from Task class\n* dateTime is treated as a String for now\n* Override toString method to include the set deadline\n","fileTypesAndContributionMap":{"java":{"insertions":14,"deletions":0}}},{"hash":"526afbdcf6e70dd46d3a296a15702213deb2d517","messageTitle":"Add Event class","messageBody":"* Inherits from Task class\n* dateTime is treated as a String for now\n* Override toString method to include the set deadline\n","fileTypesAndContributionMap":{"java":{"insertions":14,"deletions":0}}}]},{"date":"2021-08-30","commitResults":[{"hash":"5d2838967e5f7ce1bbef73eb444bdd62a82d255e","messageTitle":"Refactor greeting messages in Duke.java","messageBody":"* Make logo, greeting and goodbye message public static final\n* Update printList method to use overridden toString method in Task\nclass\n","fileTypesAndContributionMap":{"java":{"insertions":17,"deletions":20}}},{"hash":"55e0de902ccfedbab9e3c0314db94e772a59bde2","messageTitle":"Fix typo in toString override in Event.java","messageBody":"","fileTypesAndContributionMap":{"java":{"insertions":1,"deletions":1}}},{"hash":"3290161847717a29e0253b8bad4b04cd50e1d325","messageTitle":"Add Level-4: ToDos, Events, Deadlines","messageBody":"Implements a basic version of Level-4 increments. Task of its\nrespective type will be added by scanning the first word of the user\ninput.\n\nFirst word is case-insensitive and ignores any whitespaces that may\nhave been accidentally added in front.\n\nLet\u0027s add addTask, splitDescriptionFromTiming, and removeFirstWord\nmethods to achieve the implementation of this project increment.\n","tags":["Level-4"],"fileTypesAndContributionMap":{"java":{"insertions":87,"deletions":3}}}]},{"date":"2021-08-31","commitResults":[{"hash":"f1c3571d3262339e03a2432b645d8e4b40e0180e","messageTitle":"Add help message in Duke.java","messageBody":"* Display help message when invalid input is detected\n","fileTypesAndContributionMap":{"java":{"insertions":16,"deletions":1}}},{"hash":"3305f9114304a0e34ba0485a4b4fd958549c01db","messageTitle":"Add TextUiTesting","messageBody":"","tags":["A-TextUiTesting"],"fileTypesAndContributionMap":{"txt":{"insertions":9,"deletions":0},"bat":{"insertions":2,"deletions":2}}},{"hash":"36092c8203707845774625a1c183be4b83a19791","messageTitle":"Improve coding standard in Duke.java","messageBody":"","tags":["A-CodeQuality"],"fileTypesAndContributionMap":{"java":{"insertions":17,"deletions":20}}}]},{"date":"2021-09-05","commitResults":[{"hash":"a4015b8839457870bede6fdec12ae86cb27c724d","messageTitle":"Task.java: make class abstract","messageBody":"","fileTypesAndContributionMap":{"java":{"insertions":1,"deletions":1}}},{"hash":"77754d6fe2ee1c39d82823ffa8308a4c2e04e6c3","messageTitle":"Duke.java: Extract addEvent and addDeadline method","messageBody":"","fileTypesAndContributionMap":{"java":{"insertions":31,"deletions":22}}},{"hash":"a84d453beeb290f3abc383cc0d33668b54dbe1e3","messageTitle":"Extract toString override in Task.java to Todo.java","messageBody":"","fileTypesAndContributionMap":{"java":{"insertions":7,"deletions":7}}},{"hash":"b6bfc9c5abc217c2259acd93b8829af75e23084a","messageTitle":"TaskType.java: remove EMPTY enum","messageBody":"","fileTypesAndContributionMap":{"java":{"insertions":0,"deletions":1}}}]},{"date":"2021-09-06","commitResults":[{"hash":"d80152160803a11b87be53f03bff62f16ff68bf9","messageTitle":"Add DukeException.java","messageBody":"","fileTypesAndContributionMap":{"java":{"insertions":3,"deletions":0}}},{"hash":"ab9391f0fb294887f259ffdfc1e54d1927538303","messageTitle":"Duke.java: Add error handling for markTasksAsDone method","messageBody":"","fileTypesAndContributionMap":{"java":{"insertions":33,"deletions":28}}},{"hash":"52ef19ec087e7f93c2c2cae76ab6cc192601f665","messageTitle":"Duke.java: split addTask into individual methods","messageBody":"addTask was an unnecessary method that complicated the code and made it\ndifficult to read.\n\nLet\u0027s\n* Remove the addTask() method\n* Add addTodo() method\n* Add addDeadline() method\n* Add addEvent() method\n","fileTypesAndContributionMap":{"java":{"insertions":46,"deletions":67}}},{"hash":"f4a1b445f87243b5c8b4eae0a8d02dda72c3dc8c","messageTitle":"Duke.java: Add error handling for extractDescription method","messageBody":"","fileTypesAndContributionMap":{"java":{"insertions":13,"deletions":10}}},{"hash":"8f4c5b55ce2400c43516150dc6aca14c7f16fdd4","messageTitle":"Duke.java: Add more error handling","messageBody":"","fileTypesAndContributionMap":{"java":{"insertions":42,"deletions":31}}},{"hash":"cb762b09e4fdd87efed778ad3cd6a6f5c81e5be7","messageTitle":"Duke.java: Tweak documentation of markTasksAsDone method","messageBody":"","fileTypesAndContributionMap":{"java":{"insertions":1,"deletions":1}}}]},{"date":"2021-09-07","commitResults":[{"hash":"c037b420815c4fe4ae09aeb045132f262e7a9170","messageTitle":"Organize code into packages","messageBody":"","fileTypesAndContributionMap":{"java":{"insertions":17,"deletions":0}}}]},{"date":"2021-09-13","commitResults":[{"hash":"d81156953b00e3527881bcb8b36a78a43ca54d13","messageTitle":"DukeException.java: Make DukeException constructor public","messageBody":"","fileTypesAndContributionMap":{"java":{"insertions":1,"deletions":1}}},{"hash":"6cc65c4c8ca4db1dcae007a744aef16a9cd97457","messageTitle":"Duke.java: Add user feature to delete tasks","messageBody":"* Add deleteTask method\n","tags":["Level-6","A-Collections"],"fileTypesAndContributionMap":{"java":{"insertions":31,"deletions":1}}}]},{"date":"2021-09-14","commitResults":[{"hash":"e540258bbd406442559cc69869ad8da1916cd24a","messageTitle":"Update constructors for Task.java and subclasses","messageBody":"An additional type param of enum TaskType is now required.\n","fileTypesAndContributionMap":{"java":{"insertions":46,"deletions":8}}},{"hash":"327dae43430ecaf90120701dec738035d3294fe2","messageTitle":"Add save and read from file functionality","messageBody":"","fileTypesAndContributionMap":{"java":{"insertions":102,"deletions":11}}},{"hash":"51eb9e698d11a70ea94cf394bbc79d9e5021c2a7","messageTitle":"Duke.java: Update to save tasks whenever list changes","messageBody":"","tags":["Level-7"],"fileTypesAndContributionMap":{"java":{"insertions":4,"deletions":0}}}]},{"date":"2021-09-20","commitResults":[{"hash":"cd6021eb1dcdf7287dc92230e7ac7d8323aa884f","messageTitle":"Add Ui class","messageBody":"","fileTypesAndContributionMap":{"java":{"insertions":84,"deletions":0}}},{"hash":"2a5f2c809f6e4713c0e94d6a8d42a5f76c9e64d9","messageTitle":"Duke.java: implement Ui class for printing messages","messageBody":"","fileTypesAndContributionMap":{"java":{"insertions":18,"deletions":65}}},{"hash":"3ebae35a403090214fe3ace2b5a483e8fe06441c","messageTitle":"Reformat toString methods for task classes","messageBody":"","fileTypesAndContributionMap":{"java":{"insertions":3,"deletions":3}}},{"hash":"5c99c4a67beecc61b45d1d59007cb12acd13b8a0","messageTitle":"Rename DukeFileUtils.java to Storage.java","messageBody":"","fileTypesAndContributionMap":{"java":{"insertions":1,"deletions":1}}},{"hash":"3a2f90f962d7a84b750418d2b5c508ad29a56b92","messageTitle":"Duke.java: Refactor code for Storage.java name change","messageBody":"","fileTypesAndContributionMap":{"java":{"insertions":6,"deletions":6}}},{"hash":"d5bf539fa354891972ff871917a8fc1bfff085ec","messageTitle":"Add Command enum","messageBody":"","fileTypesAndContributionMap":{"java":{"insertions":12,"deletions":0}}},{"hash":"36f02e4169fe60c7d23dddae1d3fe660fcf90b68","messageTitle":"Add Parser class","messageBody":"","fileTypesAndContributionMap":{"java":{"insertions":100,"deletions":0}}},{"hash":"4d46fb84c3b5ca7c3d718f24bc5a382d07974c4e","messageTitle":"Add TaskList class","messageBody":"","fileTypesAndContributionMap":{"java":{"insertions":138,"deletions":0}}},{"hash":"49bb225613c7b5c48a211867fad35a6b1574dc76","messageTitle":"Implement TaskList and Parser classes into Duke.java","messageBody":"","tags":["A-MoreOOP"],"fileTypesAndContributionMap":{"java":{"insertions":3,"deletions":190}}},{"hash":"235c6bbda63c391e24bba9f8387c290e037f34c6","messageTitle":"Parser.java: Add extractDateTime method","messageBody":"","fileTypesAndContributionMap":{"java":{"insertions":30,"deletions":0}}},{"hash":"87c2bf699203b51b0b36c37faae94b3923bd83ff","messageTitle":"Parser.java: Add stringifyDateTime method","messageBody":"","fileTypesAndContributionMap":{"java":{"insertions":4,"deletions":0}}}]},{"date":"2021-09-21","commitResults":[{"hash":"0843cb4b957181e05d1f1ef15db5c94fe97f3b64","messageTitle":"Update addDeadline to use LocalDateTime instead of String","messageBody":"","fileTypesAndContributionMap":{"java":{"insertions":22,"deletions":11}}},{"hash":"2e4966472fd0ae5bafc48ccbc885aad429d7f25e","messageTitle":"Storage.java: Update to match LocalDateTime field for deadlines","messageBody":"","fileTypesAndContributionMap":{"java":{"insertions":7,"deletions":3}}},{"hash":"db7b3367de2a0d430b913d61db4f8e8bd5d274d0","messageTitle":"Parser.java: Adjust message format for DukeException","messageBody":"","fileTypesAndContributionMap":{"java":{"insertions":2,"deletions":1}}},{"hash":"60d431ed872c1bb4db6af8f7ddfa7a8fdb7c1654","messageTitle":"Duke.java: Fix bug to allow program upon user input \"bye\"","messageBody":"","fileTypesAndContributionMap":{"java":{"insertions":3,"deletions":1}}},{"hash":"29b76c8febb767e22fd59bd3dc73a0a1b8ac84bc","messageTitle":"Update deadline print format","messageBody":"* Make print format different from input/storage format\n","fileTypesAndContributionMap":{"java":{"insertions":8,"deletions":3}}},{"hash":"cad0b1c5b59ec6b61489d511b81be453a37f6db3","messageTitle":"Update addEvent to use LocalDateTime instead of String","messageBody":"","fileTypesAndContributionMap":{"java":{"insertions":10,"deletions":4}}},{"hash":"b8b5f2590292792c05a1cfef3682befe93343931","messageTitle":"Update to match LocalDateTime field for events","messageBody":"","fileTypesAndContributionMap":{"java":{"insertions":13,"deletions":8}}},{"hash":"1b3f847c8cce7729b8aa1bd97cb0b1ff92a8e853","messageTitle":"Parser.java: Update DukeException message format","messageBody":"","fileTypesAndContributionMap":{"java":{"insertions":4,"deletions":2}}},{"hash":"bbb3a46a7139e70adb04d5bd203bb697606d004a","messageTitle":"Command.java: Add FIND enum","messageBody":"","fileTypesAndContributionMap":{"java":{"insertions":1,"deletions":0}}},{"hash":"969c1b20e80c4d3d52815d82c21fde699543e728","messageTitle":"Parser.java: Update parseUserCommand to return FIND command","messageBody":"","fileTypesAndContributionMap":{"java":{"insertions":2,"deletions":0}}},{"hash":"9fd2b962da9792a32eb45dd4b20afb935bd3c859","messageTitle":"Add user ability to find task given string input","messageBody":"","fileTypesAndContributionMap":{"java":{"insertions":46,"deletions":4}}}]}]},"authorFileTypeContributionMap":{"crabnuggets":{"java":683,"md":0,"fxml":0,"sh":0,"bat":1,"gradle":0,"txt":9}},"authorContributionVariance":{"crabnuggets":2552.3376},"authorDisplayNameMap":{"crabnuggets":"CS2113T-W12-3 ALVI..IONG"}}
