{"authorDailyContributionsMap":{"crabnuggets":[{"date":"2021-08-22","commitResults":[{"hash":"b01860e375af384d20554189ac81f50a0c0d5fdb","messageTitle":"Add Level-0: Greet","messageBody":"","fileTypesAndContributionMap":{"java":{"insertions":11,"deletions":0}}}]},{"date":"2021-08-23","commitResults":[{"hash":"7db9fcd956325df55178d5b820a13f8dd5b80d84","messageTitle":"Add Level-1: Greet, Echo, Exit","messageBody":"* Update logo and bot name to \"Billy\"\n* Add echo for user input\n* Add case-insensitive exit when user inputs \"bye\"\n","tags":["Level-1"],"fileTypesAndContributionMap":{"java":{"insertions":32,"deletions":14}}},{"hash":"a7ea184ecfc516669b882db0a48d0e02942aa4d1","messageTitle":"Add Level-2: Add, List","messageBody":"* Update userInput to trim excess whitespaces\n* Store user input in a list\n* Implement printList method in Duke.java\n","tags":["Level-2"],"fileTypesAndContributionMap":{"java":{"insertions":22,"deletions":5}}},{"hash":"8ba7c8d9fe1d6f300aa6e79b879e03bcfb60b7ea","messageTitle":"Add Task class","messageBody":"* Create Task class with description and completion status of task\n* Change task list in Duke.java to handle Task objects\n* Print out completion status of task\n","tags":["A-Classes"],"fileTypesAndContributionMap":{"java":{"insertions":28,"deletions":5}}},{"hash":"284e93fd5481cc9b824119b2304e1cb16ba3fe6c","messageTitle":"Add extractInt method in Duke.java","messageBody":"","fileTypesAndContributionMap":{"java":{"insertions":32,"deletions":0}}},{"hash":"3b4dd3f13feee6bf1dc1d6468950466a9824d03e","messageTitle":"Replace toggleDone method with markAsDone","messageBody":"markAsDone sets isDone field to true instead of toggling its value\n","fileTypesAndContributionMap":{"java":{"insertions":2,"deletions":2}}},{"hash":"0f0d9a356f749a8efd0916b85349246103738f88","messageTitle":"Optimize extractInt method in Duke.java","messageBody":"* Reduced size of extractedInts array\n","fileTypesAndContributionMap":{"java":{"insertions":10,"deletions":12}}},{"hash":"512e46dc44bf304fa547af12d1454be3e4bdef6e","messageTitle":"Add markTasksAsDone method in Duke.java","messageBody":"","fileTypesAndContributionMap":{"java":{"insertions":39,"deletions":0}}},{"hash":"2f3eacfaf9cdf0fbe12ddda28a931fa7786169ae","messageTitle":"Add Level-3: Mark as Done","messageBody":"* Allow users to mark single or multiple tasks as done\n* Fix bug where marking last task as done returns error\n","tags":["Level-3"],"fileTypesAndContributionMap":{"java":{"insertions":4,"deletions":2}}},{"hash":"ebf2ac9628ec54874596c7f9366fa69a3d47825f","messageTitle":"Tweak code to comply with coding standard","messageBody":"* Remove unused java.sql.Array import\n* Optimize some expressions\n","fileTypesAndContributionMap":{"java":{"insertions":3,"deletions":4}}}]},{"date":"2021-08-25","commitResults":[{"hash":"cf57ba2216e3244474c33a66cf9af1b18e77e327","messageTitle":"Tweak code to further comply with coding standard","messageBody":"","tags":["A-CodingStandard"],"fileTypesAndContributionMap":{"java":{"insertions":16,"deletions":16}}}]},{"date":"2021-08-29","commitResults":[{"hash":"f7740cb25e81d8cc4613d039f63c6161aaa0d6a0","messageTitle":"Add TaskType enum","messageBody":"","fileTypesAndContributionMap":{"java":{"insertions":3,"deletions":0}}},{"hash":"92c7f9424ab321fe8d1c7dc24a35480356c683df","messageTitle":"Update Task class to include \"type\" field","messageBody":"\"type\" is of TaskType enum\n\n* Add getter for type\n","fileTypesAndContributionMap":{"java":{"insertions":6,"deletions":0}}},{"hash":"76b3b35d1b88d2e252978b50b084d1cabc2ebdfb","messageTitle":"Add printType method to Task.java","messageBody":"","fileTypesAndContributionMap":{"java":{"insertions":7,"deletions":0}}},{"hash":"5e4bbefab7f1ce5da69060d5aaa0c6ce7ff45a1c","messageTitle":"Update printType method in Task.java","messageBody":"","fileTypesAndContributionMap":{"java":{"insertions":1,"deletions":4}}},{"hash":"4fadfc9d6a8cf5a9a150b5fce8024f5492215732","messageTitle":"Add Todo class","messageBody":"","fileTypesAndContributionMap":{"java":{"insertions":10,"deletions":0}}},{"hash":"6a8c11687a004f1026c1cb3412c49a2913effe06","messageTitle":"Add taskLabel values to TasktType enum","messageBody":"The taskLabel field is a String value that denotes the type of task\nsuch that it can be printed on the terminal output.\n","fileTypesAndContributionMap":{"java":{"insertions":13,"deletions":1}}},{"hash":"c9197fe31a739eddee62e115fa3c38cc0ecbd154","messageTitle":"Override toString method in Task.java","messageBody":"toString method now prints out the type, status, and description of\nthe task. The label of the task uses the getTaskLabel method from\nthe TaskType enum.\n","fileTypesAndContributionMap":{"java":{"insertions":4,"deletions":2}}},{"hash":"7e63a9b3e751902255e920e1606eaf0b732fc5d9","messageTitle":"Tweak Todo.java","messageBody":"* Update constructor to match type of task correctly\n* Remove outdated printType method\n","fileTypesAndContributionMap":{"java":{"insertions":1,"deletions":5}}},{"hash":"ac34fd8cfd7939f60fc64c546b97dbce1c960735","messageTitle":"Add new EMPTY TaskType enum","messageBody":"In addition,\n* Update Task.java to set type of task as EMPTY by default\n","fileTypesAndContributionMap":{"java":{"insertions":2,"deletions":2}}},{"hash":"e6cfd739539c4baf7dd2f241e86663ede8f866a2","messageTitle":"Add Deadline class","messageBody":"* Inherits from Task class\n* dateTime is treated as a String for now\n* Override toString method to include the set deadline\n","fileTypesAndContributionMap":{"java":{"insertions":14,"deletions":0}}},{"hash":"526afbdcf6e70dd46d3a296a15702213deb2d517","messageTitle":"Add Event class","messageBody":"* Inherits from Task class\n* dateTime is treated as a String for now\n* Override toString method to include the set deadline\n","fileTypesAndContributionMap":{"java":{"insertions":14,"deletions":0}}}]},{"date":"2021-08-30","commitResults":[{"hash":"5d2838967e5f7ce1bbef73eb444bdd62a82d255e","messageTitle":"Refactor greeting messages in Duke.java","messageBody":"* Make logo, greeting and goodbye message public static final\n* Update printList method to use overridden toString method in Task\nclass\n","fileTypesAndContributionMap":{"java":{"insertions":17,"deletions":20}}},{"hash":"55e0de902ccfedbab9e3c0314db94e772a59bde2","messageTitle":"Fix typo in toString override in Event.java","messageBody":"","fileTypesAndContributionMap":{"java":{"insertions":1,"deletions":1}}},{"hash":"3290161847717a29e0253b8bad4b04cd50e1d325","messageTitle":"Add Level-4: ToDos, Events, Deadlines","messageBody":"Implements a basic version of Level-4 increments. Task of its\nrespective type will be added by scanning the first word of the user\ninput.\n\nFirst word is case-insensitive and ignores any whitespaces that may\nhave been accidentally added in front.\n\nLet\u0027s add addTask, splitDescriptionFromTiming, and removeFirstWord\nmethods to achieve the implementation of this project increment.\n","tags":["Level-4"],"fileTypesAndContributionMap":{"java":{"insertions":87,"deletions":3}}}]},{"date":"2021-08-31","commitResults":[{"hash":"f1c3571d3262339e03a2432b645d8e4b40e0180e","messageTitle":"Add help message in Duke.java","messageBody":"* Display help message when invalid input is detected\n","fileTypesAndContributionMap":{"java":{"insertions":16,"deletions":1}}},{"hash":"3305f9114304a0e34ba0485a4b4fd958549c01db","messageTitle":"Add TextUiTesting","messageBody":"","tags":["A-TextUiTesting"],"fileTypesAndContributionMap":{"txt":{"insertions":9,"deletions":0},"bat":{"insertions":2,"deletions":2}}},{"hash":"36092c8203707845774625a1c183be4b83a19791","messageTitle":"Improve coding standard in Duke.java","messageBody":"","fileTypesAndContributionMap":{"java":{"insertions":17,"deletions":20}}}]}]},"authorFileTypeContributionMap":{"crabnuggets":{"java":298,"md":0,"fxml":0,"sh":0,"bat":1,"gradle":0,"txt":9}},"authorContributionVariance":{"crabnuggets":329.95505},"authorDisplayNameMap":{"crabnuggets":"CS2113T-W12-3 ALVI..IONG"}}
