{"authorDailyContributionsMap":{"rachelkeh":[{"date":"2021-08-21","commitResults":[{"hash":"bc6ca2208ecdf71a5a149592077082e448ab95d6","messageTitle":"Add Level 0 - Greet increment.","messageBody":"","tags":["Level-0"],"fileTypesAndContributionMap":{"java":{"insertions":5,"deletions":0}}}]},{"date":"2021-08-26","commitResults":[{"hash":"d5cc733596b61974587c3ee0ee020d475ddcdb4b","messageTitle":"Add Level 1 - Greet, Echo, Exit increment.","messageBody":"","tags":["Level-1"],"fileTypesAndContributionMap":{"java":{"insertions":23,"deletions":5}}},{"hash":"99b3f514de64509f8c92f8c74e27bf9716e20e23","messageTitle":"Add Level 2 - Add, List increment.","messageBody":"adding in Task class only now even though it was introduced in the level 1 increment because I forgot to let Git track it\n","tags":["Level-2"],"fileTypesAndContributionMap":{"java":{"insertions":53,"deletions":5}}},{"hash":"8309681ec2f032c84e002a5762a6ccd4216a4864","messageTitle":"Add Level 3 - Mark as Done increment.","messageBody":"","tags":["Level-3"],"fileTypesAndContributionMap":{"java":{"insertions":33,"deletions":3}}},{"hash":"08a1345fb3975a61dcdeaebe8d78750d880ab040","messageTitle":"Change the convert to lower case to ignore case.","messageBody":"","fileTypesAndContributionMap":{"java":{"insertions":2,"deletions":2}}}]},{"date":"2021-09-02","commitResults":[{"hash":"bbdf2ae3a109511bd03bea2449ac5116a60e7c96","messageTitle":"Add Level 4 - ToDos, Events, Deadlines increment.","messageBody":"","tags":["Level-4"],"fileTypesAndContributionMap":{"java":{"insertions":69,"deletions":14}}},{"hash":"67fabef3d363ca13b5cff973759dbfb4e752c54b","messageTitle":"Shift welcome and bye messages in main into their own respective functions and invoke from main. Change taskDetails to description in Task class to flow with the rest of the code and avoid unnecessary confusion. Change a few magic numbers into constants in TaskManager class.","messageBody":"","tags":["A-CodeQuality"],"fileTypesAndContributionMap":{"java":{"insertions":32,"deletions":22}}}]},{"date":"2021-09-09","commitResults":[{"hash":"13de32bf481dc217f20b23a3875acac7454f67dc","messageTitle":"Add Level 5 - Handle Errors increment.","messageBody":"","fileTypesAndContributionMap":{"java":{"insertions":94,"deletions":19}}},{"hash":"399b3d5035689291fe6e0f37f7c81971de26f0e4","messageTitle":"Refactor parts of the code to make the code neater.","messageBody":"","fileTypesAndContributionMap":{"java":{"insertions":67,"deletions":59}}},{"hash":"f23749749625061bdd1c12ba3afdb8b691ba236f","messageTitle":"Add A-Packages increment.","messageBody":"","fileTypesAndContributionMap":{"java":{"insertions":14,"deletions":1}}}]}]},"authorFileTypeContributionMap":{"rachelkeh":{"java":263,"md":0,"fxml":0,"sh":0,"bat":0,"gradle":0,"txt":0}},"authorContributionVariance":{"rachelkeh":411.93738},"authorDisplayNameMap":{"rachelkeh":"CS2113T-F12-3 KEH ..CHEL"}}
