{"authorDailyContributionsMap":{"siyuancheng178":[{"date":"2021-08-21","commitResults":[{"hash":"b36b2b9bd75e8e36a9d3b9eee6bc033fafafa84f","messageTitle":"Level 0","messageBody":"","tags":["Level-0"],"fileTypesAndContributionMap":{"java":{"insertions":5,"deletions":6}}},{"hash":"a45627b77003c8364e850ac540f64867d5036414","messageTitle":"Level 1","messageBody":"","tags":["Level-1"],"fileTypesAndContributionMap":{"java":{"insertions":15,"deletions":5}}},{"hash":"05b2ca4cb958eac0cab9ec77cab0e30008f0bee2","messageTitle":"Level 3","messageBody":"","fileTypesAndContributionMap":{"java":{"insertions":120,"deletions":7}}},{"hash":"58d5522432505409b00324b3951ff0bb81189ebf","messageTitle":"Level 2 code","messageBody":"","fileTypesAndContributionMap":{"java":{"insertions":0,"deletions":13}}},{"hash":"cc387dd46991ed3bc935813be5030efd0e2d3ee1","messageTitle":"Level 2 bug fixed","messageBody":"","tags":["Level-2"],"fileTypesAndContributionMap":{"java":{"insertions":0,"deletions":3}}},{"hash":"56478551c817255a4921c41971f09eb5bffde3b3","messageTitle":"Level 3 code update","messageBody":"","fileTypesAndContributionMap":{"java":{"insertions":3,"deletions":0}}},{"hash":"64a5a9e6b26a6b548d0e1cc8d668329c630256b6","messageTitle":"Level 3 code include Done class","messageBody":"","tags":["Level-3"],"fileTypesAndContributionMap":{"java":{"insertions":13,"deletions":0}}},{"hash":"09162d2bff74d8f3515aa1358fb84e3f699d7c07","messageTitle":"Code formatting","messageBody":"","tags":["A-CodingStandard"],"fileTypesAndContributionMap":{"java":{"insertions":21,"deletions":25}}}]},{"date":"2021-08-25","commitResults":[{"hash":"a6850bea9f645f90c2c3d5a087ecc8fb25bbae00","messageTitle":"code formatting","messageBody":"","fileTypesAndContributionMap":{"java":{"insertions":10,"deletions":10}}}]},{"date":"2021-08-30","commitResults":[{"hash":"49cc9d7d88d27d68595da35eea03bcf0dc6c5ea0","messageTitle":"Level 4 code","messageBody":"","tags":["Level-4"],"fileTypesAndContributionMap":{"java":{"insertions":186,"deletions":87}}},{"hash":"8a807a00b3ab3047bf90e5bdb6067d5e0b85eb2d","messageTitle":"code formatting","messageBody":"","tags":["A-CodeQuality"],"fileTypesAndContributionMap":{"java":{"insertions":7,"deletions":11}}}]}]},"authorFileTypeContributionMap":{"siyuancheng178":{"java":219,"md":0,"fxml":0,"sh":0,"bat":0,"gradle":0,"txt":0}},"authorContributionVariance":{"siyuancheng178":611.68713},"authorDisplayNameMap":{"siyuancheng178":"CS2113T-W12-1 CHEN..YUAN"}}
