[{"path":"CS2113 IP/src/main/java/Deadline.java","fileType":"java","lines":[{"lineNumber":1,"author":{"gitId":"bobowoo2468"},"content":"public class Deadline extends Task {","lastModifiedDate":"2021-09-01"},{"lineNumber":2,"author":{"gitId":"bobowoo2468"},"content":"    protected String deadline \u003d \"\";","lastModifiedDate":"2021-09-01"},{"lineNumber":3,"author":{"gitId":"bobowoo2468"},"content":"","lastModifiedDate":"2021-09-01"},{"lineNumber":4,"author":{"gitId":"bobowoo2468"},"content":"    public Deadline(String description, int index) {","lastModifiedDate":"2021-09-01"},{"lineNumber":5,"author":{"gitId":"bobowoo2468"},"content":"        super(description, index);","lastModifiedDate":"2021-09-01"},{"lineNumber":6,"author":{"gitId":"bobowoo2468"},"content":"        String trimString \u003d trimUserInput(description);","lastModifiedDate":"2021-09-01"},{"lineNumber":7,"author":{"gitId":"bobowoo2468"},"content":"        this.deadline \u003d extractDeadline(trimString);","lastModifiedDate":"2021-09-01"},{"lineNumber":8,"author":{"gitId":"bobowoo2468"},"content":"        this.description \u003d String.format(\"%s (by: %s)\", extractDescription(trimString), extractDeadline(trimString));","lastModifiedDate":"2021-09-01"},{"lineNumber":9,"author":{"gitId":"bobowoo2468"},"content":"        taskType \u003d \"D\";","lastModifiedDate":"2021-09-01"},{"lineNumber":10,"author":{"gitId":"bobowoo2468"},"content":"    }","lastModifiedDate":"2021-09-01"},{"lineNumber":11,"author":{"gitId":"bobowoo2468"},"content":"","lastModifiedDate":"2021-09-01"},{"lineNumber":12,"author":{"gitId":"bobowoo2468"},"content":"    private String trimUserInput(String description) {","lastModifiedDate":"2021-09-01"},{"lineNumber":13,"author":{"gitId":"bobowoo2468"},"content":"        String[] splitStringBySpace \u003d description.trim().split(\"\\\\s+\", 2);","lastModifiedDate":"2021-09-01"},{"lineNumber":14,"author":{"gitId":"bobowoo2468"},"content":"        String trimString \u003d splitStringBySpace[1];","lastModifiedDate":"2021-09-01"},{"lineNumber":15,"author":{"gitId":"bobowoo2468"},"content":"        return trimString;","lastModifiedDate":"2021-09-01"},{"lineNumber":16,"author":{"gitId":"bobowoo2468"},"content":"    }","lastModifiedDate":"2021-09-01"},{"lineNumber":17,"author":{"gitId":"bobowoo2468"},"content":"","lastModifiedDate":"2021-09-01"},{"lineNumber":18,"author":{"gitId":"bobowoo2468"},"content":"    private String extractDeadline(String description) {","lastModifiedDate":"2021-09-01"},{"lineNumber":19,"author":{"gitId":"bobowoo2468"},"content":"        String[] splitByRegex \u003d description.trim().split(\"/by\", 2);","lastModifiedDate":"2021-09-01"},{"lineNumber":20,"author":{"gitId":"bobowoo2468"},"content":"        String deadline \u003d splitByRegex[1];","lastModifiedDate":"2021-09-01"},{"lineNumber":21,"author":{"gitId":"bobowoo2468"},"content":"        return deadline.trim();","lastModifiedDate":"2021-09-01"},{"lineNumber":22,"author":{"gitId":"bobowoo2468"},"content":"    }","lastModifiedDate":"2021-09-01"},{"lineNumber":23,"author":{"gitId":"bobowoo2468"},"content":"","lastModifiedDate":"2021-09-01"},{"lineNumber":24,"author":{"gitId":"bobowoo2468"},"content":"    private String extractDescription(String description) {","lastModifiedDate":"2021-09-01"},{"lineNumber":25,"author":{"gitId":"bobowoo2468"},"content":"        String[] splitByRegex \u003d description.trim().split(\"/by\", 2);","lastModifiedDate":"2021-09-01"},{"lineNumber":26,"author":{"gitId":"bobowoo2468"},"content":"        String newDescription \u003d splitByRegex[0];","lastModifiedDate":"2021-09-01"},{"lineNumber":27,"author":{"gitId":"bobowoo2468"},"content":"        return newDescription.trim();","lastModifiedDate":"2021-09-01"},{"lineNumber":28,"author":{"gitId":"bobowoo2468"},"content":"    }","lastModifiedDate":"2021-09-01"},{"lineNumber":29,"author":{"gitId":"bobowoo2468"},"content":"}","lastModifiedDate":"2021-09-01"}],"authorContributionMap":{"bobowoo2468":29}},{"path":"CS2113 IP/src/main/java/Duke.java","fileType":"java","lines":[{"lineNumber":1,"author":{"gitId":"bobowoo2468"},"content":"import java.util.Scanner;","lastModifiedDate":"2021-08-20"},{"lineNumber":2,"author":{"gitId":"bobowoo2468"},"content":"","lastModifiedDate":"2021-08-20"},{"lineNumber":3,"author":{"gitId":"bobowoo2468"},"content":"public class Duke {","lastModifiedDate":"2021-08-20"},{"lineNumber":4,"author":{"gitId":"bobowoo2468"},"content":"    public static void Greet() {","lastModifiedDate":"2021-08-20"},{"lineNumber":5,"author":{"gitId":"bobowoo2468"},"content":"        String logo \u003d \" ____        _        \\n\"","lastModifiedDate":"2021-08-20"},{"lineNumber":6,"author":{"gitId":"bobowoo2468"},"content":"                + \"|  _ \\\\ _   _| | _____ \\n\"","lastModifiedDate":"2021-08-20"},{"lineNumber":7,"author":{"gitId":"bobowoo2468"},"content":"                + \"| | | | | | | |/ / _ \\\\\\n\"","lastModifiedDate":"2021-08-20"},{"lineNumber":8,"author":{"gitId":"bobowoo2468"},"content":"                + \"| |_| | |_| |   \u003c  __/\\n\"","lastModifiedDate":"2021-08-20"},{"lineNumber":9,"author":{"gitId":"bobowoo2468"},"content":"                + \"|____/ \\\\__,_|_|\\\\_\\\\___|\\n\";","lastModifiedDate":"2021-08-20"},{"lineNumber":10,"author":{"gitId":"bobowoo2468"},"content":"        System.out.println(logo);","lastModifiedDate":"2021-08-20"},{"lineNumber":11,"author":{"gitId":"bobowoo2468"},"content":"        String horizontalLine \u003d \"________________________\";","lastModifiedDate":"2021-08-20"},{"lineNumber":12,"author":{"gitId":"bobowoo2468"},"content":"        System.out.println(\"Hello! I\u0027m Duke\");","lastModifiedDate":"2021-08-20"},{"lineNumber":13,"author":{"gitId":"bobowoo2468"},"content":"        System.out.println(\"What can I do for you?\");","lastModifiedDate":"2021-08-20"},{"lineNumber":14,"author":{"gitId":"bobowoo2468"},"content":"        System.out.println(horizontalLine);","lastModifiedDate":"2021-08-20"},{"lineNumber":15,"author":{"gitId":"bobowoo2468"},"content":"    }","lastModifiedDate":"2021-08-20"},{"lineNumber":16,"author":{"gitId":"bobowoo2468"},"content":"","lastModifiedDate":"2021-08-20"},{"lineNumber":17,"author":{"gitId":"bobowoo2468"},"content":"    public static void listOperations() {","lastModifiedDate":"2021-08-31"},{"lineNumber":18,"author":{"gitId":"bobowoo2468"},"content":"        Scanner sc \u003d new Scanner(System.in);","lastModifiedDate":"2021-08-20"},{"lineNumber":19,"author":{"gitId":"bobowoo2468"},"content":"        String horizontalLine \u003d \"________________________\";","lastModifiedDate":"2021-08-20"},{"lineNumber":20,"author":{"gitId":"bobowoo2468"},"content":"        final String GOODBYE_COMMENT \u003d \"Bye. Hope to see you again soon!\";","lastModifiedDate":"2021-09-09"},{"lineNumber":21,"author":{"gitId":"bobowoo2468"},"content":"        final String ERROR_UNKNOWN_INPUT \u003d \":-( OOPS!!! I\u0027m sorry, but I don\u0027t know what that means :-(\";","lastModifiedDate":"2021-09-09"},{"lineNumber":22,"author":{"gitId":"bobowoo2468"},"content":"        final String ERROR_EMPTY_TODO_DESCRIPTION \u003d \"Please do not leave your todo description empty :-(\";","lastModifiedDate":"2021-09-09"},{"lineNumber":23,"author":{"gitId":"bobowoo2468"},"content":"        final String ERROR_EMPTY_DEADLINE_DESCRIPTION \u003d \"Please do not leave your deadline description empty :-(\";","lastModifiedDate":"2021-09-09"},{"lineNumber":24,"author":{"gitId":"bobowoo2468"},"content":"        final String ERROR_EMPTY_EVENT_DESCRIPTION \u003d \"Please do not leave your event description empty :-(\";","lastModifiedDate":"2021-09-09"},{"lineNumber":25,"author":{"gitId":"bobowoo2468"},"content":"","lastModifiedDate":"2021-09-09"},{"lineNumber":26,"author":{"gitId":"bobowoo2468"},"content":"        boolean isBye;","lastModifiedDate":"2021-08-20"},{"lineNumber":27,"author":{"gitId":"bobowoo2468"},"content":"        boolean isList;","lastModifiedDate":"2021-08-20"},{"lineNumber":28,"author":{"gitId":"bobowoo2468"},"content":"        boolean isDone;","lastModifiedDate":"2021-08-21"},{"lineNumber":29,"author":{"gitId":"bobowoo2468"},"content":"        boolean isTodo;","lastModifiedDate":"2021-09-01"},{"lineNumber":30,"author":{"gitId":"bobowoo2468"},"content":"        boolean isDeadline;","lastModifiedDate":"2021-09-01"},{"lineNumber":31,"author":{"gitId":"bobowoo2468"},"content":"        boolean isEvent;","lastModifiedDate":"2021-09-01"},{"lineNumber":32,"author":{"gitId":"bobowoo2468"},"content":"","lastModifiedDate":"2021-08-21"},{"lineNumber":33,"author":{"gitId":"bobowoo2468"},"content":"        Task[] tasks \u003d new Task[100];","lastModifiedDate":"2021-09-09"},{"lineNumber":34,"author":{"gitId":"bobowoo2468"},"content":"        do {","lastModifiedDate":"2021-08-20"},{"lineNumber":35,"author":{"gitId":"bobowoo2468"},"content":"            String userInput \u003d sc.nextLine();","lastModifiedDate":"2021-08-20"},{"lineNumber":36,"author":{"gitId":"bobowoo2468"},"content":"","lastModifiedDate":"2021-09-09"},{"lineNumber":37,"author":{"gitId":"bobowoo2468"},"content":"            isBye \u003d userInput.equals(\"bye\");","lastModifiedDate":"2021-08-20"},{"lineNumber":38,"author":{"gitId":"bobowoo2468"},"content":"            isList \u003d userInput.equals(\"list\");","lastModifiedDate":"2021-08-20"},{"lineNumber":39,"author":{"gitId":"bobowoo2468"},"content":"            isDone \u003d userInput.startsWith(\"done\");","lastModifiedDate":"2021-08-21"},{"lineNumber":40,"author":{"gitId":"bobowoo2468"},"content":"            isTodo \u003d userInput.startsWith(\"todo\");","lastModifiedDate":"2021-09-01"},{"lineNumber":41,"author":{"gitId":"bobowoo2468"},"content":"            isDeadline \u003d userInput.startsWith(\"deadline\");","lastModifiedDate":"2021-09-01"},{"lineNumber":42,"author":{"gitId":"bobowoo2468"},"content":"            isEvent \u003d userInput.startsWith(\"event\");","lastModifiedDate":"2021-09-01"},{"lineNumber":43,"author":{"gitId":"bobowoo2468"},"content":"            System.out.println(horizontalLine);","lastModifiedDate":"2021-08-20"},{"lineNumber":44,"author":{"gitId":"bobowoo2468"},"content":"","lastModifiedDate":"2021-08-20"},{"lineNumber":45,"author":{"gitId":"bobowoo2468"},"content":"","lastModifiedDate":"2021-09-09"},{"lineNumber":46,"author":{"gitId":"bobowoo2468"},"content":"            if (isBye) {","lastModifiedDate":"2021-08-20"},{"lineNumber":47,"author":{"gitId":"bobowoo2468"},"content":"                System.out.println(GOODBYE_COMMENT);","lastModifiedDate":"2021-09-09"},{"lineNumber":48,"author":{"gitId":"bobowoo2468"},"content":"            } else if (isList) {","lastModifiedDate":"2021-08-20"},{"lineNumber":49,"author":{"gitId":"bobowoo2468"},"content":"                listTask(tasks, Task.taskCount);","lastModifiedDate":"2021-09-09"},{"lineNumber":50,"author":{"gitId":"bobowoo2468"},"content":"            } else if (isDone) {","lastModifiedDate":"2021-08-21"},{"lineNumber":51,"author":{"gitId":"bobowoo2468"},"content":"                markTask(tasks, userInput);","lastModifiedDate":"2021-09-09"},{"lineNumber":52,"author":{"gitId":"bobowoo2468"},"content":"            } else if (isTodo) {","lastModifiedDate":"2021-09-01"},{"lineNumber":53,"author":{"gitId":"bobowoo2468"},"content":"                try {","lastModifiedDate":"2021-09-09"},{"lineNumber":54,"author":{"gitId":"bobowoo2468"},"content":"                    if (isEmptyDescription(userInput)) {","lastModifiedDate":"2021-09-09"},{"lineNumber":55,"author":{"gitId":"bobowoo2468"},"content":"                        throw new DukeException();","lastModifiedDate":"2021-09-09"},{"lineNumber":56,"author":{"gitId":"bobowoo2468"},"content":"                    }","lastModifiedDate":"2021-09-09"},{"lineNumber":57,"author":{"gitId":"bobowoo2468"},"content":"                    addTask(tasks, Task.taskCount, userInput, TaskType.TODO);","lastModifiedDate":"2021-09-09"},{"lineNumber":58,"author":{"gitId":"bobowoo2468"},"content":"                } catch (DukeException e) {","lastModifiedDate":"2021-09-09"},{"lineNumber":59,"author":{"gitId":"bobowoo2468"},"content":"                    System.out.println(ERROR_EMPTY_TODO_DESCRIPTION);","lastModifiedDate":"2021-09-09"},{"lineNumber":60,"author":{"gitId":"bobowoo2468"},"content":"                }","lastModifiedDate":"2021-09-09"},{"lineNumber":61,"author":{"gitId":"bobowoo2468"},"content":"            } else if (isDeadline) {","lastModifiedDate":"2021-09-01"},{"lineNumber":62,"author":{"gitId":"bobowoo2468"},"content":"                try {","lastModifiedDate":"2021-09-09"},{"lineNumber":63,"author":{"gitId":"bobowoo2468"},"content":"                    if (isEmptyDescription(userInput)) {","lastModifiedDate":"2021-09-09"},{"lineNumber":64,"author":{"gitId":"bobowoo2468"},"content":"                        throw new DukeException();","lastModifiedDate":"2021-09-09"},{"lineNumber":65,"author":{"gitId":"bobowoo2468"},"content":"                    }","lastModifiedDate":"2021-09-09"},{"lineNumber":66,"author":{"gitId":"bobowoo2468"},"content":"                    addTask(tasks, Task.taskCount, userInput, TaskType.DEADLINE);","lastModifiedDate":"2021-09-09"},{"lineNumber":67,"author":{"gitId":"bobowoo2468"},"content":"                } catch (DukeException e) {","lastModifiedDate":"2021-09-09"},{"lineNumber":68,"author":{"gitId":"bobowoo2468"},"content":"                    System.out.println(ERROR_EMPTY_DEADLINE_DESCRIPTION);","lastModifiedDate":"2021-09-09"},{"lineNumber":69,"author":{"gitId":"bobowoo2468"},"content":"                }","lastModifiedDate":"2021-09-09"},{"lineNumber":70,"author":{"gitId":"bobowoo2468"},"content":"            } else if (isEvent) {","lastModifiedDate":"2021-09-01"},{"lineNumber":71,"author":{"gitId":"bobowoo2468"},"content":"                try {","lastModifiedDate":"2021-09-09"},{"lineNumber":72,"author":{"gitId":"bobowoo2468"},"content":"                    if (isEmptyDescription(userInput)) {","lastModifiedDate":"2021-09-09"},{"lineNumber":73,"author":{"gitId":"bobowoo2468"},"content":"                        throw new DukeException();","lastModifiedDate":"2021-09-09"},{"lineNumber":74,"author":{"gitId":"bobowoo2468"},"content":"                    }","lastModifiedDate":"2021-09-09"},{"lineNumber":75,"author":{"gitId":"bobowoo2468"},"content":"                    addTask(tasks, Task.taskCount, userInput, TaskType.EVENT);","lastModifiedDate":"2021-09-09"},{"lineNumber":76,"author":{"gitId":"bobowoo2468"},"content":"                } catch (DukeException e) {","lastModifiedDate":"2021-09-09"},{"lineNumber":77,"author":{"gitId":"bobowoo2468"},"content":"                    System.out.println(ERROR_EMPTY_EVENT_DESCRIPTION);","lastModifiedDate":"2021-09-09"},{"lineNumber":78,"author":{"gitId":"bobowoo2468"},"content":"                }","lastModifiedDate":"2021-09-09"},{"lineNumber":79,"author":{"gitId":"bobowoo2468"},"content":"            } else {","lastModifiedDate":"2021-08-31"},{"lineNumber":80,"author":{"gitId":"bobowoo2468"},"content":"                System.out.println(ERROR_UNKNOWN_INPUT);","lastModifiedDate":"2021-09-09"},{"lineNumber":81,"author":{"gitId":"bobowoo2468"},"content":"            }","lastModifiedDate":"2021-08-31"},{"lineNumber":82,"author":{"gitId":"bobowoo2468"},"content":"            System.out.println(horizontalLine);","lastModifiedDate":"2021-08-31"},{"lineNumber":83,"author":{"gitId":"bobowoo2468"},"content":"","lastModifiedDate":"2021-08-31"},{"lineNumber":84,"author":{"gitId":"bobowoo2468"},"content":"        } while (!isBye);","lastModifiedDate":"2021-08-31"},{"lineNumber":85,"author":{"gitId":"bobowoo2468"},"content":"","lastModifiedDate":"2021-09-09"},{"lineNumber":86,"author":{"gitId":"bobowoo2468"},"content":"    }","lastModifiedDate":"2021-08-31"},{"lineNumber":87,"author":{"gitId":"bobowoo2468"},"content":"","lastModifiedDate":"2021-08-31"},{"lineNumber":88,"author":{"gitId":"bobowoo2468"},"content":"    private static void addTask(Task[] taskList, int taskCount, String userInput, TaskType specificTask) {","lastModifiedDate":"2021-09-01"},{"lineNumber":89,"author":{"gitId":"bobowoo2468"},"content":"        final String ADDED_TASK_COMMENT \u003d \"Got it. I\u0027ve added this task:\";","lastModifiedDate":"2021-09-09"},{"lineNumber":90,"author":{"gitId":"bobowoo2468"},"content":"        System.out.println(ADDED_TASK_COMMENT);","lastModifiedDate":"2021-09-09"},{"lineNumber":91,"author":{"gitId":"bobowoo2468"},"content":"        Task newTask;","lastModifiedDate":"2021-09-01"},{"lineNumber":92,"author":{"gitId":"bobowoo2468"},"content":"","lastModifiedDate":"2021-09-01"},{"lineNumber":93,"author":{"gitId":"bobowoo2468"},"content":"        switch (specificTask) {","lastModifiedDate":"2021-09-01"},{"lineNumber":94,"author":{"gitId":"bobowoo2468"},"content":"        case EVENT:","lastModifiedDate":"2021-09-01"},{"lineNumber":95,"author":{"gitId":"bobowoo2468"},"content":"            newTask \u003d new Event(userInput, taskCount);","lastModifiedDate":"2021-09-01"},{"lineNumber":96,"author":{"gitId":"bobowoo2468"},"content":"            break;","lastModifiedDate":"2021-09-01"},{"lineNumber":97,"author":{"gitId":"bobowoo2468"},"content":"        case TODO:","lastModifiedDate":"2021-09-01"},{"lineNumber":98,"author":{"gitId":"bobowoo2468"},"content":"            newTask \u003d new Todo(userInput, taskCount);","lastModifiedDate":"2021-09-01"},{"lineNumber":99,"author":{"gitId":"bobowoo2468"},"content":"            break;","lastModifiedDate":"2021-09-01"},{"lineNumber":100,"author":{"gitId":"bobowoo2468"},"content":"        case DEADLINE:","lastModifiedDate":"2021-09-01"},{"lineNumber":101,"author":{"gitId":"bobowoo2468"},"content":"            newTask \u003d new Deadline(userInput, taskCount);","lastModifiedDate":"2021-09-01"},{"lineNumber":102,"author":{"gitId":"bobowoo2468"},"content":"            break;","lastModifiedDate":"2021-09-01"},{"lineNumber":103,"author":{"gitId":"bobowoo2468"},"content":"        default:","lastModifiedDate":"2021-09-01"},{"lineNumber":104,"author":{"gitId":"bobowoo2468"},"content":"            newTask \u003d new Task(userInput, taskCount);","lastModifiedDate":"2021-09-01"},{"lineNumber":105,"author":{"gitId":"bobowoo2468"},"content":"            break;","lastModifiedDate":"2021-09-01"},{"lineNumber":106,"author":{"gitId":"bobowoo2468"},"content":"        }","lastModifiedDate":"2021-09-01"},{"lineNumber":107,"author":{"gitId":"bobowoo2468"},"content":"        taskList[taskCount] \u003d newTask;","lastModifiedDate":"2021-08-31"},{"lineNumber":108,"author":{"gitId":"bobowoo2468"},"content":"        Task.taskCount++;","lastModifiedDate":"2021-09-01"},{"lineNumber":109,"author":{"gitId":"bobowoo2468"},"content":"","lastModifiedDate":"2021-09-01"},{"lineNumber":110,"author":{"gitId":"bobowoo2468"},"content":"        String printTask \u003d String.format(\" [%s][ ] %s\", newTask.taskType, newTask.description);","lastModifiedDate":"2021-09-01"},{"lineNumber":111,"author":{"gitId":"bobowoo2468"},"content":"        String printTaskNumber \u003d String.format(\"Now you have %d items in the list.\", Task.taskCount);","lastModifiedDate":"2021-09-01"},{"lineNumber":112,"author":{"gitId":"bobowoo2468"},"content":"        System.out.println(printTask);","lastModifiedDate":"2021-09-01"},{"lineNumber":113,"author":{"gitId":"bobowoo2468"},"content":"        System.out.println(printTaskNumber);","lastModifiedDate":"2021-09-01"},{"lineNumber":114,"author":{"gitId":"bobowoo2468"},"content":"    }","lastModifiedDate":"2021-08-31"},{"lineNumber":115,"author":{"gitId":"bobowoo2468"},"content":"","lastModifiedDate":"2021-08-31"},{"lineNumber":116,"author":{"gitId":"bobowoo2468"},"content":"    private static void markTask(Task[] tasks, String userInput) {","lastModifiedDate":"2021-09-09"},{"lineNumber":117,"author":{"gitId":"bobowoo2468"},"content":"        char userInputIntChar \u003d userInput.charAt(userInput.length() - 1);","lastModifiedDate":"2021-08-21"},{"lineNumber":118,"author":{"gitId":"bobowoo2468"},"content":"        int userInputInt \u003d Character.getNumericValue(userInputIntChar);","lastModifiedDate":"2021-08-21"},{"lineNumber":119,"author":{"gitId":"bobowoo2468"},"content":"        final String MARK_TASK_COMMENT \u003d \"Nice! I\u0027ve marked this task as done:\";","lastModifiedDate":"2021-09-09"},{"lineNumber":120,"author":{"gitId":"bobowoo2468"},"content":"        tasks[userInputInt].markAsDone();","lastModifiedDate":"2021-09-09"},{"lineNumber":121,"author":{"gitId":"bobowoo2468"},"content":"        String formatOutput \u003d String.format(\"[%s][%s] %s\", tasks[userInputInt].taskType, tasks[userInputInt].getStatusIcon(), tasks[userInputInt].description);","lastModifiedDate":"2021-09-09"},{"lineNumber":122,"author":{"gitId":"bobowoo2468"},"content":"","lastModifiedDate":"2021-09-09"},{"lineNumber":123,"author":{"gitId":"bobowoo2468"},"content":"        System.out.println(MARK_TASK_COMMENT);","lastModifiedDate":"2021-09-09"},{"lineNumber":124,"author":{"gitId":"bobowoo2468"},"content":"        System.out.println(formatOutput);","lastModifiedDate":"2021-09-01"},{"lineNumber":125,"author":{"gitId":"bobowoo2468"},"content":"    }","lastModifiedDate":"2021-08-20"},{"lineNumber":126,"author":{"gitId":"bobowoo2468"},"content":"","lastModifiedDate":"2021-08-20"},{"lineNumber":127,"author":{"gitId":"bobowoo2468"},"content":"    private static void listTask(Task[] tasks, int taskCount) {","lastModifiedDate":"2021-09-09"},{"lineNumber":128,"author":{"gitId":"bobowoo2468"},"content":"        final String LIST_TASK_COMMENT \u003d \"Here are the tasks in your list:\";","lastModifiedDate":"2021-09-09"},{"lineNumber":129,"author":{"gitId":"bobowoo2468"},"content":"        System.out.println(LIST_TASK_COMMENT);","lastModifiedDate":"2021-09-09"},{"lineNumber":130,"author":{"gitId":"bobowoo2468"},"content":"        for (int i \u003d 0; i \u003c taskCount; i++) {","lastModifiedDate":"2021-08-31"},{"lineNumber":131,"author":{"gitId":"bobowoo2468"},"content":"            int indexNumber \u003d i + 1;","lastModifiedDate":"2021-08-31"},{"lineNumber":132,"author":{"gitId":"bobowoo2468"},"content":"            String formatOutput \u003d String.format(\"%d.[%s][%s] %s\", indexNumber, tasks[i].taskType, tasks[i].getStatusIcon(), tasks[i].description);","lastModifiedDate":"2021-09-09"},{"lineNumber":133,"author":{"gitId":"bobowoo2468"},"content":"            System.out.println(formatOutput);","lastModifiedDate":"2021-09-01"},{"lineNumber":134,"author":{"gitId":"bobowoo2468"},"content":"        }","lastModifiedDate":"2021-08-31"},{"lineNumber":135,"author":{"gitId":"bobowoo2468"},"content":"    }","lastModifiedDate":"2021-08-20"},{"lineNumber":136,"author":{"gitId":"bobowoo2468"},"content":"","lastModifiedDate":"2021-08-20"},{"lineNumber":137,"author":{"gitId":"bobowoo2468"},"content":"    private static boolean isEmptyDescription(String userInput) {","lastModifiedDate":"2021-09-09"},{"lineNumber":138,"author":{"gitId":"bobowoo2468"},"content":"        String[] trimDescription \u003d userInput.trim().split(\"\\\\s+\", 2);","lastModifiedDate":"2021-09-09"},{"lineNumber":139,"author":{"gitId":"bobowoo2468"},"content":"        return trimDescription.length \u003c 2;","lastModifiedDate":"2021-09-09"},{"lineNumber":140,"author":{"gitId":"bobowoo2468"},"content":"    }","lastModifiedDate":"2021-09-09"},{"lineNumber":141,"author":{"gitId":"bobowoo2468"},"content":"","lastModifiedDate":"2021-09-09"},{"lineNumber":142,"author":{"gitId":"bobowoo2468"},"content":"    public static void main(String[] args) {","lastModifiedDate":"2021-08-20"},{"lineNumber":143,"author":{"gitId":"bobowoo2468"},"content":"        Greet();","lastModifiedDate":"2021-08-20"},{"lineNumber":144,"author":{"gitId":"bobowoo2468"},"content":"        listOperations();","lastModifiedDate":"2021-08-31"},{"lineNumber":145,"author":{"gitId":"bobowoo2468"},"content":"    }","lastModifiedDate":"2021-08-20"},{"lineNumber":146,"author":{"gitId":"bobowoo2468"},"content":"}","lastModifiedDate":"2021-08-20"}],"authorContributionMap":{"bobowoo2468":146}},{"path":"CS2113 IP/src/main/java/DukeException.java","fileType":"java","lines":[{"lineNumber":1,"author":{"gitId":"bobowoo2468"},"content":"public class DukeException extends Exception {","lastModifiedDate":"2021-09-09"},{"lineNumber":2,"author":{"gitId":"bobowoo2468"},"content":"","lastModifiedDate":"2021-09-09"},{"lineNumber":3,"author":{"gitId":"bobowoo2468"},"content":"}","lastModifiedDate":"2021-09-09"}],"authorContributionMap":{"bobowoo2468":3}},{"path":"CS2113 IP/src/main/java/Event.java","fileType":"java","lines":[{"lineNumber":1,"author":{"gitId":"bobowoo2468"},"content":"public class Event extends Task {","lastModifiedDate":"2021-09-01"},{"lineNumber":2,"author":{"gitId":"bobowoo2468"},"content":"    protected String date;","lastModifiedDate":"2021-09-01"},{"lineNumber":3,"author":{"gitId":"bobowoo2468"},"content":"","lastModifiedDate":"2021-09-01"},{"lineNumber":4,"author":{"gitId":"bobowoo2468"},"content":"    public Event(String description, int index) {","lastModifiedDate":"2021-09-01"},{"lineNumber":5,"author":{"gitId":"bobowoo2468"},"content":"        super(description, index);","lastModifiedDate":"2021-09-01"},{"lineNumber":6,"author":{"gitId":"bobowoo2468"},"content":"        String trimString \u003d trimUserInput(description);","lastModifiedDate":"2021-09-01"},{"lineNumber":7,"author":{"gitId":"bobowoo2468"},"content":"        this.date \u003d extractDate(trimString);","lastModifiedDate":"2021-09-01"},{"lineNumber":8,"author":{"gitId":"bobowoo2468"},"content":"        this.description \u003d String.format(\"%s (at: %s)\", extractDescription(trimString), extractDate(trimString));","lastModifiedDate":"2021-09-01"},{"lineNumber":9,"author":{"gitId":"bobowoo2468"},"content":"        taskType \u003d \"E\";","lastModifiedDate":"2021-09-01"},{"lineNumber":10,"author":{"gitId":"bobowoo2468"},"content":"    }","lastModifiedDate":"2021-09-01"},{"lineNumber":11,"author":{"gitId":"bobowoo2468"},"content":"","lastModifiedDate":"2021-09-01"},{"lineNumber":12,"author":{"gitId":"bobowoo2468"},"content":"    private String trimUserInput(String description) {","lastModifiedDate":"2021-09-01"},{"lineNumber":13,"author":{"gitId":"bobowoo2468"},"content":"        String[] splitStringBySpace \u003d description.trim().split(\"\\\\s+\", 2);","lastModifiedDate":"2021-09-01"},{"lineNumber":14,"author":{"gitId":"bobowoo2468"},"content":"        String trimString \u003d splitStringBySpace[1];","lastModifiedDate":"2021-09-01"},{"lineNumber":15,"author":{"gitId":"bobowoo2468"},"content":"        return trimString;","lastModifiedDate":"2021-09-01"},{"lineNumber":16,"author":{"gitId":"bobowoo2468"},"content":"    }","lastModifiedDate":"2021-09-01"},{"lineNumber":17,"author":{"gitId":"bobowoo2468"},"content":"","lastModifiedDate":"2021-09-01"},{"lineNumber":18,"author":{"gitId":"bobowoo2468"},"content":"    private String extractDate(String description) {","lastModifiedDate":"2021-09-01"},{"lineNumber":19,"author":{"gitId":"bobowoo2468"},"content":"        String[] splitByRegex \u003d description.trim().split(\"/at\", 2);","lastModifiedDate":"2021-09-01"},{"lineNumber":20,"author":{"gitId":"bobowoo2468"},"content":"        String date \u003d splitByRegex[1];","lastModifiedDate":"2021-09-01"},{"lineNumber":21,"author":{"gitId":"bobowoo2468"},"content":"        return date.trim();","lastModifiedDate":"2021-09-01"},{"lineNumber":22,"author":{"gitId":"bobowoo2468"},"content":"    }","lastModifiedDate":"2021-09-01"},{"lineNumber":23,"author":{"gitId":"bobowoo2468"},"content":"","lastModifiedDate":"2021-09-01"},{"lineNumber":24,"author":{"gitId":"bobowoo2468"},"content":"    private String extractDescription(String description) {","lastModifiedDate":"2021-09-01"},{"lineNumber":25,"author":{"gitId":"bobowoo2468"},"content":"        String[] splitByRegex \u003d description.trim().split(\"/at\", 2);","lastModifiedDate":"2021-09-01"},{"lineNumber":26,"author":{"gitId":"bobowoo2468"},"content":"        String newDescription \u003d splitByRegex[0];","lastModifiedDate":"2021-09-01"},{"lineNumber":27,"author":{"gitId":"bobowoo2468"},"content":"        return newDescription.trim();","lastModifiedDate":"2021-09-01"},{"lineNumber":28,"author":{"gitId":"bobowoo2468"},"content":"    }","lastModifiedDate":"2021-09-01"},{"lineNumber":29,"author":{"gitId":"bobowoo2468"},"content":"}","lastModifiedDate":"2021-09-01"}],"authorContributionMap":{"bobowoo2468":29}},{"path":"CS2113 IP/src/main/java/Task.java","fileType":"java","lines":[{"lineNumber":1,"author":{"gitId":"bobowoo2468"},"content":"public class Task {","lastModifiedDate":"2021-08-21"},{"lineNumber":2,"author":{"gitId":"bobowoo2468"},"content":"    protected String description;","lastModifiedDate":"2021-08-21"},{"lineNumber":3,"author":{"gitId":"bobowoo2468"},"content":"    protected String taskType \u003d \"\";","lastModifiedDate":"2021-09-01"},{"lineNumber":4,"author":{"gitId":"bobowoo2468"},"content":"    protected int index;","lastModifiedDate":"2021-08-21"},{"lineNumber":5,"author":{"gitId":"bobowoo2468"},"content":"    protected boolean isDone;","lastModifiedDate":"2021-08-21"},{"lineNumber":6,"author":{"gitId":"bobowoo2468"},"content":"    protected static int taskCount \u003d 0;","lastModifiedDate":"2021-08-31"},{"lineNumber":7,"author":{"gitId":"bobowoo2468"},"content":"","lastModifiedDate":"2021-08-21"},{"lineNumber":8,"author":{"gitId":"bobowoo2468"},"content":"    public Task(String description, int index) {","lastModifiedDate":"2021-08-21"},{"lineNumber":9,"author":{"gitId":"bobowoo2468"},"content":"        this.description \u003d description;","lastModifiedDate":"2021-08-21"},{"lineNumber":10,"author":{"gitId":"bobowoo2468"},"content":"        this.index \u003d index;","lastModifiedDate":"2021-08-21"},{"lineNumber":11,"author":{"gitId":"bobowoo2468"},"content":"        this.isDone \u003d false;","lastModifiedDate":"2021-08-21"},{"lineNumber":12,"author":{"gitId":"bobowoo2468"},"content":"    }","lastModifiedDate":"2021-08-21"},{"lineNumber":13,"author":{"gitId":"bobowoo2468"},"content":"","lastModifiedDate":"2021-08-21"},{"lineNumber":14,"author":{"gitId":"bobowoo2468"},"content":"    public String getStatusIcon() {","lastModifiedDate":"2021-08-21"},{"lineNumber":15,"author":{"gitId":"bobowoo2468"},"content":"        return (isDone ? \"X\" : \" \");","lastModifiedDate":"2021-08-21"},{"lineNumber":16,"author":{"gitId":"bobowoo2468"},"content":"    }","lastModifiedDate":"2021-08-21"},{"lineNumber":17,"author":{"gitId":"bobowoo2468"},"content":"","lastModifiedDate":"2021-08-21"},{"lineNumber":18,"author":{"gitId":"bobowoo2468"},"content":"    public void markAsDone() {","lastModifiedDate":"2021-08-21"},{"lineNumber":19,"author":{"gitId":"bobowoo2468"},"content":"        this.isDone \u003d true;","lastModifiedDate":"2021-08-21"},{"lineNumber":20,"author":{"gitId":"bobowoo2468"},"content":"    }","lastModifiedDate":"2021-08-21"},{"lineNumber":21,"author":{"gitId":"bobowoo2468"},"content":"}","lastModifiedDate":"2021-08-21"}],"authorContributionMap":{"bobowoo2468":21}},{"path":"CS2113 IP/src/main/java/TaskType.java","fileType":"java","lines":[{"lineNumber":1,"author":{"gitId":"bobowoo2468"},"content":"public enum TaskType {","lastModifiedDate":"2021-09-01"},{"lineNumber":2,"author":{"gitId":"bobowoo2468"},"content":"    TODO,","lastModifiedDate":"2021-09-01"},{"lineNumber":3,"author":{"gitId":"bobowoo2468"},"content":"    DEADLINE,","lastModifiedDate":"2021-09-01"},{"lineNumber":4,"author":{"gitId":"bobowoo2468"},"content":"    EVENT","lastModifiedDate":"2021-09-01"},{"lineNumber":5,"author":{"gitId":"bobowoo2468"},"content":"}","lastModifiedDate":"2021-09-01"}],"authorContributionMap":{"bobowoo2468":5}},{"path":"CS2113 IP/src/main/java/Todo.java","fileType":"java","lines":[{"lineNumber":1,"author":{"gitId":"bobowoo2468"},"content":"public class Todo extends Task {","lastModifiedDate":"2021-09-01"},{"lineNumber":2,"author":{"gitId":"bobowoo2468"},"content":"    public Todo(String description, int index) {","lastModifiedDate":"2021-09-01"},{"lineNumber":3,"author":{"gitId":"bobowoo2468"},"content":"        super(description, index);","lastModifiedDate":"2021-09-01"},{"lineNumber":4,"author":{"gitId":"bobowoo2468"},"content":"        this.description \u003d trimUserInput(description);","lastModifiedDate":"2021-09-01"},{"lineNumber":5,"author":{"gitId":"bobowoo2468"},"content":"        taskType \u003d \"T\";","lastModifiedDate":"2021-09-01"},{"lineNumber":6,"author":{"gitId":"bobowoo2468"},"content":"    }","lastModifiedDate":"2021-09-01"},{"lineNumber":7,"author":{"gitId":"bobowoo2468"},"content":"","lastModifiedDate":"2021-09-01"},{"lineNumber":8,"author":{"gitId":"bobowoo2468"},"content":"    private String trimUserInput(String description) {","lastModifiedDate":"2021-09-01"},{"lineNumber":9,"author":{"gitId":"bobowoo2468"},"content":"        String[] trimDescription \u003d description.trim().split(\"\\\\s+\", 2);","lastModifiedDate":"2021-09-01"},{"lineNumber":10,"author":{"gitId":"bobowoo2468"},"content":"        return trimDescription[1];","lastModifiedDate":"2021-09-01"},{"lineNumber":11,"author":{"gitId":"bobowoo2468"},"content":"    }","lastModifiedDate":"2021-09-01"},{"lineNumber":12,"author":{"gitId":"bobowoo2468"},"content":"}","lastModifiedDate":"2021-09-01"}],"authorContributionMap":{"bobowoo2468":12}},{"path":"CS2113 IP/text-ui-test/input.txt","fileType":"txt","lines":[{"lineNumber":1,"author":{"gitId":"bobowoo2468"},"content":"todo borrow book","lastModifiedDate":"2021-09-01"},{"lineNumber":2,"author":{"gitId":"bobowoo2468"},"content":"deadline return book /by Sunday","lastModifiedDate":"2021-09-01"},{"lineNumber":3,"author":{"gitId":"bobowoo2468"},"content":"event project meeting /at Mon 2-4pm","lastModifiedDate":"2021-09-01"},{"lineNumber":4,"author":{"gitId":"bobowoo2468"},"content":"list","lastModifiedDate":"2021-09-01"},{"lineNumber":5,"author":{"gitId":"bobowoo2468"},"content":"done 1","lastModifiedDate":"2021-09-01"},{"lineNumber":6,"author":{"gitId":"bobowoo2468"},"content":"list","lastModifiedDate":"2021-09-01"},{"lineNumber":7,"author":{"gitId":"bobowoo2468"},"content":"bye","lastModifiedDate":"2021-09-01"}],"authorContributionMap":{"bobowoo2468":7}}]
