{"authorDailyContributionsMap":{"lixiyuan416":[{"date":"2021-08-15","commitResults":[{"hash":"731b1dfea7ab863e54a0e7008f4e000c13306721","messageTitle":"level 0","messageBody":"","fileTypesAndContributionMap":{"java":{"insertions":11,"deletions":7}}}]},{"date":"2021-08-23","commitResults":[{"hash":"4c32899eb3f12b48a4799803e3e9588c5a91e7a5","messageTitle":"Add level-1","messageBody":"","tags":["Level-1"],"fileTypesAndContributionMap":{"java":{"insertions":20,"deletions":0}}},{"hash":"c183190b834cf993206afe75ffd061725695b4cd","messageTitle":"Add Level-2","messageBody":"","tags":["Level-2"],"fileTypesAndContributionMap":{"java":{"insertions":14,"deletions":5}}},{"hash":"38f41804b38f7038f95bdf3d8164f05ffcaa4ab7","messageTitle":"Add Level-3 ability to mark as done","messageBody":"","tags":["Level-3"],"fileTypesAndContributionMap":{"java":{"insertions":35,"deletions":11}}}]},{"date":"2021-08-24","commitResults":[{"hash":"236345f01ac1b638eb5d6a714189474392b92352","messageTitle":"Fix code to comply with coding standards","messageBody":"","tags":["A-CodingStandard"],"fileTypesAndContributionMap":{"java":{"insertions":3,"deletions":2}}}]},{"date":"2021-08-30","commitResults":[{"hash":"b0758df44f077f5f923c7fa6d2e0c3fb9f2346cd","messageTitle":"Add Todo, Event, Deadline classes","messageBody":"","tags":["Level-4"],"fileTypesAndContributionMap":{"java":{"insertions":116,"deletions":23}}},{"hash":"c6c8c045f2a04e2adfca0fcea55fdd46a6862e1f","messageTitle":"Add automated text ui testing","messageBody":"","tags":["A-TextUiTesting"],"fileTypesAndContributionMap":{"txt":{"insertions":9,"deletions":0}}},{"hash":"958051499396c7d49582bc86c3c2c1c7166aab85","messageTitle":"Refactor if else into switch statement","messageBody":"","tags":["A-CodeQuality"],"fileTypesAndContributionMap":{"java":{"insertions":24,"deletions":18}}}]},{"date":"2021-09-07","commitResults":[{"hash":"52c7e67a6bc71779fe1c8fe30b2bf6b88fe2a810","messageTitle":"Add exception handling, refactor code in main method","messageBody":"","fileTypesAndContributionMap":{"java":{"insertions":95,"deletions":32}}}]}]},"authorFileTypeContributionMap":{"lixiyuan416":{"java":227,"md":0,"fxml":0,"sh":0,"bat":0,"gradle":0,"txt":9}},"authorContributionVariance":{"lixiyuan416":250.15948},"authorDisplayNameMap":{"lixiyuan416":"CS2113T-T12-2 LI X..YUAN"}}
