{"authorDailyContributionsMap":{"lixiyuan416":[{"date":"2021-08-15","commitResults":[{"hash":"731b1dfea7ab863e54a0e7008f4e000c13306721","messageTitle":"level 0","messageBody":"","fileTypesAndContributionMap":{"java":{"insertions":11,"deletions":7}}}]},{"date":"2021-08-23","commitResults":[{"hash":"4c32899eb3f12b48a4799803e3e9588c5a91e7a5","messageTitle":"Add level-1","messageBody":"","tags":["Level-1"],"fileTypesAndContributionMap":{"java":{"insertions":20,"deletions":0}}},{"hash":"c183190b834cf993206afe75ffd061725695b4cd","messageTitle":"Add Level-2","messageBody":"","fileTypesAndContributionMap":{"java":{"insertions":14,"deletions":5}}}]}]},"authorFileTypeContributionMap":{"lixiyuan416":{"java":39,"md":0,"fxml":0,"sh":0,"bat":0,"gradle":0,"txt":0}},"authorContributionVariance":{"lixiyuan416":8.281894},"authorDisplayNameMap":{"lixiyuan416":"LI X..YUAN"}}
