[{"path":"src/main/java/Deadline.java","fileType":"java","lines":[{"lineNumber":1,"author":{"gitId":"Vincent6896"},"content":"public class Deadline extends List {","lastModifiedDate":"2021-09-09"},{"lineNumber":2,"author":{"gitId":"Vincent6896"},"content":"","lastModifiedDate":"2021-09-09"},{"lineNumber":3,"author":{"gitId":"Vincent6896"},"content":"    protected String by;","lastModifiedDate":"2021-09-09"},{"lineNumber":4,"author":{"gitId":"Vincent6896"},"content":"","lastModifiedDate":"2021-09-09"},{"lineNumber":5,"author":{"gitId":"Vincent6896"},"content":"    public Deadline(String description, String by) {","lastModifiedDate":"2021-09-09"},{"lineNumber":6,"author":{"gitId":"Vincent6896"},"content":"        super(description);","lastModifiedDate":"2021-09-09"},{"lineNumber":7,"author":{"gitId":"Vincent6896"},"content":"        this.by \u003d by;","lastModifiedDate":"2021-09-09"},{"lineNumber":8,"author":{"gitId":"Vincent6896"},"content":"    }","lastModifiedDate":"2021-09-09"},{"lineNumber":9,"author":{"gitId":"Vincent6896"},"content":"    ","lastModifiedDate":"2021-09-09"},{"lineNumber":10,"author":{"gitId":"Vincent6896"},"content":"    @Override","lastModifiedDate":"2021-09-09"},{"lineNumber":11,"author":{"gitId":"Vincent6896"},"content":"    public String toString() {","lastModifiedDate":"2021-09-09"},{"lineNumber":12,"author":{"gitId":"Vincent6896"},"content":"        return \"[D]\" + super.toString() + \" (by: \" + by + \")\";","lastModifiedDate":"2021-09-09"},{"lineNumber":13,"author":{"gitId":"Vincent6896"},"content":"    }","lastModifiedDate":"2021-09-09"},{"lineNumber":14,"author":{"gitId":"Vincent6896"},"content":"}","lastModifiedDate":"2021-09-09"}],"authorContributionMap":{"Vincent6896":14}},{"path":"src/main/java/Duke.java","fileType":"java","lines":[{"lineNumber":1,"author":{"gitId":"Vincent6896"},"content":"import java.util.Scanner;","lastModifiedDate":"2021-08-26"},{"lineNumber":2,"author":{"gitId":"Vincent6896"},"content":"import java.lang.String;","lastModifiedDate":"2021-08-26"},{"lineNumber":3,"author":{"gitId":"Vincent6896"},"content":"","lastModifiedDate":"2021-08-26"},{"lineNumber":4,"author":{"gitId":"-"},"content":"public class Duke {","lastModifiedDate":"2019-07-29"},{"lineNumber":5,"author":{"gitId":"Vincent6896"},"content":"    public static final int FIND_TASK_TODO \u003d 5;","lastModifiedDate":"2021-09-09"},{"lineNumber":6,"author":{"gitId":"Vincent6896"},"content":"    public static final int FIND_TASK_DEADLINE \u003d 9;","lastModifiedDate":"2021-09-09"},{"lineNumber":7,"author":{"gitId":"Vincent6896"},"content":"    public static final int FIND_TASK_EVENT \u003d 6;","lastModifiedDate":"2021-09-09"},{"lineNumber":8,"author":{"gitId":"Vincent6896"},"content":"    public static final int FIND_TIME \u003d 3;","lastModifiedDate":"2021-09-09"},{"lineNumber":9,"author":{"gitId":"Vincent6896"},"content":"    public static List[] list \u003d new List[100];","lastModifiedDate":"2021-09-09"},{"lineNumber":10,"author":{"gitId":"Vincent6896"},"content":"    public static List[] doneList \u003d new List[100];","lastModifiedDate":"2021-09-09"},{"lineNumber":11,"author":{"gitId":"Vincent6896"},"content":"    public static int count \u003d 0;","lastModifiedDate":"2021-09-09"},{"lineNumber":12,"author":{"gitId":"Vincent6896"},"content":"    public static int doneCount \u003d 0;","lastModifiedDate":"2021-09-09"},{"lineNumber":13,"author":{"gitId":"Vincent6896"},"content":"    private static final String SPLIT_LINE  \u003d \"    ~~~~~~~~~~~~~~~~~~~~~~~~~~~~~~~~~~~~~~~~~~~~~~~~~~~~~\";","lastModifiedDate":"2021-09-09"},{"lineNumber":14,"author":{"gitId":"Vincent6896"},"content":"","lastModifiedDate":"2021-09-09"},{"lineNumber":15,"author":{"gitId":"Vincent6896"},"content":"    public static void main(String[] args) {","lastModifiedDate":"2021-09-09"},{"lineNumber":16,"author":{"gitId":"Vincent6896"},"content":"        showWelcomeScreen();","lastModifiedDate":"2021-09-09"},{"lineNumber":17,"author":{"gitId":"Vincent6896"},"content":"","lastModifiedDate":"2021-09-09"},{"lineNumber":18,"author":{"gitId":"Vincent6896"},"content":"        while (true) {","lastModifiedDate":"2021-09-09"},{"lineNumber":19,"author":{"gitId":"Vincent6896"},"content":"            Scanner in \u003d new Scanner(System.in);","lastModifiedDate":"2021-09-09"},{"lineNumber":20,"author":{"gitId":"Vincent6896"},"content":"            String order;","lastModifiedDate":"2021-09-09"},{"lineNumber":21,"author":{"gitId":"Vincent6896"},"content":"            order \u003d in.nextLine();","lastModifiedDate":"2021-09-09"},{"lineNumber":22,"author":{"gitId":"Vincent6896"},"content":"            if (order.contains(\"bye\")) {","lastModifiedDate":"2021-09-09"},{"lineNumber":23,"author":{"gitId":"Vincent6896"},"content":"                terminateProgram();","lastModifiedDate":"2021-09-09"},{"lineNumber":24,"author":{"gitId":"Vincent6896"},"content":"                break;","lastModifiedDate":"2021-09-09"},{"lineNumber":25,"author":{"gitId":"Vincent6896"},"content":"            } else if (order.contains(\"done\")) {","lastModifiedDate":"2021-09-09"},{"lineNumber":26,"author":{"gitId":"Vincent6896"},"content":"                try {","lastModifiedDate":"2021-09-10"},{"lineNumber":27,"author":{"gitId":"Vincent6896"},"content":"                    doneTask(order);","lastModifiedDate":"2021-09-09"},{"lineNumber":28,"author":{"gitId":"Vincent6896"},"content":"                    continue;","lastModifiedDate":"2021-09-09"},{"lineNumber":29,"author":{"gitId":"Vincent6896"},"content":"                } catch (NumberFormatException e) {","lastModifiedDate":"2021-09-10"},{"lineNumber":30,"author":{"gitId":"Vincent6896"},"content":"                    System.out.println(SPLIT_LINE);","lastModifiedDate":"2021-09-10"},{"lineNumber":31,"author":{"gitId":"Vincent6896"},"content":"                    System.out.println(\"    ☹ OOPS!!! The index of a done command cannot be empty.\");","lastModifiedDate":"2021-09-10"},{"lineNumber":32,"author":{"gitId":"Vincent6896"},"content":"                    System.out.println(SPLIT_LINE);","lastModifiedDate":"2021-09-10"},{"lineNumber":33,"author":{"gitId":"Vincent6896"},"content":"                    continue;","lastModifiedDate":"2021-09-10"},{"lineNumber":34,"author":{"gitId":"Vincent6896"},"content":"                }","lastModifiedDate":"2021-09-10"},{"lineNumber":35,"author":{"gitId":"Vincent6896"},"content":"            } else if (order.contains(\"list\")) {","lastModifiedDate":"2021-09-09"},{"lineNumber":36,"author":{"gitId":"Vincent6896"},"content":"                printList();","lastModifiedDate":"2021-09-09"},{"lineNumber":37,"author":{"gitId":"Vincent6896"},"content":"            } else {","lastModifiedDate":"2021-09-09"},{"lineNumber":38,"author":{"gitId":"Vincent6896"},"content":"                if (order.contains(\"todo\")) {","lastModifiedDate":"2021-09-09"},{"lineNumber":39,"author":{"gitId":"Vincent6896"},"content":"                    try {","lastModifiedDate":"2021-09-09"},{"lineNumber":40,"author":{"gitId":"Vincent6896"},"content":"                        String task \u003d order.substring(order.indexOf(\"todo\") + FIND_TASK_TODO);","lastModifiedDate":"2021-09-09"},{"lineNumber":41,"author":{"gitId":"Vincent6896"},"content":"                        list[count] \u003d new Todo(task);","lastModifiedDate":"2021-09-09"},{"lineNumber":42,"author":{"gitId":"Vincent6896"},"content":"                    } catch (IndexOutOfBoundsException e) {","lastModifiedDate":"2021-09-09"},{"lineNumber":43,"author":{"gitId":"Vincent6896"},"content":"                        System.out.println(SPLIT_LINE);","lastModifiedDate":"2021-09-09"},{"lineNumber":44,"author":{"gitId":"Vincent6896"},"content":"                        System.out.println(\"    ☹ OOPS!!! The description of a todo cannot be empty.\");","lastModifiedDate":"2021-09-09"},{"lineNumber":45,"author":{"gitId":"Vincent6896"},"content":"                        System.out.println(SPLIT_LINE);","lastModifiedDate":"2021-09-09"},{"lineNumber":46,"author":{"gitId":"Vincent6896"},"content":"                        continue;","lastModifiedDate":"2021-09-09"},{"lineNumber":47,"author":{"gitId":"Vincent6896"},"content":"                    }","lastModifiedDate":"2021-09-09"},{"lineNumber":48,"author":{"gitId":"Vincent6896"},"content":"                } else if (order.contains(\"event\")) {","lastModifiedDate":"2021-09-09"},{"lineNumber":49,"author":{"gitId":"Vincent6896"},"content":"                    try {","lastModifiedDate":"2021-09-09"},{"lineNumber":50,"author":{"gitId":"Vincent6896"},"content":"                        String task \u003d order.substring(order.indexOf(\"event\")","lastModifiedDate":"2021-09-09"},{"lineNumber":51,"author":{"gitId":"Vincent6896"},"content":"                            + FIND_TASK_EVENT, order.indexOf(\"/\") - 1);","lastModifiedDate":"2021-09-09"},{"lineNumber":52,"author":{"gitId":"Vincent6896"},"content":"                        String at \u003d order.substring(order.indexOf(\"at\") + FIND_TIME);","lastModifiedDate":"2021-09-09"},{"lineNumber":53,"author":{"gitId":"Vincent6896"},"content":"                        list[count] \u003d new Event(task, at);","lastModifiedDate":"2021-09-09"},{"lineNumber":54,"author":{"gitId":"Vincent6896"},"content":"                    } catch (IndexOutOfBoundsException e) {","lastModifiedDate":"2021-09-09"},{"lineNumber":55,"author":{"gitId":"Vincent6896"},"content":"                        System.out.println(SPLIT_LINE);","lastModifiedDate":"2021-09-09"},{"lineNumber":56,"author":{"gitId":"Vincent6896"},"content":"                        System.out.println(\"    ☹ OOPS!!! The description of an event cannot be empty.\");","lastModifiedDate":"2021-09-09"},{"lineNumber":57,"author":{"gitId":"Vincent6896"},"content":"                        System.out.println(SPLIT_LINE);","lastModifiedDate":"2021-09-09"},{"lineNumber":58,"author":{"gitId":"Vincent6896"},"content":"                        continue;","lastModifiedDate":"2021-09-09"},{"lineNumber":59,"author":{"gitId":"Vincent6896"},"content":"                    }","lastModifiedDate":"2021-09-09"},{"lineNumber":60,"author":{"gitId":"Vincent6896"},"content":"                } else if (order.contains(\"deadline\")) {","lastModifiedDate":"2021-09-09"},{"lineNumber":61,"author":{"gitId":"Vincent6896"},"content":"                    try {","lastModifiedDate":"2021-09-09"},{"lineNumber":62,"author":{"gitId":"Vincent6896"},"content":"                        String task \u003d order.substring(order.indexOf(\"deadline\")","lastModifiedDate":"2021-09-09"},{"lineNumber":63,"author":{"gitId":"Vincent6896"},"content":"                            + FIND_TASK_DEADLINE, order.indexOf(\"/\") - 1);","lastModifiedDate":"2021-09-09"},{"lineNumber":64,"author":{"gitId":"Vincent6896"},"content":"                        String by \u003d order.substring(order.indexOf(\"by\") + FIND_TIME);","lastModifiedDate":"2021-09-09"},{"lineNumber":65,"author":{"gitId":"Vincent6896"},"content":"                        list[count] \u003d new Deadline(task, by);","lastModifiedDate":"2021-09-09"},{"lineNumber":66,"author":{"gitId":"Vincent6896"},"content":"                    } catch (IndexOutOfBoundsException e) {","lastModifiedDate":"2021-09-09"},{"lineNumber":67,"author":{"gitId":"Vincent6896"},"content":"                        System.out.println(SPLIT_LINE);","lastModifiedDate":"2021-09-09"},{"lineNumber":68,"author":{"gitId":"Vincent6896"},"content":"                        System.out.println(\"    ☹ OOPS!!! The description of a deadline cannot be empty.\");","lastModifiedDate":"2021-09-09"},{"lineNumber":69,"author":{"gitId":"Vincent6896"},"content":"                        System.out.println(SPLIT_LINE);","lastModifiedDate":"2021-09-09"},{"lineNumber":70,"author":{"gitId":"Vincent6896"},"content":"                        continue;","lastModifiedDate":"2021-09-09"},{"lineNumber":71,"author":{"gitId":"Vincent6896"},"content":"                    }","lastModifiedDate":"2021-09-09"},{"lineNumber":72,"author":{"gitId":"Vincent6896"},"content":"                } else {","lastModifiedDate":"2021-09-09"},{"lineNumber":73,"author":{"gitId":"Vincent6896"},"content":"                    try {","lastModifiedDate":"2021-09-09"},{"lineNumber":74,"author":{"gitId":"Vincent6896"},"content":"                        invalidInput(true);","lastModifiedDate":"2021-09-09"},{"lineNumber":75,"author":{"gitId":"Vincent6896"},"content":"                    } catch (DukeException e) {","lastModifiedDate":"2021-09-09"},{"lineNumber":76,"author":{"gitId":"Vincent6896"},"content":"                        System.out.println(SPLIT_LINE);","lastModifiedDate":"2021-09-09"},{"lineNumber":77,"author":{"gitId":"Vincent6896"},"content":"                        System.out.println(\"    ☹ OOPS!!! I\u0027m sorry, but I don\u0027t know what that means :-(\");","lastModifiedDate":"2021-09-09"},{"lineNumber":78,"author":{"gitId":"Vincent6896"},"content":"                        System.out.println(SPLIT_LINE);","lastModifiedDate":"2021-09-09"},{"lineNumber":79,"author":{"gitId":"Vincent6896"},"content":"                        continue;","lastModifiedDate":"2021-09-09"},{"lineNumber":80,"author":{"gitId":"Vincent6896"},"content":"                    }","lastModifiedDate":"2021-09-09"},{"lineNumber":81,"author":{"gitId":"Vincent6896"},"content":"                }","lastModifiedDate":"2021-09-09"},{"lineNumber":82,"author":{"gitId":"Vincent6896"},"content":"                System.out.println(SPLIT_LINE);","lastModifiedDate":"2021-09-09"},{"lineNumber":83,"author":{"gitId":"Vincent6896"},"content":"                System.out.println(\"    Got it. I\u0027ve added this task:\");","lastModifiedDate":"2021-09-09"},{"lineNumber":84,"author":{"gitId":"Vincent6896"},"content":"                System.out.println(\"     \" + list[count]);","lastModifiedDate":"2021-09-09"},{"lineNumber":85,"author":{"gitId":"Vincent6896"},"content":"                System.out.println(\"    Now you have \" + (count + 1) + \" task(s) in the list.\");","lastModifiedDate":"2021-09-09"},{"lineNumber":86,"author":{"gitId":"Vincent6896"},"content":"                System.out.println(SPLIT_LINE);","lastModifiedDate":"2021-09-09"},{"lineNumber":87,"author":{"gitId":"Vincent6896"},"content":"                count++;","lastModifiedDate":"2021-09-09"},{"lineNumber":88,"author":{"gitId":"Vincent6896"},"content":"            }","lastModifiedDate":"2021-09-09"},{"lineNumber":89,"author":{"gitId":"Vincent6896"},"content":"        }","lastModifiedDate":"2021-09-09"},{"lineNumber":90,"author":{"gitId":"Vincent6896"},"content":"","lastModifiedDate":"2021-09-09"},{"lineNumber":91,"author":{"gitId":"Vincent6896"},"content":"    }","lastModifiedDate":"2021-09-09"},{"lineNumber":92,"author":{"gitId":"Vincent6896"},"content":"","lastModifiedDate":"2021-09-09"},{"lineNumber":93,"author":{"gitId":"Vincent6896"},"content":"    private static void showWelcomeScreen() {","lastModifiedDate":"2021-09-09"},{"lineNumber":94,"author":{"gitId":"Vincent6896"},"content":"        String logo \u003d \" ____        _        \\n\"","lastModifiedDate":"2021-09-09"},{"lineNumber":95,"author":{"gitId":"Vincent6896"},"content":"            + \"|  _ \\\\ _   _| | _____ \\n\"","lastModifiedDate":"2021-09-09"},{"lineNumber":96,"author":{"gitId":"Vincent6896"},"content":"            + \"| | | | | | | |/ / _ \\\\\\n\"","lastModifiedDate":"2021-09-09"},{"lineNumber":97,"author":{"gitId":"Vincent6896"},"content":"            + \"| |_| | |_| |   \u003c  __/\\n\"","lastModifiedDate":"2021-09-09"},{"lineNumber":98,"author":{"gitId":"Vincent6896"},"content":"            + \"|____/ \\\\__,_|_|\\\\_\\\\___|\\n\";","lastModifiedDate":"2021-09-09"},{"lineNumber":99,"author":{"gitId":"Vincent6896"},"content":"        System.out.println(\"Hello from\\n\" + logo);","lastModifiedDate":"2021-09-09"},{"lineNumber":100,"author":{"gitId":"Vincent6896"},"content":"","lastModifiedDate":"2021-09-09"},{"lineNumber":101,"author":{"gitId":"Vincent6896"},"content":"        System.out.println(SPLIT_LINE + \"\\n    Hello! I\u0027m Duke\\n\"","lastModifiedDate":"2021-09-09"},{"lineNumber":102,"author":{"gitId":"Vincent6896"},"content":"            + \"    What can I do for you?\\n\" + SPLIT_LINE);","lastModifiedDate":"2021-09-09"},{"lineNumber":103,"author":{"gitId":"Vincent6896"},"content":"    }","lastModifiedDate":"2021-09-09"},{"lineNumber":104,"author":{"gitId":"Vincent6896"},"content":"","lastModifiedDate":"2021-09-09"},{"lineNumber":105,"author":{"gitId":"Vincent6896"},"content":"    public static void terminateProgram() {","lastModifiedDate":"2021-09-09"},{"lineNumber":106,"author":{"gitId":"Vincent6896"},"content":"        System.out.println(SPLIT_LINE);","lastModifiedDate":"2021-09-09"},{"lineNumber":107,"author":{"gitId":"Vincent6896"},"content":"        System.out.println(\"    Bye. Hope to see you again soon!\\n\" + SPLIT_LINE);","lastModifiedDate":"2021-09-09"},{"lineNumber":108,"author":{"gitId":"Vincent6896"},"content":"    }","lastModifiedDate":"2021-09-09"},{"lineNumber":109,"author":{"gitId":"Vincent6896"},"content":"","lastModifiedDate":"2021-09-09"},{"lineNumber":110,"author":{"gitId":"Vincent6896"},"content":"    public static void printList() {","lastModifiedDate":"2021-09-09"},{"lineNumber":111,"author":{"gitId":"Vincent6896"},"content":"        System.out.println(SPLIT_LINE + \"\\n    Here are the tasks in your list:\");","lastModifiedDate":"2021-09-09"},{"lineNumber":112,"author":{"gitId":"Vincent6896"},"content":"        for (int i \u003d 0; i \u003c count; i++) {","lastModifiedDate":"2021-09-09"},{"lineNumber":113,"author":{"gitId":"Vincent6896"},"content":"            System.out.println(\"    \" + (i + 1) + \".\" + list[i]);","lastModifiedDate":"2021-09-09"},{"lineNumber":114,"author":{"gitId":"Vincent6896"},"content":"        }","lastModifiedDate":"2021-09-09"},{"lineNumber":115,"author":{"gitId":"Vincent6896"},"content":"        System.out.println(SPLIT_LINE);","lastModifiedDate":"2021-09-09"},{"lineNumber":116,"author":{"gitId":"Vincent6896"},"content":"    }","lastModifiedDate":"2021-09-09"},{"lineNumber":117,"author":{"gitId":"Vincent6896"},"content":"","lastModifiedDate":"2021-09-09"},{"lineNumber":118,"author":{"gitId":"Vincent6896"},"content":"    public static void printDoneList() {","lastModifiedDate":"2021-09-09"},{"lineNumber":119,"author":{"gitId":"Vincent6896"},"content":"        System.out.println(\"    Congratulations! Now you have done \" + doneCount + \" task(s):\");","lastModifiedDate":"2021-09-09"},{"lineNumber":120,"author":{"gitId":"Vincent6896"},"content":"        for (int i \u003d 0; i \u003c doneCount; i++) {","lastModifiedDate":"2021-09-09"},{"lineNumber":121,"author":{"gitId":"Vincent6896"},"content":"            System.out.println(\"    \" + (i + 1) + \".\" + doneList[i]);","lastModifiedDate":"2021-09-09"},{"lineNumber":122,"author":{"gitId":"Vincent6896"},"content":"        }","lastModifiedDate":"2021-09-09"},{"lineNumber":123,"author":{"gitId":"Vincent6896"},"content":"        System.out.println(SPLIT_LINE);","lastModifiedDate":"2021-09-09"},{"lineNumber":124,"author":{"gitId":"Vincent6896"},"content":"    }","lastModifiedDate":"2021-09-09"},{"lineNumber":125,"author":{"gitId":"Vincent6896"},"content":"","lastModifiedDate":"2021-09-09"},{"lineNumber":126,"author":{"gitId":"Vincent6896"},"content":"    public static void doneTask(String task) {","lastModifiedDate":"2021-09-09"},{"lineNumber":127,"author":{"gitId":"Vincent6896"},"content":"        task \u003d task.trim();","lastModifiedDate":"2021-09-09"},{"lineNumber":128,"author":{"gitId":"Vincent6896"},"content":"        String str \u003d \"\";","lastModifiedDate":"2021-09-09"},{"lineNumber":129,"author":{"gitId":"Vincent6896"},"content":"        if (task !\u003d null \u0026\u0026 !\"\".equals(task)) {","lastModifiedDate":"2021-09-09"},{"lineNumber":130,"author":{"gitId":"Vincent6896"},"content":"            for (int i \u003d 0; i \u003c task.length(); i++) {","lastModifiedDate":"2021-09-09"},{"lineNumber":131,"author":{"gitId":"Vincent6896"},"content":"                if (task.charAt(i) \u003e\u003d 48 \u0026\u0026 task.charAt(i) \u003c\u003d 57) {","lastModifiedDate":"2021-09-09"},{"lineNumber":132,"author":{"gitId":"Vincent6896"},"content":"                    str \u003d str + task.charAt(i);","lastModifiedDate":"2021-09-09"},{"lineNumber":133,"author":{"gitId":"Vincent6896"},"content":"                }","lastModifiedDate":"2021-09-09"},{"lineNumber":134,"author":{"gitId":"Vincent6896"},"content":"            }","lastModifiedDate":"2021-09-09"},{"lineNumber":135,"author":{"gitId":"Vincent6896"},"content":"        }","lastModifiedDate":"2021-09-09"},{"lineNumber":136,"author":{"gitId":"Vincent6896"},"content":"        int index \u003d Integer.parseInt(str) - 1;","lastModifiedDate":"2021-09-09"},{"lineNumber":137,"author":{"gitId":"Vincent6896"},"content":"        if (index \u003e\u003d count) {","lastModifiedDate":"2021-09-09"},{"lineNumber":138,"author":{"gitId":"Vincent6896"},"content":"            System.out.println(SPLIT_LINE);","lastModifiedDate":"2021-09-09"},{"lineNumber":139,"author":{"gitId":"Vincent6896"},"content":"            System.out.println(\"    Out of range. Please try again\");","lastModifiedDate":"2021-09-09"},{"lineNumber":140,"author":{"gitId":"Vincent6896"},"content":"            System.out.println(SPLIT_LINE);","lastModifiedDate":"2021-09-09"},{"lineNumber":141,"author":{"gitId":"Vincent6896"},"content":"            return;","lastModifiedDate":"2021-09-09"},{"lineNumber":142,"author":{"gitId":"Vincent6896"},"content":"        } else {","lastModifiedDate":"2021-09-09"},{"lineNumber":143,"author":{"gitId":"Vincent6896"},"content":"            list[index].isDone \u003d true;","lastModifiedDate":"2021-09-09"},{"lineNumber":144,"author":{"gitId":"Vincent6896"},"content":"            list[index].description \u003d list[index].description.replaceFirst(\" \", \"X\");","lastModifiedDate":"2021-09-09"},{"lineNumber":145,"author":{"gitId":"Vincent6896"},"content":"            doneList[doneCount] \u003d list[index];","lastModifiedDate":"2021-09-09"},{"lineNumber":146,"author":{"gitId":"Vincent6896"},"content":"            doneCount++;","lastModifiedDate":"2021-09-09"},{"lineNumber":147,"author":{"gitId":"Vincent6896"},"content":"            System.out.println(SPLIT_LINE);","lastModifiedDate":"2021-09-09"},{"lineNumber":148,"author":{"gitId":"Vincent6896"},"content":"            System.out.println(\"    Nice! I\u0027ve marked this task as done:\\n    \"","lastModifiedDate":"2021-09-09"},{"lineNumber":149,"author":{"gitId":"Vincent6896"},"content":"                + list[index]);","lastModifiedDate":"2021-09-09"},{"lineNumber":150,"author":{"gitId":"Vincent6896"},"content":"            System.out.println(SPLIT_LINE);","lastModifiedDate":"2021-09-09"},{"lineNumber":151,"author":{"gitId":"Vincent6896"},"content":"            printDoneList();","lastModifiedDate":"2021-09-09"},{"lineNumber":152,"author":{"gitId":"Vincent6896"},"content":"        }","lastModifiedDate":"2021-09-09"},{"lineNumber":153,"author":{"gitId":"Vincent6896"},"content":"    }","lastModifiedDate":"2021-09-09"},{"lineNumber":154,"author":{"gitId":"Vincent6896"},"content":"","lastModifiedDate":"2021-09-09"},{"lineNumber":155,"author":{"gitId":"Vincent6896"},"content":"    public static void invalidInput(boolean isInValid) throws DukeException{","lastModifiedDate":"2021-09-09"},{"lineNumber":156,"author":{"gitId":"Vincent6896"},"content":"        if (isInValid) {","lastModifiedDate":"2021-09-09"},{"lineNumber":157,"author":{"gitId":"Vincent6896"},"content":"            throw new DukeException();","lastModifiedDate":"2021-09-09"},{"lineNumber":158,"author":{"gitId":"Vincent6896"},"content":"        }","lastModifiedDate":"2021-09-09"},{"lineNumber":159,"author":{"gitId":"Vincent6896"},"content":"    }","lastModifiedDate":"2021-09-09"},{"lineNumber":160,"author":{"gitId":"Vincent6896"},"content":"}","lastModifiedDate":"2021-09-09"},{"lineNumber":161,"author":{"gitId":"Vincent6896"},"content":"","lastModifiedDate":"2021-09-09"},{"lineNumber":162,"author":{"gitId":"Vincent6896"},"content":"/*","lastModifiedDate":"2021-09-09"},{"lineNumber":163,"author":{"gitId":"Vincent6896"},"content":"public class Duke {","lastModifiedDate":"2021-09-09"},{"lineNumber":164,"author":{"gitId":"Vincent6896"},"content":"    public static int count \u003d 0;","lastModifiedDate":"2021-09-09"},{"lineNumber":165,"author":{"gitId":"Vincent6896"},"content":"    public static int doneCount \u003d 0;","lastModifiedDate":"2021-09-09"},{"lineNumber":166,"author":{"gitId":"Vincent6896"},"content":"    public static List[] list \u003d new List[100];","lastModifiedDate":"2021-09-09"},{"lineNumber":167,"author":{"gitId":"Vincent6896"},"content":"    public static List[] doneList \u003d new List[100];","lastModifiedDate":"2021-09-09"},{"lineNumber":168,"author":{"gitId":"Vincent6896"},"content":"    public static final String  SPLIT_LINE\u003d \"    ~~~~~~~~~~~~~~~~~~~~~~~~~~~~~~~~~~~~~~~~~~~~~~~~~~~~~\";","lastModifiedDate":"2021-09-09"},{"lineNumber":169,"author":{"gitId":"Vincent6896"},"content":"","lastModifiedDate":"2021-09-09"},{"lineNumber":170,"author":{"gitId":"Vincent6896"},"content":"    public static void doneTask(String task) {","lastModifiedDate":"2021-09-09"},{"lineNumber":171,"author":{"gitId":"Vincent6896"},"content":"        task \u003d task.trim();","lastModifiedDate":"2021-09-09"},{"lineNumber":172,"author":{"gitId":"Vincent6896"},"content":"        String str \u003d \"\";","lastModifiedDate":"2021-09-09"},{"lineNumber":173,"author":{"gitId":"Vincent6896"},"content":"        if (task !\u003d null \u0026\u0026 !\"\".equals(task)) {","lastModifiedDate":"2021-09-09"},{"lineNumber":174,"author":{"gitId":"Vincent6896"},"content":"            for (int i \u003d 0; i \u003c task.length(); i++) {","lastModifiedDate":"2021-09-09"},{"lineNumber":175,"author":{"gitId":"Vincent6896"},"content":"                if (task.charAt(i) \u003e\u003d 48 \u0026\u0026 task.charAt(i) \u003c\u003d 57) {","lastModifiedDate":"2021-09-09"},{"lineNumber":176,"author":{"gitId":"Vincent6896"},"content":"                    str \u003d str + task.charAt(i);","lastModifiedDate":"2021-09-09"},{"lineNumber":177,"author":{"gitId":"Vincent6896"},"content":"                }","lastModifiedDate":"2021-09-09"},{"lineNumber":178,"author":{"gitId":"Vincent6896"},"content":"            }","lastModifiedDate":"2021-09-09"},{"lineNumber":179,"author":{"gitId":"Vincent6896"},"content":"        }","lastModifiedDate":"2021-09-09"},{"lineNumber":180,"author":{"gitId":"Vincent6896"},"content":"        for (int i \u003d 0; i \u003c count; i++) {","lastModifiedDate":"2021-09-09"},{"lineNumber":181,"author":{"gitId":"Vincent6896"},"content":"            if (str.equals(list[i].description.substring(0, str.length()))) {","lastModifiedDate":"2021-09-09"},{"lineNumber":182,"author":{"gitId":"Vincent6896"},"content":"                doneList[doneCount].description \u003d list[i].description.substring(str.length() + 1);","lastModifiedDate":"2021-09-09"},{"lineNumber":183,"author":{"gitId":"Vincent6896"},"content":"                list[i].description \u003d list[i].description.replaceFirst(\" \", \"X\");","lastModifiedDate":"2021-09-09"},{"lineNumber":184,"author":{"gitId":"Vincent6896"},"content":"                doneList[doneCount].description \u003d doneList[doneCount].","lastModifiedDate":"2021-09-09"},{"lineNumber":185,"author":{"gitId":"Vincent6896"},"content":"                    description.replaceFirst(\" \", \"X\");","lastModifiedDate":"2021-09-09"},{"lineNumber":186,"author":{"gitId":"Vincent6896"},"content":"                doneCount++;","lastModifiedDate":"2021-09-09"},{"lineNumber":187,"author":{"gitId":"Vincent6896"},"content":"                list[i].markAsDone();","lastModifiedDate":"2021-09-09"},{"lineNumber":188,"author":{"gitId":"Vincent6896"},"content":"                List.printDoneTask();","lastModifiedDate":"2021-09-09"},{"lineNumber":189,"author":{"gitId":"Vincent6896"},"content":"                break;","lastModifiedDate":"2021-09-09"},{"lineNumber":190,"author":{"gitId":"Vincent6896"},"content":"            }","lastModifiedDate":"2021-09-09"},{"lineNumber":191,"author":{"gitId":"Vincent6896"},"content":"        }","lastModifiedDate":"2021-09-09"},{"lineNumber":192,"author":{"gitId":"Vincent6896"},"content":"    }","lastModifiedDate":"2021-09-09"},{"lineNumber":193,"author":{"gitId":"Vincent6896"},"content":"","lastModifiedDate":"2021-09-09"},{"lineNumber":194,"author":{"gitId":"-"},"content":"    public static void main(String[] args) {","lastModifiedDate":"2019-07-29"},{"lineNumber":195,"author":{"gitId":"-"},"content":"        String logo \u003d \" ____        _        \\n\"","lastModifiedDate":"2019-07-29"},{"lineNumber":196,"author":{"gitId":"-"},"content":"            + \"|  _ \\\\ _   _| | _____ \\n\"","lastModifiedDate":"2019-07-29"},{"lineNumber":197,"author":{"gitId":"-"},"content":"            + \"| | | | | | | |/ / _ \\\\\\n\"","lastModifiedDate":"2019-07-29"},{"lineNumber":198,"author":{"gitId":"-"},"content":"            + \"| |_| | |_| |   \u003c  __/\\n\"","lastModifiedDate":"2019-07-29"},{"lineNumber":199,"author":{"gitId":"-"},"content":"            + \"|____/ \\\\__,_|_|\\\\_\\\\___|\\n\";","lastModifiedDate":"2019-07-29"},{"lineNumber":200,"author":{"gitId":"-"},"content":"        System.out.println(\"Hello from\\n\" + logo);","lastModifiedDate":"2019-07-29"},{"lineNumber":201,"author":{"gitId":"Vincent6896"},"content":"","lastModifiedDate":"2021-08-26"},{"lineNumber":202,"author":{"gitId":"Vincent6896"},"content":"        System.out.println(SPLIT_LINE + \"\\n    Hello! I\u0027m Duke\\n\" +","lastModifiedDate":"2021-09-09"},{"lineNumber":203,"author":{"gitId":"Vincent6896"},"content":"            \"    What can I do for you?\\n\" + SPLIT_LINE);","lastModifiedDate":"2021-09-09"},{"lineNumber":204,"author":{"gitId":"Vincent6896"},"content":"","lastModifiedDate":"2021-09-09"},{"lineNumber":205,"author":{"gitId":"Vincent6896"},"content":"        while (true) {","lastModifiedDate":"2021-08-26"},{"lineNumber":206,"author":{"gitId":"Vincent6896"},"content":"            Scanner in \u003d new Scanner(System.in);","lastModifiedDate":"2021-08-26"},{"lineNumber":207,"author":{"gitId":"Vincent6896"},"content":"            String order;","lastModifiedDate":"2021-08-26"},{"lineNumber":208,"author":{"gitId":"Vincent6896"},"content":"            order \u003d in.nextLine();","lastModifiedDate":"2021-08-26"},{"lineNumber":209,"author":{"gitId":"Vincent6896"},"content":"            if (order.equals(\"bye\")) {","lastModifiedDate":"2021-08-26"},{"lineNumber":210,"author":{"gitId":"Vincent6896"},"content":"                break;","lastModifiedDate":"2021-08-26"},{"lineNumber":211,"author":{"gitId":"Vincent6896"},"content":"            } else if (order.contains(\"done\")) {","lastModifiedDate":"2021-09-09"},{"lineNumber":212,"author":{"gitId":"Vincent6896"},"content":"                doneTask(order);","lastModifiedDate":"2021-09-09"},{"lineNumber":213,"author":{"gitId":"Vincent6896"},"content":"                continue;","lastModifiedDate":"2021-08-26"},{"lineNumber":214,"author":{"gitId":"Vincent6896"},"content":"            } else if (order.contains(\"list\")) {","lastModifiedDate":"2021-09-09"},{"lineNumber":215,"author":{"gitId":"Vincent6896"},"content":"                List.printTask();","lastModifiedDate":"2021-08-26"},{"lineNumber":216,"author":{"gitId":"Vincent6896"},"content":"            } else if (order.contains(\"todo\")) {","lastModifiedDate":"2021-09-09"},{"lineNumber":217,"author":{"gitId":"Vincent6896"},"content":"                List.addTask(order);","lastModifiedDate":"2021-09-09"},{"lineNumber":218,"author":{"gitId":"Vincent6896"},"content":"                String taskName \u003d order.substring(order.indexOf(\"todo\") + 5);","lastModifiedDate":"2021-09-09"},{"lineNumber":219,"author":{"gitId":"Vincent6896"},"content":"                list[count] \u003d new Todo(taskName);","lastModifiedDate":"2021-09-09"},{"lineNumber":220,"author":{"gitId":"Vincent6896"},"content":"            } else if (order.contains(\"deadline\")) {","lastModifiedDate":"2021-09-09"},{"lineNumber":221,"author":{"gitId":"Vincent6896"},"content":"                List.addTask(order);","lastModifiedDate":"2021-09-09"},{"lineNumber":222,"author":{"gitId":"Vincent6896"},"content":"                String taskName \u003d order.substring(order.indexOf(\"deadline\") + 9, order.indexOf(\"/\") - 1);","lastModifiedDate":"2021-09-09"},{"lineNumber":223,"author":{"gitId":"Vincent6896"},"content":"                String by \u003d order.substring(order.indexOf(\"by\") + 3);","lastModifiedDate":"2021-09-09"},{"lineNumber":224,"author":{"gitId":"Vincent6896"},"content":"                list[count] \u003d new Deadline(taskName, by);","lastModifiedDate":"2021-09-09"},{"lineNumber":225,"author":{"gitId":"Vincent6896"},"content":"            } else if (order.contains(\"event\")) {","lastModifiedDate":"2021-09-09"},{"lineNumber":226,"author":{"gitId":"Vincent6896"},"content":"                List.addTask(order);","lastModifiedDate":"2021-09-09"},{"lineNumber":227,"author":{"gitId":"Vincent6896"},"content":"                String taskName \u003d order.substring(order.indexOf(\"event\") + 6, order.indexOf(\"/\") - 1);","lastModifiedDate":"2021-09-09"},{"lineNumber":228,"author":{"gitId":"Vincent6896"},"content":"                String at \u003d order.substring(order.indexOf(\"at\") + 3);","lastModifiedDate":"2021-09-09"},{"lineNumber":229,"author":{"gitId":"Vincent6896"},"content":"                list[count] \u003d new Event(taskName, at);","lastModifiedDate":"2021-09-09"},{"lineNumber":230,"author":{"gitId":"Vincent6896"},"content":"            }","lastModifiedDate":"2021-08-26"},{"lineNumber":231,"author":{"gitId":"Vincent6896"},"content":"        }","lastModifiedDate":"2021-08-26"},{"lineNumber":232,"author":{"gitId":"Vincent6896"},"content":"        System.out.println(SPLIT_LINE + \"\\n    Bye. Hope to see you again soon!\\n\" + SPLIT_LINE);","lastModifiedDate":"2021-09-09"},{"lineNumber":233,"author":{"gitId":"Vincent6896"},"content":"","lastModifiedDate":"2021-08-26"},{"lineNumber":234,"author":{"gitId":"-"},"content":"    }","lastModifiedDate":"2019-07-29"},{"lineNumber":235,"author":{"gitId":"-"},"content":"}","lastModifiedDate":"2019-07-29"},{"lineNumber":236,"author":{"gitId":"Vincent6896"},"content":"","lastModifiedDate":"2021-09-09"},{"lineNumber":237,"author":{"gitId":"Vincent6896"},"content":"","lastModifiedDate":"2021-09-09"},{"lineNumber":238,"author":{"gitId":"Vincent6896"},"content":" */","lastModifiedDate":"2021-09-09"}],"authorContributionMap":{"-":10,"Vincent6896":228}},{"path":"src/main/java/DukeException.java","fileType":"java","lines":[{"lineNumber":1,"author":{"gitId":"Vincent6896"},"content":"public class DukeException extends Exception {","lastModifiedDate":"2021-09-09"},{"lineNumber":2,"author":{"gitId":"Vincent6896"},"content":"    //no code","lastModifiedDate":"2021-09-10"},{"lineNumber":3,"author":{"gitId":"Vincent6896"},"content":"}","lastModifiedDate":"2021-09-09"}],"authorContributionMap":{"Vincent6896":3}},{"path":"src/main/java/Event.java","fileType":"java","lines":[{"lineNumber":1,"author":{"gitId":"Vincent6896"},"content":"public class Event extends List {","lastModifiedDate":"2021-09-09"},{"lineNumber":2,"author":{"gitId":"Vincent6896"},"content":"    protected String at;","lastModifiedDate":"2021-09-09"},{"lineNumber":3,"author":{"gitId":"Vincent6896"},"content":"","lastModifiedDate":"2021-09-09"},{"lineNumber":4,"author":{"gitId":"Vincent6896"},"content":"    public Event(String description, String at) {","lastModifiedDate":"2021-09-09"},{"lineNumber":5,"author":{"gitId":"Vincent6896"},"content":"        super(description);","lastModifiedDate":"2021-09-09"},{"lineNumber":6,"author":{"gitId":"Vincent6896"},"content":"        this.at \u003d at;","lastModifiedDate":"2021-09-09"},{"lineNumber":7,"author":{"gitId":"Vincent6896"},"content":"    }","lastModifiedDate":"2021-09-09"},{"lineNumber":8,"author":{"gitId":"Vincent6896"},"content":"","lastModifiedDate":"2021-09-09"},{"lineNumber":9,"author":{"gitId":"Vincent6896"},"content":"    @Override","lastModifiedDate":"2021-09-09"},{"lineNumber":10,"author":{"gitId":"Vincent6896"},"content":"    public String toString() {","lastModifiedDate":"2021-09-09"},{"lineNumber":11,"author":{"gitId":"Vincent6896"},"content":"        return \"[E]\" + super.toString() + \" (at: \" + at + \")\";","lastModifiedDate":"2021-09-09"},{"lineNumber":12,"author":{"gitId":"Vincent6896"},"content":"    }","lastModifiedDate":"2021-09-09"},{"lineNumber":13,"author":{"gitId":"Vincent6896"},"content":"}","lastModifiedDate":"2021-09-09"}],"authorContributionMap":{"Vincent6896":13}},{"path":"src/main/java/List.java","fileType":"java","lines":[{"lineNumber":1,"author":{"gitId":"Vincent6896"},"content":"import java.lang.String;","lastModifiedDate":"2021-08-26"},{"lineNumber":2,"author":{"gitId":"Vincent6896"},"content":"","lastModifiedDate":"2021-08-26"},{"lineNumber":3,"author":{"gitId":"Vincent6896"},"content":"public class List {","lastModifiedDate":"2021-08-26"},{"lineNumber":4,"author":{"gitId":"Vincent6896"},"content":"    protected String description;","lastModifiedDate":"2021-09-09"},{"lineNumber":5,"author":{"gitId":"Vincent6896"},"content":"    protected boolean isDone;","lastModifiedDate":"2021-09-09"},{"lineNumber":6,"author":{"gitId":"Vincent6896"},"content":"","lastModifiedDate":"2021-08-26"},{"lineNumber":7,"author":{"gitId":"Vincent6896"},"content":"    public List(String description) {","lastModifiedDate":"2021-09-09"},{"lineNumber":8,"author":{"gitId":"Vincent6896"},"content":"        this.description \u003d \"[ ] \" + description;","lastModifiedDate":"2021-09-09"},{"lineNumber":9,"author":{"gitId":"Vincent6896"},"content":"        this.isDone \u003d false;","lastModifiedDate":"2021-09-09"},{"lineNumber":10,"author":{"gitId":"Vincent6896"},"content":"    }","lastModifiedDate":"2021-08-26"},{"lineNumber":11,"author":{"gitId":"Vincent6896"},"content":"","lastModifiedDate":"2021-08-26"},{"lineNumber":12,"author":{"gitId":"Vincent6896"},"content":"    public String toString() {","lastModifiedDate":"2021-09-09"},{"lineNumber":13,"author":{"gitId":"Vincent6896"},"content":"        return description;","lastModifiedDate":"2021-09-09"},{"lineNumber":14,"author":{"gitId":"Vincent6896"},"content":"    }","lastModifiedDate":"2021-08-26"},{"lineNumber":15,"author":{"gitId":"Vincent6896"},"content":"}","lastModifiedDate":"2021-08-26"}],"authorContributionMap":{"Vincent6896":15}},{"path":"src/main/java/Todo.java","fileType":"java","lines":[{"lineNumber":1,"author":{"gitId":"Vincent6896"},"content":"public class Todo extends List {","lastModifiedDate":"2021-09-09"},{"lineNumber":2,"author":{"gitId":"Vincent6896"},"content":"","lastModifiedDate":"2021-09-09"},{"lineNumber":3,"author":{"gitId":"Vincent6896"},"content":"    public Todo(String description) {","lastModifiedDate":"2021-09-09"},{"lineNumber":4,"author":{"gitId":"Vincent6896"},"content":"        super(description);","lastModifiedDate":"2021-09-09"},{"lineNumber":5,"author":{"gitId":"Vincent6896"},"content":"    }","lastModifiedDate":"2021-09-09"},{"lineNumber":6,"author":{"gitId":"Vincent6896"},"content":"","lastModifiedDate":"2021-09-09"},{"lineNumber":7,"author":{"gitId":"Vincent6896"},"content":"    @Override","lastModifiedDate":"2021-09-09"},{"lineNumber":8,"author":{"gitId":"Vincent6896"},"content":"    public String toString() {","lastModifiedDate":"2021-09-09"},{"lineNumber":9,"author":{"gitId":"Vincent6896"},"content":"        return \"[T]\" + super.toString() ;","lastModifiedDate":"2021-09-09"},{"lineNumber":10,"author":{"gitId":"Vincent6896"},"content":"    }","lastModifiedDate":"2021-09-09"},{"lineNumber":11,"author":{"gitId":"Vincent6896"},"content":"}","lastModifiedDate":"2021-09-09"}],"authorContributionMap":{"Vincent6896":11}}]
