{"authorDailyContributionsMap":{"Vincent6896":[{"date":"2021-08-26","commitResults":[{"hash":"dddd0f995e7ec76d553232152fc24ee4df357f80","messageTitle":"Level-1","messageBody":"","tags":["Level-2","Level-1"],"fileTypesAndContributionMap":{"java":{"insertions":23,"deletions":0}}},{"hash":"1d1da6613de2dfb9ef0d30af0c3fc5e4a13de980","messageTitle":"List part","messageBody":"","fileTypesAndContributionMap":{"java":{"insertions":2,"deletions":0}}},{"hash":"cf34648e029c19bf815c2d9b13a1e569f168741c","messageTitle":"ip_new_version","messageBody":"","fileTypesAndContributionMap":{"java":{"insertions":79,"deletions":13}}},{"hash":"e107d0fa95af3d5630fa709932d4bd17a9a6c84f","messageTitle":"A-CodingStandard","messageBody":"","tags":["A-CodingStandard"],"fileTypesAndContributionMap":{"java":{"insertions":15,"deletions":13}}}]},{"date":"2021-09-02","commitResults":[{"hash":"c43ed4d26ba63e1deb1a977c7d0b7a1f227df9d0","messageTitle":"Level-4","messageBody":"","tags":["Level-4"],"fileTypesAndContributionMap":{"java":{"insertions":28,"deletions":7}}},{"hash":"019d1517efd8d4b61f21cf9e2d707ec8a67c0996","messageTitle":"A-CodeQuality","messageBody":"","tags":["Level-3","A-CodeQuality"],"fileTypesAndContributionMap":{"java":{"insertions":7,"deletions":5}}}]},{"date":"2021-09-09","commitResults":[{"hash":"b4f3fee555f4fd8e97d8012a1354a7f05d4261d9","messageTitle":"Level 5 and change the structure of the whole program","messageBody":"","tags":["Level-5","A-Exceptions"],"fileTypesAndContributionMap":{"java":{"insertions":259,"deletions":97}}}]},{"date":"2021-09-10","commitResults":[{"hash":"6f01f092e59597277e82e14f601670af6ea821dd","messageTitle":"Create two package: duke and duke.task","messageBody":"","tags":["A-Packages"],"fileTypesAndContributionMap":{"java":{"insertions":11,"deletions":5}}}]},{"date":"2021-09-15","commitResults":[{"hash":"7c994f74e2737d7f104e7f012cfa5100eccc8461","messageTitle":"Get the changes on the code.(ArrayList)","messageBody":"","tags":["Level-6"],"fileTypesAndContributionMap":{"java":{"insertions":55,"deletions":99}}},{"hash":"a58c319a1286f2f9feef7ebd56a3ff42e9a0db2e","messageTitle":"Add save function","messageBody":"","tags":["Level-7"],"fileTypesAndContributionMap":{"java":{"insertions":325,"deletions":238}}},{"hash":"6970bce07cb8a1e0326c3d42631c496a35755db1","messageTitle":"improve the code style","messageBody":"","fileTypesAndContributionMap":{"txt":{"insertions":2,"deletions":2},"java":{"insertions":164,"deletions":31}}}]},{"date":"2021-09-16","commitResults":[{"hash":"68001db81c9646836630b72a3c2dbc1971fa4b7d","messageTitle":"Change the path of creating and reading files, improve the jar file","messageBody":"","tags":["v1.0","A-Collections"],"fileTypesAndContributionMap":{"txt":{"insertions":6,"deletions":3},"java":{"insertions":102,"deletions":87}}}]},{"date":"2021-09-25","commitResults":[{"hash":"6f20f32133cff6f8dcfcd1ca07b9480897857b69","messageTitle":"Make the project more OOP","messageBody":"","tags":["A-MoreOOP"],"fileTypesAndContributionMap":{"txt":{"insertions":4,"deletions":4},"java":{"insertions":606,"deletions":321}}}]},{"date":"2021-09-27","commitResults":[{"hash":"90cef460a28906862530cfce0db2faf3be5c24f7","messageTitle":"Add the java doc to most public method","messageBody":"","tags":["A-JavaDoc"],"fileTypesAndContributionMap":{"java":{"insertions":200,"deletions":9}}},{"hash":"4e69d8fd898b8822de7a4e271302954f96f53d08","messageTitle":"merge PR for findCommand","messageBody":"","tags":["Level-9"],"fileTypesAndContributionMap":{"txt":{"insertions":2,"deletions":2},"java":{"insertions":0,"deletions":2}}},{"hash":"19e80e577a8581a66bf55aa2859100ac174d54d2","messageTitle":"Merge PR for java doc","messageBody":"","fileTypesAndContributionMap":{"java":{"insertions":0,"deletions":2}}}]},{"date":"2021-09-30","commitResults":[{"hash":"f731a33dc4e224304afe32c37fb9979404f54c8e","messageTitle":"Final update for IP","messageBody":"","tags":["A-UserGuide","A-Release"],"fileTypesAndContributionMap":{"java":{"insertions":44,"deletions":2},"md":{"insertions":148,"deletions":18}}},{"hash":"5150571316da5d683b741ddd48a4a92ed0154570","messageTitle":"update readme","messageBody":"","fileTypesAndContributionMap":{"md":{"insertions":19,"deletions":19}}},{"hash":"456c48e7921c3d2a89f2140b3dcb623df1e83db9","messageTitle":"update","messageBody":"","fileTypesAndContributionMap":{"md":{"insertions":2,"deletions":1}}},{"hash":"99a8451bd8f6e78b8601f700aeadf8b2ce9ea153","messageTitle":"update","messageBody":"","fileTypesAndContributionMap":{"md":{"insertions":3,"deletions":0}}},{"hash":"3c6b18e9133b015e8fb14a1b6daa1b2242a4b351","messageTitle":"final update","messageBody":"","fileTypesAndContributionMap":{"md":{"insertions":3,"deletions":0}}}]}]},"authorFileTypeContributionMap":{"Vincent6896":{"java":905,"md":150,"fxml":0,"sh":0,"bat":0,"gradle":0,"txt":6}},"authorContributionVariance":{"Vincent6896":7644.941},"authorDisplayNameMap":{"Vincent6896":"CS2113-T13-3 WANG..UHAN"}}
