{"authorDailyContributionsMap":{"renzocanare":[{"date":"2021-08-20","commitResults":[{"hash":"9c4f297b0473110118ea7a9a8e6aefa38186d85c","messageTitle":"Level 0: Greet Task Remove Duke string logo and it\u0027s welcome Hello message Impement initial skeletal version of the Duke that greets user and exits","messageBody":"","tags":["v1.0","Level-0"],"fileTypesAndContributionMap":{"java":{"insertions":7,"deletions":6}}}]},{"date":"2021-08-24","commitResults":[{"hash":"435610aedbc83fa1351ea97d7440fcd3b82dd078","messageTitle":"Level 1. Greet, Echo, Exit Implement Duke to greet user, echoes commands by user and exits when user types \"bye\" Replace original Duke welcome message","messageBody":"","tags":["Level-1"],"fileTypesAndContributionMap":{"java":{"insertions":24,"deletions":7}}},{"hash":"96a3d0f8ad62b4623acf4611bf5cc43ead1b4e90","messageTitle":"Level 2. Add, List Add ability to store text entered into a list, and display to user when requested via list command Remove echo feature","messageBody":"","tags":["Level-2"],"fileTypesAndContributionMap":{"java":{"insertions":17,"deletions":4}}},{"hash":"3a76ca4877dbcdef23633c80d04ca4194307f78e","messageTitle":"Level 3. Mark as Done Add Task.java class for Task functionality Add ability to mark tasks as done Replace ListArray with Task class Neaten code by shifting print statements to their own methods","messageBody":"","tags":["Level-3"],"fileTypesAndContributionMap":{"java":{"insertions":77,"deletions":20}}}]}]},"authorFileTypeContributionMap":{"renzocanare":{"java":94,"md":0,"fxml":0,"sh":0,"bat":0,"gradle":0,"txt":0}},"authorContributionVariance":{"renzocanare":100.233246},"authorDisplayNameMap":{"renzocanare":"CS2113T-W11-4 RENZ..NARE"}}
