{"authorDailyContributionsMap":{"irvinseet":[{"date":"2021-08-19","commitResults":[{"hash":"491a437094ef5e8910c6f40391cc26e29cff9b6e","messageTitle":"Level-0","messageBody":"","fileTypesAndContributionMap":{"java":{"insertions":8,"deletions":6}}},{"hash":"9a6e90af4465968c6e684a067c8f10887552395c","messageTitle":"Level-0","messageBody":"","tags":["Level-0"],"fileTypesAndContributionMap":{"java":{"insertions":6,"deletions":8}}}]},{"date":"2021-08-22","commitResults":[{"hash":"a77a2c0ea99b9d9b52a12f20d79fcafa13715b73","messageTitle":"Level-1","messageBody":"Implement echo on user input, exits on \"bye\"\n","fileTypesAndContributionMap":{"java":{"insertions":24,"deletions":2}}},{"hash":"cd632d2fd6c56129ae5ff4345391e399e0232dcb","messageTitle":"Level-1","messageBody":"Implement echo on user input, exits on \"bye\"\n","tags":["Level-1"],"fileTypesAndContributionMap":{"java":{"insertions":1,"deletions":1}}},{"hash":"4e8de3afa1000db59f1f29eea71036d64f541998","messageTitle":"Level-2","messageBody":"Add user input into a todolist, return list when user inputs \"list\"\n","tags":["Level-2"],"fileTypesAndContributionMap":{"java":{"insertions":17,"deletions":1}}},{"hash":"44f801c30326266a2062c62364df42dad0152ec8","messageTitle":"Level-3","messageBody":"Add the ability to mark tasks as done.\nAdd Task Class\n","fileTypesAndContributionMap":{"java":{"insertions":15,"deletions":3}}},{"hash":"bc75e896b5a1eb02b0ede6323f76de434f34827e","messageTitle":"Level-3","messageBody":"Add the ability to mark tasks as done.\nAdd Task Class\n","tags":["Level-3"],"fileTypesAndContributionMap":{"java":{"insertions":22,"deletions":0}}},{"hash":"8ac9ace82053cd6421b16447b5407cd161174945","messageTitle":"A-CodingStandard","messageBody":"*Indentation and spacing\n*markAsDone refactor to setDone\n*todolist refactor to tasks\n*Add comments\n","tags":["A-CodingStandard"],"fileTypesAndContributionMap":{"java":{"insertions":15,"deletions":11}}}]},{"date":"2021-08-30","commitResults":[{"hash":"dbcbabdec72787e013558df50001fa6176f32d22","messageTitle":"changes","messageBody":"","fileTypesAndContributionMap":{"java":{"insertions":7,"deletions":10}}}]},{"date":"2021-08-31","commitResults":[{"hash":"3178f354dcf57bd7cbd2b622386b971e8a568878","messageTitle":"Level-4, A-CodeQuality","messageBody":"","tags":["Level-4","A-CodeQuality"],"fileTypesAndContributionMap":{"java":{"insertions":206,"deletions":43}}}]},{"date":"2021-09-04","commitResults":[{"hash":"7612928488fe4d43148dcb274691611d8659eda2","messageTitle":"Level-5 Error Handling. Introduce TaskManager class to handle user requests","messageBody":"","fileTypesAndContributionMap":{"java":{"insertions":141,"deletions":146}}},{"hash":"bfa0fb4ab5e539e5607c88e1237caa74019f7602","messageTitle":"A-Packages. Put all classes in package \"duke\". Further refactor task and different task types into package \"duke/task\"","messageBody":"","fileTypesAndContributionMap":{"java":{"insertions":33,"deletions":11},"md":{"insertions":2,"deletions":2}}},{"hash":"b8cf0452eb8af0e1d43bbb4bf91494fee281a5c4","messageTitle":"Fixed some naming issues that arised from refactoring packages.","messageBody":"","fileTypesAndContributionMap":{"java":{"insertions":7,"deletions":7}}},{"hash":"6c40239e1c7398f64fb940e703083debe8db46b8","messageTitle":"Autoformatting and add new lines to end of some files","messageBody":"","fileTypesAndContributionMap":{"java":{"insertions":17,"deletions":23}}}]},{"date":"2021-09-07","commitResults":[{"hash":"4239ae2f83577f47ba5d4738d9e5825520833a6f","messageTitle":"Create InvalidCommandExpcetion, extract error messages","messageBody":"","fileTypesAndContributionMap":{"java":{"insertions":25,"deletions":18}}},{"hash":"6b34911a36ced0becc7cac303dc9d245027e5b48","messageTitle":"Change exceptions to user-created exceptions. -DukeException for valid command but incorrect description - InvalidCommandException for invalid command","messageBody":"","fileTypesAndContributionMap":{"java":{"insertions":40,"deletions":33}}}]},{"date":"2021-09-08","commitResults":[{"hash":"b5860243fdb37b3870bff418fce83b043ff06f66","messageTitle":"Add TextUiTesting, rearrange packages","messageBody":"","fileTypesAndContributionMap":{"java":{"insertions":1,"deletions":4}}},{"hash":"f8ba860a8f39d77e22cb86ca853c1ed12c3d0611","messageTitle":"add TextUiTesting, rearranged package","messageBody":"","tags":["Level-5","A-TextUiTesting","A-Packages"],"fileTypesAndContributionMap":{"txt":{"insertions":7,"deletions":0},"java":{"insertions":15,"deletions":13},"md":{"insertions":2,"deletions":2}}},{"hash":"a17050fb3ac5281aff157ef39b7da10f88b3fa2f","messageTitle":"fix README","messageBody":"","tags":["v0.1","A-Exceptions"],"fileTypesAndContributionMap":{"md":{"insertions":3,"deletions":3}}},{"hash":"161b981165a8f6c087ee09bbaa1c933f9ef3a732","messageTitle":"change Task[] tasks to an ArrayList\u003cTask\u003etasks","messageBody":"","tags":["A-Collections"],"fileTypesAndContributionMap":{"java":{"insertions":10,"deletions":11}}},{"hash":"42179188a5c98ef658d79a4eaa21b6cabdeaeaf9","messageTitle":"add deleteTask, update TextUiTesting","messageBody":"","tags":["Level-6"],"fileTypesAndContributionMap":{"txt":{"insertions":6,"deletions":4},"java":{"insertions":21,"deletions":0}}},{"hash":"c63b096cb3dad9c2452dbaba7ea5384dd90358d6","messageTitle":"create data folder for storage","messageBody":"","fileTypesAndContributionMap":{"txt":{"insertions":0,"deletions":0}}}]},{"date":"2021-09-11","commitResults":[{"hash":"b3e59ec43b8cbe0e29dd37e6c18cd7ad7098f398","messageTitle":"Allow user to save(Read and write data from hard disk)","messageBody":"","fileTypesAndContributionMap":{"txt":{"insertions":5,"deletions":0},"java":{"insertions":128,"deletions":42}}},{"hash":"95ecb8b6a0659b483b6c991ffa705ebae8058f43","messageTitle":"Add getTime() to tasks and its various types Change access of tasks, taskCount, addTodo, addDeadline, addEvent to public Fix writing of data to include time for event and deadline","messageBody":"","fileTypesAndContributionMap":{"txt":{"insertions":3,"deletions":3},"java":{"insertions":36,"deletions":23}}},{"hash":"ec5a14d8b1ac36d2dccf11297195e1d9e8739688","messageTitle":"Fix writing of data to include time for event and deadline","messageBody":"","fileTypesAndContributionMap":{"java":{"insertions":8,"deletions":2}}},{"hash":"ad004e1b0f289839c23505e5ef05068082afdf41","messageTitle":"create directory and file for data storage","messageBody":"","tags":["Level-7","A-Jar"],"fileTypesAndContributionMap":{"java":{"insertions":32,"deletions":16}}}]}]},"authorFileTypeContributionMap":{"irvinseet":{"java":398,"md":2,"fxml":0,"sh":0,"bat":0,"gradle":0,"txt":14}},"authorContributionVariance":{"irvinseet":1385.1737},"authorDisplayNameMap":{"irvinseet":"CS2113T-W11-2 SEET..RVIN"}}
