[{"path":"src/main/java/Deadline.java","fileType":"java","lines":[{"lineNumber":1,"author":{"gitId":"APZH"},"content":"public class Deadline extends Task{","lastModifiedDate":"2021-08-30"},{"lineNumber":2,"author":{"gitId":"APZH"},"content":"","lastModifiedDate":"2021-08-30"},{"lineNumber":3,"author":{"gitId":"APZH"},"content":"    protected String by;","lastModifiedDate":"2021-08-30"},{"lineNumber":4,"author":{"gitId":"APZH"},"content":"","lastModifiedDate":"2021-08-30"},{"lineNumber":5,"author":{"gitId":"APZH"},"content":"    public Deadline(String description, String by) {","lastModifiedDate":"2021-08-30"},{"lineNumber":6,"author":{"gitId":"APZH"},"content":"        super(description);","lastModifiedDate":"2021-08-30"},{"lineNumber":7,"author":{"gitId":"APZH"},"content":"        this.by \u003d by;","lastModifiedDate":"2021-08-30"},{"lineNumber":8,"author":{"gitId":"APZH"},"content":"    }","lastModifiedDate":"2021-08-30"},{"lineNumber":9,"author":{"gitId":"APZH"},"content":"","lastModifiedDate":"2021-08-30"},{"lineNumber":10,"author":{"gitId":"APZH"},"content":"    @Override","lastModifiedDate":"2021-08-30"},{"lineNumber":11,"author":{"gitId":"APZH"},"content":"    public String getTaskDescription() {","lastModifiedDate":"2021-08-30"},{"lineNumber":12,"author":{"gitId":"APZH"},"content":"        return \"[D]\" + super.getTaskDescription() + \" (by: \" + by + \")\";","lastModifiedDate":"2021-08-30"},{"lineNumber":13,"author":{"gitId":"APZH"},"content":"    }","lastModifiedDate":"2021-08-30"},{"lineNumber":14,"author":{"gitId":"APZH"},"content":"","lastModifiedDate":"2021-08-30"},{"lineNumber":15,"author":{"gitId":"APZH"},"content":"}","lastModifiedDate":"2021-08-30"}],"authorContributionMap":{"APZH":15}},{"path":"src/main/java/Duke.java","fileType":"java","lines":[{"lineNumber":1,"author":{"gitId":"APZH"},"content":"import java.util.Scanner;","lastModifiedDate":"2021-08-30"},{"lineNumber":2,"author":{"gitId":"APZH"},"content":"","lastModifiedDate":"2021-08-30"},{"lineNumber":3,"author":{"gitId":"-"},"content":"public class Duke {","lastModifiedDate":"2019-07-29"},{"lineNumber":4,"author":{"gitId":"APZH"},"content":"","lastModifiedDate":"2021-08-13"},{"lineNumber":5,"author":{"gitId":"APZH"},"content":"    private final Scanner in;","lastModifiedDate":"2021-08-30"},{"lineNumber":6,"author":{"gitId":"APZH"},"content":"    private final DukeInterface dukeUI;","lastModifiedDate":"2021-08-21"},{"lineNumber":7,"author":{"gitId":"APZH"},"content":"    private final TaskManager taskMgr;","lastModifiedDate":"2021-08-22"},{"lineNumber":8,"author":{"gitId":"APZH"},"content":"","lastModifiedDate":"2021-08-17"},{"lineNumber":9,"author":{"gitId":"APZH"},"content":"    public Duke() {","lastModifiedDate":"2021-08-17"},{"lineNumber":10,"author":{"gitId":"APZH"},"content":"        in \u003d new Scanner(System.in);","lastModifiedDate":"2021-08-30"},{"lineNumber":11,"author":{"gitId":"APZH"},"content":"        dukeUI \u003d new DukeInterface();","lastModifiedDate":"2021-08-21"},{"lineNumber":12,"author":{"gitId":"APZH"},"content":"        taskMgr \u003d new TaskManager();","lastModifiedDate":"2021-08-22"},{"lineNumber":13,"author":{"gitId":"APZH"},"content":"    }","lastModifiedDate":"2021-08-17"},{"lineNumber":14,"author":{"gitId":"APZH"},"content":"","lastModifiedDate":"2021-08-13"},{"lineNumber":15,"author":{"gitId":"APZH"},"content":"    public String readInput() {","lastModifiedDate":"2021-08-30"},{"lineNumber":16,"author":{"gitId":"APZH"},"content":"        dukeUI.printUserName();","lastModifiedDate":"2021-08-30"},{"lineNumber":17,"author":{"gitId":"APZH"},"content":"        dukeUI.printCursor();","lastModifiedDate":"2021-08-30"},{"lineNumber":18,"author":{"gitId":"APZH"},"content":"        String input \u003d in.nextLine();","lastModifiedDate":"2021-08-30"},{"lineNumber":19,"author":{"gitId":"APZH"},"content":"        return input;","lastModifiedDate":"2021-08-30"},{"lineNumber":20,"author":{"gitId":"APZH"},"content":"    }","lastModifiedDate":"2021-08-30"},{"lineNumber":21,"author":{"gitId":"APZH"},"content":"","lastModifiedDate":"2021-08-30"},{"lineNumber":22,"author":{"gitId":"APZH"},"content":"    public String[] splitInput(String input) {","lastModifiedDate":"2021-08-30"},{"lineNumber":23,"author":{"gitId":"APZH"},"content":"        input \u003d input.trim();","lastModifiedDate":"2021-08-30"},{"lineNumber":24,"author":{"gitId":"APZH"},"content":"        String[] inputTokens \u003d input.split(\" \");","lastModifiedDate":"2021-08-30"},{"lineNumber":25,"author":{"gitId":"APZH"},"content":"        return inputTokens;","lastModifiedDate":"2021-08-30"},{"lineNumber":26,"author":{"gitId":"APZH"},"content":"    }","lastModifiedDate":"2021-08-30"},{"lineNumber":27,"author":{"gitId":"APZH"},"content":"","lastModifiedDate":"2021-08-30"},{"lineNumber":28,"author":{"gitId":"APZH"},"content":"    public void startDuke() {","lastModifiedDate":"2021-08-21"},{"lineNumber":29,"author":{"gitId":"APZH"},"content":"        dukeUI.printWelcomeMsg();","lastModifiedDate":"2021-08-21"},{"lineNumber":30,"author":{"gitId":"APZH"},"content":"        String input;","lastModifiedDate":"2021-08-22"},{"lineNumber":31,"author":{"gitId":"APZH"},"content":"        boolean isRunning \u003d true;","lastModifiedDate":"2021-08-30"},{"lineNumber":32,"author":{"gitId":"APZH"},"content":"","lastModifiedDate":"2021-08-21"},{"lineNumber":33,"author":{"gitId":"APZH"},"content":"        do {","lastModifiedDate":"2021-08-22"},{"lineNumber":34,"author":{"gitId":"APZH"},"content":"            input \u003d readInput();","lastModifiedDate":"2021-08-30"},{"lineNumber":35,"author":{"gitId":"APZH"},"content":"            String[] inputTokens \u003d splitInput(input);","lastModifiedDate":"2021-08-30"},{"lineNumber":36,"author":{"gitId":"APZH"},"content":"","lastModifiedDate":"2021-08-22"},{"lineNumber":37,"author":{"gitId":"APZH"},"content":"            switch (inputTokens[0]) {","lastModifiedDate":"2021-08-30"},{"lineNumber":38,"author":{"gitId":"APZH"},"content":"            case \"bye\":","lastModifiedDate":"2021-08-30"},{"lineNumber":39,"author":{"gitId":"APZH"},"content":"                isRunning \u003d false;","lastModifiedDate":"2021-08-30"},{"lineNumber":40,"author":{"gitId":"APZH"},"content":"                break;","lastModifiedDate":"2021-08-22"},{"lineNumber":41,"author":{"gitId":"APZH"},"content":"            case \"list\":","lastModifiedDate":"2021-08-30"},{"lineNumber":42,"author":{"gitId":"APZH"},"content":"                taskMgr.printTasks();","lastModifiedDate":"2021-08-22"},{"lineNumber":43,"author":{"gitId":"APZH"},"content":"                break;","lastModifiedDate":"2021-08-30"},{"lineNumber":44,"author":{"gitId":"APZH"},"content":"            case \"done\":","lastModifiedDate":"2021-08-30"},{"lineNumber":45,"author":{"gitId":"APZH"},"content":"                int taskID \u003d Integer.parseInt(inputTokens[1]);","lastModifiedDate":"2021-08-30"},{"lineNumber":46,"author":{"gitId":"APZH"},"content":"                taskMgr.setTaskComplete(taskID);","lastModifiedDate":"2021-08-22"},{"lineNumber":47,"author":{"gitId":"APZH"},"content":"                break;","lastModifiedDate":"2021-08-30"},{"lineNumber":48,"author":{"gitId":"APZH"},"content":"            case \"help\":","lastModifiedDate":"2021-08-30"},{"lineNumber":49,"author":{"gitId":"APZH"},"content":"                dukeUI.printHelpMsg();","lastModifiedDate":"2021-08-30"},{"lineNumber":50,"author":{"gitId":"APZH"},"content":"                break;","lastModifiedDate":"2021-08-30"},{"lineNumber":51,"author":{"gitId":"APZH"},"content":"            case \"todo\":","lastModifiedDate":"2021-08-30"},{"lineNumber":52,"author":{"gitId":"APZH"},"content":"            case \"deadline\":","lastModifiedDate":"2021-08-30"},{"lineNumber":53,"author":{"gitId":"APZH"},"content":"            case \"event\":","lastModifiedDate":"2021-08-30"},{"lineNumber":54,"author":{"gitId":"APZH"},"content":"                taskMgr.addTask(inputTokens);","lastModifiedDate":"2021-08-30"},{"lineNumber":55,"author":{"gitId":"APZH"},"content":"                break;","lastModifiedDate":"2021-08-30"},{"lineNumber":56,"author":{"gitId":"APZH"},"content":"            default:","lastModifiedDate":"2021-08-30"},{"lineNumber":57,"author":{"gitId":"APZH"},"content":"                dukeUI.printErrorMsg();","lastModifiedDate":"2021-08-30"},{"lineNumber":58,"author":{"gitId":"APZH"},"content":"                break;","lastModifiedDate":"2021-08-30"},{"lineNumber":59,"author":{"gitId":"APZH"},"content":"            }","lastModifiedDate":"2021-08-22"},{"lineNumber":60,"author":{"gitId":"APZH"},"content":"        } while (isRunning);","lastModifiedDate":"2021-08-30"},{"lineNumber":61,"author":{"gitId":"APZH"},"content":"        dukeUI.printExitMsg();","lastModifiedDate":"2021-08-21"},{"lineNumber":62,"author":{"gitId":"APZH"},"content":"    }","lastModifiedDate":"2021-08-17"},{"lineNumber":63,"author":{"gitId":"APZH"},"content":"","lastModifiedDate":"2021-08-17"},{"lineNumber":64,"author":{"gitId":"-"},"content":"    public static void main(String[] args) {","lastModifiedDate":"2021-08-17"},{"lineNumber":65,"author":{"gitId":"APZH"},"content":"        Duke myObject \u003d new Duke();","lastModifiedDate":"2021-08-17"},{"lineNumber":66,"author":{"gitId":"APZH"},"content":"        myObject.startDuke();","lastModifiedDate":"2021-08-22"},{"lineNumber":67,"author":{"gitId":"-"},"content":"    }","lastModifiedDate":"2019-07-29"},{"lineNumber":68,"author":{"gitId":"APZH"},"content":"","lastModifiedDate":"2021-08-30"},{"lineNumber":69,"author":{"gitId":"-"},"content":"}","lastModifiedDate":"2019-07-29"}],"authorContributionMap":{"APZH":65,"-":4}},{"path":"src/main/java/DukeInterface.java","fileType":"java","lines":[{"lineNumber":1,"author":{"gitId":"APZH"},"content":"public class DukeInterface {","lastModifiedDate":"2021-08-21"},{"lineNumber":2,"author":{"gitId":"APZH"},"content":"","lastModifiedDate":"2021-08-21"},{"lineNumber":3,"author":{"gitId":"APZH"},"content":"    private final String LOGO \u003d \"+++++++++++++++++++++++++++++++++++++++++++++\\n\"","lastModifiedDate":"2021-08-22"},{"lineNumber":4,"author":{"gitId":"APZH"},"content":"            + \"  __         __\\n\"","lastModifiedDate":"2021-08-21"},{"lineNumber":5,"author":{"gitId":"APZH"},"content":"            + \" /  \\\\.-\\\"\\\"\\\"-./  \\\\     ____        _        \\n\"","lastModifiedDate":"2021-08-21"},{"lineNumber":6,"author":{"gitId":"APZH"},"content":"            + \" \\\\    -   -    /    |  _ \\\\ _   _| | _____ \\n\"","lastModifiedDate":"2021-08-21"},{"lineNumber":7,"author":{"gitId":"APZH"},"content":"            + \"  |   o   o   |     | | | | | | | |/ / _ \\\\\\n\"","lastModifiedDate":"2021-08-21"},{"lineNumber":8,"author":{"gitId":"APZH"},"content":"            + \"  \\\\  .-\u0027\u0027\u0027-.  /     | |_| | |_| |   \u003c  __/\\n\"","lastModifiedDate":"2021-08-21"},{"lineNumber":9,"author":{"gitId":"APZH"},"content":"            + \"   \u0027-\\\\__Y__/-\u0027      |____/ \\\\__,_|_|\\\\_\\\\___|\\n\"","lastModifiedDate":"2021-08-21"},{"lineNumber":10,"author":{"gitId":"APZH"},"content":"            + \"      `---`\\n\"","lastModifiedDate":"2021-08-21"},{"lineNumber":11,"author":{"gitId":"APZH"},"content":"            + \"[A NUS CS2113T Project by: Peh Zhenhao, Amos]\\n\"","lastModifiedDate":"2021-08-22"},{"lineNumber":12,"author":{"gitId":"APZH"},"content":"            + \"+++++++++++++++++++++++++++++++++++++++++++++\";","lastModifiedDate":"2021-08-30"},{"lineNumber":13,"author":{"gitId":"APZH"},"content":"","lastModifiedDate":"2021-08-21"},{"lineNumber":14,"author":{"gitId":"APZH"},"content":"    private final String WELCOME_MSG \u003d \"\u003d\u003e Hello! I\u0027m Duke \\uD83D\\uDC3B\\n\"","lastModifiedDate":"2021-08-30"},{"lineNumber":15,"author":{"gitId":"APZH"},"content":"            + \"\u003d\u003e I\u0027m so hungry, would you mind feeding me tasks?\\n\";","lastModifiedDate":"2021-08-30"},{"lineNumber":16,"author":{"gitId":"APZH"},"content":"","lastModifiedDate":"2021-08-21"},{"lineNumber":17,"author":{"gitId":"APZH"},"content":"    private final String EXIT_MSG \u003d \"\u003d\u003e Come back soon, I\u0027m still hungry \\uD83D\\uDE0B\";","lastModifiedDate":"2021-08-30"},{"lineNumber":18,"author":{"gitId":"APZH"},"content":"","lastModifiedDate":"2021-08-22"},{"lineNumber":19,"author":{"gitId":"APZH"},"content":"    private final String ERROR_MSG \u003d \"Yikes, your input is invalid! (refer to \u0027help\u0027 command)\";","lastModifiedDate":"2021-08-30"},{"lineNumber":20,"author":{"gitId":"APZH"},"content":"","lastModifiedDate":"2021-08-21"},{"lineNumber":21,"author":{"gitId":"APZH"},"content":"    private final String HELP_MSG \u003d \"Types of Commands Available [\\uD83D\\uDCAC]:\\n\"","lastModifiedDate":"2021-08-30"},{"lineNumber":22,"author":{"gitId":"APZH"},"content":"            + \"1. Print Tasklist   -\u003e list \\n\"","lastModifiedDate":"2021-08-30"},{"lineNumber":23,"author":{"gitId":"APZH"},"content":"            + \"2. Add Todos        -\u003e {todo \u003ctask description\u003e}\\n\"","lastModifiedDate":"2021-08-30"},{"lineNumber":24,"author":{"gitId":"APZH"},"content":"            + \"3. Add Deadlines    -\u003e {deadline \u003ctask description\u003e /by \u003ctask date\u0026time\u003e}\\n\"","lastModifiedDate":"2021-08-30"},{"lineNumber":25,"author":{"gitId":"APZH"},"content":"            + \"4. Add Events       -\u003e {event \u003ctask description\u003e /by \u003ctask date\u0026time\u003e}\\n\"","lastModifiedDate":"2021-08-30"},{"lineNumber":26,"author":{"gitId":"APZH"},"content":"            + \"5. Set Task as Done -\u003e {done \u003ctask ID\u003e}\";","lastModifiedDate":"2021-08-30"},{"lineNumber":27,"author":{"gitId":"APZH"},"content":"","lastModifiedDate":"2021-08-21"},{"lineNumber":28,"author":{"gitId":"APZH"},"content":"    public void printUserName() {","lastModifiedDate":"2021-08-22"},{"lineNumber":29,"author":{"gitId":"APZH"},"content":"        System.out.println(\"\\n[You]:\");","lastModifiedDate":"2021-08-21"},{"lineNumber":30,"author":{"gitId":"APZH"},"content":"    }","lastModifiedDate":"2021-08-21"},{"lineNumber":31,"author":{"gitId":"APZH"},"content":"","lastModifiedDate":"2021-08-21"},{"lineNumber":32,"author":{"gitId":"APZH"},"content":"    public void printDukeName() {","lastModifiedDate":"2021-08-22"},{"lineNumber":33,"author":{"gitId":"APZH"},"content":"        System.out.println(\"\\n[Duke]:\");","lastModifiedDate":"2021-08-22"},{"lineNumber":34,"author":{"gitId":"APZH"},"content":"    }","lastModifiedDate":"2021-08-22"},{"lineNumber":35,"author":{"gitId":"APZH"},"content":"","lastModifiedDate":"2021-08-22"},{"lineNumber":36,"author":{"gitId":"APZH"},"content":"    public void printCursor() {","lastModifiedDate":"2021-08-30"},{"lineNumber":37,"author":{"gitId":"APZH"},"content":"        System.out.print(\"\u003d\u003e \");","lastModifiedDate":"2021-08-30"},{"lineNumber":38,"author":{"gitId":"APZH"},"content":"    }","lastModifiedDate":"2021-08-22"},{"lineNumber":39,"author":{"gitId":"APZH"},"content":"","lastModifiedDate":"2021-08-22"},{"lineNumber":40,"author":{"gitId":"APZH"},"content":"    public void printMsgWithCursor(String message) {","lastModifiedDate":"2021-08-30"},{"lineNumber":41,"author":{"gitId":"APZH"},"content":"        System.out.print(\"\u003d\u003e \" + message + \"\\n\");","lastModifiedDate":"2021-08-30"},{"lineNumber":42,"author":{"gitId":"APZH"},"content":"    }","lastModifiedDate":"2021-08-22"},{"lineNumber":43,"author":{"gitId":"APZH"},"content":"","lastModifiedDate":"2021-08-22"},{"lineNumber":44,"author":{"gitId":"APZH"},"content":"    public void printWelcomeMsg() {","lastModifiedDate":"2021-08-30"},{"lineNumber":45,"author":{"gitId":"APZH"},"content":"        System.out.println(LOGO);","lastModifiedDate":"2021-08-30"},{"lineNumber":46,"author":{"gitId":"APZH"},"content":"        printDukeName();","lastModifiedDate":"2021-08-30"},{"lineNumber":47,"author":{"gitId":"APZH"},"content":"        System.out.println(WELCOME_MSG);","lastModifiedDate":"2021-08-30"},{"lineNumber":48,"author":{"gitId":"APZH"},"content":"    }","lastModifiedDate":"2021-08-22"},{"lineNumber":49,"author":{"gitId":"APZH"},"content":"","lastModifiedDate":"2021-08-22"},{"lineNumber":50,"author":{"gitId":"APZH"},"content":"    public void printExitMsg() {","lastModifiedDate":"2021-08-30"},{"lineNumber":51,"author":{"gitId":"APZH"},"content":"        printDukeName();","lastModifiedDate":"2021-08-30"},{"lineNumber":52,"author":{"gitId":"APZH"},"content":"        System.out.println(EXIT_MSG);","lastModifiedDate":"2021-08-30"},{"lineNumber":53,"author":{"gitId":"APZH"},"content":"    }","lastModifiedDate":"2021-08-22"},{"lineNumber":54,"author":{"gitId":"APZH"},"content":"","lastModifiedDate":"2021-08-22"},{"lineNumber":55,"author":{"gitId":"APZH"},"content":"    public void printHelpMsg() {","lastModifiedDate":"2021-08-30"},{"lineNumber":56,"author":{"gitId":"APZH"},"content":"        printDukeName();","lastModifiedDate":"2021-08-30"},{"lineNumber":57,"author":{"gitId":"APZH"},"content":"        System.out.println(HELP_MSG);","lastModifiedDate":"2021-08-30"},{"lineNumber":58,"author":{"gitId":"APZH"},"content":"    }","lastModifiedDate":"2021-08-22"},{"lineNumber":59,"author":{"gitId":"APZH"},"content":"","lastModifiedDate":"2021-08-22"},{"lineNumber":60,"author":{"gitId":"APZH"},"content":"    public void printErrorMsg() {","lastModifiedDate":"2021-08-30"},{"lineNumber":61,"author":{"gitId":"APZH"},"content":"        printDukeName();","lastModifiedDate":"2021-08-30"},{"lineNumber":62,"author":{"gitId":"APZH"},"content":"        System.out.println(\"\u003d\u003e \" + ERROR_MSG);","lastModifiedDate":"2021-08-30"},{"lineNumber":63,"author":{"gitId":"APZH"},"content":"    }","lastModifiedDate":"2021-08-30"},{"lineNumber":64,"author":{"gitId":"APZH"},"content":"","lastModifiedDate":"2021-08-30"},{"lineNumber":65,"author":{"gitId":"APZH"},"content":"    public void printWithPadding(String message) {","lastModifiedDate":"2021-08-30"},{"lineNumber":66,"author":{"gitId":"APZH"},"content":"        System.out.println(\"   \u003c\" + message + \"\u003e\");","lastModifiedDate":"2021-08-30"},{"lineNumber":67,"author":{"gitId":"APZH"},"content":"    }","lastModifiedDate":"2021-08-30"},{"lineNumber":68,"author":{"gitId":"APZH"},"content":"","lastModifiedDate":"2021-08-22"},{"lineNumber":69,"author":{"gitId":"APZH"},"content":"}","lastModifiedDate":"2021-08-21"}],"authorContributionMap":{"APZH":69}},{"path":"src/main/java/Event.java","fileType":"java","lines":[{"lineNumber":1,"author":{"gitId":"APZH"},"content":"public class Event extends Task{","lastModifiedDate":"2021-08-30"},{"lineNumber":2,"author":{"gitId":"APZH"},"content":"","lastModifiedDate":"2021-08-30"},{"lineNumber":3,"author":{"gitId":"APZH"},"content":"    protected String at;","lastModifiedDate":"2021-08-30"},{"lineNumber":4,"author":{"gitId":"APZH"},"content":"","lastModifiedDate":"2021-08-30"},{"lineNumber":5,"author":{"gitId":"APZH"},"content":"    public Event(String description, String at) {","lastModifiedDate":"2021-08-30"},{"lineNumber":6,"author":{"gitId":"APZH"},"content":"        super(description);","lastModifiedDate":"2021-08-30"},{"lineNumber":7,"author":{"gitId":"APZH"},"content":"        this.at \u003d at;","lastModifiedDate":"2021-08-30"},{"lineNumber":8,"author":{"gitId":"APZH"},"content":"    }","lastModifiedDate":"2021-08-30"},{"lineNumber":9,"author":{"gitId":"APZH"},"content":"","lastModifiedDate":"2021-08-30"},{"lineNumber":10,"author":{"gitId":"APZH"},"content":"    @Override","lastModifiedDate":"2021-08-30"},{"lineNumber":11,"author":{"gitId":"APZH"},"content":"    public String getTaskDescription() {","lastModifiedDate":"2021-08-30"},{"lineNumber":12,"author":{"gitId":"APZH"},"content":"        return \"[E]\" + super.getTaskDescription() + \" (at: \" + at + \")\";","lastModifiedDate":"2021-08-30"},{"lineNumber":13,"author":{"gitId":"APZH"},"content":"    }","lastModifiedDate":"2021-08-30"},{"lineNumber":14,"author":{"gitId":"APZH"},"content":"","lastModifiedDate":"2021-08-30"},{"lineNumber":15,"author":{"gitId":"APZH"},"content":"}","lastModifiedDate":"2021-08-30"}],"authorContributionMap":{"APZH":15}},{"path":"src/main/java/Task.java","fileType":"java","lines":[{"lineNumber":1,"author":{"gitId":"APZH"},"content":"public class Task {","lastModifiedDate":"2021-08-22"},{"lineNumber":2,"author":{"gitId":"APZH"},"content":"","lastModifiedDate":"2021-08-30"},{"lineNumber":3,"author":{"gitId":"APZH"},"content":"    protected String description;","lastModifiedDate":"2021-08-22"},{"lineNumber":4,"author":{"gitId":"APZH"},"content":"    protected boolean isDone;","lastModifiedDate":"2021-08-22"},{"lineNumber":5,"author":{"gitId":"APZH"},"content":"","lastModifiedDate":"2021-08-22"},{"lineNumber":6,"author":{"gitId":"APZH"},"content":"    public Task(String description) {","lastModifiedDate":"2021-08-22"},{"lineNumber":7,"author":{"gitId":"APZH"},"content":"        this.description \u003d description;","lastModifiedDate":"2021-08-22"},{"lineNumber":8,"author":{"gitId":"APZH"},"content":"        this.isDone \u003d false;","lastModifiedDate":"2021-08-22"},{"lineNumber":9,"author":{"gitId":"APZH"},"content":"    }","lastModifiedDate":"2021-08-22"},{"lineNumber":10,"author":{"gitId":"APZH"},"content":"","lastModifiedDate":"2021-08-22"},{"lineNumber":11,"author":{"gitId":"APZH"},"content":"    public String getTaskDescription() {","lastModifiedDate":"2021-08-22"},{"lineNumber":12,"author":{"gitId":"APZH"},"content":"        return \"[\" + getStatusIcon() + \"] \" + this.description;","lastModifiedDate":"2021-08-30"},{"lineNumber":13,"author":{"gitId":"APZH"},"content":"    }","lastModifiedDate":"2021-08-22"},{"lineNumber":14,"author":{"gitId":"APZH"},"content":"","lastModifiedDate":"2021-08-22"},{"lineNumber":15,"author":{"gitId":"APZH"},"content":"    public String getStatusIcon() {","lastModifiedDate":"2021-08-22"},{"lineNumber":16,"author":{"gitId":"APZH"},"content":"        if (isDone) {","lastModifiedDate":"2021-08-22"},{"lineNumber":17,"author":{"gitId":"APZH"},"content":"            return \"X\";","lastModifiedDate":"2021-08-22"},{"lineNumber":18,"author":{"gitId":"APZH"},"content":"        } else {","lastModifiedDate":"2021-08-22"},{"lineNumber":19,"author":{"gitId":"APZH"},"content":"            return \" \";","lastModifiedDate":"2021-08-22"},{"lineNumber":20,"author":{"gitId":"APZH"},"content":"        }","lastModifiedDate":"2021-08-22"},{"lineNumber":21,"author":{"gitId":"APZH"},"content":"    }","lastModifiedDate":"2021-08-22"},{"lineNumber":22,"author":{"gitId":"APZH"},"content":"","lastModifiedDate":"2021-08-22"},{"lineNumber":23,"author":{"gitId":"APZH"},"content":"}","lastModifiedDate":"2021-08-22"}],"authorContributionMap":{"APZH":23}},{"path":"src/main/java/TaskManager.java","fileType":"java","lines":[{"lineNumber":1,"author":{"gitId":"APZH"},"content":"import java.util.ArrayList;","lastModifiedDate":"2021-08-22"},{"lineNumber":2,"author":{"gitId":"APZH"},"content":"","lastModifiedDate":"2021-08-22"},{"lineNumber":3,"author":{"gitId":"APZH"},"content":"public class TaskManager {","lastModifiedDate":"2021-08-22"},{"lineNumber":4,"author":{"gitId":"APZH"},"content":"","lastModifiedDate":"2021-08-30"},{"lineNumber":5,"author":{"gitId":"APZH"},"content":"    protected ArrayList\u003cTask\u003e tasks;","lastModifiedDate":"2021-08-22"},{"lineNumber":6,"author":{"gitId":"APZH"},"content":"    protected DukeInterface dukeUI;","lastModifiedDate":"2021-08-22"},{"lineNumber":7,"author":{"gitId":"APZH"},"content":"    private int numTasks;","lastModifiedDate":"2021-08-30"},{"lineNumber":8,"author":{"gitId":"APZH"},"content":"    private int numComplete;","lastModifiedDate":"2021-08-30"},{"lineNumber":9,"author":{"gitId":"APZH"},"content":"","lastModifiedDate":"2021-08-22"},{"lineNumber":10,"author":{"gitId":"APZH"},"content":"    private final String ADD_TASK_VALID_MSG \u003d \"Chomp-chomp! I\u0027ve added this new task [\\uD83D\\uDCDD]:\";","lastModifiedDate":"2021-08-30"},{"lineNumber":11,"author":{"gitId":"APZH"},"content":"    private final String SET_TASK_COMPLETE_VALID_MSG \u003d \"Burrrp! I\u0027ve marked this task as done [\\u2705]:\";","lastModifiedDate":"2021-08-30"},{"lineNumber":12,"author":{"gitId":"APZH"},"content":"    private final String SET_TASK_COMPLETE_INVALID_MSG \u003d \"Hold up! This task is already marked done [\\u2705]:\";","lastModifiedDate":"2021-08-30"},{"lineNumber":13,"author":{"gitId":"APZH"},"content":"    private final String PRINT_TASK_VALID_MSG \u003d \"Ahh! Here are the tasks in your list [\\uD83D\\uDCC5]:\";","lastModifiedDate":"2021-08-30"},{"lineNumber":14,"author":{"gitId":"APZH"},"content":"    private final String PRINT_TASK_INVALID_MSG \u003d \"Sorry, but there are currently no tasks added!\";","lastModifiedDate":"2021-08-30"},{"lineNumber":15,"author":{"gitId":"APZH"},"content":"    private final String GENERIC_PROMPT_MSG \u003d \"You may choose to add/complete another task.\";","lastModifiedDate":"2021-08-30"},{"lineNumber":16,"author":{"gitId":"APZH"},"content":"","lastModifiedDate":"2021-08-22"},{"lineNumber":17,"author":{"gitId":"APZH"},"content":"    public TaskManager() {","lastModifiedDate":"2021-08-22"},{"lineNumber":18,"author":{"gitId":"APZH"},"content":"        tasks \u003d new ArrayList\u003cTask\u003e();","lastModifiedDate":"2021-08-22"},{"lineNumber":19,"author":{"gitId":"APZH"},"content":"        dukeUI \u003d new DukeInterface();","lastModifiedDate":"2021-08-22"},{"lineNumber":20,"author":{"gitId":"APZH"},"content":"        numTasks \u003d 0;","lastModifiedDate":"2021-08-30"},{"lineNumber":21,"author":{"gitId":"APZH"},"content":"        numComplete \u003d 0;","lastModifiedDate":"2021-08-30"},{"lineNumber":22,"author":{"gitId":"APZH"},"content":"    }","lastModifiedDate":"2021-08-30"},{"lineNumber":23,"author":{"gitId":"APZH"},"content":"","lastModifiedDate":"2021-08-30"},{"lineNumber":24,"author":{"gitId":"APZH"},"content":"    public void addTask(String[] taskInfo) {","lastModifiedDate":"2021-08-30"},{"lineNumber":25,"author":{"gitId":"APZH"},"content":"        Task newTask;","lastModifiedDate":"2021-08-30"},{"lineNumber":26,"author":{"gitId":"APZH"},"content":"        String taskType \u003d taskInfo[0];","lastModifiedDate":"2021-08-30"},{"lineNumber":27,"author":{"gitId":"APZH"},"content":"        String taskDescription \u003d \"\";","lastModifiedDate":"2021-08-30"},{"lineNumber":28,"author":{"gitId":"APZH"},"content":"        String taskDateField \u003d \"\";","lastModifiedDate":"2021-08-30"},{"lineNumber":29,"author":{"gitId":"APZH"},"content":"","lastModifiedDate":"2021-08-30"},{"lineNumber":30,"author":{"gitId":"APZH"},"content":"        switch (taskType) {","lastModifiedDate":"2021-08-30"},{"lineNumber":31,"author":{"gitId":"APZH"},"content":"        case \"todo\":","lastModifiedDate":"2021-08-30"},{"lineNumber":32,"author":{"gitId":"APZH"},"content":"            for (int i \u003d 1; i \u003c taskInfo.length; i++) {","lastModifiedDate":"2021-08-30"},{"lineNumber":33,"author":{"gitId":"APZH"},"content":"                taskDescription +\u003d taskInfo[i] + \" \";","lastModifiedDate":"2021-08-30"},{"lineNumber":34,"author":{"gitId":"APZH"},"content":"            }","lastModifiedDate":"2021-08-30"},{"lineNumber":35,"author":{"gitId":"APZH"},"content":"","lastModifiedDate":"2021-08-30"},{"lineNumber":36,"author":{"gitId":"APZH"},"content":"            taskDescription \u003d taskDescription.trim();","lastModifiedDate":"2021-08-30"},{"lineNumber":37,"author":{"gitId":"APZH"},"content":"            newTask \u003d new ToDo(taskDescription);","lastModifiedDate":"2021-08-30"},{"lineNumber":38,"author":{"gitId":"APZH"},"content":"            this.tasks.add(newTask);","lastModifiedDate":"2021-08-30"},{"lineNumber":39,"author":{"gitId":"APZH"},"content":"            break;","lastModifiedDate":"2021-08-30"},{"lineNumber":40,"author":{"gitId":"APZH"},"content":"","lastModifiedDate":"2021-08-30"},{"lineNumber":41,"author":{"gitId":"APZH"},"content":"        case \"deadline\":","lastModifiedDate":"2021-08-30"},{"lineNumber":42,"author":{"gitId":"APZH"},"content":"            int i \u003d 1;","lastModifiedDate":"2021-08-30"},{"lineNumber":43,"author":{"gitId":"APZH"},"content":"            for (; i \u003c taskInfo.length; i++) {","lastModifiedDate":"2021-08-30"},{"lineNumber":44,"author":{"gitId":"APZH"},"content":"                if (taskInfo[i].equals(\"/by\")) {","lastModifiedDate":"2021-08-30"},{"lineNumber":45,"author":{"gitId":"APZH"},"content":"                    break;","lastModifiedDate":"2021-08-30"},{"lineNumber":46,"author":{"gitId":"APZH"},"content":"                }","lastModifiedDate":"2021-08-30"},{"lineNumber":47,"author":{"gitId":"APZH"},"content":"                taskDescription +\u003d taskInfo[i] + \" \";","lastModifiedDate":"2021-08-30"},{"lineNumber":48,"author":{"gitId":"APZH"},"content":"            }","lastModifiedDate":"2021-08-30"},{"lineNumber":49,"author":{"gitId":"APZH"},"content":"","lastModifiedDate":"2021-08-30"},{"lineNumber":50,"author":{"gitId":"APZH"},"content":"            for (i \u003d i + 1; i \u003c taskInfo.length; i++) {","lastModifiedDate":"2021-08-30"},{"lineNumber":51,"author":{"gitId":"APZH"},"content":"                taskDateField +\u003d taskInfo[i] + \" \";","lastModifiedDate":"2021-08-30"},{"lineNumber":52,"author":{"gitId":"APZH"},"content":"            }","lastModifiedDate":"2021-08-30"},{"lineNumber":53,"author":{"gitId":"APZH"},"content":"","lastModifiedDate":"2021-08-30"},{"lineNumber":54,"author":{"gitId":"APZH"},"content":"            taskDescription \u003d taskDescription.trim();","lastModifiedDate":"2021-08-30"},{"lineNumber":55,"author":{"gitId":"APZH"},"content":"            taskDateField \u003d taskDateField.trim();","lastModifiedDate":"2021-08-30"},{"lineNumber":56,"author":{"gitId":"APZH"},"content":"","lastModifiedDate":"2021-08-30"},{"lineNumber":57,"author":{"gitId":"APZH"},"content":"            newTask \u003d new Deadline(taskDescription, taskDateField);","lastModifiedDate":"2021-08-30"},{"lineNumber":58,"author":{"gitId":"APZH"},"content":"            this.tasks.add(newTask);","lastModifiedDate":"2021-08-30"},{"lineNumber":59,"author":{"gitId":"APZH"},"content":"            break;","lastModifiedDate":"2021-08-30"},{"lineNumber":60,"author":{"gitId":"APZH"},"content":"","lastModifiedDate":"2021-08-30"},{"lineNumber":61,"author":{"gitId":"APZH"},"content":"        case \"event\":","lastModifiedDate":"2021-08-30"},{"lineNumber":62,"author":{"gitId":"APZH"},"content":"            int j \u003d 1;","lastModifiedDate":"2021-08-30"},{"lineNumber":63,"author":{"gitId":"APZH"},"content":"            for (; j \u003c taskInfo.length; j++) {","lastModifiedDate":"2021-08-30"},{"lineNumber":64,"author":{"gitId":"APZH"},"content":"                if (taskInfo[j].equals(\"/at\")) {","lastModifiedDate":"2021-08-30"},{"lineNumber":65,"author":{"gitId":"APZH"},"content":"                    break;","lastModifiedDate":"2021-08-30"},{"lineNumber":66,"author":{"gitId":"APZH"},"content":"                }","lastModifiedDate":"2021-08-30"},{"lineNumber":67,"author":{"gitId":"APZH"},"content":"                taskDescription +\u003d taskInfo[j] + \" \";","lastModifiedDate":"2021-08-30"},{"lineNumber":68,"author":{"gitId":"APZH"},"content":"            }","lastModifiedDate":"2021-08-30"},{"lineNumber":69,"author":{"gitId":"APZH"},"content":"","lastModifiedDate":"2021-08-30"},{"lineNumber":70,"author":{"gitId":"APZH"},"content":"            for (j \u003d j + 1; j \u003c taskInfo.length; j++) {","lastModifiedDate":"2021-08-30"},{"lineNumber":71,"author":{"gitId":"APZH"},"content":"                taskDateField +\u003d taskInfo[j] + \" \";","lastModifiedDate":"2021-08-30"},{"lineNumber":72,"author":{"gitId":"APZH"},"content":"            }","lastModifiedDate":"2021-08-30"},{"lineNumber":73,"author":{"gitId":"APZH"},"content":"","lastModifiedDate":"2021-08-30"},{"lineNumber":74,"author":{"gitId":"APZH"},"content":"            taskDescription \u003d taskDescription.trim();","lastModifiedDate":"2021-08-30"},{"lineNumber":75,"author":{"gitId":"APZH"},"content":"            taskDateField \u003d taskDateField.trim();","lastModifiedDate":"2021-08-30"},{"lineNumber":76,"author":{"gitId":"APZH"},"content":"","lastModifiedDate":"2021-08-30"},{"lineNumber":77,"author":{"gitId":"APZH"},"content":"            newTask \u003d new Event(taskDescription, taskDateField);","lastModifiedDate":"2021-08-30"},{"lineNumber":78,"author":{"gitId":"APZH"},"content":"            this.tasks.add(newTask);","lastModifiedDate":"2021-08-30"},{"lineNumber":79,"author":{"gitId":"APZH"},"content":"            break;","lastModifiedDate":"2021-08-30"},{"lineNumber":80,"author":{"gitId":"APZH"},"content":"        }","lastModifiedDate":"2021-08-22"},{"lineNumber":81,"author":{"gitId":"APZH"},"content":"","lastModifiedDate":"2021-08-22"},{"lineNumber":82,"author":{"gitId":"APZH"},"content":"        dukeUI.printDukeName();","lastModifiedDate":"2021-08-22"},{"lineNumber":83,"author":{"gitId":"APZH"},"content":"        dukeUI.printMsgWithCursor(ADD_TASK_VALID_MSG);","lastModifiedDate":"2021-08-30"},{"lineNumber":84,"author":{"gitId":"APZH"},"content":"        dukeUI.printWithPadding(tasks.get(numTasks).getTaskDescription());","lastModifiedDate":"2021-08-30"},{"lineNumber":85,"author":{"gitId":"APZH"},"content":"","lastModifiedDate":"2021-08-22"},{"lineNumber":86,"author":{"gitId":"APZH"},"content":"        numTasks++;","lastModifiedDate":"2021-08-30"},{"lineNumber":87,"author":{"gitId":"APZH"},"content":"","lastModifiedDate":"2021-08-22"},{"lineNumber":88,"author":{"gitId":"APZH"},"content":"        dukeUI.printMsgWithCursor(\"Now you have \" + numTasks + \" tasks in your list.\");","lastModifiedDate":"2021-08-30"},{"lineNumber":89,"author":{"gitId":"APZH"},"content":"    }","lastModifiedDate":"2021-08-22"},{"lineNumber":90,"author":{"gitId":"APZH"},"content":"","lastModifiedDate":"2021-08-22"},{"lineNumber":91,"author":{"gitId":"APZH"},"content":"    public void setTaskComplete(int taskID) {","lastModifiedDate":"2021-08-22"},{"lineNumber":92,"author":{"gitId":"APZH"},"content":"        taskID -\u003d 1;","lastModifiedDate":"2021-08-30"},{"lineNumber":93,"author":{"gitId":"APZH"},"content":"","lastModifiedDate":"2021-08-30"},{"lineNumber":94,"author":{"gitId":"APZH"},"content":"        dukeUI.printDukeName();","lastModifiedDate":"2021-08-22"},{"lineNumber":95,"author":{"gitId":"APZH"},"content":"","lastModifiedDate":"2021-08-22"},{"lineNumber":96,"author":{"gitId":"APZH"},"content":"        if (tasks.get(taskID).isDone) {","lastModifiedDate":"2021-08-30"},{"lineNumber":97,"author":{"gitId":"APZH"},"content":"","lastModifiedDate":"2021-08-30"},{"lineNumber":98,"author":{"gitId":"APZH"},"content":"            dukeUI.printMsgWithCursor(SET_TASK_COMPLETE_INVALID_MSG);","lastModifiedDate":"2021-08-30"},{"lineNumber":99,"author":{"gitId":"APZH"},"content":"            dukeUI.printWithPadding(tasks.get(taskID).getTaskDescription());","lastModifiedDate":"2021-08-30"},{"lineNumber":100,"author":{"gitId":"APZH"},"content":"            dukeUI.printMsgWithCursor(GENERIC_PROMPT_MSG);","lastModifiedDate":"2021-08-30"},{"lineNumber":101,"author":{"gitId":"APZH"},"content":"","lastModifiedDate":"2021-08-30"},{"lineNumber":102,"author":{"gitId":"APZH"},"content":"        } else {","lastModifiedDate":"2021-08-30"},{"lineNumber":103,"author":{"gitId":"APZH"},"content":"","lastModifiedDate":"2021-08-30"},{"lineNumber":104,"author":{"gitId":"APZH"},"content":"            tasks.get(taskID).isDone \u003d true;","lastModifiedDate":"2021-08-22"},{"lineNumber":105,"author":{"gitId":"APZH"},"content":"            numComplete +\u003d 1;","lastModifiedDate":"2021-08-30"},{"lineNumber":106,"author":{"gitId":"APZH"},"content":"","lastModifiedDate":"2021-08-22"},{"lineNumber":107,"author":{"gitId":"APZH"},"content":"            dukeUI.printMsgWithCursor(SET_TASK_COMPLETE_VALID_MSG);","lastModifiedDate":"2021-08-30"},{"lineNumber":108,"author":{"gitId":"APZH"},"content":"            dukeUI.printWithPadding(tasks.get(taskID).getTaskDescription());","lastModifiedDate":"2021-08-30"},{"lineNumber":109,"author":{"gitId":"APZH"},"content":"            dukeUI.printMsgWithCursor(\"You have done \" + numComplete + \"/\" + numTasks + \" tasks in your list.\");","lastModifiedDate":"2021-08-30"},{"lineNumber":110,"author":{"gitId":"APZH"},"content":"        }","lastModifiedDate":"2021-08-30"},{"lineNumber":111,"author":{"gitId":"APZH"},"content":"    }","lastModifiedDate":"2021-08-22"},{"lineNumber":112,"author":{"gitId":"APZH"},"content":"","lastModifiedDate":"2021-08-22"},{"lineNumber":113,"author":{"gitId":"APZH"},"content":"    public void printTasks() {","lastModifiedDate":"2021-08-22"},{"lineNumber":114,"author":{"gitId":"APZH"},"content":"        dukeUI.printDukeName();","lastModifiedDate":"2021-08-22"},{"lineNumber":115,"author":{"gitId":"APZH"},"content":"        if (numTasks \u003e 0) {","lastModifiedDate":"2021-08-30"},{"lineNumber":116,"author":{"gitId":"APZH"},"content":"            dukeUI.printMsgWithCursor(PRINT_TASK_VALID_MSG);","lastModifiedDate":"2021-08-30"},{"lineNumber":117,"author":{"gitId":"APZH"},"content":"            for (int taskID \u003d 0; taskID \u003c tasks.size(); taskID++) {","lastModifiedDate":"2021-08-30"},{"lineNumber":118,"author":{"gitId":"APZH"},"content":"                System.out.println(taskID + 1 + \".\" + tasks.get(taskID).getTaskDescription());","lastModifiedDate":"2021-08-30"},{"lineNumber":119,"author":{"gitId":"APZH"},"content":"            }","lastModifiedDate":"2021-08-22"},{"lineNumber":120,"author":{"gitId":"APZH"},"content":"        } else {","lastModifiedDate":"2021-08-30"},{"lineNumber":121,"author":{"gitId":"APZH"},"content":"            dukeUI.printMsgWithCursor(PRINT_TASK_INVALID_MSG);","lastModifiedDate":"2021-08-30"},{"lineNumber":122,"author":{"gitId":"APZH"},"content":"            dukeUI.printMsgWithCursor(GENERIC_PROMPT_MSG);","lastModifiedDate":"2021-08-30"},{"lineNumber":123,"author":{"gitId":"APZH"},"content":"        }","lastModifiedDate":"2021-08-22"},{"lineNumber":124,"author":{"gitId":"APZH"},"content":"    }","lastModifiedDate":"2021-08-22"},{"lineNumber":125,"author":{"gitId":"APZH"},"content":"","lastModifiedDate":"2021-08-30"},{"lineNumber":126,"author":{"gitId":"APZH"},"content":"}","lastModifiedDate":"2021-08-30"}],"authorContributionMap":{"APZH":126}},{"path":"src/main/java/ToDo.java","fileType":"java","lines":[{"lineNumber":1,"author":{"gitId":"APZH"},"content":"public class ToDo extends Task {","lastModifiedDate":"2021-08-30"},{"lineNumber":2,"author":{"gitId":"APZH"},"content":"","lastModifiedDate":"2021-08-30"},{"lineNumber":3,"author":{"gitId":"APZH"},"content":"    public ToDo(String description) {","lastModifiedDate":"2021-08-30"},{"lineNumber":4,"author":{"gitId":"APZH"},"content":"        super(description);","lastModifiedDate":"2021-08-30"},{"lineNumber":5,"author":{"gitId":"APZH"},"content":"    }","lastModifiedDate":"2021-08-30"},{"lineNumber":6,"author":{"gitId":"APZH"},"content":"","lastModifiedDate":"2021-08-30"},{"lineNumber":7,"author":{"gitId":"APZH"},"content":"    @Override","lastModifiedDate":"2021-08-30"},{"lineNumber":8,"author":{"gitId":"APZH"},"content":"    public String getTaskDescription() {","lastModifiedDate":"2021-08-30"},{"lineNumber":9,"author":{"gitId":"APZH"},"content":"        return \"[T]\" + super.getTaskDescription();","lastModifiedDate":"2021-08-30"},{"lineNumber":10,"author":{"gitId":"APZH"},"content":"    }","lastModifiedDate":"2021-08-30"},{"lineNumber":11,"author":{"gitId":"APZH"},"content":"","lastModifiedDate":"2021-08-30"},{"lineNumber":12,"author":{"gitId":"APZH"},"content":"}","lastModifiedDate":"2021-08-30"}],"authorContributionMap":{"APZH":12}},{"path":"text-ui-test/input.txt","fileType":"txt","lines":[{"lineNumber":1,"author":{"gitId":"APZH"},"content":"invalid command","lastModifiedDate":"2021-08-30"},{"lineNumber":2,"author":{"gitId":"APZH"},"content":"help","lastModifiedDate":"2021-08-30"},{"lineNumber":3,"author":{"gitId":"APZH"},"content":"list","lastModifiedDate":"2021-08-30"},{"lineNumber":4,"author":{"gitId":"APZH"},"content":"todo read book","lastModifiedDate":"2021-08-30"},{"lineNumber":5,"author":{"gitId":"APZH"},"content":"deadline return book /by June 6th","lastModifiedDate":"2021-08-30"},{"lineNumber":6,"author":{"gitId":"APZH"},"content":"event project meeting 1 /at Aug 6th 2-4pm","lastModifiedDate":"2021-08-30"},{"lineNumber":7,"author":{"gitId":"APZH"},"content":"list","lastModifiedDate":"2021-08-30"},{"lineNumber":8,"author":{"gitId":"APZH"},"content":"done 1","lastModifiedDate":"2021-08-30"},{"lineNumber":9,"author":{"gitId":"APZH"},"content":"list","lastModifiedDate":"2021-08-30"},{"lineNumber":10,"author":{"gitId":"APZH"},"content":"done 3","lastModifiedDate":"2021-08-30"},{"lineNumber":11,"author":{"gitId":"APZH"},"content":"list","lastModifiedDate":"2021-08-30"},{"lineNumber":12,"author":{"gitId":"APZH"},"content":"done 2","lastModifiedDate":"2021-08-30"},{"lineNumber":13,"author":{"gitId":"APZH"},"content":"list","lastModifiedDate":"2021-08-30"},{"lineNumber":14,"author":{"gitId":"APZH"},"content":"done 1","lastModifiedDate":"2021-08-30"},{"lineNumber":15,"author":{"gitId":"APZH"},"content":"list","lastModifiedDate":"2021-08-30"},{"lineNumber":16,"author":{"gitId":"APZH"},"content":"bye","lastModifiedDate":"2021-08-30"},{"lineNumber":17,"author":{"gitId":"APZH"},"content":"","lastModifiedDate":"2021-08-30"},{"lineNumber":18,"author":{"gitId":"APZH"},"content":"","lastModifiedDate":"2021-08-30"}],"authorContributionMap":{"APZH":18}}]
