{"authorDailyContributionsMap":{"APZH":[{"date":"2021-08-13","commitResults":[{"hash":"5504ab05cc8d88b87eb9aa93b3b8da8def2464fc","messageTitle":"Implement Level 0. Greet: - Add introductory message - Add exit message","messageBody":"","fileTypesAndContributionMap":{"java":{"insertions":12,"deletions":0}}}]},{"date":"2021-08-17","commitResults":[{"hash":"5f06155f38c4ec97db0190f1011159467be61972","messageTitle":"Update UI design + Add display UI method to \"Duke\" class","messageBody":"","fileTypesAndContributionMap":{"java":{"insertions":28,"deletions":14}}},{"hash":"140af8f5b8082d00028ca679a3651f789dd29647","messageTitle":"Revert \"Update UI design + Add display UI method to \"Duke\" class\"","messageBody":"This reverts commit 5f06155f38c4ec97db0190f1011159467be61972.\n","fileTypesAndContributionMap":{"java":{"insertions":14,"deletions":28}}},{"hash":"13e66d954f47bde72b2fdc0b0d93befbd7865666","messageTitle":"Update UI design + Add display UI method to \"Duke\" class","messageBody":"","fileTypesAndContributionMap":{"java":{"insertions":26,"deletions":14}}}]},{"date":"2021-08-21","commitResults":[{"hash":"5f01a37c57c2bb1dfdd1930d0d9fd0f256865dbb","messageTitle":"Create class \"DukeInterface\" to handle UI","messageBody":"","fileTypesAndContributionMap":{"java":{"insertions":35,"deletions":22}}},{"hash":"d103ad069cc21bfd527e00065157d497c2f791b4","messageTitle":"Implement Level 1. Greet, Echo, Exit","messageBody":"DukeInterface.java:\n- Add scanner object to read user input\n- Add method \"readInput\" to read user input in command line\n- Add method \"echoInput\" to echo user input from \"readinput\" method\n\nDuke.java\n- Updated Duke.java to use do-while loop to allow for multiple user inputs in single program execution (invokes \"readInput\" method from DukeInterface.java)\n- Terminates Duke.java when user inputs \"bye\"\n","tags":["Level-1"],"fileTypesAndContributionMap":{"java":{"insertions":41,"deletions":4}}}]},{"date":"2021-08-22","commitResults":[{"hash":"cfc4926f6a08503b5a3f22a484dfcb97bc92af34","messageTitle":"Implement Level 2. Add, List","messageBody":"User can now add tasks to Duke + print all tasks added\n\nAdd Task.java class\n- To describe each Task as an object\n- Add method \"getTaskDescription\" to return Task description\n\nAdd TaskManager.java class\n- To manage multiple Task objects\n- Add method \"addTask\" to add on new Task object to Duke\u0027s Tasklist\n- Add method \"printTasks\" to print all added Task objects to Duke\u0027s Tasklist\n\nUpdate Duke.java\n- Add TaskManager object\n- Change do-while loop to while loop + modified loop condition\n\nGeneral Update\n- Polish user interface + Duke\u0027s personality\n","tags":["Level-2"],"fileTypesAndContributionMap":{"java":{"insertions":66,"deletions":22}}},{"hash":"224568d7122df669361cc657eb825658fdbbc5ba","messageTitle":"Implement Level 3. Mark as Done + Tweak code to comply with coding standards","messageBody":"Duke.java\n- Revert back to do-while loop for program execution\n- Use if-else instead of switch statement to process user command\n- Add additional if-else condition to check command contains \"done \" + invoke method \"setTaskComplete\" via TaskManager object\n\nDukeInterface.java\n- Modify various UI messages\n- Add more functions to print various UI formats (includes emojis)\n\nTask.java\n- Add \"getStatusIcon\" method to mark task as done\n\nTaskManager\n- Use DukeInterface customised print methods instead of System.out.println method to display text/messages\n- Tidy up code\n","tags":["Level-3","A-CodingStandard","A-Classes"],"fileTypesAndContributionMap":{"java":{"insertions":107,"deletions":38}}}]},{"date":"2021-08-30","commitResults":[{"hash":"8b20144b3b0c2107f5739240ef74294f2076cdf7","messageTitle":"Implement Level 4. ToDos, Events, Deadlines + Improve Code Abstraction + Clean-up UI + TextUiTesting","messageBody":"Duke.java\n- Tokenise user input instead of manipulating user input string directly\n- Revert back to switch instead of if-else to process user input\n- Moved readInput() method from DukeInterface.java to Duke.java (Abstraction Improvement)\n- Add ability to detect new command \u0027help\u0027 to print a list of all commands and its input format (print method located in DukeInterface.java)\n- Add a simple check to tell user if their input is invalid and does not adhere to the fixed input format required\n\nDukeInterface.java\n- Removed readInput() method (Abstraction Improvement)\n- Add new UI messages (HELP_MSG, ERROR_MSG) and their relevant print methods\n- Add new method printCursor() to print arrow when pending user input\n- Removed redundent print methods, such as \"printLoadingMsg()\" and \"printSystemMsg()\"\n- Tidy-up UI messages in general\n\nTask.java\n- Updated getTaskDescription() method to include the status icon as well when returning the String\n\nTaskManager.java (Main Bulk of Changes)\n- Update addTask() method to check type of task (todo, deadline or event) to create the respective objects + print number of tasks currently in tasklist after adding a task\n- Update printTasks() method to tell user if the list is empty\n- Update setTaskComplete() method to tell user if a certain task has already been set to complete/done + print how many \"tasks completed / total tasks\" after setting a task complete\n- Shorten all UI messages to neaten user experience + reformat how messages are displayed (in tandem with DukeInterface.java print methods)\n- Add new UI messages GENERFIC_PROMPT_MSG\n\nToDo.java\n- Newly added class that is a subclass of the class Task.java\n- Add override of the method getTaskDescription of superclass Task.java to include \"[T]\" in addition to printing the status icon and task description\n\nDeadline.java\n- Newly added class that is a subclass of the class Task.java\n- Add override of the method getTaskDescription of superclass Task.java to include \"[D]\" in addition to printing the status icon and task description and \"(by: \u003cdate/time\u003e)\"\n\nEvent.java\n- Newly added class that is a subclass of the class Task.java\n- Add override of the method getTaskDescription of superclass Task.java to include \"[E]\" in addition to printing the status icon and task description and \"(at: \u003cdate/time\u003e)\"\n\ninput.txt\n- Add user-input to test UI\n\nEXPECTED.TXT\n- Add expected output after executing commands in input.txt\n","tags":["Level-4","A-TextUiTesting","A-CodeQuality"],"fileTypesAndContributionMap":{"txt":{"insertions":18,"deletions":0},"java":{"insertions":216,"deletions":84}}}]},{"date":"2021-09-05","commitResults":[{"hash":"09379401ab6916cf17b794ebc2d3778e863b6398","messageTitle":"Edit user input processing method + Abstracted addTask() method into 3 methods to cater to each task type","messageBody":"Duke.java\n- Delete splitInput() method\n- Add String constants of each command type (used for switch statement case checking)\n- Modified logic of processing user input (No longer split user input into individual tokens)\n\nDukeInterface.java\n- Updated HELP_MSG string\n\nTaskManager.java\n- Create 3 new methods addToDo(), addDeadline(), addEvent()\n- Delete general addTask() method as it\u0027s functionality is represented in the 3 newly methods created above\n","fileTypesAndContributionMap":{"java":{"insertions":55,"deletions":74}}}]},{"date":"2021-09-06","commitResults":[{"hash":"8ae899922d7fdc4ee88a9070779bd8327a49f5ca","messageTitle":"Add exception handling for the following cases: - Invalid user input/command - Empty task description argument for todo/deadline/event command - Empty task id argument for done command","messageBody":"","fileTypesAndContributionMap":{"java":{"insertions":87,"deletions":34}}},{"hash":"c0157f9308daeb0c12b1692b34d0d632ea96343a","messageTitle":"Moved all constant strings from TaskManager.java to DukeInterface.java","messageBody":"- Created relevant methods to print all previous messages found in TaskManager.java in DukeInterface.java\n  - Purpose is to create better abstraction of DukeInterface.java class as the class handling all UI display messages\n","fileTypesAndContributionMap":{"java":{"insertions":55,"deletions":42}}},{"hash":"cfe12f6188811d9cd707e4aa34f78e85af983874","messageTitle":"Add exception handling \"done\" command (setTaskComplete() method)","messageBody":"- Create InvalidCommandException.java class to handle invalid commands\n- Create InvalidTaskIdException.java class to handle invalid task ids not found in tasklist\n- Handle other task id exceptions for \u0027\"done\" command such as ensuring it is an integer\n","fileTypesAndContributionMap":{"java":{"insertions":88,"deletions":37}}},{"hash":"c86c4e1720df3180d4b8de7b1b4d21367927187e","messageTitle":"Add user-defined exceptions and its exception classes + reorganised UI messages","messageBody":"Exception Classes added:\n- TodoFormatException: To check if user input satisfies todo command format\n- DeadlineFormatException: To check if user input satisfies deadline command format\n- EventFormatException: To check if user input satisfies event command format\n- DoneFormatException: To check if user input satisfies done command format\n- InvalidTaskIdException: To check if taskid input is within the range of the current tasklist\n- TaskAlreadyDoneException: To check if the task the user wants to complete has already been marked as done\n- EmptyTasklistException: To check if the tasklist is empty\n","fileTypesAndContributionMap":{"java":{"insertions":202,"deletions":160}}},{"hash":"a810f4f30e544ff3f1eb5f2d29f89b4bb92ba775","messageTitle":"Revert \"Add user-defined exceptions and its exception classes + reorganised UI messages\"","messageBody":"This reverts commit c86c4e1720df3180d4b8de7b1b4d21367927187e.\n","fileTypesAndContributionMap":{"java":{"insertions":160,"deletions":202}}},{"hash":"1fca3613d582654526fa4c58814ad98ff0194b61","messageTitle":"Add user-defined exceptions and its exception classes + reorganised UI messages (Recommit due to merge issue)","messageBody":"Exception Classes added:\n- TodoFormatException: To check if user input satisfies todo command format\n- DeadlineFormatException: To check if user input satisfies deadline command format\n- EventFormatException: To check if user input satisfies event command format\n- DoneFormatException: To check if user input satisfies done command format\n- InvalidTaskIdException: To check if taskid input is within the range of the current tasklist\n- TaskAlreadyDoneException: To check if the task the user wants to complete has already been marked as done\n- EmptyTasklistException: To check if the tasklist is empty\n","fileTypesAndContributionMap":{"java":{"insertions":202,"deletions":160}}},{"hash":"071c78f38315964be573f48aec05bc703ca077a8","messageTitle":"Create package \u0027duke\u0027 and move all current java files into it","messageBody":"","fileTypesAndContributionMap":{"java":{"insertions":30,"deletions":0}}},{"hash":"cee00b94045a7e6e50d7596bba56cb40362ff070","messageTitle":"Create child packages (exception, task, ui) in duke package and move relevant java classes to it\u0027s appropriate packages","messageBody":"","fileTypesAndContributionMap":{"java":{"insertions":36,"deletions":14}}}]},{"date":"2021-09-13","commitResults":[{"hash":"068332f77a0babe8aa6fee2a7c66ed2614a5c8d3","messageTitle":"Add deleteTask() method in TaskManager.java","messageBody":"","fileTypesAndContributionMap":{"java":{"insertions":25,"deletions":2}}},{"hash":"4b1491d0c6572ee894e0f5f151604f82b234709f","messageTitle":"Add exception handling for deleteTask() method + Tidy up code","messageBody":"- Add constant final strings to store the regex used to check the format of the commands\n- Add DeleteFormatException class\n- Update help msg displayed by help command to include the delete command\n","fileTypesAndContributionMap":{"txt":{"insertions":15,"deletions":0},"java":{"insertions":44,"deletions":7}}},{"hash":"10a6697a7396dbf51bfcbebc9b2b8282d1fe013d","messageTitle":"add directory \"[project_root]/data\" + add duke.txt with pre-loaded tasks","messageBody":"","fileTypesAndContributionMap":{"txt":{"insertions":4,"deletions":0}}},{"hash":"e7f47751657c719a088ac3c80656c571d7543393","messageTitle":"add DataManager.java class to handle file access and place it in duke.local package","messageBody":"","fileTypesAndContributionMap":{"java":{"insertions":55,"deletions":2}}}]},{"date":"2021-09-14","commitResults":[{"hash":"663cf8e14b6397d8fc243c8bd0d878f8b718927e","messageTitle":"add loadDataFromFile(), writeToFile(), getTaskFileFormat() + fix alot of bugs","messageBody":"DataManager.java:\nloadDataFromFile() - loads task data from data/duke.txt into the duke\u0027s program tasklist instance\nwriteToFile() - writes duke\u0027s program tasklist instance into data/duke.txt\n\nTask/ToDo/Deadline/Event.java:\ngetTaskFileFormat - Converts info of a particular task to be formatted and later written into data/duke.txt\n\nTaskManager.java:\nnumTasks and numComplete became obselete, modified to use Arraylist to obtain values directly instead\n","fileTypesAndContributionMap":{"txt":{"insertions":1,"deletions":1},"java":{"insertions":180,"deletions":47}}},{"hash":"f1b34e9996bad060b1edee6df2e146d2a7cb433a","messageTitle":"Create JAR + Fix minor bugs after merging branches Level-6 and Level-7","messageBody":"","tags":["A-Jar"],"fileTypesAndContributionMap":{"java":{"insertions":1,"deletions":2}}}]},{"date":"2021-09-21","commitResults":[{"hash":"382d20ab71bc2511e39ea27836e09babf09a2462","messageTitle":"Add skeleton of Parser Class (Not yet incorporated) + Fix variable naming","messageBody":"","fileTypesAndContributionMap":{"java":{"insertions":42,"deletions":0}}},{"hash":"6bc87bf00cd0d35cdfab3deabfada6b8dbd9251d","messageTitle":"Add abstract Command class that serves as parent class for future specific commands (E.g. AddCommand.java, ListCommand.java etc...)","messageBody":"","fileTypesAndContributionMap":{"java":{"insertions":17,"deletions":0}}},{"hash":"bd39be382bae913a451e9d40744052268d948075","messageTitle":"Add CommandResult.java class","messageBody":"- Object that stores the result of the command executed (To be used as return value), such as...\n   1. Whether the TaskManager object (Specifically the tasklist arraylist) has been modified (When user adds tasks or set tasks to done or delete tasks)\n   2. Whether the command ran is supposed to terminate Duke (When user types \u0027bye\u0027)\n   3. Finally, the modified TaskManager object so that duke.txt can be updated\n","fileTypesAndContributionMap":{"java":{"insertions":27,"deletions":0}}},{"hash":"aa42cc7adb5144ecab48cc9dc103e0d35009c681","messageTitle":"Add TerminateCommand.java class (Subclass of Command.java)","messageBody":"- Ovverides abstract method executeCommand() of parent class\n- executeCommand() returns a CommandResult object that sets the parameter of isExited to true to terminate duke\n","fileTypesAndContributionMap":{"java":{"insertions":16,"deletions":0}}},{"hash":"efdb22a5ab059a200dff39290f82f2c8bfe6540f","messageTitle":"Modify CommandResult.java to add another return value: dukeMessage (Returns message to be printed to user)","messageBody":"","fileTypesAndContributionMap":{"java":{"insertions":11,"deletions":3}}},{"hash":"0f0768a0783e06f4f1ec72d752e9a26b482fe0de","messageTitle":"Add empty constructor to Command.java","messageBody":"- For child command classes that does not modify TaskManager object\n","fileTypesAndContributionMap":{"java":{"insertions":4,"deletions":0}}},{"hash":"b3ea374789f5a83a87ac7fc8335658e7b086ebd6","messageTitle":"Update TerminateCommand.java to include standard exit message","messageBody":"- Leverage on empty constructor of parent, Command.java\n","fileTypesAndContributionMap":{"java":{"insertions":2,"deletions":6}}},{"hash":"5d551170d5a1b34a301bdd0b7fa2abdf4ffe13b1","messageTitle":"Add HelpCommand.java (Subclass of Command.java)","messageBody":"- Returns CommandResult object with default help message when executeCommand() method is called\n","fileTypesAndContributionMap":{"java":{"insertions":20,"deletions":0}}},{"hash":"22e30e25264d0bed7b3b7d3a256f7a3f238402e8","messageTitle":"Create AddToDoCommand.java, AddDeadlineCommand.java, AddEventCommand.java (Subclass of Command.java)","messageBody":"- Executes addToDo/Deadline/Event method in TaskManager class and returns CommandResult object containing the modified TaskManager object\n","fileTypesAndContributionMap":{"java":{"insertions":77,"deletions":0}}},{"hash":"814166e1928f1e03ec0e3ec97f8e19859a94b910","messageTitle":"Add DeleteTaskCommand.java (Subclass of Command.java)","messageBody":"- Returns CommandResult object containing modified TaskManager object\n","fileTypesAndContributionMap":{"java":{"insertions":30,"deletions":0}}},{"hash":"a6c3fe2bcb428b969e8801de1862f74f5134b1dc","messageTitle":"Add constructor that has only TaskManager object as parameter + Add ListCommand.java (Subclass of Command.java)","messageBody":"- New constructor is for commands that only reads the TaskManager object but does not modify it\n- ListCommand.java executes the getTaskList() method of the TaskManager class to print the tasklist\n","fileTypesAndContributionMap":{"java":{"insertions":32,"deletions":0}}},{"hash":"af124393e526362ad4d1fc151766bb1abdb57a37","messageTitle":"Add SetTaskDoneCommand.java (Subclass of Command.java)","messageBody":"- Returns CommandResult object containing modified TaskManager object\n","fileTypesAndContributionMap":{"java":{"insertions":32,"deletions":0}}},{"hash":"e21d14074edde46e413df73c25d57092ab175a89","messageTitle":"Update Parser Skeleton","messageBody":"- Each command in the switch case now returns it\u0027s respective command object created in the command package\n","fileTypesAndContributionMap":{"java":{"insertions":16,"deletions":7}}},{"hash":"06e94e104b89e51f4fade033f80171409610d8fa","messageTitle":"Fix accidental bugs where isModified parameter is false, when it should be true (For commands that modify TaskManager Object)","messageBody":"","fileTypesAndContributionMap":{"java":{"insertions":5,"deletions":7}}},{"hash":"80c838121829e278bb76c594428186542ce91b3c","messageTitle":"Add InvalidCommand.java class (Subclass of Command.java)","messageBody":"- Used when the user types in a command that is not valid and returns a message notifying the user\n","fileTypesAndContributionMap":{"java":{"insertions":12,"deletions":0}}},{"hash":"5ed20c6deaada57ed9b07643620ac39dcecaa271","messageTitle":"Modified Parser.java to return InvalidCommand object user input matches no duke commands","messageBody":"","fileTypesAndContributionMap":{"java":{"insertions":3,"deletions":0}}},{"hash":"8c94be74bdbd4888c4eb89e902a9202aeb3b29f1","messageTitle":"Add get() methods for CommandResult private variables (TaskManager, dukeMessage, isModified, isExited)","messageBody":"","fileTypesAndContributionMap":{"java":{"insertions":9,"deletions":1}}},{"hash":"e8dbb80fd4dd82daf0844443ca5f2761edd99186","messageTitle":"Make Duke.java work with all new features made to further OOP the project (Command Objects, Parser)","messageBody":"","fileTypesAndContributionMap":{"java":{"insertions":32,"deletions":97}}},{"hash":"8f800ad3f5152ee323186f34d39c733f251fcb9e","messageTitle":"Rename TodoFormatException.java to ToDoFormatException.java to adhere to coding standard","messageBody":"","fileTypesAndContributionMap":{"java":{"insertions":0,"deletions":0}}},{"hash":"d17963559f872b7dd5e94fd96c067981dbd380f0","messageTitle":"Update all TaskManager class methods to return appropriate response strings instead of printing within it\u0027s own method","messageBody":"- The strings returned will be passed as the dukeMessage parameter of the CommandResult object that is created within each command object\n","fileTypesAndContributionMap":{"java":{"insertions":58,"deletions":51}}},{"hash":"eecf80159662fcec548970042e24f53297480a7d","messageTitle":"Deleted unecessary methods from DukeInterface.java","messageBody":"- Reduce number of printing method of duke to 1 as the message formatting and printing is now done as a already modified string created the TaskManager methods\n","fileTypesAndContributionMap":{"java":{"insertions":9,"deletions":33}}},{"hash":"b73ff48fd6de6bba1298b959562aab51121bf3dc","messageTitle":"Fix UI printing bugs scattered throughout the program","messageBody":"","fileTypesAndContributionMap":{"java":{"insertions":31,"deletions":47}}},{"hash":"63c32caa5d100f1a892d7f16d617dc41215112fd","messageTitle":"Improve Parser.java abstraction","messageBody":"","fileTypesAndContributionMap":{"java":{"insertions":2,"deletions":3}}}]},{"date":"2021-09-22","commitResults":[{"hash":"547eb916f78b6ca4e621641b52c3029ca64e6a75","messageTitle":"Reorganise TaskManager method\u0027s way of preparing dukeMessage + Change variable names to adhere to coding standard","messageBody":"","fileTypesAndContributionMap":{"java":{"insertions":26,"deletions":21}}},{"hash":"e16fcb484103d6fadbae8b24e059fa55e672c535","messageTitle":"Add getter and setter methods for private ArrayList\u003cTask\u003e tasks in TaskManager class","messageBody":"","fileTypesAndContributionMap":{"java":{"insertions":8,"deletions":0}}},{"hash":"eaa9f17b5f8aaaef72bc70270721c8ace6773168","messageTitle":"Update Duke.java + DataManager.java to use TaskManager getter and setter methods to improve readibility","messageBody":"","fileTypesAndContributionMap":{"java":{"insertions":14,"deletions":12}}},{"hash":"c79d369ebb5a3de4ce69a1bf878f2fe0214a115e","messageTitle":"Further modularise DataManager.java to reduce LoC of each method","messageBody":"","fileTypesAndContributionMap":{"java":{"insertions":47,"deletions":52}}},{"hash":"0b0a49c45cb02ebe2d05ef6feb2dab5e6bdb1181","messageTitle":"Touch up code","messageBody":"","fileTypesAndContributionMap":{"java":{"insertions":8,"deletions":3}}},{"hash":"ab008837ea594bc9442f3fdeb22f76148a3ee363","messageTitle":"Correct some coding standard issues","messageBody":"","fileTypesAndContributionMap":{"txt":{"insertions":1,"deletions":4},"java":{"insertions":9,"deletions":12}}},{"hash":"fac9cadd8b542064834922e62b148e29b0841510","messageTitle":"add findTask() method in TaskManager.java class","messageBody":"","fileTypesAndContributionMap":{"java":{"insertions":25,"deletions":0}}},{"hash":"feff1c3ce3f5d119c44d9332dd131a7efe3ea64b","messageTitle":"add FindTaskCommand.java (Subclass of Command.java)","messageBody":"- Finds tasks within the tasklist and print their taskID and taskDescription as described using the list command\n","fileTypesAndContributionMap":{"java":{"insertions":25,"deletions":0}}},{"hash":"715c511c371bfdef69007ff7cd25909515a6542a","messageTitle":"add \u0027find\u0027 command to Parer.java class","messageBody":"","fileTypesAndContributionMap":{"java":{"insertions":4,"deletions":11}}},{"hash":"a2782ed701dcb1d74f12e4562ebc3ff586257282","messageTitle":"modify findTask() method to print number of matched tasks returned","messageBody":"","fileTypesAndContributionMap":{"java":{"insertions":5,"deletions":9}}},{"hash":"017ce3277513109afd99ffa65576daf16f2d89d4","messageTitle":"add exception class NoTaskFoundException.java","messageBody":"- Handle exception when using the find command and it returned 0 results\n","fileTypesAndContributionMap":{"java":{"insertions":13,"deletions":0}}},{"hash":"819bc9d25a24025a68751b02a162d1e4c1ed5b09","messageTitle":"throw NoTaskFound exception in TaskManager class findTask() method","messageBody":"","fileTypesAndContributionMap":{"java":{"insertions":6,"deletions":9}}},{"hash":"ef7466c4a8311024a28faafd5e7c5726463f06da","messageTitle":"add try-catch for NoTaskFoundException in FindTaskCommand.java","messageBody":"","fileTypesAndContributionMap":{"java":{"insertions":2,"deletions":1}}},{"hash":"fe25574662858eb0bdafb1741908bb9296ffd214","messageTitle":"Remove auto * imports","messageBody":"","fileTypesAndContributionMap":{"java":{"insertions":20,"deletions":3}}},{"hash":"62d0abd6413e10a32c2571346281a5da170653e8","messageTitle":"implement more SLAP for Duke.java","messageBody":"","fileTypesAndContributionMap":{"java":{"insertions":23,"deletions":10}}},{"hash":"72a8b2080875aedf2e3c79945cdff96661194f11","messageTitle":"make Task.java object abstract","messageBody":"- Given that only it\u0027s child classes todo/deadline/event are created\n","fileTypesAndContributionMap":{"java":{"insertions":1,"deletions":1}}},{"hash":"f078bc7842a7e62517f798a5bf0ddcd950f028cf","messageTitle":"remove excess untidy code from DataManager.java","messageBody":"","fileTypesAndContributionMap":{"java":{"insertions":3,"deletions":3}}},{"hash":"555fbb6a7a600cd63d0b5a1bf29125bf6d960e4a","messageTitle":"set standard duke.txt before untracking the file","messageBody":"","fileTypesAndContributionMap":{"txt":{"insertions":4,"deletions":1}}},{"hash":"f4a3e8e522e7d8cf4d07d60fc55385085ce261be","messageTitle":"update HelpCommand.java to include find command","messageBody":"","fileTypesAndContributionMap":{"java":{"insertions":2,"deletions":1}}}]},{"date":"2021-09-27","commitResults":[{"hash":"af1ad860da871ab8e5d701f4cbfa27316acfde92","messageTitle":"Update JavaDocs for some classes","messageBody":"","fileTypesAndContributionMap":{"java":{"insertions":153,"deletions":9}}},{"hash":"f14a9f0ca260015667f4735ec684ed42e6f83ade","messageTitle":"Update JavaDocs for TaskManager.java","messageBody":"","fileTypesAndContributionMap":{"java":{"insertions":98,"deletions":5}}},{"hash":"8c1864dc66d095cd5f156ec3a7e38e3773305f66","messageTitle":"update JavaDocs for Parser.java and TaskManager.java","messageBody":"","fileTypesAndContributionMap":{"java":{"insertions":25,"deletions":14}}},{"hash":"92c1105befdc731d89641550d69de1a094fa70d6","messageTitle":"add JavaDocs for DataManager.java class","messageBody":"","fileTypesAndContributionMap":{"java":{"insertions":34,"deletions":4}}},{"hash":"f64f1ac8e213ce5ca24d6aca887bc75cff5c992a","messageTitle":"add JavaDocs for all Command classes","messageBody":"","fileTypesAndContributionMap":{"java":{"insertions":155,"deletions":4}}},{"hash":"cd777833d7c8102ae5e53eafd4325b4f6acf83d6","messageTitle":"A-JavaDoc","messageBody":"","fileTypesAndContributionMap":{"java":{"insertions":36,"deletions":14}}},{"hash":"e105068ab9b5a1a2382b163587ee9ddb043d0cdc","messageTitle":"remove all emoticons from UI messages","messageBody":"- Issue with jar file not displaying emoticons as it should\n","fileTypesAndContributionMap":{"java":{"insertions":14,"deletions":14}}},{"hash":"e7f32b970ffa2bac80123807e5615b082068aaad","messageTitle":"add JavaDocs to cite sources of inspiration","messageBody":"","fileTypesAndContributionMap":{"java":{"insertions":6,"deletions":0}}},{"hash":"623ec86a0843623cd0c86edea36125e204db4988","messageTitle":"update JavaDoc for task package classes","messageBody":"","fileTypesAndContributionMap":{"java":{"insertions":31,"deletions":1}}},{"hash":"cb589570d0c1e027e2bc4ecda863af2acb0d6dbb","messageTitle":"update JavaDocs for Command.java abstract class","messageBody":"","fileTypesAndContributionMap":{"java":{"insertions":6,"deletions":0}}},{"hash":"86cbefcd437fd74b1dbf4048465542fd8633723a","messageTitle":"update JavaDocs for CommandResult.java class","messageBody":"","fileTypesAndContributionMap":{"java":{"insertions":13,"deletions":1}}},{"hash":"652fff594c52e5a11f3caf75d10548dd3e734486","messageTitle":"add QuickStart portion of UserGuide","messageBody":"","fileTypesAndContributionMap":{"md":{"insertions":54,"deletions":1}}},{"hash":"f5f603284b1be9ca398847b202dff19d198b3c9b","messageTitle":"add color to QuickStart title","messageBody":"","fileTypesAndContributionMap":{"md":{"insertions":1,"deletions":1}}}]},{"date":"2021-09-28","commitResults":[{"hash":"2f6ac90ec67cce5a494c8ff645b82dd2092f097d","messageTitle":"update UserGuide","messageBody":"","fileTypesAndContributionMap":{"md":{"insertions":166,"deletions":32}}},{"hash":"398424fbe531cfb194d3480384e4572cf8d5addf","messageTitle":"update UserGuide","messageBody":"","fileTypesAndContributionMap":{"md":{"insertions":30,"deletions":39}}},{"hash":"123231a2eabe3b8e9a23994bdb131bed35f5f914","messageTitle":"update UserGuide","messageBody":"","fileTypesAndContributionMap":{"md":{"insertions":76,"deletions":25}}},{"hash":"8b508f1db15032878f4adb01d37333648e37ba03","messageTitle":"A-UserGuide","messageBody":"","tags":["A-UserGuide"],"fileTypesAndContributionMap":{"md":{"insertions":44,"deletions":36}}},{"hash":"b285748509aaff58f4d98c4a13746820f0b06dd2","messageTitle":"Update UserGuide","messageBody":"","fileTypesAndContributionMap":{"md":{"insertions":18,"deletions":8}}},{"hash":"239cae70847541ad35044c03fd7b2d0609fe16dc","messageTitle":"Update UserGuide","messageBody":"","fileTypesAndContributionMap":{"md":{"insertions":1,"deletions":1}}},{"hash":"448b3a1162bbddf3099d279ff81706caf8a3b553","messageTitle":"fix broken URL reference in duke.java","messageBody":"","fileTypesAndContributionMap":{"java":{"insertions":1,"deletions":1}}}]}]},"authorFileTypeContributionMap":{"APZH":{"java":1593,"md":256,"fxml":0,"sh":0,"bat":0,"gradle":0,"txt":37}},"authorContributionVariance":{"APZH":15059.306},"authorDisplayNameMap":{"APZH":"CS2113T-W13-3 PEH ..AMOS"}}
