{"authorDailyContributionsMap":{"alvintan01":[{"date":"2021-08-17","commitResults":[{"hash":"59521dd9f62c64ae75ddca60f74e6cd447fd3461","messageTitle":"Add increment: Level-0","messageBody":"","tags":["Level-1"],"fileTypesAndContributionMap":{"java":{"insertions":7,"deletions":1}}}]},{"date":"2021-08-20","commitResults":[{"hash":"c593a1b7f4885fc7dbef64815e67cfd56be9b602","messageTitle":"Add increment: Level-1","messageBody":"","tags":["Level-2"],"fileTypesAndContributionMap":{"java":{"insertions":35,"deletions":7}}},{"hash":"c2bb9f1f2f1326286e0c86e77dd8aa8ef376b9e9","messageTitle":"Add increment: Level-2","messageBody":"","tags":["Level-3"],"fileTypesAndContributionMap":{"java":{"insertions":16,"deletions":2}}},{"hash":"a4ebdac35e4799f82faf417b841afdc7d519d29c","messageTitle":"Add increment: Level-3","messageBody":"","tags":["A-CodingStandard"],"fileTypesAndContributionMap":{"java":{"insertions":55,"deletions":19}}}]},{"date":"2021-08-23","commitResults":[{"hash":"40605232b5a51fa0cc5881d98d5e2e6dcd014d48","messageTitle":"Adhered to coding standard","messageBody":"","tags":["Level-4"],"fileTypesAndContributionMap":{"java":{"insertions":47,"deletions":14}}}]},{"date":"2021-08-27","commitResults":[{"hash":"999221026792e8c6fd9f9e1c4511575d6f5a6056","messageTitle":"Added support for tracking ToDos, Deadlines and Events.","messageBody":"","tags":["A-TextUiTesting"],"fileTypesAndContributionMap":{"java":{"insertions":193,"deletions":62}}},{"hash":"6c25fadfdcfa858bafb18abd171a0d7f55a40b2b","messageTitle":"Updated test input and expected output.","messageBody":"","tags":["A-CodeQuality"],"fileTypesAndContributionMap":{"txt":{"insertions":11,"deletions":0}}},{"hash":"7beba13ae002b5cff8893a1c50074fe577b2f085","messageTitle":"Added error handling for missing dates in command","messageBody":"","fileTypesAndContributionMap":{"java":{"insertions":64,"deletions":22}}}]},{"date":"2021-09-04","commitResults":[{"hash":"d1b05699c5a075bae7bb8eec104ce77ecd0a069b","messageTitle":"Added error handling for user inputs.","messageBody":"","fileTypesAndContributionMap":{"java":{"insertions":23,"deletions":12}}},{"hash":"df7003fac1d0ae5544220d40f03f383d46cc44b0","messageTitle":"Changed invalid command handling with exceptions.","messageBody":"","fileTypesAndContributionMap":{"java":{"insertions":14,"deletions":3}}},{"hash":"5f5ff7cbea08a57e1e2ac77fa80af6626c3939f1","messageTitle":"Moved Java files to duke package.","messageBody":"","fileTypesAndContributionMap":{"java":{"insertions":12,"deletions":0},"bat":{"insertions":1,"deletions":1}}}]},{"date":"2021-09-08","commitResults":[{"hash":"2035395805c68a620b773fa4e73ab9518ff5732c","messageTitle":"Add A-Exceptions tag.","messageBody":"","fileTypesAndContributionMap":{"java":{"insertions":0,"deletions":1}}}]},{"date":"2021-09-10","commitResults":[{"hash":"47854dfd260033c4e490cbdfe40af514751f56bf","messageTitle":"Added persistent data feature.","messageBody":"","fileTypesAndContributionMap":{"java":{"insertions":146,"deletions":11}}},{"hash":"44e93dca02a28f3728ecaec03e27d3561b683044","messageTitle":"Divide classes into more packages.","messageBody":"","tags":["A-MoreOOP","A-Jar"],"fileTypesAndContributionMap":{"java":{"insertions":5,"deletions":2}}}]},{"date":"2021-09-17","commitResults":[{"hash":"6c697aec596f5e22d6208e8de81265da07909367","messageTitle":"Refactor code by using more OOP.","messageBody":"","fileTypesAndContributionMap":{"java":{"insertions":494,"deletions":367}}}]}]},"authorFileTypeContributionMap":{"alvintan01":{"java":598,"md":0,"fxml":0,"sh":0,"bat":1,"gradle":0,"txt":11}},"authorContributionVariance":{"alvintan01":3687.7732},"authorDisplayNameMap":{"alvintan01":"CS2113T-T10-1 ALVI.. HAO"}}
