{"authorDailyContributionsMap":{"AnShengLee":[{"date":"2021-08-21","commitResults":[{"hash":"b0159773087567cd1616654f0f37f7419654a3cc","messageTitle":"Modify Duke greetings","messageBody":"","tags":["Level-0"],"fileTypesAndContributionMap":{"java":{"insertions":13,"deletions":6}}},{"hash":"165f96c2d810fd6567cda49af14426a298cc569c","messageTitle":"Add echo mechanism","messageBody":"","tags":["Level-1"],"fileTypesAndContributionMap":{"java":{"insertions":17,"deletions":1}}},{"hash":"82ee09f2316f718992d879e50e7bfa9be5341d63","messageTitle":"Add list mechanism that tracks user\u0027s inputs","messageBody":"","tags":["Level-2"],"fileTypesAndContributionMap":{"java":{"insertions":31,"deletions":12}}},{"hash":"36705ea0925c0cf00be15658269a05938b0847e0","messageTitle":"Add Task class","messageBody":"","tags":["A-Classes"],"fileTypesAndContributionMap":{"java":{"insertions":26,"deletions":0}}},{"hash":"7cbd22668260c43b09bfc67889646cb851e48c82","messageTitle":"Add mechanism that tracks item status","messageBody":"","tags":["Level-3"],"fileTypesAndContributionMap":{"java":{"insertions":18,"deletions":3}}}]},{"date":"2021-08-23","commitResults":[{"hash":"abd47c45aca03984fde5136656f4933355d31398","messageTitle":"Fix coding standard and minor fixes","messageBody":"","tags":["A-CodingStandard"],"fileTypesAndContributionMap":{"java":{"insertions":21,"deletions":22}}}]},{"date":"2021-08-24","commitResults":[{"hash":"40f9375a77a5ed5368672a00648d26f0d6075dfa","messageTitle":"Add exception handling and printLine function","messageBody":"","fileTypesAndContributionMap":{"java":{"insertions":34,"deletions":14}}}]}]},"authorFileTypeContributionMap":{"AnShengLee":{"java":108,"md":0,"fxml":0,"sh":0,"bat":0,"gradle":0,"txt":0}},"authorContributionVariance":{"AnShengLee":90.39607},"authorDisplayNameMap":{"AnShengLee":"CS2113T-T12-3 LEE ..HENG"}}
