[{"path":"src/main/java/Deadline.java","fileType":"java","lines":[{"lineNumber":1,"author":{"gitId":"ruyian"},"content":"public class Deadline extends Task {","lastModifiedDate":"2021-08-31"},{"lineNumber":2,"author":{"gitId":"ruyian"},"content":"    private String deadlineDate;","lastModifiedDate":"2021-08-31"},{"lineNumber":3,"author":{"gitId":"ruyian"},"content":"","lastModifiedDate":"2021-08-31"},{"lineNumber":4,"author":{"gitId":"ruyian"},"content":"    public Deadline(String description) {","lastModifiedDate":"2021-08-31"},{"lineNumber":5,"author":{"gitId":"ruyian"},"content":"        int indexDivider \u003d description.indexOf(\"/\");","lastModifiedDate":"2021-08-31"},{"lineNumber":6,"author":{"gitId":"ruyian"},"content":"        String deadlineName \u003d description.substring(0, indexDivider).trim();","lastModifiedDate":"2021-08-31"},{"lineNumber":7,"author":{"gitId":"ruyian"},"content":"        String deadlineDateString \u003d description.substring(indexDivider + 1).trim();","lastModifiedDate":"2021-08-31"},{"lineNumber":8,"author":{"gitId":"ruyian"},"content":"        String deadlineDate \u003d deadlineDateString.split(\" \", 2)[1].trim();","lastModifiedDate":"2021-08-31"},{"lineNumber":9,"author":{"gitId":"ruyian"},"content":"        this.description \u003d deadlineName;","lastModifiedDate":"2021-08-31"},{"lineNumber":10,"author":{"gitId":"ruyian"},"content":"        this.deadlineDate \u003d deadlineDateString;","lastModifiedDate":"2021-08-31"},{"lineNumber":11,"author":{"gitId":"ruyian"},"content":"        this.taskType \u003d \"D\";","lastModifiedDate":"2021-08-31"},{"lineNumber":12,"author":{"gitId":"ruyian"},"content":"        this.isDone \u003d false;","lastModifiedDate":"2021-08-31"},{"lineNumber":13,"author":{"gitId":"ruyian"},"content":"    }","lastModifiedDate":"2021-08-31"},{"lineNumber":14,"author":{"gitId":"ruyian"},"content":"","lastModifiedDate":"2021-08-31"},{"lineNumber":15,"author":{"gitId":"ruyian"},"content":"    public String getDeadLineDate() {","lastModifiedDate":"2021-08-31"},{"lineNumber":16,"author":{"gitId":"ruyian"},"content":"        return this.deadlineDate;","lastModifiedDate":"2021-08-31"},{"lineNumber":17,"author":{"gitId":"ruyian"},"content":"    }","lastModifiedDate":"2021-08-31"},{"lineNumber":18,"author":{"gitId":"ruyian"},"content":"","lastModifiedDate":"2021-08-31"},{"lineNumber":19,"author":{"gitId":"ruyian"},"content":"    @Override","lastModifiedDate":"2021-08-31"},{"lineNumber":20,"author":{"gitId":"ruyian"},"content":"    public String toString() {","lastModifiedDate":"2021-08-31"},{"lineNumber":21,"author":{"gitId":"ruyian"},"content":"        return \"[\" + getTaskType() + \"][\" + getStatusIcon() + \"] \" + getDescription() +","lastModifiedDate":"2021-08-31"},{"lineNumber":22,"author":{"gitId":"ruyian"},"content":"                \" (\" + getDeadLineDate() + \")\";","lastModifiedDate":"2021-08-31"},{"lineNumber":23,"author":{"gitId":"ruyian"},"content":"    }","lastModifiedDate":"2021-08-31"},{"lineNumber":24,"author":{"gitId":"ruyian"},"content":"}","lastModifiedDate":"2021-08-31"}],"authorContributionMap":{"ruyian":24}},{"path":"src/main/java/Duke.java","fileType":"java","lines":[{"lineNumber":1,"author":{"gitId":"ruyian"},"content":"import java.util.Scanner;","lastModifiedDate":"2021-08-25"},{"lineNumber":2,"author":{"gitId":"ruyian"},"content":"","lastModifiedDate":"2021-08-25"},{"lineNumber":3,"author":{"gitId":"-"},"content":"public class Duke {","lastModifiedDate":"2019-07-29"},{"lineNumber":4,"author":{"gitId":"-"},"content":"    public static void main(String[] args) {","lastModifiedDate":"2019-07-29"},{"lineNumber":5,"author":{"gitId":"ruyian"},"content":"        try (Scanner sc \u003d new Scanner(System.in)) {","lastModifiedDate":"2021-08-25"},{"lineNumber":6,"author":{"gitId":"ruyian"},"content":"            String sentence;","lastModifiedDate":"2021-08-25"},{"lineNumber":7,"author":{"gitId":"ruyian"},"content":"            Chatter.greet();","lastModifiedDate":"2021-08-26"},{"lineNumber":8,"author":{"gitId":"ruyian"},"content":"            while (true) {","lastModifiedDate":"2021-08-25"},{"lineNumber":9,"author":{"gitId":"ruyian"},"content":"                sentence \u003d sc.nextLine();","lastModifiedDate":"2021-08-25"},{"lineNumber":10,"author":{"gitId":"ruyian"},"content":"                if (sentence.equals(\"bye\")) {","lastModifiedDate":"2021-08-31"},{"lineNumber":11,"author":{"gitId":"ruyian"},"content":"                    Chatter.bye();","lastModifiedDate":"2021-08-26"},{"lineNumber":12,"author":{"gitId":"ruyian"},"content":"                    break;","lastModifiedDate":"2021-08-25"},{"lineNumber":13,"author":{"gitId":"ruyian"},"content":"                } else if (sentence.equals(\"list\")) {","lastModifiedDate":"2021-08-25"},{"lineNumber":14,"author":{"gitId":"ruyian"},"content":"                    Chatter.list();","lastModifiedDate":"2021-08-26"},{"lineNumber":15,"author":{"gitId":"ruyian"},"content":"                } else if (sentence.startsWith(\"done\")) {","lastModifiedDate":"2021-08-25"},{"lineNumber":16,"author":{"gitId":"ruyian"},"content":"                    Chatter.done(sentence);","lastModifiedDate":"2021-08-26"},{"lineNumber":17,"author":{"gitId":"ruyian"},"content":"                } else if (sentence.startsWith(\"todo\")) {","lastModifiedDate":"2021-08-31"},{"lineNumber":18,"author":{"gitId":"ruyian"},"content":"                    Task newTask \u003d Chatter.taskBank.addTodo(sentence);","lastModifiedDate":"2021-08-31"},{"lineNumber":19,"author":{"gitId":"ruyian"},"content":"                    Chatter.add(sentence, newTask);","lastModifiedDate":"2021-08-31"},{"lineNumber":20,"author":{"gitId":"ruyian"},"content":"                } else if (sentence.startsWith(\"deadline\")) {","lastModifiedDate":"2021-08-31"},{"lineNumber":21,"author":{"gitId":"ruyian"},"content":"                    Task newTask \u003d Chatter.taskBank.addDeadline(sentence);","lastModifiedDate":"2021-08-31"},{"lineNumber":22,"author":{"gitId":"ruyian"},"content":"                    Chatter.add(sentence, newTask);","lastModifiedDate":"2021-08-31"},{"lineNumber":23,"author":{"gitId":"ruyian"},"content":"                } else if (sentence.startsWith(\"event\")) {","lastModifiedDate":"2021-08-31"},{"lineNumber":24,"author":{"gitId":"ruyian"},"content":"                    Task newTask \u003d Chatter.taskBank.addEvent(sentence);","lastModifiedDate":"2021-08-31"},{"lineNumber":25,"author":{"gitId":"ruyian"},"content":"                    Chatter.add(sentence, newTask);","lastModifiedDate":"2021-08-31"},{"lineNumber":26,"author":{"gitId":"ruyian"},"content":"                } else {","lastModifiedDate":"2021-08-31"},{"lineNumber":27,"author":{"gitId":"ruyian"},"content":"                    System.out.println(\"I\u0027m not sure if I get what you\u0027ve said.\");","lastModifiedDate":"2021-08-31"},{"lineNumber":28,"author":{"gitId":"ruyian"},"content":"                }","lastModifiedDate":"2021-08-25"},{"lineNumber":29,"author":{"gitId":"ruyian"},"content":"            }","lastModifiedDate":"2021-08-25"},{"lineNumber":30,"author":{"gitId":"ruyian"},"content":"        }","lastModifiedDate":"2021-08-25"},{"lineNumber":31,"author":{"gitId":"-"},"content":"    }","lastModifiedDate":"2021-08-25"},{"lineNumber":32,"author":{"gitId":"-"},"content":"}","lastModifiedDate":"2021-08-25"},{"lineNumber":33,"author":{"gitId":"ruyian"},"content":"","lastModifiedDate":"2021-08-25"},{"lineNumber":34,"author":{"gitId":"ruyian"},"content":"class Chatter {","lastModifiedDate":"2021-08-26"},{"lineNumber":35,"author":{"gitId":"ruyian"},"content":"    static TaskBank taskBank \u003d new TaskBank();","lastModifiedDate":"2021-08-25"},{"lineNumber":36,"author":{"gitId":"ruyian"},"content":"","lastModifiedDate":"2021-08-25"},{"lineNumber":37,"author":{"gitId":"ruyian"},"content":"    static void greet() {","lastModifiedDate":"2021-08-25"},{"lineNumber":38,"author":{"gitId":"ruyian"},"content":"        System.out.printf(\"____________________________________________________________%n\" +","lastModifiedDate":"2021-08-25"},{"lineNumber":39,"author":{"gitId":"ruyian"},"content":"                \"Hello! I\u0027m Duke, your task manager.%n\" +","lastModifiedDate":"2021-08-25"},{"lineNumber":40,"author":{"gitId":"ruyian"},"content":"                \"Key in your tasks below!%n\" +","lastModifiedDate":"2021-08-25"},{"lineNumber":41,"author":{"gitId":"ruyian"},"content":"                \"____________________________________________________________%n\");","lastModifiedDate":"2021-08-25"},{"lineNumber":42,"author":{"gitId":"ruyian"},"content":"    }","lastModifiedDate":"2021-08-25"},{"lineNumber":43,"author":{"gitId":"ruyian"},"content":"","lastModifiedDate":"2021-08-25"},{"lineNumber":44,"author":{"gitId":"ruyian"},"content":"    static void add(String sentence, Task newTask) {","lastModifiedDate":"2021-08-31"},{"lineNumber":45,"author":{"gitId":"ruyian"},"content":"        System.out.printf(\"____________________________________________________________%n\" +","lastModifiedDate":"2021-08-31"},{"lineNumber":46,"author":{"gitId":"ruyian"},"content":"                \"Got it. I\u0027ve added this task: %n \" +","lastModifiedDate":"2021-08-31"},{"lineNumber":47,"author":{"gitId":"ruyian"},"content":"                newTask +","lastModifiedDate":"2021-08-31"},{"lineNumber":48,"author":{"gitId":"ruyian"},"content":"                \"%nNow you have \" + taskBank.getTaskIndex() +","lastModifiedDate":"2021-08-31"},{"lineNumber":49,"author":{"gitId":"ruyian"},"content":"                \" tasks in the list.%n\" +","lastModifiedDate":"2021-08-31"},{"lineNumber":50,"author":{"gitId":"ruyian"},"content":"                \"____________________________________________________________%n\");","lastModifiedDate":"2021-08-31"},{"lineNumber":51,"author":{"gitId":"ruyian"},"content":"    }","lastModifiedDate":"2021-08-25"},{"lineNumber":52,"author":{"gitId":"ruyian"},"content":"","lastModifiedDate":"2021-08-25"},{"lineNumber":53,"author":{"gitId":"ruyian"},"content":"    static void bye() {","lastModifiedDate":"2021-08-25"},{"lineNumber":54,"author":{"gitId":"ruyian"},"content":"        System.out.printf(\"____________________________________________________________%n\" +","lastModifiedDate":"2021-08-25"},{"lineNumber":55,"author":{"gitId":"ruyian"},"content":"                \"Bye. Hope to see you again soon!%n\" +","lastModifiedDate":"2021-08-25"},{"lineNumber":56,"author":{"gitId":"ruyian"},"content":"                \"____________________________________________________________%n\");","lastModifiedDate":"2021-08-25"},{"lineNumber":57,"author":{"gitId":"-"},"content":"    }","lastModifiedDate":"2019-07-29"},{"lineNumber":58,"author":{"gitId":"ruyian"},"content":"","lastModifiedDate":"2021-08-25"},{"lineNumber":59,"author":{"gitId":"ruyian"},"content":"    static void list() {","lastModifiedDate":"2021-08-25"},{"lineNumber":60,"author":{"gitId":"ruyian"},"content":"        System.out.printf(\"____________________________________________________________%n\");","lastModifiedDate":"2021-08-25"},{"lineNumber":61,"author":{"gitId":"ruyian"},"content":"        System.out.printf(\"Here are the tasks in your list:%n\");","lastModifiedDate":"2021-08-25"},{"lineNumber":62,"author":{"gitId":"ruyian"},"content":"        taskBank.printList();","lastModifiedDate":"2021-08-25"},{"lineNumber":63,"author":{"gitId":"ruyian"},"content":"        System.out.printf(\"____________________________________________________________%n\");","lastModifiedDate":"2021-08-25"},{"lineNumber":64,"author":{"gitId":"ruyian"},"content":"    }","lastModifiedDate":"2021-08-25"},{"lineNumber":65,"author":{"gitId":"ruyian"},"content":"","lastModifiedDate":"2021-08-25"},{"lineNumber":66,"author":{"gitId":"ruyian"},"content":"    static void done(String sentence) {","lastModifiedDate":"2021-08-25"},{"lineNumber":67,"author":{"gitId":"ruyian"},"content":"        String[] words \u003d sentence.split(\" \");","lastModifiedDate":"2021-08-25"},{"lineNumber":68,"author":{"gitId":"ruyian"},"content":"        int targetIndex \u003d Integer.parseInt(words[1]) - 1;","lastModifiedDate":"2021-08-25"},{"lineNumber":69,"author":{"gitId":"ruyian"},"content":"        Task targetTask \u003d taskBank.searchTask(targetIndex);","lastModifiedDate":"2021-08-25"},{"lineNumber":70,"author":{"gitId":"ruyian"},"content":"        if (targetTask \u003d\u003d null) {","lastModifiedDate":"2021-08-25"},{"lineNumber":71,"author":{"gitId":"ruyian"},"content":"            System.out.println(\"Ouch! Index is out of range. Try again!\");","lastModifiedDate":"2021-08-25"},{"lineNumber":72,"author":{"gitId":"ruyian"},"content":"            System.out.printf(\"____________________________________________________________%n\");","lastModifiedDate":"2021-08-25"},{"lineNumber":73,"author":{"gitId":"ruyian"},"content":"            return;","lastModifiedDate":"2021-08-25"},{"lineNumber":74,"author":{"gitId":"ruyian"},"content":"        } else if (targetTask.getDone()) {","lastModifiedDate":"2021-08-31"},{"lineNumber":75,"author":{"gitId":"ruyian"},"content":"            System.out.println(\"Task is already completed\");","lastModifiedDate":"2021-08-25"},{"lineNumber":76,"author":{"gitId":"ruyian"},"content":"            System.out.printf(\"____________________________________________________________%n\");","lastModifiedDate":"2021-08-25"},{"lineNumber":77,"author":{"gitId":"ruyian"},"content":"            return;","lastModifiedDate":"2021-08-25"},{"lineNumber":78,"author":{"gitId":"ruyian"},"content":"        }","lastModifiedDate":"2021-08-25"},{"lineNumber":79,"author":{"gitId":"ruyian"},"content":"        targetTask.markAsDone();","lastModifiedDate":"2021-08-25"},{"lineNumber":80,"author":{"gitId":"ruyian"},"content":"        System.out.println(\"Nice! I\u0027ve marked this task as done: \");","lastModifiedDate":"2021-08-25"},{"lineNumber":81,"author":{"gitId":"ruyian"},"content":"        System.out.println(\"[\" + targetTask.getTaskType() + \"]\" + \"[X] \" + targetTask.getDescription());","lastModifiedDate":"2021-08-31"},{"lineNumber":82,"author":{"gitId":"ruyian"},"content":"        System.out.printf(\"____________________________________________________________%n\");","lastModifiedDate":"2021-08-25"},{"lineNumber":83,"author":{"gitId":"ruyian"},"content":"    }","lastModifiedDate":"2021-08-25"},{"lineNumber":84,"author":{"gitId":"-"},"content":"}","lastModifiedDate":"2019-07-29"},{"lineNumber":85,"author":{"gitId":"ruyian"},"content":"","lastModifiedDate":"2021-08-25"}],"authorContributionMap":{"ruyian":79,"-":6}},{"path":"src/main/java/Event.java","fileType":"java","lines":[{"lineNumber":1,"author":{"gitId":"ruyian"},"content":"public class Event extends Task {","lastModifiedDate":"2021-08-31"},{"lineNumber":2,"author":{"gitId":"ruyian"},"content":"    private String eventDate;","lastModifiedDate":"2021-08-31"},{"lineNumber":3,"author":{"gitId":"ruyian"},"content":"","lastModifiedDate":"2021-08-31"},{"lineNumber":4,"author":{"gitId":"ruyian"},"content":"    public Event(String description) {","lastModifiedDate":"2021-08-31"},{"lineNumber":5,"author":{"gitId":"ruyian"},"content":"        int indexDivider \u003d description.indexOf(\"/\");","lastModifiedDate":"2021-08-31"},{"lineNumber":6,"author":{"gitId":"ruyian"},"content":"        String eventName \u003d description.substring(0, indexDivider).trim();","lastModifiedDate":"2021-08-31"},{"lineNumber":7,"author":{"gitId":"ruyian"},"content":"        String eventDateString \u003d description.substring(indexDivider + 1).trim();","lastModifiedDate":"2021-08-31"},{"lineNumber":8,"author":{"gitId":"ruyian"},"content":"        String eventDate \u003d eventDateString.split(\" \", 2)[1].trim();","lastModifiedDate":"2021-08-31"},{"lineNumber":9,"author":{"gitId":"ruyian"},"content":"        this.description \u003d eventName;","lastModifiedDate":"2021-08-31"},{"lineNumber":10,"author":{"gitId":"ruyian"},"content":"        this.eventDate \u003d eventDateString;","lastModifiedDate":"2021-08-31"},{"lineNumber":11,"author":{"gitId":"ruyian"},"content":"        this.taskType \u003d \"E\";","lastModifiedDate":"2021-08-31"},{"lineNumber":12,"author":{"gitId":"ruyian"},"content":"    }","lastModifiedDate":"2021-08-31"},{"lineNumber":13,"author":{"gitId":"ruyian"},"content":"","lastModifiedDate":"2021-08-31"},{"lineNumber":14,"author":{"gitId":"ruyian"},"content":"    public String getEventDate() {","lastModifiedDate":"2021-08-31"},{"lineNumber":15,"author":{"gitId":"ruyian"},"content":"        return eventDate;","lastModifiedDate":"2021-08-31"},{"lineNumber":16,"author":{"gitId":"ruyian"},"content":"    }","lastModifiedDate":"2021-08-31"},{"lineNumber":17,"author":{"gitId":"ruyian"},"content":"","lastModifiedDate":"2021-08-31"},{"lineNumber":18,"author":{"gitId":"ruyian"},"content":"    @Override","lastModifiedDate":"2021-08-31"},{"lineNumber":19,"author":{"gitId":"ruyian"},"content":"    public String toString() {","lastModifiedDate":"2021-08-31"},{"lineNumber":20,"author":{"gitId":"ruyian"},"content":"        return \"[\" + getTaskType() + \"][\" + getStatusIcon() + \"] \" + getDescription() +","lastModifiedDate":"2021-08-31"},{"lineNumber":21,"author":{"gitId":"ruyian"},"content":"                \" (\" + getEventDate() + \")\";","lastModifiedDate":"2021-08-31"},{"lineNumber":22,"author":{"gitId":"ruyian"},"content":"    }","lastModifiedDate":"2021-08-31"},{"lineNumber":23,"author":{"gitId":"ruyian"},"content":"}","lastModifiedDate":"2021-08-31"}],"authorContributionMap":{"ruyian":23}},{"path":"src/main/java/Task.java","fileType":"java","lines":[{"lineNumber":1,"author":{"gitId":"ruyian"},"content":"public class Task {","lastModifiedDate":"2021-08-25"},{"lineNumber":2,"author":{"gitId":"ruyian"},"content":"    protected String description;","lastModifiedDate":"2021-08-25"},{"lineNumber":3,"author":{"gitId":"ruyian"},"content":"    protected boolean isDone;","lastModifiedDate":"2021-08-25"},{"lineNumber":4,"author":{"gitId":"ruyian"},"content":"    protected String taskType;","lastModifiedDate":"2021-08-31"},{"lineNumber":5,"author":{"gitId":"ruyian"},"content":"","lastModifiedDate":"2021-08-31"},{"lineNumber":6,"author":{"gitId":"ruyian"},"content":"    public Task() {","lastModifiedDate":"2021-08-31"},{"lineNumber":7,"author":{"gitId":"ruyian"},"content":"","lastModifiedDate":"2021-08-31"},{"lineNumber":8,"author":{"gitId":"ruyian"},"content":"    }","lastModifiedDate":"2021-08-31"},{"lineNumber":9,"author":{"gitId":"ruyian"},"content":"","lastModifiedDate":"2021-08-25"},{"lineNumber":10,"author":{"gitId":"ruyian"},"content":"    public Task(String description) {","lastModifiedDate":"2021-08-25"},{"lineNumber":11,"author":{"gitId":"ruyian"},"content":"        int spaceIndex \u003d description.indexOf(\u0027 \u0027);","lastModifiedDate":"2021-09-02"},{"lineNumber":12,"author":{"gitId":"ruyian"},"content":"        this.description \u003d description.substring(spaceIndex + 1);","lastModifiedDate":"2021-09-02"},{"lineNumber":13,"author":{"gitId":"ruyian"},"content":"        this.isDone \u003d false;","lastModifiedDate":"2021-08-25"},{"lineNumber":14,"author":{"gitId":"ruyian"},"content":"    }","lastModifiedDate":"2021-08-25"},{"lineNumber":15,"author":{"gitId":"ruyian"},"content":"","lastModifiedDate":"2021-08-25"},{"lineNumber":16,"author":{"gitId":"ruyian"},"content":"    public String getStatusIcon() {","lastModifiedDate":"2021-08-25"},{"lineNumber":17,"author":{"gitId":"ruyian"},"content":"        return (isDone ? \"X\" : \" \"); // mark done task with X","lastModifiedDate":"2021-08-25"},{"lineNumber":18,"author":{"gitId":"ruyian"},"content":"    }","lastModifiedDate":"2021-08-25"},{"lineNumber":19,"author":{"gitId":"ruyian"},"content":"","lastModifiedDate":"2021-08-25"},{"lineNumber":20,"author":{"gitId":"ruyian"},"content":"    public String getDescription() {","lastModifiedDate":"2021-08-25"},{"lineNumber":21,"author":{"gitId":"ruyian"},"content":"        return this.description;","lastModifiedDate":"2021-08-25"},{"lineNumber":22,"author":{"gitId":"ruyian"},"content":"    }","lastModifiedDate":"2021-08-25"},{"lineNumber":23,"author":{"gitId":"ruyian"},"content":"","lastModifiedDate":"2021-08-25"},{"lineNumber":24,"author":{"gitId":"ruyian"},"content":"    public boolean getDone() {","lastModifiedDate":"2021-08-31"},{"lineNumber":25,"author":{"gitId":"ruyian"},"content":"        return this.isDone;","lastModifiedDate":"2021-08-25"},{"lineNumber":26,"author":{"gitId":"ruyian"},"content":"    }","lastModifiedDate":"2021-08-25"},{"lineNumber":27,"author":{"gitId":"ruyian"},"content":"","lastModifiedDate":"2021-08-25"},{"lineNumber":28,"author":{"gitId":"ruyian"},"content":"    public void markAsDone() {","lastModifiedDate":"2021-08-25"},{"lineNumber":29,"author":{"gitId":"ruyian"},"content":"        this.isDone \u003d true;","lastModifiedDate":"2021-08-25"},{"lineNumber":30,"author":{"gitId":"ruyian"},"content":"    }","lastModifiedDate":"2021-08-25"},{"lineNumber":31,"author":{"gitId":"ruyian"},"content":"","lastModifiedDate":"2021-08-31"},{"lineNumber":32,"author":{"gitId":"ruyian"},"content":"    public String getTaskType() {","lastModifiedDate":"2021-08-31"},{"lineNumber":33,"author":{"gitId":"ruyian"},"content":"        return this.taskType;","lastModifiedDate":"2021-08-31"},{"lineNumber":34,"author":{"gitId":"ruyian"},"content":"    }","lastModifiedDate":"2021-08-31"},{"lineNumber":35,"author":{"gitId":"ruyian"},"content":"","lastModifiedDate":"2021-08-31"},{"lineNumber":36,"author":{"gitId":"ruyian"},"content":"    @Override","lastModifiedDate":"2021-08-31"},{"lineNumber":37,"author":{"gitId":"ruyian"},"content":"    public String toString() {","lastModifiedDate":"2021-08-31"},{"lineNumber":38,"author":{"gitId":"ruyian"},"content":"        return \"[\" + getTaskType() + \"][\" + getStatusIcon() + \"] \" + getDescription();","lastModifiedDate":"2021-08-31"},{"lineNumber":39,"author":{"gitId":"ruyian"},"content":"    }","lastModifiedDate":"2021-08-31"},{"lineNumber":40,"author":{"gitId":"ruyian"},"content":"}","lastModifiedDate":"2021-08-25"}],"authorContributionMap":{"ruyian":40}},{"path":"src/main/java/TaskBank.java","fileType":"java","lines":[{"lineNumber":1,"author":{"gitId":"ruyian"},"content":"public class TaskBank {","lastModifiedDate":"2021-08-25"},{"lineNumber":2,"author":{"gitId":"ruyian"},"content":"    private Task[] tasks;","lastModifiedDate":"2021-08-26"},{"lineNumber":3,"author":{"gitId":"ruyian"},"content":"    private int taskIndex \u003d 0;","lastModifiedDate":"2021-08-25"},{"lineNumber":4,"author":{"gitId":"ruyian"},"content":"    private static final int MAX_TASK \u003d 100;","lastModifiedDate":"2021-09-02"},{"lineNumber":5,"author":{"gitId":"ruyian"},"content":"","lastModifiedDate":"2021-08-25"},{"lineNumber":6,"author":{"gitId":"ruyian"},"content":"    {","lastModifiedDate":"2021-08-26"},{"lineNumber":7,"author":{"gitId":"ruyian"},"content":"        tasks \u003d new Task[MAX_TASK];","lastModifiedDate":"2021-09-02"},{"lineNumber":8,"author":{"gitId":"ruyian"},"content":"    }","lastModifiedDate":"2021-08-26"},{"lineNumber":9,"author":{"gitId":"ruyian"},"content":"","lastModifiedDate":"2021-08-26"},{"lineNumber":10,"author":{"gitId":"ruyian"},"content":"    public void addTask(String taskInput) {","lastModifiedDate":"2021-08-25"},{"lineNumber":11,"author":{"gitId":"ruyian"},"content":"        tasks[taskIndex++] \u003d new Task(taskInput);","lastModifiedDate":"2021-08-25"},{"lineNumber":12,"author":{"gitId":"ruyian"},"content":"    }","lastModifiedDate":"2021-08-25"},{"lineNumber":13,"author":{"gitId":"ruyian"},"content":"","lastModifiedDate":"2021-08-25"},{"lineNumber":14,"author":{"gitId":"ruyian"},"content":"    public Task addTodo(String todoInput) {","lastModifiedDate":"2021-08-31"},{"lineNumber":15,"author":{"gitId":"ruyian"},"content":"        tasks[taskIndex++] \u003d new ToDo(todoInput);","lastModifiedDate":"2021-08-31"},{"lineNumber":16,"author":{"gitId":"ruyian"},"content":"        return tasks[taskIndex - 1];","lastModifiedDate":"2021-08-31"},{"lineNumber":17,"author":{"gitId":"ruyian"},"content":"    }","lastModifiedDate":"2021-08-31"},{"lineNumber":18,"author":{"gitId":"ruyian"},"content":"","lastModifiedDate":"2021-08-31"},{"lineNumber":19,"author":{"gitId":"ruyian"},"content":"    public Task addEvent(String todoInput) {","lastModifiedDate":"2021-08-31"},{"lineNumber":20,"author":{"gitId":"ruyian"},"content":"        tasks[taskIndex++] \u003d new Event(todoInput);","lastModifiedDate":"2021-08-31"},{"lineNumber":21,"author":{"gitId":"ruyian"},"content":"        return tasks[taskIndex - 1];","lastModifiedDate":"2021-08-31"},{"lineNumber":22,"author":{"gitId":"ruyian"},"content":"    }","lastModifiedDate":"2021-08-31"},{"lineNumber":23,"author":{"gitId":"ruyian"},"content":"","lastModifiedDate":"2021-08-31"},{"lineNumber":24,"author":{"gitId":"ruyian"},"content":"    public Task addDeadline(String todoInput) {","lastModifiedDate":"2021-08-31"},{"lineNumber":25,"author":{"gitId":"ruyian"},"content":"        tasks[taskIndex++] \u003d new Deadline(todoInput);","lastModifiedDate":"2021-08-31"},{"lineNumber":26,"author":{"gitId":"ruyian"},"content":"        return tasks[taskIndex - 1];","lastModifiedDate":"2021-08-31"},{"lineNumber":27,"author":{"gitId":"ruyian"},"content":"    }","lastModifiedDate":"2021-08-31"},{"lineNumber":28,"author":{"gitId":"ruyian"},"content":"","lastModifiedDate":"2021-08-31"},{"lineNumber":29,"author":{"gitId":"ruyian"},"content":"    public int getTaskIndex() {","lastModifiedDate":"2021-08-25"},{"lineNumber":30,"author":{"gitId":"ruyian"},"content":"        return this.taskIndex;","lastModifiedDate":"2021-08-25"},{"lineNumber":31,"author":{"gitId":"ruyian"},"content":"    }","lastModifiedDate":"2021-08-25"},{"lineNumber":32,"author":{"gitId":"ruyian"},"content":"","lastModifiedDate":"2021-08-25"},{"lineNumber":33,"author":{"gitId":"ruyian"},"content":"    public void printList() {","lastModifiedDate":"2021-08-25"},{"lineNumber":34,"author":{"gitId":"ruyian"},"content":"        int i;","lastModifiedDate":"2021-08-25"},{"lineNumber":35,"author":{"gitId":"ruyian"},"content":"        for (i \u003d 0; i \u003c taskIndex; i++) {","lastModifiedDate":"2021-08-25"},{"lineNumber":36,"author":{"gitId":"ruyian"},"content":"            System.out.printf(\"%d.%s%n\", i + 1, tasks[i]);","lastModifiedDate":"2021-08-31"},{"lineNumber":37,"author":{"gitId":"ruyian"},"content":"        }","lastModifiedDate":"2021-08-25"},{"lineNumber":38,"author":{"gitId":"ruyian"},"content":"    }","lastModifiedDate":"2021-08-25"},{"lineNumber":39,"author":{"gitId":"ruyian"},"content":"","lastModifiedDate":"2021-08-25"},{"lineNumber":40,"author":{"gitId":"ruyian"},"content":"    // search the Task in the array by index","lastModifiedDate":"2021-08-31"},{"lineNumber":41,"author":{"gitId":"ruyian"},"content":"    public Task searchTask(int taskIndex) {","lastModifiedDate":"2021-08-25"},{"lineNumber":42,"author":{"gitId":"ruyian"},"content":"        if (taskIndex \u003c 0 || taskIndex \u003e this.taskIndex) {","lastModifiedDate":"2021-08-26"},{"lineNumber":43,"author":{"gitId":"ruyian"},"content":"            return null;","lastModifiedDate":"2021-08-25"},{"lineNumber":44,"author":{"gitId":"ruyian"},"content":"        }","lastModifiedDate":"2021-08-25"},{"lineNumber":45,"author":{"gitId":"ruyian"},"content":"        return tasks[taskIndex];","lastModifiedDate":"2021-08-25"},{"lineNumber":46,"author":{"gitId":"ruyian"},"content":"    }","lastModifiedDate":"2021-08-25"},{"lineNumber":47,"author":{"gitId":"ruyian"},"content":"}","lastModifiedDate":"2021-08-25"}],"authorContributionMap":{"ruyian":47}},{"path":"src/main/java/ToDo.java","fileType":"java","lines":[{"lineNumber":1,"author":{"gitId":"ruyian"},"content":"public class ToDo extends Task {","lastModifiedDate":"2021-08-31"},{"lineNumber":2,"author":{"gitId":"ruyian"},"content":"","lastModifiedDate":"2021-08-31"},{"lineNumber":3,"author":{"gitId":"ruyian"},"content":"    public ToDo(String description) {","lastModifiedDate":"2021-08-31"},{"lineNumber":4,"author":{"gitId":"ruyian"},"content":"        super(description);","lastModifiedDate":"2021-08-31"},{"lineNumber":5,"author":{"gitId":"ruyian"},"content":"        this.taskType \u003d \"T\";","lastModifiedDate":"2021-08-31"},{"lineNumber":6,"author":{"gitId":"ruyian"},"content":"    }","lastModifiedDate":"2021-08-31"},{"lineNumber":7,"author":{"gitId":"ruyian"},"content":"","lastModifiedDate":"2021-08-31"},{"lineNumber":8,"author":{"gitId":"ruyian"},"content":"}","lastModifiedDate":"2021-08-31"}],"authorContributionMap":{"ruyian":8}}]
