[{"path":"data/duke.txt","fileType":"txt","lines":[{"lineNumber":1,"author":{"gitId":"ruyian"},"content":"T | 0 | aaaa","lastModifiedDate":"2021-09-14"},{"lineNumber":2,"author":{"gitId":"ruyian"},"content":"E | 0 | bbbbb | June","lastModifiedDate":"2021-09-14"}],"authorContributionMap":{"ruyian":2}},{"path":"src/main/java/Duke.java","fileType":"java","lines":[{"lineNumber":1,"author":{"gitId":"ruyian"},"content":"import duke.exception.EmptyInputException;","lastModifiedDate":"2021-09-12"},{"lineNumber":2,"author":{"gitId":"ruyian"},"content":"import duke.exception.IrregularInputException;","lastModifiedDate":"2021-09-08"},{"lineNumber":3,"author":{"gitId":"ruyian"},"content":"import duke.exception.RepeatedCompletionException;","lastModifiedDate":"2021-09-08"},{"lineNumber":4,"author":{"gitId":"ruyian"},"content":"import duke.task.Task;","lastModifiedDate":"2021-09-08"},{"lineNumber":5,"author":{"gitId":"ruyian"},"content":"import duke.task.TaskBank;","lastModifiedDate":"2021-09-08"},{"lineNumber":6,"author":{"gitId":"ruyian"},"content":"","lastModifiedDate":"2021-09-08"},{"lineNumber":7,"author":{"gitId":"ruyian"},"content":"import java.io.File;","lastModifiedDate":"2021-09-14"},{"lineNumber":8,"author":{"gitId":"ruyian"},"content":"import java.util.Scanner;","lastModifiedDate":"2021-08-25"},{"lineNumber":9,"author":{"gitId":"ruyian"},"content":"","lastModifiedDate":"2021-08-25"},{"lineNumber":10,"author":{"gitId":"-"},"content":"public class Duke {","lastModifiedDate":"2019-07-29"},{"lineNumber":11,"author":{"gitId":"ruyian"},"content":"    static final String filePath \u003d \"./data/duke.txt\";","lastModifiedDate":"2021-09-14"},{"lineNumber":12,"author":{"gitId":"ruyian"},"content":"","lastModifiedDate":"2021-09-14"},{"lineNumber":13,"author":{"gitId":"-"},"content":"    public static void main(String[] args) {","lastModifiedDate":"2019-07-29"},{"lineNumber":14,"author":{"gitId":"ruyian"},"content":"        try (Scanner sc \u003d new Scanner(System.in)) {","lastModifiedDate":"2021-08-25"},{"lineNumber":15,"author":{"gitId":"ruyian"},"content":"            File f \u003d new File(filePath);","lastModifiedDate":"2021-09-14"},{"lineNumber":16,"author":{"gitId":"ruyian"},"content":"            if (f.exists()) {","lastModifiedDate":"2021-09-14"},{"lineNumber":17,"author":{"gitId":"ruyian"},"content":"                Chatter.load();","lastModifiedDate":"2021-09-14"},{"lineNumber":18,"author":{"gitId":"ruyian"},"content":"            } else {","lastModifiedDate":"2021-09-14"},{"lineNumber":19,"author":{"gitId":"ruyian"},"content":"                Chatter.greet();","lastModifiedDate":"2021-08-26"},{"lineNumber":20,"author":{"gitId":"ruyian"},"content":"            }","lastModifiedDate":"2021-09-14"},{"lineNumber":21,"author":{"gitId":"ruyian"},"content":"            Chatter.talk(sc);","lastModifiedDate":"2021-09-08"},{"lineNumber":22,"author":{"gitId":"ruyian"},"content":"        }","lastModifiedDate":"2021-09-08"},{"lineNumber":23,"author":{"gitId":"-"},"content":"    }","lastModifiedDate":"2021-09-08"},{"lineNumber":24,"author":{"gitId":"-"},"content":"}","lastModifiedDate":"2021-09-08"},{"lineNumber":25,"author":{"gitId":"ruyian"},"content":"","lastModifiedDate":"2021-09-08"},{"lineNumber":26,"author":{"gitId":"ruyian"},"content":"class Chatter {","lastModifiedDate":"2021-09-08"},{"lineNumber":27,"author":{"gitId":"ruyian"},"content":"    static TaskBank taskBank \u003d new TaskBank();","lastModifiedDate":"2021-09-08"},{"lineNumber":28,"author":{"gitId":"ruyian"},"content":"","lastModifiedDate":"2021-09-08"},{"lineNumber":29,"author":{"gitId":"ruyian"},"content":"    static void greet() {","lastModifiedDate":"2021-09-08"},{"lineNumber":30,"author":{"gitId":"ruyian"},"content":"        printDashLine();","lastModifiedDate":"2021-09-12"},{"lineNumber":31,"author":{"gitId":"ruyian"},"content":"        System.out.printf(\"Hello! I\u0027m Duke, your task manager.%n\" +","lastModifiedDate":"2021-09-12"},{"lineNumber":32,"author":{"gitId":"ruyian"},"content":"                \"Its the first time I see you%n\" +","lastModifiedDate":"2021-09-14"},{"lineNumber":33,"author":{"gitId":"ruyian"},"content":"                \"Key in your tasks below!%n\");","lastModifiedDate":"2021-09-12"},{"lineNumber":34,"author":{"gitId":"ruyian"},"content":"        printDashLine();","lastModifiedDate":"2021-09-12"},{"lineNumber":35,"author":{"gitId":"ruyian"},"content":"    }","lastModifiedDate":"2021-09-08"},{"lineNumber":36,"author":{"gitId":"ruyian"},"content":"","lastModifiedDate":"2021-09-08"},{"lineNumber":37,"author":{"gitId":"ruyian"},"content":"    static void load() {","lastModifiedDate":"2021-09-14"},{"lineNumber":38,"author":{"gitId":"ruyian"},"content":"        System.out.printf(\"____________________________________________________________%n\" +","lastModifiedDate":"2021-09-14"},{"lineNumber":39,"author":{"gitId":"ruyian"},"content":"                \"Hello! I\u0027m Duke, your task manager.%n\" +","lastModifiedDate":"2021-09-14"},{"lineNumber":40,"author":{"gitId":"ruyian"},"content":"                \"I have loaded the tasks you have keyed in the last time%n\" +","lastModifiedDate":"2021-09-14"},{"lineNumber":41,"author":{"gitId":"ruyian"},"content":"                \"Continue to key in your tasks below!%n\" +","lastModifiedDate":"2021-09-14"},{"lineNumber":42,"author":{"gitId":"ruyian"},"content":"                \"____________________________________________________________%n\");","lastModifiedDate":"2021-09-14"},{"lineNumber":43,"author":{"gitId":"ruyian"},"content":"        taskBank.loadTasks();","lastModifiedDate":"2021-09-14"},{"lineNumber":44,"author":{"gitId":"ruyian"},"content":"    }","lastModifiedDate":"2021-09-14"},{"lineNumber":45,"author":{"gitId":"ruyian"},"content":"","lastModifiedDate":"2021-09-14"},{"lineNumber":46,"author":{"gitId":"ruyian"},"content":"    static void talk(Scanner sc) {","lastModifiedDate":"2021-09-08"},{"lineNumber":47,"author":{"gitId":"ruyian"},"content":"        String sentence;","lastModifiedDate":"2021-09-08"},{"lineNumber":48,"author":{"gitId":"ruyian"},"content":"        while (true) {","lastModifiedDate":"2021-08-25"},{"lineNumber":49,"author":{"gitId":"ruyian"},"content":"            try {","lastModifiedDate":"2021-09-08"},{"lineNumber":50,"author":{"gitId":"ruyian"},"content":"                sentence \u003d sc.nextLine();","lastModifiedDate":"2021-08-25"},{"lineNumber":51,"author":{"gitId":"ruyian"},"content":"                if (sentence.isEmpty()) {","lastModifiedDate":"2021-09-12"},{"lineNumber":52,"author":{"gitId":"ruyian"},"content":"                    throw new EmptyInputException(\"Empty input! Try again (o|o)\\n\");","lastModifiedDate":"2021-09-12"},{"lineNumber":53,"author":{"gitId":"ruyian"},"content":"                } else if (sentence.equals(\"bye\")) {","lastModifiedDate":"2021-09-12"},{"lineNumber":54,"author":{"gitId":"ruyian"},"content":"                    Chatter.bye();","lastModifiedDate":"2021-08-26"},{"lineNumber":55,"author":{"gitId":"ruyian"},"content":"                    break;","lastModifiedDate":"2021-08-25"},{"lineNumber":56,"author":{"gitId":"ruyian"},"content":"                } else if (sentence.equals(\"list\")) {","lastModifiedDate":"2021-08-25"},{"lineNumber":57,"author":{"gitId":"ruyian"},"content":"                    Chatter.list();","lastModifiedDate":"2021-08-26"},{"lineNumber":58,"author":{"gitId":"ruyian"},"content":"                } else if (sentence.startsWith(\"done\")) {","lastModifiedDate":"2021-08-25"},{"lineNumber":59,"author":{"gitId":"ruyian"},"content":"                    Chatter.done(sentence);","lastModifiedDate":"2021-08-26"},{"lineNumber":60,"author":{"gitId":"ruyian"},"content":"                } else if (sentence.startsWith(\"todo\")) {","lastModifiedDate":"2021-08-31"},{"lineNumber":61,"author":{"gitId":"ruyian"},"content":"                    Task newTask \u003d Chatter.taskBank.addTodo(sentence);","lastModifiedDate":"2021-08-31"},{"lineNumber":62,"author":{"gitId":"ruyian"},"content":"                    Chatter.add(newTask);","lastModifiedDate":"2021-09-08"},{"lineNumber":63,"author":{"gitId":"ruyian"},"content":"                } else if (sentence.startsWith(\"deadline\")) {","lastModifiedDate":"2021-08-31"},{"lineNumber":64,"author":{"gitId":"ruyian"},"content":"                    Task newTask \u003d Chatter.taskBank.addDeadline(sentence);","lastModifiedDate":"2021-08-31"},{"lineNumber":65,"author":{"gitId":"ruyian"},"content":"                    Chatter.add(newTask);","lastModifiedDate":"2021-09-08"},{"lineNumber":66,"author":{"gitId":"ruyian"},"content":"                } else if (sentence.startsWith(\"event\")) {","lastModifiedDate":"2021-08-31"},{"lineNumber":67,"author":{"gitId":"ruyian"},"content":"                    Task newTask \u003d Chatter.taskBank.addEvent(sentence);","lastModifiedDate":"2021-08-31"},{"lineNumber":68,"author":{"gitId":"ruyian"},"content":"                    Chatter.add(newTask);","lastModifiedDate":"2021-09-08"},{"lineNumber":69,"author":{"gitId":"ruyian"},"content":"","lastModifiedDate":"2021-09-14"},{"lineNumber":70,"author":{"gitId":"ruyian"},"content":"                } else if (sentence.startsWith(\"delete\")) {","lastModifiedDate":"2021-09-12"},{"lineNumber":71,"author":{"gitId":"ruyian"},"content":"                    Chatter.deleteTask(sentence);","lastModifiedDate":"2021-09-12"},{"lineNumber":72,"author":{"gitId":"ruyian"},"content":"","lastModifiedDate":"2021-09-14"},{"lineNumber":73,"author":{"gitId":"ruyian"},"content":"                } else if (sentence.startsWith(\"clear\")) {","lastModifiedDate":"2021-09-14"},{"lineNumber":74,"author":{"gitId":"ruyian"},"content":"                    Chatter.clear();","lastModifiedDate":"2021-09-14"},{"lineNumber":75,"author":{"gitId":"ruyian"},"content":"                } else {","lastModifiedDate":"2021-08-31"},{"lineNumber":76,"author":{"gitId":"ruyian"},"content":"                    throw new IrregularInputException(\"☹ OOPS!!! I\u0027m sorry, but I don\u0027t know what that means :-(\" +","lastModifiedDate":"2021-09-12"},{"lineNumber":77,"author":{"gitId":"ruyian"},"content":"                            \"\\nPlease try again!\");","lastModifiedDate":"2021-09-12"},{"lineNumber":78,"author":{"gitId":"ruyian"},"content":"                }","lastModifiedDate":"2021-08-25"},{"lineNumber":79,"author":{"gitId":"ruyian"},"content":"            } catch (IrregularInputException e) {","lastModifiedDate":"2021-09-08"},{"lineNumber":80,"author":{"gitId":"ruyian"},"content":"                printDashLine();","lastModifiedDate":"2021-09-12"},{"lineNumber":81,"author":{"gitId":"ruyian"},"content":"                System.out.println(e.getMessage());","lastModifiedDate":"2021-09-12"},{"lineNumber":82,"author":{"gitId":"ruyian"},"content":"                printDashLine();","lastModifiedDate":"2021-09-12"},{"lineNumber":83,"author":{"gitId":"ruyian"},"content":"            } catch (IndexOutOfBoundsException e) {","lastModifiedDate":"2021-09-08"},{"lineNumber":84,"author":{"gitId":"ruyian"},"content":"                System.out.println(e.getMessage());","lastModifiedDate":"2021-09-12"},{"lineNumber":85,"author":{"gitId":"ruyian"},"content":"                printDashLine();","lastModifiedDate":"2021-09-12"},{"lineNumber":86,"author":{"gitId":"ruyian"},"content":"            } catch (RepeatedCompletionException e) {","lastModifiedDate":"2021-09-08"},{"lineNumber":87,"author":{"gitId":"ruyian"},"content":"                System.out.println(e.getMessage());","lastModifiedDate":"2021-09-12"},{"lineNumber":88,"author":{"gitId":"ruyian"},"content":"                printDashLine();","lastModifiedDate":"2021-09-12"},{"lineNumber":89,"author":{"gitId":"ruyian"},"content":"            } catch (EmptyInputException e) {","lastModifiedDate":"2021-09-12"},{"lineNumber":90,"author":{"gitId":"ruyian"},"content":"                printDashLine();","lastModifiedDate":"2021-09-12"},{"lineNumber":91,"author":{"gitId":"ruyian"},"content":"                System.out.println(e.getMessage());","lastModifiedDate":"2021-09-12"},{"lineNumber":92,"author":{"gitId":"ruyian"},"content":"                printDashLine();","lastModifiedDate":"2021-09-12"},{"lineNumber":93,"author":{"gitId":"ruyian"},"content":"            } catch (NumberFormatException e) {","lastModifiedDate":"2021-09-12"},{"lineNumber":94,"author":{"gitId":"ruyian"},"content":"                printDashLine();","lastModifiedDate":"2021-09-12"},{"lineNumber":95,"author":{"gitId":"ruyian"},"content":"                System.out.printf(\"Not a valid number. Try again%n\");","lastModifiedDate":"2021-09-12"},{"lineNumber":96,"author":{"gitId":"ruyian"},"content":"                printDashLine();","lastModifiedDate":"2021-09-12"},{"lineNumber":97,"author":{"gitId":"ruyian"},"content":"            }","lastModifiedDate":"2021-09-08"},{"lineNumber":98,"author":{"gitId":"ruyian"},"content":"        }","lastModifiedDate":"2021-09-08"},{"lineNumber":99,"author":{"gitId":"ruyian"},"content":"","lastModifiedDate":"2021-09-12"},{"lineNumber":100,"author":{"gitId":"ruyian"},"content":"    }","lastModifiedDate":"2021-08-25"},{"lineNumber":101,"author":{"gitId":"ruyian"},"content":"","lastModifiedDate":"2021-08-25"},{"lineNumber":102,"author":{"gitId":"ruyian"},"content":"    static void add(Task newTask) {","lastModifiedDate":"2021-09-08"},{"lineNumber":103,"author":{"gitId":"ruyian"},"content":"        printDashLine();","lastModifiedDate":"2021-09-12"},{"lineNumber":104,"author":{"gitId":"ruyian"},"content":"        System.out.printf(\"Got it. I\u0027ve added this task: %n \" +","lastModifiedDate":"2021-09-12"},{"lineNumber":105,"author":{"gitId":"ruyian"},"content":"                newTask +","lastModifiedDate":"2021-08-31"},{"lineNumber":106,"author":{"gitId":"ruyian"},"content":"        \"%nNow you have \" + taskBank.getTaskSize() +","lastModifiedDate":"2021-09-12"},{"lineNumber":107,"author":{"gitId":"ruyian"},"content":"                \" tasks in the list.%n\");","lastModifiedDate":"2021-09-12"},{"lineNumber":108,"author":{"gitId":"ruyian"},"content":"        printDashLine();","lastModifiedDate":"2021-09-12"},{"lineNumber":109,"author":{"gitId":"ruyian"},"content":"        taskBank.exportTasks();","lastModifiedDate":"2021-09-14"},{"lineNumber":110,"author":{"gitId":"ruyian"},"content":"    }","lastModifiedDate":"2021-08-25"},{"lineNumber":111,"author":{"gitId":"ruyian"},"content":"","lastModifiedDate":"2021-08-25"},{"lineNumber":112,"author":{"gitId":"ruyian"},"content":"    static void bye() {","lastModifiedDate":"2021-08-25"},{"lineNumber":113,"author":{"gitId":"ruyian"},"content":"        printDashLine();","lastModifiedDate":"2021-09-12"},{"lineNumber":114,"author":{"gitId":"ruyian"},"content":"        System.out.printf(\"Bye. Hope to see you again soon!%n\");","lastModifiedDate":"2021-09-12"},{"lineNumber":115,"author":{"gitId":"ruyian"},"content":"        printDashLine();","lastModifiedDate":"2021-09-12"},{"lineNumber":116,"author":{"gitId":"-"},"content":"    }","lastModifiedDate":"2019-07-29"},{"lineNumber":117,"author":{"gitId":"ruyian"},"content":"","lastModifiedDate":"2021-08-25"},{"lineNumber":118,"author":{"gitId":"ruyian"},"content":"    static void list() {","lastModifiedDate":"2021-08-25"},{"lineNumber":119,"author":{"gitId":"ruyian"},"content":"        printDashLine();","lastModifiedDate":"2021-09-12"},{"lineNumber":120,"author":{"gitId":"ruyian"},"content":"        System.out.printf(\"Here are the tasks in your list:%n\");","lastModifiedDate":"2021-08-25"},{"lineNumber":121,"author":{"gitId":"ruyian"},"content":"        taskBank.printList();","lastModifiedDate":"2021-08-25"},{"lineNumber":122,"author":{"gitId":"ruyian"},"content":"        printDashLine();","lastModifiedDate":"2021-09-12"},{"lineNumber":123,"author":{"gitId":"ruyian"},"content":"    }","lastModifiedDate":"2021-08-25"},{"lineNumber":124,"author":{"gitId":"ruyian"},"content":"","lastModifiedDate":"2021-08-25"},{"lineNumber":125,"author":{"gitId":"ruyian"},"content":"    static void done(String sentence) throws RepeatedCompletionException, NumberFormatException {","lastModifiedDate":"2021-09-12"},{"lineNumber":126,"author":{"gitId":"ruyian"},"content":"        String[] words \u003d sentence.split(\" \");","lastModifiedDate":"2021-08-25"},{"lineNumber":127,"author":{"gitId":"ruyian"},"content":"        int targetIndex \u003d Integer.parseInt(words[1]) - 1;","lastModifiedDate":"2021-08-25"},{"lineNumber":128,"author":{"gitId":"ruyian"},"content":"        Task targetTask \u003d taskBank.searchTask(targetIndex);","lastModifiedDate":"2021-08-25"},{"lineNumber":129,"author":{"gitId":"ruyian"},"content":"        targetTask.markAsDone();","lastModifiedDate":"2021-09-12"},{"lineNumber":130,"author":{"gitId":"ruyian"},"content":"        System.out.printf(\"Nice! I\u0027ve marked this task as done: %n\");","lastModifiedDate":"2021-09-12"},{"lineNumber":131,"author":{"gitId":"ruyian"},"content":"        System.out.println(\"  \" + targetTask);","lastModifiedDate":"2021-09-12"},{"lineNumber":132,"author":{"gitId":"ruyian"},"content":"        printDashLine();","lastModifiedDate":"2021-09-12"},{"lineNumber":133,"author":{"gitId":"ruyian"},"content":"    }","lastModifiedDate":"2021-09-12"},{"lineNumber":134,"author":{"gitId":"ruyian"},"content":"","lastModifiedDate":"2021-09-12"},{"lineNumber":135,"author":{"gitId":"ruyian"},"content":"    static void deleteTask(String sentence) {","lastModifiedDate":"2021-09-12"},{"lineNumber":136,"author":{"gitId":"ruyian"},"content":"        String[] words \u003d sentence.split(\" \");","lastModifiedDate":"2021-09-12"},{"lineNumber":137,"author":{"gitId":"ruyian"},"content":"        int targetIndex \u003d Integer.parseInt(words[1]) - 1;","lastModifiedDate":"2021-09-12"},{"lineNumber":138,"author":{"gitId":"ruyian"},"content":"        Task deletedTask \u003d Chatter.taskBank.removeTask(targetIndex);","lastModifiedDate":"2021-09-12"},{"lineNumber":139,"author":{"gitId":"ruyian"},"content":"        printDashLine();","lastModifiedDate":"2021-09-12"},{"lineNumber":140,"author":{"gitId":"ruyian"},"content":"        System.out.printf(\"Noted. I\u0027ve removed this task: %n\");","lastModifiedDate":"2021-09-12"},{"lineNumber":141,"author":{"gitId":"ruyian"},"content":"        System.out.println(\"  \" + deletedTask);","lastModifiedDate":"2021-09-12"},{"lineNumber":142,"author":{"gitId":"ruyian"},"content":"        System.out.printf(\"Now you have \" + taskBank.getTaskSize() +","lastModifiedDate":"2021-09-12"},{"lineNumber":143,"author":{"gitId":"ruyian"},"content":"                \" tasks in the list.%n\");","lastModifiedDate":"2021-09-12"},{"lineNumber":144,"author":{"gitId":"ruyian"},"content":"        printDashLine();","lastModifiedDate":"2021-09-12"},{"lineNumber":145,"author":{"gitId":"ruyian"},"content":"    }","lastModifiedDate":"2021-09-12"},{"lineNumber":146,"author":{"gitId":"ruyian"},"content":"","lastModifiedDate":"2021-09-12"},{"lineNumber":147,"author":{"gitId":"ruyian"},"content":"    static void printDashLine() {","lastModifiedDate":"2021-09-12"},{"lineNumber":148,"author":{"gitId":"ruyian"},"content":"        System.out.printf(\"____________________________________________________________%n\");","lastModifiedDate":"2021-08-25"},{"lineNumber":149,"author":{"gitId":"ruyian"},"content":"    }","lastModifiedDate":"2021-08-25"},{"lineNumber":150,"author":{"gitId":"ruyian"},"content":"","lastModifiedDate":"2021-09-14"},{"lineNumber":151,"author":{"gitId":"ruyian"},"content":"    static void clear() {","lastModifiedDate":"2021-09-14"},{"lineNumber":152,"author":{"gitId":"ruyian"},"content":"        taskBank.clear();","lastModifiedDate":"2021-09-14"},{"lineNumber":153,"author":{"gitId":"ruyian"},"content":"        System.out.println(\"I have cleared all the tasks!\");","lastModifiedDate":"2021-09-14"},{"lineNumber":154,"author":{"gitId":"ruyian"},"content":"    }","lastModifiedDate":"2021-09-14"},{"lineNumber":155,"author":{"gitId":"-"},"content":"}","lastModifiedDate":"2019-07-29"},{"lineNumber":156,"author":{"gitId":"ruyian"},"content":"","lastModifiedDate":"2021-08-25"}],"authorContributionMap":{"ruyian":150,"-":6}},{"path":"src/main/java/duke/exception/DukeException.java","fileType":"java","lines":[{"lineNumber":1,"author":{"gitId":"ruyian"},"content":"package duke.exception;","lastModifiedDate":"2021-09-08"},{"lineNumber":2,"author":{"gitId":"ruyian"},"content":"","lastModifiedDate":"2021-09-08"},{"lineNumber":3,"author":{"gitId":"ruyian"},"content":"public class DukeException extends Exception {","lastModifiedDate":"2021-09-08"},{"lineNumber":4,"author":{"gitId":"ruyian"},"content":"    public DukeException() {","lastModifiedDate":"2021-09-12"},{"lineNumber":5,"author":{"gitId":"ruyian"},"content":"        super();","lastModifiedDate":"2021-09-12"},{"lineNumber":6,"author":{"gitId":"ruyian"},"content":"    }","lastModifiedDate":"2021-09-12"},{"lineNumber":7,"author":{"gitId":"ruyian"},"content":"","lastModifiedDate":"2021-09-12"},{"lineNumber":8,"author":{"gitId":"ruyian"},"content":"    public DukeException(String message) {","lastModifiedDate":"2021-09-12"},{"lineNumber":9,"author":{"gitId":"ruyian"},"content":"        super(message);","lastModifiedDate":"2021-09-12"},{"lineNumber":10,"author":{"gitId":"ruyian"},"content":"    }","lastModifiedDate":"2021-09-12"},{"lineNumber":11,"author":{"gitId":"ruyian"},"content":"","lastModifiedDate":"2021-09-12"},{"lineNumber":12,"author":{"gitId":"ruyian"},"content":"}","lastModifiedDate":"2021-09-08"}],"authorContributionMap":{"ruyian":12}},{"path":"src/main/java/duke/exception/EmptyInputException.java","fileType":"java","lines":[{"lineNumber":1,"author":{"gitId":"ruyian"},"content":"package duke.exception;","lastModifiedDate":"2021-09-12"},{"lineNumber":2,"author":{"gitId":"ruyian"},"content":"","lastModifiedDate":"2021-09-12"},{"lineNumber":3,"author":{"gitId":"ruyian"},"content":"public class EmptyInputException extends DukeException {","lastModifiedDate":"2021-09-12"},{"lineNumber":4,"author":{"gitId":"ruyian"},"content":"","lastModifiedDate":"2021-09-12"},{"lineNumber":5,"author":{"gitId":"ruyian"},"content":"    public EmptyInputException() {","lastModifiedDate":"2021-09-12"},{"lineNumber":6,"author":{"gitId":"ruyian"},"content":"        super();","lastModifiedDate":"2021-09-12"},{"lineNumber":7,"author":{"gitId":"ruyian"},"content":"    }","lastModifiedDate":"2021-09-12"},{"lineNumber":8,"author":{"gitId":"ruyian"},"content":"","lastModifiedDate":"2021-09-12"},{"lineNumber":9,"author":{"gitId":"ruyian"},"content":"    public EmptyInputException(String mesagge) {","lastModifiedDate":"2021-09-12"},{"lineNumber":10,"author":{"gitId":"ruyian"},"content":"        super(mesagge);","lastModifiedDate":"2021-09-12"},{"lineNumber":11,"author":{"gitId":"ruyian"},"content":"    }","lastModifiedDate":"2021-09-12"},{"lineNumber":12,"author":{"gitId":"ruyian"},"content":"","lastModifiedDate":"2021-09-12"},{"lineNumber":13,"author":{"gitId":"ruyian"},"content":"}","lastModifiedDate":"2021-09-12"}],"authorContributionMap":{"ruyian":13}},{"path":"src/main/java/duke/exception/IrregularInputException.java","fileType":"java","lines":[{"lineNumber":1,"author":{"gitId":"ruyian"},"content":"package duke.exception;","lastModifiedDate":"2021-09-08"},{"lineNumber":2,"author":{"gitId":"ruyian"},"content":"","lastModifiedDate":"2021-09-08"},{"lineNumber":3,"author":{"gitId":"ruyian"},"content":"public class IrregularInputException extends DukeException {","lastModifiedDate":"2021-09-08"},{"lineNumber":4,"author":{"gitId":"ruyian"},"content":"    public IrregularInputException() {","lastModifiedDate":"2021-09-12"},{"lineNumber":5,"author":{"gitId":"ruyian"},"content":"        super();","lastModifiedDate":"2021-09-12"},{"lineNumber":6,"author":{"gitId":"ruyian"},"content":"    }","lastModifiedDate":"2021-09-12"},{"lineNumber":7,"author":{"gitId":"ruyian"},"content":"","lastModifiedDate":"2021-09-12"},{"lineNumber":8,"author":{"gitId":"ruyian"},"content":"    public IrregularInputException(String message) {","lastModifiedDate":"2021-09-12"},{"lineNumber":9,"author":{"gitId":"ruyian"},"content":"        super(message);","lastModifiedDate":"2021-09-12"},{"lineNumber":10,"author":{"gitId":"ruyian"},"content":"    }","lastModifiedDate":"2021-09-12"},{"lineNumber":11,"author":{"gitId":"ruyian"},"content":"}","lastModifiedDate":"2021-09-08"}],"authorContributionMap":{"ruyian":11}},{"path":"src/main/java/duke/exception/RepeatedCompletionException.java","fileType":"java","lines":[{"lineNumber":1,"author":{"gitId":"ruyian"},"content":"package duke.exception;","lastModifiedDate":"2021-09-08"},{"lineNumber":2,"author":{"gitId":"ruyian"},"content":"","lastModifiedDate":"2021-09-08"},{"lineNumber":3,"author":{"gitId":"ruyian"},"content":"public class RepeatedCompletionException extends DukeException{","lastModifiedDate":"2021-09-08"},{"lineNumber":4,"author":{"gitId":"ruyian"},"content":"","lastModifiedDate":"2021-09-12"},{"lineNumber":5,"author":{"gitId":"ruyian"},"content":"    public RepeatedCompletionException(){","lastModifiedDate":"2021-09-12"},{"lineNumber":6,"author":{"gitId":"ruyian"},"content":"        super();","lastModifiedDate":"2021-09-12"},{"lineNumber":7,"author":{"gitId":"ruyian"},"content":"    }","lastModifiedDate":"2021-09-12"},{"lineNumber":8,"author":{"gitId":"ruyian"},"content":"","lastModifiedDate":"2021-09-12"},{"lineNumber":9,"author":{"gitId":"ruyian"},"content":"    public RepeatedCompletionException(String message){","lastModifiedDate":"2021-09-12"},{"lineNumber":10,"author":{"gitId":"ruyian"},"content":"        super(message);","lastModifiedDate":"2021-09-12"},{"lineNumber":11,"author":{"gitId":"ruyian"},"content":"    }","lastModifiedDate":"2021-09-12"},{"lineNumber":12,"author":{"gitId":"ruyian"},"content":"}","lastModifiedDate":"2021-09-08"}],"authorContributionMap":{"ruyian":12}},{"path":"src/main/java/duke/task/Deadline.java","fileType":"java","lines":[{"lineNumber":1,"author":{"gitId":"ruyian"},"content":"package duke.task;","lastModifiedDate":"2021-09-08"},{"lineNumber":2,"author":{"gitId":"ruyian"},"content":"","lastModifiedDate":"2021-09-08"},{"lineNumber":3,"author":{"gitId":"ruyian"},"content":"public class Deadline extends Task {","lastModifiedDate":"2021-08-31"},{"lineNumber":4,"author":{"gitId":"ruyian"},"content":"    //private String deadlineDate;","lastModifiedDate":"2021-09-14"},{"lineNumber":5,"author":{"gitId":"ruyian"},"content":"    private String deadlineDateString;","lastModifiedDate":"2021-09-14"},{"lineNumber":6,"author":{"gitId":"ruyian"},"content":"    private String deadlineDate;","lastModifiedDate":"2021-08-31"},{"lineNumber":7,"author":{"gitId":"ruyian"},"content":"","lastModifiedDate":"2021-08-31"},{"lineNumber":8,"author":{"gitId":"ruyian"},"content":"    public Deadline(String description) {","lastModifiedDate":"2021-08-31"},{"lineNumber":9,"author":{"gitId":"ruyian"},"content":"","lastModifiedDate":"2021-09-14"},{"lineNumber":10,"author":{"gitId":"ruyian"},"content":"        super();","lastModifiedDate":"2021-09-14"},{"lineNumber":11,"author":{"gitId":"ruyian"},"content":"        int indexDivider \u003d description.indexOf(\"/\");","lastModifiedDate":"2021-08-31"},{"lineNumber":12,"author":{"gitId":"ruyian"},"content":"        String eventName \u003d description.substring(0, indexDivider).trim();","lastModifiedDate":"2021-09-14"},{"lineNumber":13,"author":{"gitId":"ruyian"},"content":"        String eventDateString \u003d description.substring(indexDivider + 1).trim();","lastModifiedDate":"2021-09-14"},{"lineNumber":14,"author":{"gitId":"ruyian"},"content":"        //String eventDate \u003d eventDateString.split(\" \", 2)[1].trim();","lastModifiedDate":"2021-09-14"},{"lineNumber":15,"author":{"gitId":"ruyian"},"content":"        this.description \u003d eventName;","lastModifiedDate":"2021-09-14"},{"lineNumber":16,"author":{"gitId":"ruyian"},"content":"        this.deadlineDateString \u003d deadlineDateString;","lastModifiedDate":"2021-09-14"},{"lineNumber":17,"author":{"gitId":"ruyian"},"content":"        this.taskType \u003d TaskType.DEADLINE;","lastModifiedDate":"2021-09-12"},{"lineNumber":18,"author":{"gitId":"ruyian"},"content":"    }","lastModifiedDate":"2021-08-31"},{"lineNumber":19,"author":{"gitId":"ruyian"},"content":"","lastModifiedDate":"2021-08-31"},{"lineNumber":20,"author":{"gitId":"ruyian"},"content":"","lastModifiedDate":"2021-09-14"},{"lineNumber":21,"author":{"gitId":"ruyian"},"content":"    public String getDeadlineDateString() {","lastModifiedDate":"2021-09-14"},{"lineNumber":22,"author":{"gitId":"ruyian"},"content":"        return deadlineDateString;","lastModifiedDate":"2021-09-14"},{"lineNumber":23,"author":{"gitId":"ruyian"},"content":"    }","lastModifiedDate":"2021-08-31"},{"lineNumber":24,"author":{"gitId":"ruyian"},"content":"","lastModifiedDate":"2021-08-31"},{"lineNumber":25,"author":{"gitId":"ruyian"},"content":"    @Override","lastModifiedDate":"2021-08-31"},{"lineNumber":26,"author":{"gitId":"ruyian"},"content":"    public String toString() {","lastModifiedDate":"2021-08-31"},{"lineNumber":27,"author":{"gitId":"ruyian"},"content":"        return super.toString() + \" (\" + getDeadlineDateString() + \")\";","lastModifiedDate":"2021-09-14"},{"lineNumber":28,"author":{"gitId":"ruyian"},"content":"    }","lastModifiedDate":"2021-09-14"},{"lineNumber":29,"author":{"gitId":"ruyian"},"content":"","lastModifiedDate":"2021-09-14"},{"lineNumber":30,"author":{"gitId":"ruyian"},"content":"    public String describe() {","lastModifiedDate":"2021-09-14"},{"lineNumber":31,"author":{"gitId":"ruyian"},"content":"        return getDescription() + \" | \" + getDeadlineDateString();","lastModifiedDate":"2021-09-14"},{"lineNumber":32,"author":{"gitId":"ruyian"},"content":"    }","lastModifiedDate":"2021-08-31"},{"lineNumber":33,"author":{"gitId":"ruyian"},"content":"}","lastModifiedDate":"2021-08-31"}],"authorContributionMap":{"ruyian":33}},{"path":"src/main/java/duke/task/Event.java","fileType":"java","lines":[{"lineNumber":1,"author":{"gitId":"ruyian"},"content":"package duke.task;","lastModifiedDate":"2021-09-08"},{"lineNumber":2,"author":{"gitId":"ruyian"},"content":"","lastModifiedDate":"2021-09-08"},{"lineNumber":3,"author":{"gitId":"ruyian"},"content":"public class Event extends Task {","lastModifiedDate":"2021-08-31"},{"lineNumber":4,"author":{"gitId":"ruyian"},"content":"    //private String eventDate;","lastModifiedDate":"2021-09-14"},{"lineNumber":5,"author":{"gitId":"ruyian"},"content":"    private String eventDateString;","lastModifiedDate":"2021-09-14"},{"lineNumber":6,"author":{"gitId":"ruyian"},"content":"","lastModifiedDate":"2021-08-31"},{"lineNumber":7,"author":{"gitId":"ruyian"},"content":"    public Event(String description) {","lastModifiedDate":"2021-08-31"},{"lineNumber":8,"author":{"gitId":"ruyian"},"content":"        super();","lastModifiedDate":"2021-09-12"},{"lineNumber":9,"author":{"gitId":"ruyian"},"content":"        int indexDivider \u003d description.indexOf(\"/\");","lastModifiedDate":"2021-08-31"},{"lineNumber":10,"author":{"gitId":"ruyian"},"content":"        String eventName \u003d description.substring(0, indexDivider).trim();","lastModifiedDate":"2021-08-31"},{"lineNumber":11,"author":{"gitId":"ruyian"},"content":"        String eventDateString \u003d description.substring(indexDivider + 1).trim();","lastModifiedDate":"2021-08-31"},{"lineNumber":12,"author":{"gitId":"ruyian"},"content":"        //String eventDate \u003d eventDateString.split(\" \", 2)[1].trim();","lastModifiedDate":"2021-09-12"},{"lineNumber":13,"author":{"gitId":"ruyian"},"content":"        this.description \u003d eventName;","lastModifiedDate":"2021-09-14"},{"lineNumber":14,"author":{"gitId":"ruyian"},"content":"        this.eventDateString \u003d eventDateString;","lastModifiedDate":"2021-09-14"},{"lineNumber":15,"author":{"gitId":"ruyian"},"content":"        this.taskType \u003d TaskType.EVENT;","lastModifiedDate":"2021-09-12"},{"lineNumber":16,"author":{"gitId":"ruyian"},"content":"    }","lastModifiedDate":"2021-08-31"},{"lineNumber":17,"author":{"gitId":"ruyian"},"content":"","lastModifiedDate":"2021-08-31"},{"lineNumber":18,"author":{"gitId":"ruyian"},"content":"    public String getEventDateString(){","lastModifiedDate":"2021-09-14"},{"lineNumber":19,"author":{"gitId":"ruyian"},"content":"        return eventDateString;","lastModifiedDate":"2021-09-14"},{"lineNumber":20,"author":{"gitId":"ruyian"},"content":"    }","lastModifiedDate":"2021-08-31"},{"lineNumber":21,"author":{"gitId":"ruyian"},"content":"","lastModifiedDate":"2021-08-31"},{"lineNumber":22,"author":{"gitId":"ruyian"},"content":"    @Override","lastModifiedDate":"2021-08-31"},{"lineNumber":23,"author":{"gitId":"ruyian"},"content":"    public String toString() {","lastModifiedDate":"2021-08-31"},{"lineNumber":24,"author":{"gitId":"ruyian"},"content":"        return super.toString()+ \" (\" + getEventDateString() + \")\";","lastModifiedDate":"2021-09-14"},{"lineNumber":25,"author":{"gitId":"ruyian"},"content":"    }","lastModifiedDate":"2021-09-14"},{"lineNumber":26,"author":{"gitId":"ruyian"},"content":"","lastModifiedDate":"2021-09-14"},{"lineNumber":27,"author":{"gitId":"ruyian"},"content":"    // for the use of exporting into a text","lastModifiedDate":"2021-09-14"},{"lineNumber":28,"author":{"gitId":"ruyian"},"content":"    public String describe() {","lastModifiedDate":"2021-09-14"},{"lineNumber":29,"author":{"gitId":"ruyian"},"content":"        return getDescription() + \" | \" + getEventDateString();","lastModifiedDate":"2021-09-14"},{"lineNumber":30,"author":{"gitId":"ruyian"},"content":"    }","lastModifiedDate":"2021-08-31"},{"lineNumber":31,"author":{"gitId":"ruyian"},"content":"}","lastModifiedDate":"2021-08-31"}],"authorContributionMap":{"ruyian":31}},{"path":"src/main/java/duke/task/Task.java","fileType":"java","lines":[{"lineNumber":1,"author":{"gitId":"ruyian"},"content":"package duke.task;","lastModifiedDate":"2021-09-08"},{"lineNumber":2,"author":{"gitId":"ruyian"},"content":"","lastModifiedDate":"2021-09-08"},{"lineNumber":3,"author":{"gitId":"ruyian"},"content":"import duke.exception.RepeatedCompletionException;","lastModifiedDate":"2021-09-12"},{"lineNumber":4,"author":{"gitId":"ruyian"},"content":"enum TaskType {","lastModifiedDate":"2021-09-12"},{"lineNumber":5,"author":{"gitId":"ruyian"},"content":"    TO_DO, DEADLINE, EVENT;","lastModifiedDate":"2021-09-12"},{"lineNumber":6,"author":{"gitId":"ruyian"},"content":"}","lastModifiedDate":"2021-09-12"},{"lineNumber":7,"author":{"gitId":"ruyian"},"content":"","lastModifiedDate":"2021-09-12"},{"lineNumber":8,"author":{"gitId":"ruyian"},"content":"","lastModifiedDate":"2021-09-14"},{"lineNumber":9,"author":{"gitId":"ruyian"},"content":"public abstract class Task {","lastModifiedDate":"2021-09-14"},{"lineNumber":10,"author":{"gitId":"ruyian"},"content":"    protected String description;","lastModifiedDate":"2021-08-25"},{"lineNumber":11,"author":{"gitId":"ruyian"},"content":"    protected boolean isDone;","lastModifiedDate":"2021-08-25"},{"lineNumber":12,"author":{"gitId":"ruyian"},"content":"    protected TaskType taskType;","lastModifiedDate":"2021-09-12"},{"lineNumber":13,"author":{"gitId":"ruyian"},"content":"","lastModifiedDate":"2021-08-31"},{"lineNumber":14,"author":{"gitId":"ruyian"},"content":"    public Task() {","lastModifiedDate":"2021-08-31"},{"lineNumber":15,"author":{"gitId":"ruyian"},"content":"        this.isDone \u003d false;","lastModifiedDate":"2021-09-12"},{"lineNumber":16,"author":{"gitId":"ruyian"},"content":"    }","lastModifiedDate":"2021-08-31"},{"lineNumber":17,"author":{"gitId":"ruyian"},"content":"","lastModifiedDate":"2021-08-25"},{"lineNumber":18,"author":{"gitId":"ruyian"},"content":"    abstract String describe();","lastModifiedDate":"2021-09-14"},{"lineNumber":19,"author":{"gitId":"ruyian"},"content":"","lastModifiedDate":"2021-09-14"},{"lineNumber":20,"author":{"gitId":"ruyian"},"content":"    public Task(String description) {","lastModifiedDate":"2021-08-25"},{"lineNumber":21,"author":{"gitId":"ruyian"},"content":"        this();","lastModifiedDate":"2021-09-12"},{"lineNumber":22,"author":{"gitId":"ruyian"},"content":"        int spaceIndex \u003d description.indexOf(\u0027 \u0027);","lastModifiedDate":"2021-09-02"},{"lineNumber":23,"author":{"gitId":"ruyian"},"content":"        this.description \u003d description.substring(spaceIndex + 1);","lastModifiedDate":"2021-09-02"},{"lineNumber":24,"author":{"gitId":"ruyian"},"content":"    }","lastModifiedDate":"2021-08-25"},{"lineNumber":25,"author":{"gitId":"ruyian"},"content":"","lastModifiedDate":"2021-08-25"},{"lineNumber":26,"author":{"gitId":"ruyian"},"content":"    public String getStatusIcon() {","lastModifiedDate":"2021-08-25"},{"lineNumber":27,"author":{"gitId":"ruyian"},"content":"        return (isDone ? \"X\" : \" \"); // mark done task with X","lastModifiedDate":"2021-08-25"},{"lineNumber":28,"author":{"gitId":"ruyian"},"content":"    }","lastModifiedDate":"2021-08-25"},{"lineNumber":29,"author":{"gitId":"ruyian"},"content":"","lastModifiedDate":"2021-08-25"},{"lineNumber":30,"author":{"gitId":"ruyian"},"content":"    public String getDescription() {","lastModifiedDate":"2021-08-25"},{"lineNumber":31,"author":{"gitId":"ruyian"},"content":"        return this.description;","lastModifiedDate":"2021-08-25"},{"lineNumber":32,"author":{"gitId":"ruyian"},"content":"    }","lastModifiedDate":"2021-08-25"},{"lineNumber":33,"author":{"gitId":"ruyian"},"content":"","lastModifiedDate":"2021-08-25"},{"lineNumber":34,"author":{"gitId":"ruyian"},"content":"    public boolean getDone() {","lastModifiedDate":"2021-08-31"},{"lineNumber":35,"author":{"gitId":"ruyian"},"content":"        return this.isDone;","lastModifiedDate":"2021-08-25"},{"lineNumber":36,"author":{"gitId":"ruyian"},"content":"    }","lastModifiedDate":"2021-08-25"},{"lineNumber":37,"author":{"gitId":"ruyian"},"content":"","lastModifiedDate":"2021-08-25"},{"lineNumber":38,"author":{"gitId":"ruyian"},"content":"    public void markAsDone() throws RepeatedCompletionException {","lastModifiedDate":"2021-09-12"},{"lineNumber":39,"author":{"gitId":"ruyian"},"content":"        if (this.getDone()) {","lastModifiedDate":"2021-09-12"},{"lineNumber":40,"author":{"gitId":"ruyian"},"content":"            throw new RepeatedCompletionException(\"This task has already been completed!\\n\");","lastModifiedDate":"2021-09-12"},{"lineNumber":41,"author":{"gitId":"ruyian"},"content":"        }","lastModifiedDate":"2021-09-12"},{"lineNumber":42,"author":{"gitId":"ruyian"},"content":"    }","lastModifiedDate":"2021-08-25"},{"lineNumber":43,"author":{"gitId":"ruyian"},"content":"","lastModifiedDate":"2021-08-31"},{"lineNumber":44,"author":{"gitId":"ruyian"},"content":"    public String getTaskType() {","lastModifiedDate":"2021-08-31"},{"lineNumber":45,"author":{"gitId":"ruyian"},"content":"        switch (this.taskType) {","lastModifiedDate":"2021-09-12"},{"lineNumber":46,"author":{"gitId":"ruyian"},"content":"        case TO_DO:","lastModifiedDate":"2021-09-12"},{"lineNumber":47,"author":{"gitId":"ruyian"},"content":"            return \"T\";","lastModifiedDate":"2021-09-12"},{"lineNumber":48,"author":{"gitId":"ruyian"},"content":"        case EVENT:","lastModifiedDate":"2021-09-12"},{"lineNumber":49,"author":{"gitId":"ruyian"},"content":"            return \"E\";","lastModifiedDate":"2021-09-12"},{"lineNumber":50,"author":{"gitId":"ruyian"},"content":"        case DEADLINE:","lastModifiedDate":"2021-09-12"},{"lineNumber":51,"author":{"gitId":"ruyian"},"content":"            return \"D\";","lastModifiedDate":"2021-09-12"},{"lineNumber":52,"author":{"gitId":"ruyian"},"content":"        default:","lastModifiedDate":"2021-09-12"},{"lineNumber":53,"author":{"gitId":"ruyian"},"content":"            return \"N\"; // stands for unknown tasks","lastModifiedDate":"2021-09-12"},{"lineNumber":54,"author":{"gitId":"ruyian"},"content":"        }","lastModifiedDate":"2021-09-12"},{"lineNumber":55,"author":{"gitId":"ruyian"},"content":"    }","lastModifiedDate":"2021-08-31"},{"lineNumber":56,"author":{"gitId":"ruyian"},"content":"","lastModifiedDate":"2021-08-31"},{"lineNumber":57,"author":{"gitId":"ruyian"},"content":"    @Override","lastModifiedDate":"2021-08-31"},{"lineNumber":58,"author":{"gitId":"ruyian"},"content":"    public String toString() {","lastModifiedDate":"2021-08-31"},{"lineNumber":59,"author":{"gitId":"ruyian"},"content":"        return \"[\" + getTaskType() + \"][\" + getStatusIcon() + \"] \" + getDescription();","lastModifiedDate":"2021-08-31"},{"lineNumber":60,"author":{"gitId":"ruyian"},"content":"    }","lastModifiedDate":"2021-08-31"},{"lineNumber":61,"author":{"gitId":"ruyian"},"content":"}","lastModifiedDate":"2021-08-25"}],"authorContributionMap":{"ruyian":61}},{"path":"src/main/java/duke/task/TaskBank.java","fileType":"java","lines":[{"lineNumber":1,"author":{"gitId":"ruyian"},"content":"package duke.task;","lastModifiedDate":"2021-09-08"},{"lineNumber":2,"author":{"gitId":"ruyian"},"content":"","lastModifiedDate":"2021-09-08"},{"lineNumber":3,"author":{"gitId":"ruyian"},"content":"","lastModifiedDate":"2021-09-14"},{"lineNumber":4,"author":{"gitId":"ruyian"},"content":"import duke.exception.RepeatedCompletionException;","lastModifiedDate":"2021-09-14"},{"lineNumber":5,"author":{"gitId":"ruyian"},"content":"","lastModifiedDate":"2021-09-14"},{"lineNumber":6,"author":{"gitId":"ruyian"},"content":"import java.io.File;","lastModifiedDate":"2021-09-14"},{"lineNumber":7,"author":{"gitId":"ruyian"},"content":"import java.io.FileNotFoundException;","lastModifiedDate":"2021-09-14"},{"lineNumber":8,"author":{"gitId":"ruyian"},"content":"import java.io.FileWriter;","lastModifiedDate":"2021-09-14"},{"lineNumber":9,"author":{"gitId":"ruyian"},"content":"import java.io.IOException;","lastModifiedDate":"2021-09-14"},{"lineNumber":10,"author":{"gitId":"ruyian"},"content":"import java.lang.reflect.Array;","lastModifiedDate":"2021-09-14"},{"lineNumber":11,"author":{"gitId":"ruyian"},"content":"import java.util.Scanner;","lastModifiedDate":"2021-09-14"},{"lineNumber":12,"author":{"gitId":"ruyian"},"content":"import java.util.ArrayList;","lastModifiedDate":"2021-09-12"},{"lineNumber":13,"author":{"gitId":"ruyian"},"content":"","lastModifiedDate":"2021-09-12"},{"lineNumber":14,"author":{"gitId":"ruyian"},"content":"public class TaskBank {","lastModifiedDate":"2021-08-25"},{"lineNumber":15,"author":{"gitId":"ruyian"},"content":"    private ArrayList\u003cTask\u003e tasks;","lastModifiedDate":"2021-09-12"},{"lineNumber":16,"author":{"gitId":"ruyian"},"content":"    private int taskIndex \u003d 0;","lastModifiedDate":"2021-09-14"},{"lineNumber":17,"author":{"gitId":"ruyian"},"content":"    private static final int MAX_TASK \u003d 100;","lastModifiedDate":"2021-09-14"},{"lineNumber":18,"author":{"gitId":"ruyian"},"content":"    private static final String filePath \u003d \"./data/duke.txt\";","lastModifiedDate":"2021-09-14"},{"lineNumber":19,"author":{"gitId":"ruyian"},"content":"","lastModifiedDate":"2021-08-25"},{"lineNumber":20,"author":{"gitId":"ruyian"},"content":"    {","lastModifiedDate":"2021-08-26"},{"lineNumber":21,"author":{"gitId":"ruyian"},"content":"        tasks \u003d new ArrayList\u003c\u003e();","lastModifiedDate":"2021-09-12"},{"lineNumber":22,"author":{"gitId":"ruyian"},"content":"    }","lastModifiedDate":"2021-08-26"},{"lineNumber":23,"author":{"gitId":"ruyian"},"content":"","lastModifiedDate":"2021-08-26"},{"lineNumber":24,"author":{"gitId":"ruyian"},"content":"","lastModifiedDate":"2021-08-25"},{"lineNumber":25,"author":{"gitId":"ruyian"},"content":"    public Task addTodo(String todoInput) {","lastModifiedDate":"2021-08-31"},{"lineNumber":26,"author":{"gitId":"ruyian"},"content":"        Task newTask \u003d new ToDo(todoInput);","lastModifiedDate":"2021-09-12"},{"lineNumber":27,"author":{"gitId":"ruyian"},"content":"        tasks.add(newTask);","lastModifiedDate":"2021-09-12"},{"lineNumber":28,"author":{"gitId":"ruyian"},"content":"        return newTask;","lastModifiedDate":"2021-09-12"},{"lineNumber":29,"author":{"gitId":"ruyian"},"content":"    }","lastModifiedDate":"2021-08-31"},{"lineNumber":30,"author":{"gitId":"ruyian"},"content":"","lastModifiedDate":"2021-08-31"},{"lineNumber":31,"author":{"gitId":"ruyian"},"content":"    public Task addEvent(String todoInput) {","lastModifiedDate":"2021-08-31"},{"lineNumber":32,"author":{"gitId":"ruyian"},"content":"        Task newTask \u003d new Event(todoInput);","lastModifiedDate":"2021-09-12"},{"lineNumber":33,"author":{"gitId":"ruyian"},"content":"        tasks.add(newTask);","lastModifiedDate":"2021-09-12"},{"lineNumber":34,"author":{"gitId":"ruyian"},"content":"        return newTask;","lastModifiedDate":"2021-09-12"},{"lineNumber":35,"author":{"gitId":"ruyian"},"content":"    }","lastModifiedDate":"2021-08-31"},{"lineNumber":36,"author":{"gitId":"ruyian"},"content":"","lastModifiedDate":"2021-08-31"},{"lineNumber":37,"author":{"gitId":"ruyian"},"content":"    public Task addDeadline(String todoInput) {","lastModifiedDate":"2021-08-31"},{"lineNumber":38,"author":{"gitId":"ruyian"},"content":"        Task newTask \u003d new Deadline(todoInput);","lastModifiedDate":"2021-09-12"},{"lineNumber":39,"author":{"gitId":"ruyian"},"content":"        tasks.add(newTask);","lastModifiedDate":"2021-09-12"},{"lineNumber":40,"author":{"gitId":"ruyian"},"content":"        return newTask;","lastModifiedDate":"2021-09-12"},{"lineNumber":41,"author":{"gitId":"ruyian"},"content":"    }","lastModifiedDate":"2021-08-31"},{"lineNumber":42,"author":{"gitId":"ruyian"},"content":"","lastModifiedDate":"2021-08-31"},{"lineNumber":43,"author":{"gitId":"ruyian"},"content":"    public int getTaskSize() {","lastModifiedDate":"2021-09-12"},{"lineNumber":44,"author":{"gitId":"ruyian"},"content":"        return tasks.size();","lastModifiedDate":"2021-09-12"},{"lineNumber":45,"author":{"gitId":"ruyian"},"content":"    }","lastModifiedDate":"2021-08-25"},{"lineNumber":46,"author":{"gitId":"ruyian"},"content":"","lastModifiedDate":"2021-08-25"},{"lineNumber":47,"author":{"gitId":"ruyian"},"content":"    public void printList() {","lastModifiedDate":"2021-08-25"},{"lineNumber":48,"author":{"gitId":"ruyian"},"content":"        int i \u003d 0;","lastModifiedDate":"2021-09-12"},{"lineNumber":49,"author":{"gitId":"ruyian"},"content":"        for (Task task : tasks) {","lastModifiedDate":"2021-09-12"},{"lineNumber":50,"author":{"gitId":"ruyian"},"content":"            System.out.printf(\"%d.%s%n\", i + 1, task);","lastModifiedDate":"2021-09-12"},{"lineNumber":51,"author":{"gitId":"ruyian"},"content":"            i++;","lastModifiedDate":"2021-09-12"},{"lineNumber":52,"author":{"gitId":"ruyian"},"content":"        }","lastModifiedDate":"2021-08-25"},{"lineNumber":53,"author":{"gitId":"ruyian"},"content":"    }","lastModifiedDate":"2021-08-25"},{"lineNumber":54,"author":{"gitId":"ruyian"},"content":"","lastModifiedDate":"2021-08-25"},{"lineNumber":55,"author":{"gitId":"ruyian"},"content":"    // search the Task in the array by index","lastModifiedDate":"2021-08-31"},{"lineNumber":56,"author":{"gitId":"ruyian"},"content":"    public Task searchTask(int taskIndex) throws IndexOutOfBoundsException {","lastModifiedDate":"2021-09-12"},{"lineNumber":57,"author":{"gitId":"ruyian"},"content":"        if (taskIndex \u003c 0 || taskIndex \u003e this.getTaskSize()) {","lastModifiedDate":"2021-09-12"},{"lineNumber":58,"author":{"gitId":"ruyian"},"content":"            throw new IndexOutOfBoundsException(\"Ouch! Index is out of range. Try again!\\n\");","lastModifiedDate":"2021-09-12"},{"lineNumber":59,"author":{"gitId":"ruyian"},"content":"        }","lastModifiedDate":"2021-09-12"},{"lineNumber":60,"author":{"gitId":"ruyian"},"content":"        return tasks.get(taskIndex);","lastModifiedDate":"2021-09-12"},{"lineNumber":61,"author":{"gitId":"ruyian"},"content":"    }","lastModifiedDate":"2021-09-12"},{"lineNumber":62,"author":{"gitId":"ruyian"},"content":"","lastModifiedDate":"2021-09-12"},{"lineNumber":63,"author":{"gitId":"ruyian"},"content":"    public Task removeTask(int taskIndex) throws IndexOutOfBoundsException {","lastModifiedDate":"2021-09-12"},{"lineNumber":64,"author":{"gitId":"ruyian"},"content":"        if (taskIndex \u003c 0 || taskIndex \u003e this.getTaskSize()) {","lastModifiedDate":"2021-09-12"},{"lineNumber":65,"author":{"gitId":"ruyian"},"content":"            throw new IndexOutOfBoundsException(\"Ouch! Index is out of range. Try again!\\n\");","lastModifiedDate":"2021-09-12"},{"lineNumber":66,"author":{"gitId":"ruyian"},"content":"        }","lastModifiedDate":"2021-08-25"},{"lineNumber":67,"author":{"gitId":"ruyian"},"content":"        Task deletedTask \u003d tasks.get(taskIndex);","lastModifiedDate":"2021-09-12"},{"lineNumber":68,"author":{"gitId":"ruyian"},"content":"        tasks.remove(taskIndex);","lastModifiedDate":"2021-09-12"},{"lineNumber":69,"author":{"gitId":"ruyian"},"content":"        return deletedTask;","lastModifiedDate":"2021-09-12"},{"lineNumber":70,"author":{"gitId":"ruyian"},"content":"    }","lastModifiedDate":"2021-08-25"},{"lineNumber":71,"author":{"gitId":"ruyian"},"content":"","lastModifiedDate":"2021-09-14"},{"lineNumber":72,"author":{"gitId":"ruyian"},"content":"    public void exportTasks() {","lastModifiedDate":"2021-09-14"},{"lineNumber":73,"author":{"gitId":"ruyian"},"content":"","lastModifiedDate":"2021-09-14"},{"lineNumber":74,"author":{"gitId":"ruyian"},"content":"        StringBuffer rawData \u003d new StringBuffer();","lastModifiedDate":"2021-09-14"},{"lineNumber":75,"author":{"gitId":"ruyian"},"content":"        for (Task task : tasks) {","lastModifiedDate":"2021-09-14"},{"lineNumber":76,"author":{"gitId":"ruyian"},"content":"            rawData.append(task.getTaskType());","lastModifiedDate":"2021-09-14"},{"lineNumber":77,"author":{"gitId":"ruyian"},"content":"            rawData.append(\" | \");","lastModifiedDate":"2021-09-14"},{"lineNumber":78,"author":{"gitId":"ruyian"},"content":"            rawData.append(task.getDone() ? \"1\" : \"0\");","lastModifiedDate":"2021-09-14"},{"lineNumber":79,"author":{"gitId":"ruyian"},"content":"            rawData.append(\" | \");","lastModifiedDate":"2021-09-14"},{"lineNumber":80,"author":{"gitId":"ruyian"},"content":"            rawData.append(task.describe());","lastModifiedDate":"2021-09-14"},{"lineNumber":81,"author":{"gitId":"ruyian"},"content":"            rawData.append(\"\\r\\n\");","lastModifiedDate":"2021-09-14"},{"lineNumber":82,"author":{"gitId":"ruyian"},"content":"        }","lastModifiedDate":"2021-09-14"},{"lineNumber":83,"author":{"gitId":"ruyian"},"content":"        try {","lastModifiedDate":"2021-09-14"},{"lineNumber":84,"author":{"gitId":"ruyian"},"content":"            FileWriter fw \u003d new FileWriter(filePath);","lastModifiedDate":"2021-09-14"},{"lineNumber":85,"author":{"gitId":"ruyian"},"content":"            fw.write(rawData.toString());","lastModifiedDate":"2021-09-14"},{"lineNumber":86,"author":{"gitId":"ruyian"},"content":"            fw.close();","lastModifiedDate":"2021-09-14"},{"lineNumber":87,"author":{"gitId":"ruyian"},"content":"        } catch (IOException e) {","lastModifiedDate":"2021-09-14"},{"lineNumber":88,"author":{"gitId":"ruyian"},"content":"            System.out.println(e.getMessage());","lastModifiedDate":"2021-09-14"},{"lineNumber":89,"author":{"gitId":"ruyian"},"content":"        }","lastModifiedDate":"2021-09-14"},{"lineNumber":90,"author":{"gitId":"ruyian"},"content":"    }","lastModifiedDate":"2021-09-14"},{"lineNumber":91,"author":{"gitId":"ruyian"},"content":"","lastModifiedDate":"2021-09-14"},{"lineNumber":92,"author":{"gitId":"ruyian"},"content":"    public void loadTasks() {","lastModifiedDate":"2021-09-14"},{"lineNumber":93,"author":{"gitId":"ruyian"},"content":"        File f \u003d new File(filePath);","lastModifiedDate":"2021-09-14"},{"lineNumber":94,"author":{"gitId":"ruyian"},"content":"        try (Scanner sc \u003d new Scanner(f)) {","lastModifiedDate":"2021-09-14"},{"lineNumber":95,"author":{"gitId":"ruyian"},"content":"            while (sc.hasNext()) {","lastModifiedDate":"2021-09-14"},{"lineNumber":96,"author":{"gitId":"ruyian"},"content":"                loadTaskLine(sc.nextLine());","lastModifiedDate":"2021-09-14"},{"lineNumber":97,"author":{"gitId":"ruyian"},"content":"            }","lastModifiedDate":"2021-09-14"},{"lineNumber":98,"author":{"gitId":"ruyian"},"content":"        } catch (FileNotFoundException e) {","lastModifiedDate":"2021-09-14"},{"lineNumber":99,"author":{"gitId":"ruyian"},"content":"            System.out.println(\"duke.txt is not found\");","lastModifiedDate":"2021-09-14"},{"lineNumber":100,"author":{"gitId":"ruyian"},"content":"        } catch (IOException e) {","lastModifiedDate":"2021-09-14"},{"lineNumber":101,"author":{"gitId":"ruyian"},"content":"            System.out.println(e.getMessage());","lastModifiedDate":"2021-09-14"},{"lineNumber":102,"author":{"gitId":"ruyian"},"content":"            ;","lastModifiedDate":"2021-09-14"},{"lineNumber":103,"author":{"gitId":"ruyian"},"content":"        }","lastModifiedDate":"2021-09-14"},{"lineNumber":104,"author":{"gitId":"ruyian"},"content":"","lastModifiedDate":"2021-09-14"},{"lineNumber":105,"author":{"gitId":"ruyian"},"content":"    }","lastModifiedDate":"2021-09-14"},{"lineNumber":106,"author":{"gitId":"ruyian"},"content":"","lastModifiedDate":"2021-09-14"},{"lineNumber":107,"author":{"gitId":"ruyian"},"content":"    public void loadTaskLine(String taskLine) throws IOException {","lastModifiedDate":"2021-09-14"},{"lineNumber":108,"author":{"gitId":"ruyian"},"content":"        String taskTypeString \u003d taskLine.substring(0, 1);","lastModifiedDate":"2021-09-14"},{"lineNumber":109,"author":{"gitId":"ruyian"},"content":"        int firstDivisor \u003d taskLine.indexOf(\"|\", 1);","lastModifiedDate":"2021-09-14"},{"lineNumber":110,"author":{"gitId":"ruyian"},"content":"        int secondDivisor \u003d taskLine.indexOf(\"|\", firstDivisor + 1);","lastModifiedDate":"2021-09-14"},{"lineNumber":111,"author":{"gitId":"ruyian"},"content":"        int thirdDivisor \u003d taskLine.indexOf(\"|\", secondDivisor + 1);","lastModifiedDate":"2021-09-14"},{"lineNumber":112,"author":{"gitId":"ruyian"},"content":"        if (thirdDivisor \u003d\u003d -1) { // todo type","lastModifiedDate":"2021-09-14"},{"lineNumber":113,"author":{"gitId":"ruyian"},"content":"            addTodo(taskLine.substring(secondDivisor + 1).trim());","lastModifiedDate":"2021-09-14"},{"lineNumber":114,"author":{"gitId":"ruyian"},"content":"        } else {","lastModifiedDate":"2021-09-14"},{"lineNumber":115,"author":{"gitId":"ruyian"},"content":"            if (taskTypeString.equals(\"D\")) {","lastModifiedDate":"2021-09-14"},{"lineNumber":116,"author":{"gitId":"ruyian"},"content":"                String deadLineInput \u003d taskLine.substring(secondDivisor + 1).trim();","lastModifiedDate":"2021-09-14"},{"lineNumber":117,"author":{"gitId":"ruyian"},"content":"                String taskCompletionStatus \u003d taskLine.substring(firstDivisor + 2, secondDivisor).trim();","lastModifiedDate":"2021-09-14"},{"lineNumber":118,"author":{"gitId":"ruyian"},"content":"","lastModifiedDate":"2021-09-14"},{"lineNumber":119,"author":{"gitId":"ruyian"},"content":"                Task newTask \u003d addDeadline(deadLineInput.replace(\"| \", \"/\"));","lastModifiedDate":"2021-09-14"},{"lineNumber":120,"author":{"gitId":"ruyian"},"content":"                if (taskCompletionStatus.equals(\"1\")) {","lastModifiedDate":"2021-09-14"},{"lineNumber":121,"author":{"gitId":"ruyian"},"content":"                    try {","lastModifiedDate":"2021-09-14"},{"lineNumber":122,"author":{"gitId":"ruyian"},"content":"                        newTask.markAsDone();","lastModifiedDate":"2021-09-14"},{"lineNumber":123,"author":{"gitId":"ruyian"},"content":"                    } catch(RepeatedCompletionException e){","lastModifiedDate":"2021-09-14"},{"lineNumber":124,"author":{"gitId":"ruyian"},"content":"                        // This is left blank as from tasks are generated from","lastModifiedDate":"2021-09-14"},{"lineNumber":125,"author":{"gitId":"ruyian"},"content":"                        // local files, and will not complete repeatedly","lastModifiedDate":"2021-09-14"},{"lineNumber":126,"author":{"gitId":"ruyian"},"content":"                    }","lastModifiedDate":"2021-09-14"},{"lineNumber":127,"author":{"gitId":"ruyian"},"content":"                }","lastModifiedDate":"2021-09-14"},{"lineNumber":128,"author":{"gitId":"ruyian"},"content":"","lastModifiedDate":"2021-09-14"},{"lineNumber":129,"author":{"gitId":"ruyian"},"content":"            } else if (taskTypeString.equals(\"E\")) {","lastModifiedDate":"2021-09-14"},{"lineNumber":130,"author":{"gitId":"ruyian"},"content":"                String eventLineInput \u003d taskLine.substring(secondDivisor + 1).trim();","lastModifiedDate":"2021-09-14"},{"lineNumber":131,"author":{"gitId":"ruyian"},"content":"                String taskCompletionStatus \u003d taskLine.substring(firstDivisor + 2, thirdDivisor).trim();","lastModifiedDate":"2021-09-14"},{"lineNumber":132,"author":{"gitId":"ruyian"},"content":"","lastModifiedDate":"2021-09-14"},{"lineNumber":133,"author":{"gitId":"ruyian"},"content":"                Task newTask \u003d addEvent(eventLineInput.replace(\"| \", \"/\"));","lastModifiedDate":"2021-09-14"},{"lineNumber":134,"author":{"gitId":"ruyian"},"content":"                if (taskCompletionStatus.equals(\"1\")) {","lastModifiedDate":"2021-09-14"},{"lineNumber":135,"author":{"gitId":"ruyian"},"content":"                    try {","lastModifiedDate":"2021-09-14"},{"lineNumber":136,"author":{"gitId":"ruyian"},"content":"                        newTask.markAsDone();","lastModifiedDate":"2021-09-14"},{"lineNumber":137,"author":{"gitId":"ruyian"},"content":"                    } catch(RepeatedCompletionException e){","lastModifiedDate":"2021-09-14"},{"lineNumber":138,"author":{"gitId":"ruyian"},"content":"                        // This is left blank as from tasks are generated from","lastModifiedDate":"2021-09-14"},{"lineNumber":139,"author":{"gitId":"ruyian"},"content":"                        // local files, and will not complete repeatedly","lastModifiedDate":"2021-09-14"},{"lineNumber":140,"author":{"gitId":"ruyian"},"content":"                    }","lastModifiedDate":"2021-09-14"},{"lineNumber":141,"author":{"gitId":"ruyian"},"content":"                }","lastModifiedDate":"2021-09-14"},{"lineNumber":142,"author":{"gitId":"ruyian"},"content":"            } else {","lastModifiedDate":"2021-09-14"},{"lineNumber":143,"author":{"gitId":"ruyian"},"content":"                throw new IOException(\"Wrong type from data loader\");","lastModifiedDate":"2021-09-14"},{"lineNumber":144,"author":{"gitId":"ruyian"},"content":"            }","lastModifiedDate":"2021-09-14"},{"lineNumber":145,"author":{"gitId":"ruyian"},"content":"        }","lastModifiedDate":"2021-09-14"},{"lineNumber":146,"author":{"gitId":"ruyian"},"content":"    }","lastModifiedDate":"2021-09-14"},{"lineNumber":147,"author":{"gitId":"ruyian"},"content":"","lastModifiedDate":"2021-09-14"},{"lineNumber":148,"author":{"gitId":"ruyian"},"content":"    public void clear() {","lastModifiedDate":"2021-09-14"},{"lineNumber":149,"author":{"gitId":"ruyian"},"content":"        tasks \u003d new ArrayList\u003c\u003e();","lastModifiedDate":"2021-09-14"},{"lineNumber":150,"author":{"gitId":"ruyian"},"content":"        exportTasks();","lastModifiedDate":"2021-09-14"},{"lineNumber":151,"author":{"gitId":"ruyian"},"content":"    }","lastModifiedDate":"2021-09-14"},{"lineNumber":152,"author":{"gitId":"ruyian"},"content":"}","lastModifiedDate":"2021-08-25"}],"authorContributionMap":{"ruyian":152}},{"path":"src/main/java/duke/task/ToDo.java","fileType":"java","lines":[{"lineNumber":1,"author":{"gitId":"ruyian"},"content":"package duke.task;","lastModifiedDate":"2021-09-08"},{"lineNumber":2,"author":{"gitId":"ruyian"},"content":"","lastModifiedDate":"2021-09-08"},{"lineNumber":3,"author":{"gitId":"ruyian"},"content":"public class ToDo extends Task {","lastModifiedDate":"2021-08-31"},{"lineNumber":4,"author":{"gitId":"ruyian"},"content":"","lastModifiedDate":"2021-08-31"},{"lineNumber":5,"author":{"gitId":"ruyian"},"content":"    public ToDo(String description) {","lastModifiedDate":"2021-08-31"},{"lineNumber":6,"author":{"gitId":"ruyian"},"content":"        super(description);","lastModifiedDate":"2021-08-31"},{"lineNumber":7,"author":{"gitId":"ruyian"},"content":"        this.taskType \u003d TaskType.TO_DO;","lastModifiedDate":"2021-09-12"},{"lineNumber":8,"author":{"gitId":"ruyian"},"content":"    }","lastModifiedDate":"2021-08-31"},{"lineNumber":9,"author":{"gitId":"ruyian"},"content":"","lastModifiedDate":"2021-08-31"},{"lineNumber":10,"author":{"gitId":"ruyian"},"content":"    public String describe() {","lastModifiedDate":"2021-09-14"},{"lineNumber":11,"author":{"gitId":"ruyian"},"content":"        return getDescription();","lastModifiedDate":"2021-09-14"},{"lineNumber":12,"author":{"gitId":"ruyian"},"content":"    }","lastModifiedDate":"2021-09-14"},{"lineNumber":13,"author":{"gitId":"ruyian"},"content":"}","lastModifiedDate":"2021-08-31"}],"authorContributionMap":{"ruyian":13}}]
