{"authorDailyContributionsMap":{"ruyian":[{"date":"2021-08-19","commitResults":[{"hash":"8887686f04870994b4608552678dba6d999baf65","messageTitle":"Week2 - ip - Level0 Incremenet - Implement an initial skeletal version of the Duke that simply greets the user and exits.","messageBody":"","fileTypesAndContributionMap":{"java":{"insertions":3,"deletions":6}}},{"hash":"4da7dfafb6f605c344fe4b6cc72c486b856a473f","messageTitle":"Week2 - revert back to original Duke.java","messageBody":"","fileTypesAndContributionMap":{"java":{"insertions":6,"deletions":3}}},{"hash":"30d4e6238230615d8d8baede2465edaa9398eae9","messageTitle":"Level0, Greet","messageBody":"","tags":["Level-0"],"fileTypesAndContributionMap":{"java":{"insertions":6,"deletions":6}}}]},{"date":"2021-08-25","commitResults":[{"hash":"ec42e0c3e7f58660fa414b28e52ed28d8e16fdb5","messageTitle":"Level-1: Greet, Echo, Exit","messageBody":"","tags":["Level-1"],"fileTypesAndContributionMap":{"java":{"insertions":36,"deletions":6}}},{"hash":"ad3d1925e3f6e6898303bdade829dbde1a0f032f","messageTitle":"Level 2. Add, List","messageBody":"","fileTypesAndContributionMap":{"java":{"insertions":18,"deletions":2}}},{"hash":"ad7dddde04d8fb2b322a7501763583324fa8d8ea","messageTitle":"Level 2. Add, List","messageBody":"","tags":["Level-2"],"fileTypesAndContributionMap":{"java":{"insertions":2,"deletions":2}}},{"hash":"776d310653228dadd33d1f68396c67d8a46b4976","messageTitle":"Level 3. Mark as Done","messageBody":"","fileTypesAndContributionMap":{"java":{"insertions":81,"deletions":8}}}]},{"date":"2021-08-26","commitResults":[{"hash":"d5622381de93e0185cb0c25e1e0826808c0c358a","messageTitle":"Fix bug. Change naming convention for class.","messageBody":"","tags":["Level-3","A-CodingStandard"],"fileTypesAndContributionMap":{"java":{"insertions":12,"deletions":8}}}]},{"date":"2021-08-31","commitResults":[{"hash":"935abccbc06b13b578532f0538a661ead2b43499","messageTitle":"Level 4. ToDos, Events, Deadlines Add class Deadline, Event, Todo. All of them are inherited from class Task, and respective method of adding in each type of tasks in TaskBank. Add a default constructor for Task as for Deadline and Event, they cannot further use the parent\u0027s constructor to initialize the date (child field)","messageBody":"","fileTypesAndContributionMap":{"java":{"insertions":103,"deletions":11}}},{"hash":"249071b6b9b181133cd649a6a6f30a5d613a5fbe","messageTitle":"A-CodeQuality: Rename and reformat the code abiding by the code standard","messageBody":"","fileTypesAndContributionMap":{"java":{"insertions":13,"deletions":12}}}]},{"date":"2021-09-02","commitResults":[{"hash":"4104774dc8992d7df96180e4adf6f13ca781b5b2","messageTitle":"Bug fiex. Coding standard improved.","messageBody":"","fileTypesAndContributionMap":{"java":{"insertions":4,"deletions":3}}},{"hash":"73c315cdfbe349c494e5dc09bdc130f079d88d88","messageTitle":"Revert \"Bug fiex. Coding standard improved.\"","messageBody":"This reverts commit 4104774dc8992d7df96180e4adf6f13ca781b5b2.\n","fileTypesAndContributionMap":{"java":{"insertions":3,"deletions":4}}},{"hash":"ab261dda5561312429fe521b526d31aeb1d8d4a0","messageTitle":"Bug fixed. Coding standard improved.","messageBody":"","tags":["Level-4","A-CodeQuality"],"fileTypesAndContributionMap":{"java":{"insertions":4,"deletions":3}}}]},{"date":"2021-09-08","commitResults":[{"hash":"c3e8e49272783651dbbf8f909fb6d391ceabc642","messageTitle":"Level-5. Added exception handling in irregular input, index out of bound and repeated completion exceptions. Added self-built exceptions under DukeException.java","messageBody":"","tags":["Level-5","A-Exceptions"],"fileTypesAndContributionMap":{"java":{"insertions":46,"deletions":25}}},{"hash":"241ec2699c1a750f5dfd0c03aabce3e2b00e2596","messageTitle":"A-Packages Organize all the task of Duke into one package. Organize all the exceptions generated by Duke (sub-class of DukeException) into one package.","messageBody":"","tags":["A-Packages"],"fileTypesAndContributionMap":{"java":{"insertions":27,"deletions":8}}}]},{"date":"2021-09-12","commitResults":[{"hash":"34b583fc2c4660556a8ced434fdfe14665f95de7","messageTitle":"Level 6. Bug fixed. Use ArrayList to replace array in TaskBank. Add function of removing tasks from the list.","messageBody":"","tags":["Level-6","A-Collections"],"fileTypesAndContributionMap":{"java":{"insertions":165,"deletions":70}}},{"hash":"064df2dc6cef2fb18e4b377b79bf8b95df9fbb4e","messageTitle":"Revert \"Level 6.\"","messageBody":"This reverts commit 34b583fc2c4660556a8ced434fdfe14665f95de7.\n","fileTypesAndContributionMap":{"java":{"insertions":70,"deletions":165}}},{"hash":"d0d4834c2646d9a3c2de5c9b2f205978bee08700","messageTitle":"Revert \"Revert \"Level 6.\"\"","messageBody":"This reverts commit 064df2dc6cef2fb18e4b377b79bf8b95df9fbb4e.\n","fileTypesAndContributionMap":{"java":{"insertions":165,"deletions":70}}}]},{"date":"2021-09-14","commitResults":[{"hash":"349dffe4da052ac6169f50debef1ad23a085929d","messageTitle":"Merge Level 6 with main.","messageBody":"","fileTypesAndContributionMap":{"txt":{"insertions":2,"deletions":0},"java":{"insertions":160,"deletions":28}}}]},{"date":"2021-10-01","commitResults":[{"hash":"4f6323c4d1232d535345431a5a1ce4a458fda928","messageTitle":"Fix bugs","messageBody":"","fileTypesAndContributionMap":{"txt":{"insertions":1,"deletions":1},"java":{"insertions":41,"deletions":49}}},{"hash":"74f0963218f8c2fe613c55a1de2369fdc4a07b48","messageTitle":"Make it for the .jar file build","messageBody":"","fileTypesAndContributionMap":{"java":{"insertions":11,"deletions":2}}},{"hash":"279cad08c5d9ada60a97fd167c872668fc434024","messageTitle":"Change to a more OOP version. Introduce class Command, Parser, Storage and Ui and a new enum named Action.","messageBody":"","fileTypesAndContributionMap":{"txt":{"insertions":1,"deletions":2},"java":{"insertions":395,"deletions":25}}},{"hash":"28df988bf353b397eb4254c25ebedcc52277293a","messageTitle":"Remove unused functions.","messageBody":"","fileTypesAndContributionMap":{"txt":{"insertions":1,"deletions":1},"java":{"insertions":22,"deletions":286}}},{"hash":"dad842646d2de9dbc94ad6364f00bb3ffc4b67f5","messageTitle":"Give users a way to find a task by searching for a keyword","messageBody":"","fileTypesAndContributionMap":{"java":{"insertions":69,"deletions":10}}},{"hash":"18581b6ee9a6f134659aaa3d59d81f0838935d84","messageTitle":"Fix bugs","messageBody":"","fileTypesAndContributionMap":{"java":{"insertions":15,"deletions":15}}},{"hash":"b60eb348a60b474553a7e892fcc8553600ef50eb","messageTitle":"Add more java doc","messageBody":"","fileTypesAndContributionMap":{"java":{"insertions":15,"deletions":2}}},{"hash":"e1391c7095b4c0693c6060d2f7d6691f4c454005","messageTitle":"Level 9","messageBody":"","fileTypesAndContributionMap":{"java":{"insertions":28,"deletions":13}}},{"hash":"33cd32d4647dd684b68c93f918c6332085a7c1b1","messageTitle":"Add java docs","messageBody":"","fileTypesAndContributionMap":{"java":{"insertions":91,"deletions":9}}},{"hash":"71fb932060cb5b99aee10392417bfc66367d91f4","messageTitle":"Add more java doc","messageBody":"","fileTypesAndContributionMap":{"java":{"insertions":158,"deletions":51}}},{"hash":"12ad9e0b0dd7d6d4b5a73c03b18a75b01d801d66","messageTitle":"Add more java doc","messageBody":"","fileTypesAndContributionMap":{"java":{"insertions":5,"deletions":0}}},{"hash":"70be4f8def485d28fe368ea128549b52a670c7a1","messageTitle":"Add user guide","messageBody":"","fileTypesAndContributionMap":{"md":{"insertions":193,"deletions":15}}},{"hash":"97922156e9856e327e2a224909d409343a773dda","messageTitle":"Add Java doc","messageBody":"","fileTypesAndContributionMap":{"java":{"insertions":136,"deletions":65}}},{"hash":"644cbd912509c8f01e2210ac5db52a2ad45a1326","messageTitle":"Amend the javadoc format","messageBody":"","tags":["A-Release"],"fileTypesAndContributionMap":{"java":{"insertions":13,"deletions":6}}},{"hash":"3fb43307df8fe8a9bd843e1c6a35ee4b08267e08","messageTitle":"Update the download link for the .jar file","messageBody":"","fileTypesAndContributionMap":{"md":{"insertions":1,"deletions":1}}}]}]},"authorFileTypeContributionMap":{"ruyian":{"java":959,"md":193,"fxml":0,"sh":0,"bat":0,"gradle":0,"txt":1}},"authorContributionVariance":{"ruyian":13888.96},"authorDisplayNameMap":{"ruyian":"CS2113-T16-2 AN R..RUYI"}}
