{"authorDailyContributionsMap":{"ruyian":[{"date":"2021-08-19","commitResults":[{"hash":"4da7dfafb6f605c344fe4b6cc72c486b856a473f","messageTitle":"Week2 - revert back to original Duke.java","messageBody":"","fileTypesAndContributionMap":{"java":{"insertions":6,"deletions":3}}},{"hash":"30d4e6238230615d8d8baede2465edaa9398eae9","messageTitle":"Level0, Greet","messageBody":"","tags":["Level-0"],"fileTypesAndContributionMap":{"java":{"insertions":6,"deletions":6}}}]},{"date":"2021-08-25","commitResults":[{"hash":"ec42e0c3e7f58660fa414b28e52ed28d8e16fdb5","messageTitle":"Level-1: Greet, Echo, Exit","messageBody":"","tags":["Level-1"],"fileTypesAndContributionMap":{"java":{"insertions":36,"deletions":6}}},{"hash":"ad3d1925e3f6e6898303bdade829dbde1a0f032f","messageTitle":"Level 2. Add, List","messageBody":"","fileTypesAndContributionMap":{"java":{"insertions":18,"deletions":2}}},{"hash":"ad7dddde04d8fb2b322a7501763583324fa8d8ea","messageTitle":"Level 2. Add, List","messageBody":"","tags":["Level-2"],"fileTypesAndContributionMap":{"java":{"insertions":2,"deletions":2}}},{"hash":"776d310653228dadd33d1f68396c67d8a46b4976","messageTitle":"Level 3. Mark as Done","messageBody":"","fileTypesAndContributionMap":{"java":{"insertions":81,"deletions":8}}}]},{"date":"2021-08-26","commitResults":[{"hash":"d5622381de93e0185cb0c25e1e0826808c0c358a","messageTitle":"Fix bug. Change naming convention for class.","messageBody":"","tags":["Level-3","A-CodingStandard"],"fileTypesAndContributionMap":{"java":{"insertions":12,"deletions":8}}}]},{"date":"2021-08-31","commitResults":[{"hash":"935abccbc06b13b578532f0538a661ead2b43499","messageTitle":"Level 4. ToDos, Events, Deadlines Add class Deadline, Event, Todo. All of them are inherited from class Task, and respective method of adding in each type of tasks in TaskBank. Add a default constructor for Task as for Deadline and Event, they cannot further use the parent\u0027s constructor to initialize the date (child field)","messageBody":"","fileTypesAndContributionMap":{"java":{"insertions":103,"deletions":11}}},{"hash":"249071b6b9b181133cd649a6a6f30a5d613a5fbe","messageTitle":"A-CodeQuality: Rename and reformat the code abiding by the code standard","messageBody":"","fileTypesAndContributionMap":{"java":{"insertions":13,"deletions":12}}}]},{"date":"2021-09-02","commitResults":[{"hash":"4104774dc8992d7df96180e4adf6f13ca781b5b2","messageTitle":"Bug fiex. Coding standard improved.","messageBody":"","fileTypesAndContributionMap":{"java":{"insertions":4,"deletions":3}}},{"hash":"73c315cdfbe349c494e5dc09bdc130f079d88d88","messageTitle":"Revert \"Bug fiex. Coding standard improved.\"","messageBody":"This reverts commit 4104774dc8992d7df96180e4adf6f13ca781b5b2.\n","fileTypesAndContributionMap":{"java":{"insertions":3,"deletions":4}}},{"hash":"ab261dda5561312429fe521b526d31aeb1d8d4a0","messageTitle":"Bug fixed. Coding standard improved.","messageBody":"","tags":["Level-4","A-CodeQuality"],"fileTypesAndContributionMap":{"java":{"insertions":4,"deletions":3}}}]}]},"authorFileTypeContributionMap":{"ruyian":{"java":221,"md":0,"fxml":0,"sh":0,"bat":0,"gradle":0,"txt":0}},"authorContributionVariance":{"ruyian":190.81973},"authorDisplayNameMap":{"ruyian":"CS2113-T16-2 AN R..RUYI"}}
