{"authorDailyContributionsMap":{"datn02":[{"date":"2021-08-18","commitResults":[{"hash":"5ff5f016383decc445c15eeedfbe926d5069daff","messageTitle":"Add greet message","messageBody":"","tags":["Level-0"],"fileTypesAndContributionMap":{"java":{"insertions":9,"deletions":0}}}]},{"date":"2021-08-23","commitResults":[{"hash":"9c339994397dbf708552852baae99d70f4330ac5","messageTitle":"Add echo functionality","messageBody":"","tags":["Level-1"],"fileTypesAndContributionMap":{"java":{"insertions":18,"deletions":2}}},{"hash":"15e64cc8005120b598e6d92524ee0b62d63ed356","messageTitle":"Add list and store tasks feature","messageBody":"","tags":["Level-2"],"fileTypesAndContributionMap":{"java":{"insertions":15,"deletions":1}}},{"hash":"cdf9ec73885487f0a3177924aefa9d98ad95fefd","messageTitle":"Add Task class and Mark as Done feature","messageBody":"","tags":["Level-3"],"fileTypesAndContributionMap":{"java":{"insertions":43,"deletions":3}}}]},{"date":"2021-08-24","commitResults":[{"hash":"1fcf69961ccea372f57a5b4e7fcbc20be47ed2a1","messageTitle":"Fix coding standard","messageBody":"","tags":["A-CodingStandard"],"fileTypesAndContributionMap":{"java":{"insertions":5,"deletions":9}}}]},{"date":"2021-08-30","commitResults":[{"hash":"44fd2ff46ab367a2b54e63108ac3ceb03d648e84","messageTitle":"Add deadline, todos and event; fix code to be more OOP","messageBody":"","tags":["Level-4"],"fileTypesAndContributionMap":{"java":{"insertions":234,"deletions":54}}},{"hash":"b29580e5418a3c9bc84d549a95f59fe1ef91e74e","messageTitle":"Add test cases","messageBody":"","tags":["A-TextUiTesting"],"fileTypesAndContributionMap":{"txt":{"insertions":22,"deletions":0}}},{"hash":"fd46c1e599a6a5bb7ab2475edbeb47971c790ae1","messageTitle":"Fix coding standard","messageBody":"","tags":["A-CodeQuality"],"fileTypesAndContributionMap":{"java":{"insertions":20,"deletions":9}}}]},{"date":"2021-09-06","commitResults":[{"hash":"6d1dec9ce422bf2cc6201b899a7af856cee58869","messageTitle":"Add DukeException to handle errors","messageBody":"","tags":["A-Exceptions"],"fileTypesAndContributionMap":{"java":{"insertions":58,"deletions":26}}},{"hash":"b8d539c8544e78479aa8228f3c1266911dc0a0c6","messageTitle":"Change task to abstract class","messageBody":"","fileTypesAndContributionMap":{"java":{"insertions":1,"deletions":1}}},{"hash":"6ebc1323abab727cd93e05a16627701bdd85256b","messageTitle":"Add more test cases","messageBody":"","fileTypesAndContributionMap":{"txt":{"insertions":5,"deletions":0}}}]}]},"authorFileTypeContributionMap":{"datn02":{"java":303,"md":0,"fxml":0,"sh":0,"bat":0,"gradle":0,"txt":27}},"authorContributionVariance":{"datn02":548.8724},"authorDisplayNameMap":{"datn02":"CS2113T-T09-3 TRAN.. ANH"}}
