[{"path":"src/main/java/Duke.java","fileType":"java","lines":[{"lineNumber":1,"author":{"gitId":"swongts"},"content":"import java.util.Scanner;","lastModifiedDate":"2021-08-26"},{"lineNumber":2,"author":{"gitId":"swongts"},"content":"","lastModifiedDate":"2021-08-26"},{"lineNumber":3,"author":{"gitId":"-"},"content":"public class Duke {","lastModifiedDate":"2019-07-29"},{"lineNumber":4,"author":{"gitId":"swongts"},"content":"    public static void greeting() {","lastModifiedDate":"2021-08-26"},{"lineNumber":5,"author":{"gitId":"swongts"},"content":"        String greeting \u003d \" Hello! I\u0027m pepepopo\\n\" +","lastModifiedDate":"2021-08-26"},{"lineNumber":6,"author":{"gitId":"swongts"},"content":"                        \" What can I do for you?\";","lastModifiedDate":"2021-08-18"},{"lineNumber":7,"author":{"gitId":"swongts"},"content":"        System.out.println(greeting);","lastModifiedDate":"2021-08-26"},{"lineNumber":8,"author":{"gitId":"swongts"},"content":"        divider();","lastModifiedDate":"2021-08-26"},{"lineNumber":9,"author":{"gitId":"swongts"},"content":"    }","lastModifiedDate":"2021-08-26"},{"lineNumber":10,"author":{"gitId":"swongts"},"content":"","lastModifiedDate":"2021-08-26"},{"lineNumber":11,"author":{"gitId":"swongts"},"content":"    public static void divider() {","lastModifiedDate":"2021-08-26"},{"lineNumber":12,"author":{"gitId":"swongts"},"content":"        String divider \u003d \"\\n____________________________________________________________\";","lastModifiedDate":"2021-08-26"},{"lineNumber":13,"author":{"gitId":"swongts"},"content":"        System.out.println(divider);","lastModifiedDate":"2021-08-26"},{"lineNumber":14,"author":{"gitId":"swongts"},"content":"    }","lastModifiedDate":"2021-08-26"},{"lineNumber":15,"author":{"gitId":"swongts"},"content":"","lastModifiedDate":"2021-08-18"},{"lineNumber":16,"author":{"gitId":"swongts"},"content":"    public static void bye() {","lastModifiedDate":"2021-08-26"},{"lineNumber":17,"author":{"gitId":"swongts"},"content":"        String bye \u003d \" Bye. Hope to see you again soon!\";","lastModifiedDate":"2021-08-18"},{"lineNumber":18,"author":{"gitId":"swongts"},"content":"        System.out.println(bye);","lastModifiedDate":"2021-08-26"},{"lineNumber":19,"author":{"gitId":"swongts"},"content":"        divider();","lastModifiedDate":"2021-08-26"},{"lineNumber":20,"author":{"gitId":"swongts"},"content":"","lastModifiedDate":"2021-08-18"},{"lineNumber":21,"author":{"gitId":"swongts"},"content":"    }","lastModifiedDate":"2021-08-26"},{"lineNumber":22,"author":{"gitId":"swongts"},"content":"","lastModifiedDate":"2021-08-18"},{"lineNumber":23,"author":{"gitId":"swongts"},"content":"    public static String input() {","lastModifiedDate":"2021-08-26"},{"lineNumber":24,"author":{"gitId":"swongts"},"content":"        String line;","lastModifiedDate":"2021-08-26"},{"lineNumber":25,"author":{"gitId":"swongts"},"content":"        Scanner in \u003d new Scanner(System.in);","lastModifiedDate":"2021-08-26"},{"lineNumber":26,"author":{"gitId":"swongts"},"content":"","lastModifiedDate":"2021-08-26"},{"lineNumber":27,"author":{"gitId":"swongts"},"content":"        line \u003d in.nextLine();","lastModifiedDate":"2021-08-26"},{"lineNumber":28,"author":{"gitId":"swongts"},"content":"        return line;","lastModifiedDate":"2021-08-26"},{"lineNumber":29,"author":{"gitId":"swongts"},"content":"    }","lastModifiedDate":"2021-08-26"},{"lineNumber":30,"author":{"gitId":"swongts"},"content":"","lastModifiedDate":"2021-08-26"},{"lineNumber":31,"author":{"gitId":"swongts"},"content":"    public static void echo(String text) {","lastModifiedDate":"2021-08-26"},{"lineNumber":32,"author":{"gitId":"swongts"},"content":"        if (!text.equals(\"bye\")) {","lastModifiedDate":"2021-08-26"},{"lineNumber":33,"author":{"gitId":"swongts"},"content":"            System.out.println(text);","lastModifiedDate":"2021-08-26"},{"lineNumber":34,"author":{"gitId":"swongts"},"content":"            divider();","lastModifiedDate":"2021-08-26"},{"lineNumber":35,"author":{"gitId":"swongts"},"content":"","lastModifiedDate":"2021-08-26"},{"lineNumber":36,"author":{"gitId":"swongts"},"content":"            echo(input());","lastModifiedDate":"2021-08-26"},{"lineNumber":37,"author":{"gitId":"swongts"},"content":"        }","lastModifiedDate":"2021-08-26"},{"lineNumber":38,"author":{"gitId":"swongts"},"content":"        else {","lastModifiedDate":"2021-08-26"},{"lineNumber":39,"author":{"gitId":"swongts"},"content":"            bye();","lastModifiedDate":"2021-08-26"},{"lineNumber":40,"author":{"gitId":"swongts"},"content":"        }","lastModifiedDate":"2021-08-26"},{"lineNumber":41,"author":{"gitId":"swongts"},"content":"    }","lastModifiedDate":"2021-08-26"},{"lineNumber":42,"author":{"gitId":"swongts"},"content":"","lastModifiedDate":"2021-08-26"},{"lineNumber":43,"author":{"gitId":"-"},"content":"    public static void main(String[] args) {","lastModifiedDate":"2021-08-26"},{"lineNumber":44,"author":{"gitId":"swongts"},"content":"        greeting();","lastModifiedDate":"2021-08-26"},{"lineNumber":45,"author":{"gitId":"swongts"},"content":"        echo(input());","lastModifiedDate":"2021-08-26"},{"lineNumber":46,"author":{"gitId":"-"},"content":"    }","lastModifiedDate":"2019-07-29"},{"lineNumber":47,"author":{"gitId":"-"},"content":"}","lastModifiedDate":"2019-07-29"}],"authorContributionMap":{"-":4,"swongts":43}}]
