[{"path":"src/main/java/Duke.java","fileType":"java","lines":[{"lineNumber":1,"author":{"gitId":"-"},"content":"public class Duke {","lastModifiedDate":"2019-07-29"},{"lineNumber":2,"author":{"gitId":"-"},"content":"    public static void main(String[] args) {","lastModifiedDate":"2019-07-29"},{"lineNumber":3,"author":{"gitId":"swongts"},"content":"        String greeting \u003d \" Hello! I\u0027m Duke\\n\" +","lastModifiedDate":"2021-08-18"},{"lineNumber":4,"author":{"gitId":"swongts"},"content":"                        \" What can I do for you?\";","lastModifiedDate":"2021-08-18"},{"lineNumber":5,"author":{"gitId":"swongts"},"content":"","lastModifiedDate":"2021-08-18"},{"lineNumber":6,"author":{"gitId":"swongts"},"content":"        String bye \u003d \" Bye. Hope to see you again soon!\";","lastModifiedDate":"2021-08-18"},{"lineNumber":7,"author":{"gitId":"swongts"},"content":"","lastModifiedDate":"2021-08-18"},{"lineNumber":8,"author":{"gitId":"swongts"},"content":"        String divider \u003d \"\\n____________________________________________________________\";","lastModifiedDate":"2021-08-18"},{"lineNumber":9,"author":{"gitId":"swongts"},"content":"","lastModifiedDate":"2021-08-18"},{"lineNumber":10,"author":{"gitId":"swongts"},"content":"        System.out.println(divider);","lastModifiedDate":"2021-08-18"},{"lineNumber":11,"author":{"gitId":"swongts"},"content":"        System.out.println(greeting + divider);","lastModifiedDate":"2021-08-18"},{"lineNumber":12,"author":{"gitId":"swongts"},"content":"        System.out.println(bye + divider);","lastModifiedDate":"2021-08-18"},{"lineNumber":13,"author":{"gitId":"swongts"},"content":"","lastModifiedDate":"2021-08-18"},{"lineNumber":14,"author":{"gitId":"-"},"content":"    }","lastModifiedDate":"2019-07-29"},{"lineNumber":15,"author":{"gitId":"-"},"content":"}","lastModifiedDate":"2019-07-29"}],"authorContributionMap":{"-":4,"swongts":11}}]
