{"authorDailyContributionsMap":{"swongts":[{"date":"2021-08-18","commitResults":[{"hash":"2ca856cbf4225f0d332b37cca253e9fef965b43e","messageTitle":"add level-0 greet","messageBody":"","tags":["Level-0"],"fileTypesAndContributionMap":{"java":{"insertions":11,"deletions":6}}}]},{"date":"2021-08-26","commitResults":[{"hash":"bb72c84a97e4c4f8f3482f82a10a46ffe536af2f","messageTitle":"Add Level-1","messageBody":"","fileTypesAndContributionMap":{"java":{"insertions":42,"deletions":6}}},{"hash":"3a4ca44929de9f4d6c5f700cb59d68e3ec7250b1","messageTitle":"Add Level-1, deleted comments","messageBody":"","tags":["Level-1"],"fileTypesAndContributionMap":{"java":{"insertions":0,"deletions":4}}},{"hash":"7e0e0a1bc2ab433f9e0cbb8e6486fa90c1192e1a","messageTitle":"Add Level-2","messageBody":"","tags":["Level-2"],"fileTypesAndContributionMap":{"java":{"insertions":38,"deletions":8}}},{"hash":"9df0fe459069f240817a43e98891e6074395bb07","messageTitle":"Add class task, Add Level-3","messageBody":"","tags":["Level-3"],"fileTypesAndContributionMap":{"java":{"insertions":54,"deletions":13}}},{"hash":"7d8d9dc2116122ef0ca274d441efade790749a79","messageTitle":"Add coding standard","messageBody":"","tags":["A-CodingStandard"],"fileTypesAndContributionMap":{"java":{"insertions":12,"deletions":16}}}]},{"date":"2021-08-29","commitResults":[{"hash":"e53286c6b61f1f97fdd3b8d0fb5ad5f02fab10e7","messageTitle":"Fix \u0027bye\u0027 bug","messageBody":"","fileTypesAndContributionMap":{"java":{"insertions":4,"deletions":3}}}]}]},"authorFileTypeContributionMap":{"swongts":{"java":111,"md":0,"fxml":0,"sh":0,"bat":0,"gradle":0,"txt":0}},"authorContributionVariance":{"swongts":164.66766},"authorDisplayNameMap":{"swongts":"CS2113T-F11-3 WONG..NTHA"}}
