{"authorDailyContributionsMap":{"swongts":[{"date":"2021-08-18","commitResults":[{"hash":"2ca856cbf4225f0d332b37cca253e9fef965b43e","messageTitle":"add level-0 greet","messageBody":"","tags":["Level-0"],"fileTypesAndContributionMap":{"java":{"insertions":11,"deletions":6}}}]},{"date":"2021-08-26","commitResults":[{"hash":"bb72c84a97e4c4f8f3482f82a10a46ffe536af2f","messageTitle":"Add Level-1","messageBody":"","fileTypesAndContributionMap":{"java":{"insertions":42,"deletions":6}}},{"hash":"3a4ca44929de9f4d6c5f700cb59d68e3ec7250b1","messageTitle":"Add Level-1, deleted comments","messageBody":"","tags":["Level-1"],"fileTypesAndContributionMap":{"java":{"insertions":0,"deletions":4}}},{"hash":"7e0e0a1bc2ab433f9e0cbb8e6486fa90c1192e1a","messageTitle":"Add Level-2","messageBody":"","tags":["Level-2"],"fileTypesAndContributionMap":{"java":{"insertions":38,"deletions":8}}},{"hash":"9df0fe459069f240817a43e98891e6074395bb07","messageTitle":"Add class task, Add Level-3","messageBody":"","tags":["Level-3"],"fileTypesAndContributionMap":{"java":{"insertions":54,"deletions":13}}},{"hash":"7d8d9dc2116122ef0ca274d441efade790749a79","messageTitle":"Add coding standard","messageBody":"","tags":["A-CodingStandard"],"fileTypesAndContributionMap":{"java":{"insertions":12,"deletions":16}}}]},{"date":"2021-08-29","commitResults":[{"hash":"e53286c6b61f1f97fdd3b8d0fb5ad5f02fab10e7","messageTitle":"Fix \u0027bye\u0027 bug","messageBody":"","fileTypesAndContributionMap":{"java":{"insertions":4,"deletions":3}}}]},{"date":"2021-09-02","commitResults":[{"hash":"727cf2881f9682e6db1a34b28bb9de15d651c669","messageTitle":"Add classes todo, event, deadline","messageBody":"","tags":["Level-4","A-CodeQuality"],"fileTypesAndContributionMap":{"txt":{"insertions":1,"deletions":0},"java":{"insertions":185,"deletions":50}}}]},{"date":"2021-09-09","commitResults":[{"hash":"0cc3fa84c4f5e2301cfc0d1ca29f7a69120333bb","messageTitle":"Add Duke exception and error handling","messageBody":"","tags":["A-Exceptions"],"fileTypesAndContributionMap":{"java":{"insertions":46,"deletions":9}}},{"hash":"718137f32dbc7837ac6ade89635d9add3a7022f1","messageTitle":"Add package","messageBody":"","tags":["A-Package"],"fileTypesAndContributionMap":{"java":{"insertions":12,"deletions":0}}}]},{"date":"2021-09-16","commitResults":[{"hash":"2b7ec55cfeab4749182f10a5f4c0beb9c2678783","messageTitle":"Add constants","messageBody":"","fileTypesAndContributionMap":{"java":{"insertions":41,"deletions":43}}}]},{"date":"2021-09-17","commitResults":[{"hash":"b7761f582670f201b5f6e25196ddfa0d994b50c0","messageTitle":"Add Log","messageBody":"","fileTypesAndContributionMap":{"txt":{"insertions":1,"deletions":0},"java":{"insertions":189,"deletions":55}}},{"hash":"87a976433126cf20f3c875728b97fc753cd05410","messageTitle":"Add changes to readFile()","messageBody":"","fileTypesAndContributionMap":{"txt":{"insertions":1,"deletions":1},"java":{"insertions":32,"deletions":30}}},{"hash":"4195d885ca1d4b13073a89351650cd7814662367","messageTitle":"Fix writeToFile bug, Make code modular","messageBody":"","tags":["Level-7"],"fileTypesAndContributionMap":{"txt":{"insertions":0,"deletions":1},"java":{"insertions":122,"deletions":109}}}]},{"date":"2021-09-30","commitResults":[{"hash":"b4a2d95515295025b1c502d7c1bfb300d3972138","messageTitle":"Refactor code to become more OOP","messageBody":"","tags":["A-MoreOOP"],"fileTypesAndContributionMap":{"txt":{"insertions":3,"deletions":0},"java":{"insertions":537,"deletions":328}}},{"hash":"b9f3fb2a6d31a910855cffb7e889bf63d52ea91b","messageTitle":"Add date command","messageBody":"","fileTypesAndContributionMap":{"txt":{"insertions":0,"deletions":0},"java":{"insertions":156,"deletions":34}}},{"hash":"44215c1cdfd117015ff82047c0e205ec2d3c09d5","messageTitle":"Add find command","messageBody":"","fileTypesAndContributionMap":{"java":{"insertions":50,"deletions":2}}}]}]},"authorFileTypeContributionMap":{"swongts":{"java":830,"md":0,"fxml":0,"sh":0,"bat":0,"gradle":0,"txt":4}},"authorContributionVariance":{"swongts":6216.123},"authorDisplayNameMap":{"swongts":"CS2113T-F11-3 WONG..NTHA"}}
