[{"path":"src/main/java/duke/exception/EmptyDescriptionException.java","fileType":"java","lines":[{"lineNumber":1,"author":{"gitId":"Kureans"},"content":"package duke.exception;","lastModifiedDate":"2021-09-07"},{"lineNumber":2,"author":{"gitId":"Kureans"},"content":"","lastModifiedDate":"2021-09-07"},{"lineNumber":3,"author":{"gitId":"Kureans"},"content":"public class EmptyDescriptionException extends Exception {","lastModifiedDate":"2021-09-07"},{"lineNumber":4,"author":{"gitId":"Kureans"},"content":"}","lastModifiedDate":"2021-09-07"}],"authorContributionMap":{"Kureans":4}},{"path":"src/main/java/duke/exception/InvalidFormatException.java","fileType":"java","lines":[{"lineNumber":1,"author":{"gitId":"Kureans"},"content":"package duke.exception;","lastModifiedDate":"2021-09-07"},{"lineNumber":2,"author":{"gitId":"Kureans"},"content":"","lastModifiedDate":"2021-09-07"},{"lineNumber":3,"author":{"gitId":"Kureans"},"content":"public class InvalidFormatException extends Exception {","lastModifiedDate":"2021-09-07"},{"lineNumber":4,"author":{"gitId":"Kureans"},"content":"}","lastModifiedDate":"2021-09-07"}],"authorContributionMap":{"Kureans":4}},{"path":"src/main/java/duke/exception/InvalidIndexException.java","fileType":"java","lines":[{"lineNumber":1,"author":{"gitId":"Kureans"},"content":"package duke.exception;","lastModifiedDate":"2021-09-07"},{"lineNumber":2,"author":{"gitId":"Kureans"},"content":"","lastModifiedDate":"2021-09-07"},{"lineNumber":3,"author":{"gitId":"Kureans"},"content":"public class InvalidIndexException extends Exception {","lastModifiedDate":"2021-09-07"},{"lineNumber":4,"author":{"gitId":"Kureans"},"content":"}","lastModifiedDate":"2021-09-07"}],"authorContributionMap":{"Kureans":4}},{"path":"src/main/java/duke/exception/TaskIndexOutOfBoundsException.java","fileType":"java","lines":[{"lineNumber":1,"author":{"gitId":"Kureans"},"content":"package duke.exception;","lastModifiedDate":"2021-09-07"},{"lineNumber":2,"author":{"gitId":"Kureans"},"content":"","lastModifiedDate":"2021-09-07"},{"lineNumber":3,"author":{"gitId":"Kureans"},"content":"public class TaskIndexOutOfBoundsException extends Exception {","lastModifiedDate":"2021-09-07"},{"lineNumber":4,"author":{"gitId":"Kureans"},"content":"}","lastModifiedDate":"2021-09-07"}],"authorContributionMap":{"Kureans":4}},{"path":"src/main/java/duke/program/Duke.java","fileType":"java","lines":[{"lineNumber":1,"author":{"gitId":"Kureans"},"content":"package duke.program;","lastModifiedDate":"2021-09-07"},{"lineNumber":2,"author":{"gitId":"Kureans"},"content":"","lastModifiedDate":"2021-08-24"},{"lineNumber":3,"author":{"gitId":"-"},"content":"public class Duke {","lastModifiedDate":"2019-07-29"},{"lineNumber":4,"author":{"gitId":"Kureans"},"content":"    private static final int LINE_LENGTH \u003d 40;","lastModifiedDate":"2021-09-06"},{"lineNumber":5,"author":{"gitId":"Kureans"},"content":"","lastModifiedDate":"2021-08-24"},{"lineNumber":6,"author":{"gitId":"Kureans"},"content":"    public static void printGreetingMessage(LizTextBanner liz) {","lastModifiedDate":"2021-08-25"},{"lineNumber":7,"author":{"gitId":"Kureans"},"content":"        System.out.println(\"Howdy! It\u0027s\\n\" + liz.getLizText() + liz.getLizLogo());","lastModifiedDate":"2021-08-25"},{"lineNumber":8,"author":{"gitId":"Kureans"},"content":"        printLine();","lastModifiedDate":"2021-08-25"},{"lineNumber":9,"author":{"gitId":"Kureans"},"content":"        System.out.println(\"Hey! I\u0027m Lizzy the Lizard!\");","lastModifiedDate":"2021-08-24"},{"lineNumber":10,"author":{"gitId":"Kureans"},"content":"        System.out.println(\"What can I do for you?\");","lastModifiedDate":"2021-08-15"},{"lineNumber":11,"author":{"gitId":"Kureans"},"content":"        System.out.println(\"\");","lastModifiedDate":"2021-08-15"},{"lineNumber":12,"author":{"gitId":"Kureans"},"content":"    }","lastModifiedDate":"2021-08-15"},{"lineNumber":13,"author":{"gitId":"Kureans"},"content":"","lastModifiedDate":"2021-08-15"},{"lineNumber":14,"author":{"gitId":"Kureans"},"content":"    public static void printExitMessage() {","lastModifiedDate":"2021-08-25"},{"lineNumber":15,"author":{"gitId":"Kureans"},"content":"        printLine();","lastModifiedDate":"2021-08-25"},{"lineNumber":16,"author":{"gitId":"Kureans"},"content":"        System.out.println(\"Bye. Hope to see you again soon!\");","lastModifiedDate":"2021-08-15"},{"lineNumber":17,"author":{"gitId":"Kureans"},"content":"    }","lastModifiedDate":"2021-08-15"},{"lineNumber":18,"author":{"gitId":"Kureans"},"content":"","lastModifiedDate":"2021-08-15"},{"lineNumber":19,"author":{"gitId":"Kureans"},"content":"    public static void printLine() {","lastModifiedDate":"2021-08-25"},{"lineNumber":20,"author":{"gitId":"Kureans"},"content":"        for (int i \u003d 0; i \u003c LINE_LENGTH; i++) {","lastModifiedDate":"2021-09-06"},{"lineNumber":21,"author":{"gitId":"Kureans"},"content":"            System.out.print(\"_\");","lastModifiedDate":"2021-08-15"},{"lineNumber":22,"author":{"gitId":"Kureans"},"content":"        }","lastModifiedDate":"2021-08-15"},{"lineNumber":23,"author":{"gitId":"Kureans"},"content":"        System.out.println(\"\");","lastModifiedDate":"2021-08-15"},{"lineNumber":24,"author":{"gitId":"Kureans"},"content":"    }","lastModifiedDate":"2021-08-15"},{"lineNumber":25,"author":{"gitId":"Kureans"},"content":"","lastModifiedDate":"2021-08-15"},{"lineNumber":26,"author":{"gitId":"Kureans"},"content":"    public static void readInputs(TaskManager manager) {","lastModifiedDate":"2021-09-01"},{"lineNumber":27,"author":{"gitId":"Kureans"},"content":"        manager.parseUserInput();","lastModifiedDate":"2021-09-01"},{"lineNumber":28,"author":{"gitId":"Kureans"},"content":"    }","lastModifiedDate":"2021-08-24"},{"lineNumber":29,"author":{"gitId":"Kureans"},"content":"","lastModifiedDate":"2021-08-24"},{"lineNumber":30,"author":{"gitId":"-"},"content":"    public static void main(String[] args) {","lastModifiedDate":"2019-07-29"},{"lineNumber":31,"author":{"gitId":"Kureans"},"content":"","lastModifiedDate":"2021-08-24"},{"lineNumber":32,"author":{"gitId":"Kureans"},"content":"        LizTextBanner liz \u003d new LizTextBanner();","lastModifiedDate":"2021-08-25"},{"lineNumber":33,"author":{"gitId":"Kureans"},"content":"        TaskManager manager \u003d new TaskManager();","lastModifiedDate":"2021-09-01"},{"lineNumber":34,"author":{"gitId":"Kureans"},"content":"","lastModifiedDate":"2021-08-15"},{"lineNumber":35,"author":{"gitId":"Kureans"},"content":"        printGreetingMessage(liz);","lastModifiedDate":"2021-08-25"},{"lineNumber":36,"author":{"gitId":"Kureans"},"content":"        readInputs(manager);","lastModifiedDate":"2021-09-01"},{"lineNumber":37,"author":{"gitId":"Kureans"},"content":"        printExitMessage();","lastModifiedDate":"2021-08-25"},{"lineNumber":38,"author":{"gitId":"-"},"content":"    }","lastModifiedDate":"2019-07-29"},{"lineNumber":39,"author":{"gitId":"-"},"content":"}","lastModifiedDate":"2019-07-29"}],"authorContributionMap":{"-":4,"Kureans":35}},{"path":"src/main/java/duke/program/LizTextBanner.java","fileType":"java","lines":[{"lineNumber":1,"author":{"gitId":"Kureans"},"content":"package duke.program;","lastModifiedDate":"2021-09-07"},{"lineNumber":2,"author":{"gitId":"Kureans"},"content":"","lastModifiedDate":"2021-09-07"},{"lineNumber":3,"author":{"gitId":"Kureans"},"content":"public class LizTextBanner {","lastModifiedDate":"2021-08-25"},{"lineNumber":4,"author":{"gitId":"Kureans"},"content":"","lastModifiedDate":"2021-08-25"},{"lineNumber":5,"author":{"gitId":"Kureans"},"content":"    private String lizText;","lastModifiedDate":"2021-08-25"},{"lineNumber":6,"author":{"gitId":"Kureans"},"content":"    private String lizLogo;","lastModifiedDate":"2021-08-25"},{"lineNumber":7,"author":{"gitId":"Kureans"},"content":"","lastModifiedDate":"2021-08-25"},{"lineNumber":8,"author":{"gitId":"Kureans"},"content":"    public LizTextBanner() {","lastModifiedDate":"2021-08-25"},{"lineNumber":9,"author":{"gitId":"Kureans"},"content":"        this.lizText \u003d \"      ___                   ___           ___           ___     \\n\" +","lastModifiedDate":"2021-08-25"},{"lineNumber":10,"author":{"gitId":"Kureans"},"content":"                \"     /\\\\__\\\\      ___        /\\\\  \\\\         /\\\\  \\\\         |\\\\__\\\\    \\n\" +","lastModifiedDate":"2021-08-25"},{"lineNumber":11,"author":{"gitId":"Kureans"},"content":"                \"    /:/  /     /\\\\  \\\\       \\\\:\\\\  \\\\        \\\\:\\\\  \\\\        |:|  |   \\n\" +","lastModifiedDate":"2021-08-25"},{"lineNumber":12,"author":{"gitId":"Kureans"},"content":"                \"   /:/  /      \\\\:\\\\  \\\\       \\\\:\\\\  \\\\        \\\\:\\\\  \\\\       |:|  |   \\n\" +","lastModifiedDate":"2021-08-25"},{"lineNumber":13,"author":{"gitId":"Kureans"},"content":"                \"  /:/  /       /::\\\\__\\\\       \\\\:\\\\  \\\\        \\\\:\\\\  \\\\      |:|__|__ \\n\" +","lastModifiedDate":"2021-08-25"},{"lineNumber":14,"author":{"gitId":"Kureans"},"content":"                \" /:/__/     __/:/\\\\/__/ _______\\\\:\\\\__\\\\ _______\\\\:\\\\__\\\\     /::::\\\\__\\\\\\n\" +","lastModifiedDate":"2021-08-25"},{"lineNumber":15,"author":{"gitId":"Kureans"},"content":"                \" \\\\:\\\\  \\\\    /\\\\/:/  /    \\\\::::::::/__/ \\\\::::::::/__/    /:/~~/~   \\n\" +","lastModifiedDate":"2021-08-25"},{"lineNumber":16,"author":{"gitId":"Kureans"},"content":"                \"  \\\\:\\\\  \\\\   \\\\::/__/      \\\\:\\\\~~\\\\~~      \\\\:\\\\~~\\\\~~       /:/  /     \\n\" +","lastModifiedDate":"2021-08-25"},{"lineNumber":17,"author":{"gitId":"Kureans"},"content":"                \"   \\\\:\\\\  \\\\   \\\\:\\\\__\\\\       \\\\:\\\\  \\\\        \\\\:\\\\  \\\\        \\\\/__/      \\n\" +","lastModifiedDate":"2021-08-25"},{"lineNumber":18,"author":{"gitId":"Kureans"},"content":"                \"    \\\\:\\\\__\\\\   \\\\/__/        \\\\:\\\\__\\\\        \\\\:\\\\__\\\\                  \\n\" +","lastModifiedDate":"2021-08-25"},{"lineNumber":19,"author":{"gitId":"Kureans"},"content":"                \"     \\\\/__/                 \\\\/__/         \\\\/__/                  \\n\";","lastModifiedDate":"2021-08-25"},{"lineNumber":20,"author":{"gitId":"Kureans"},"content":"        this.lizLogo \u003d \"                      ____...---...___\\n\" +","lastModifiedDate":"2021-08-25"},{"lineNumber":21,"author":{"gitId":"Kureans"},"content":"                \"___.....---\\\"\\\"\\\"                .                   \\\"\\\"--..____\\n\" +","lastModifiedDate":"2021-08-25"},{"lineNumber":22,"author":{"gitId":"Kureans"},"content":"                \"     .                  .            .\\n\" +","lastModifiedDate":"2021-08-25"},{"lineNumber":23,"author":{"gitId":"Kureans"},"content":"                \" .             _.--._       /|\\n\" +","lastModifiedDate":"2021-08-25"},{"lineNumber":24,"author":{"gitId":"Kureans"},"content":"                \"        .    .\u0027()..()`.    / /\\n\" +","lastModifiedDate":"2021-08-25"},{"lineNumber":25,"author":{"gitId":"Kureans"},"content":"                \"            ( `-.__.-\u0027 )  ( (    .\\n\" +","lastModifiedDate":"2021-08-25"},{"lineNumber":26,"author":{"gitId":"Kureans"},"content":"                \"   .         \\\\        /    \\\\ \\\\\\n\" +","lastModifiedDate":"2021-08-25"},{"lineNumber":27,"author":{"gitId":"Kureans"},"content":"                \"       .      \\\\      /      ) )        .\\n\" +","lastModifiedDate":"2021-08-25"},{"lineNumber":28,"author":{"gitId":"Kureans"},"content":"                \"            .\u0027 -.__.- `.-.-\u0027_.\u0027\\n\" +","lastModifiedDate":"2021-08-25"},{"lineNumber":29,"author":{"gitId":"Kureans"},"content":"                \" .        .\u0027  /-____-\\\\  `.-\u0027       .\\n\" +","lastModifiedDate":"2021-08-25"},{"lineNumber":30,"author":{"gitId":"Kureans"},"content":"                \"          \\\\  /-.____.-\\\\  /-.\\n\" +","lastModifiedDate":"2021-08-25"},{"lineNumber":31,"author":{"gitId":"Kureans"},"content":"                \"           \\\\ \\\\`-.__.-\u0027/ /\\\\|\\\\|           .\\n\" +","lastModifiedDate":"2021-08-25"},{"lineNumber":32,"author":{"gitId":"Kureans"},"content":"                \"          .\u0027  `.    .\u0027  `.\\n\" +","lastModifiedDate":"2021-08-25"},{"lineNumber":33,"author":{"gitId":"Kureans"},"content":"                \"          |/\\\\/\\\\|    |/\\\\/\\\\|\";","lastModifiedDate":"2021-08-25"},{"lineNumber":34,"author":{"gitId":"Kureans"},"content":"    }","lastModifiedDate":"2021-08-25"},{"lineNumber":35,"author":{"gitId":"Kureans"},"content":"","lastModifiedDate":"2021-08-25"},{"lineNumber":36,"author":{"gitId":"Kureans"},"content":"    public String getLizText() {","lastModifiedDate":"2021-08-25"},{"lineNumber":37,"author":{"gitId":"Kureans"},"content":"        return lizText;","lastModifiedDate":"2021-08-25"},{"lineNumber":38,"author":{"gitId":"Kureans"},"content":"    }","lastModifiedDate":"2021-08-25"},{"lineNumber":39,"author":{"gitId":"Kureans"},"content":"","lastModifiedDate":"2021-08-25"},{"lineNumber":40,"author":{"gitId":"Kureans"},"content":"    public String getLizLogo() {","lastModifiedDate":"2021-08-25"},{"lineNumber":41,"author":{"gitId":"Kureans"},"content":"        return lizLogo;","lastModifiedDate":"2021-08-25"},{"lineNumber":42,"author":{"gitId":"Kureans"},"content":"    }","lastModifiedDate":"2021-08-25"},{"lineNumber":43,"author":{"gitId":"Kureans"},"content":"}","lastModifiedDate":"2021-08-25"}],"authorContributionMap":{"Kureans":43}},{"path":"src/main/java/duke/program/TaskManager.java","fileType":"java","lines":[{"lineNumber":1,"author":{"gitId":"Kureans"},"content":"package duke.program;","lastModifiedDate":"2021-09-07"},{"lineNumber":2,"author":{"gitId":"Kureans"},"content":"","lastModifiedDate":"2021-09-07"},{"lineNumber":3,"author":{"gitId":"Kureans"},"content":"import duke.exception.EmptyDescriptionException;","lastModifiedDate":"2021-09-07"},{"lineNumber":4,"author":{"gitId":"Kureans"},"content":"import duke.exception.InvalidFormatException;","lastModifiedDate":"2021-09-07"},{"lineNumber":5,"author":{"gitId":"Kureans"},"content":"import duke.exception.InvalidIndexException;","lastModifiedDate":"2021-09-07"},{"lineNumber":6,"author":{"gitId":"Kureans"},"content":"import duke.exception.TaskIndexOutOfBoundsException;","lastModifiedDate":"2021-09-07"},{"lineNumber":7,"author":{"gitId":"Kureans"},"content":"import duke.task.Deadline;","lastModifiedDate":"2021-09-07"},{"lineNumber":8,"author":{"gitId":"Kureans"},"content":"import duke.task.Event;","lastModifiedDate":"2021-09-07"},{"lineNumber":9,"author":{"gitId":"Kureans"},"content":"import duke.task.Task;","lastModifiedDate":"2021-09-07"},{"lineNumber":10,"author":{"gitId":"Kureans"},"content":"import duke.task.ToDo;","lastModifiedDate":"2021-09-07"},{"lineNumber":11,"author":{"gitId":"Kureans"},"content":"","lastModifiedDate":"2021-09-07"},{"lineNumber":12,"author":{"gitId":"Kureans"},"content":"import java.util.Scanner;","lastModifiedDate":"2021-09-01"},{"lineNumber":13,"author":{"gitId":"Kureans"},"content":"","lastModifiedDate":"2021-09-01"},{"lineNumber":14,"author":{"gitId":"Kureans"},"content":"public class TaskManager {","lastModifiedDate":"2021-09-01"},{"lineNumber":15,"author":{"gitId":"Kureans"},"content":"    private static final String COMMAND_BYE \u003d \"bye\";","lastModifiedDate":"2021-09-01"},{"lineNumber":16,"author":{"gitId":"Kureans"},"content":"    private static final String COMMAND_LIST \u003d \"list\";","lastModifiedDate":"2021-09-01"},{"lineNumber":17,"author":{"gitId":"Kureans"},"content":"    private static final String COMMAND_TODO \u003d \"todo\";","lastModifiedDate":"2021-09-01"},{"lineNumber":18,"author":{"gitId":"Kureans"},"content":"    private static final String COMMAND_DEADLINE \u003d \"deadline\";","lastModifiedDate":"2021-09-01"},{"lineNumber":19,"author":{"gitId":"Kureans"},"content":"    private static final String COMMAND_EVENT \u003d \"event\";","lastModifiedDate":"2021-09-01"},{"lineNumber":20,"author":{"gitId":"Kureans"},"content":"    private static final String COMMAND_DONE \u003d \"done\";","lastModifiedDate":"2021-09-01"},{"lineNumber":21,"author":{"gitId":"Kureans"},"content":"","lastModifiedDate":"2021-09-01"},{"lineNumber":22,"author":{"gitId":"Kureans"},"content":"    private static final String SEPARATOR_SPACE \u003d \" \";","lastModifiedDate":"2021-09-01"},{"lineNumber":23,"author":{"gitId":"Kureans"},"content":"    private static final String SEPARATOR_BY \u003d \"/by\";","lastModifiedDate":"2021-09-01"},{"lineNumber":24,"author":{"gitId":"Kureans"},"content":"    private static final String SEPARATOR_AT \u003d \"/at\";","lastModifiedDate":"2021-09-01"},{"lineNumber":25,"author":{"gitId":"Kureans"},"content":"","lastModifiedDate":"2021-09-01"},{"lineNumber":26,"author":{"gitId":"Kureans"},"content":"    private static final String TASK_TYPE_ICON_TODO \u003d \"T\";","lastModifiedDate":"2021-09-01"},{"lineNumber":27,"author":{"gitId":"Kureans"},"content":"    private static final String TASK_TYPE_ICON_DEADLINE \u003d \"D\";","lastModifiedDate":"2021-09-01"},{"lineNumber":28,"author":{"gitId":"Kureans"},"content":"    private static final String TASK_TYPE_ICON_EVENT \u003d \"E\";","lastModifiedDate":"2021-09-01"},{"lineNumber":29,"author":{"gitId":"Kureans"},"content":"    private static final String ICON_DONE \u003d \"X\";","lastModifiedDate":"2021-09-01"},{"lineNumber":30,"author":{"gitId":"Kureans"},"content":"","lastModifiedDate":"2021-09-01"},{"lineNumber":31,"author":{"gitId":"Kureans"},"content":"    private static final int MAX_TASK_COUNT \u003d 100;","lastModifiedDate":"2021-09-01"},{"lineNumber":32,"author":{"gitId":"Kureans"},"content":"    private static final int TODO_DESCRIPTION_START_INDEX \u003d 5;","lastModifiedDate":"2021-09-01"},{"lineNumber":33,"author":{"gitId":"Kureans"},"content":"    private static final int DEADLINE_DESCRIPTION_START_INDEX \u003d 9;","lastModifiedDate":"2021-09-01"},{"lineNumber":34,"author":{"gitId":"Kureans"},"content":"    private static final int EVENT_DESCRIPTION_START_INDEX \u003d 6;","lastModifiedDate":"2021-09-01"},{"lineNumber":35,"author":{"gitId":"Kureans"},"content":"    private static final int LINE_LENGTH \u003d 40;","lastModifiedDate":"2021-09-06"},{"lineNumber":36,"author":{"gitId":"Kureans"},"content":"","lastModifiedDate":"2021-09-01"},{"lineNumber":37,"author":{"gitId":"Kureans"},"content":"    private Task tasks[];","lastModifiedDate":"2021-09-01"},{"lineNumber":38,"author":{"gitId":"Kureans"},"content":"    private int taskCount;","lastModifiedDate":"2021-09-01"},{"lineNumber":39,"author":{"gitId":"Kureans"},"content":"","lastModifiedDate":"2021-09-01"},{"lineNumber":40,"author":{"gitId":"Kureans"},"content":"    public TaskManager() {","lastModifiedDate":"2021-09-01"},{"lineNumber":41,"author":{"gitId":"Kureans"},"content":"        this.tasks \u003d new Task[MAX_TASK_COUNT];","lastModifiedDate":"2021-09-01"},{"lineNumber":42,"author":{"gitId":"Kureans"},"content":"        this.taskCount \u003d 0;","lastModifiedDate":"2021-09-01"},{"lineNumber":43,"author":{"gitId":"Kureans"},"content":"    }","lastModifiedDate":"2021-09-01"},{"lineNumber":44,"author":{"gitId":"Kureans"},"content":"","lastModifiedDate":"2021-09-01"},{"lineNumber":45,"author":{"gitId":"Kureans"},"content":"    public static void printLine() {","lastModifiedDate":"2021-09-01"},{"lineNumber":46,"author":{"gitId":"Kureans"},"content":"        for (int i \u003d 0; i \u003c LINE_LENGTH; i++) {","lastModifiedDate":"2021-09-06"},{"lineNumber":47,"author":{"gitId":"Kureans"},"content":"            System.out.print(\"_\");","lastModifiedDate":"2021-09-01"},{"lineNumber":48,"author":{"gitId":"Kureans"},"content":"        }","lastModifiedDate":"2021-09-01"},{"lineNumber":49,"author":{"gitId":"Kureans"},"content":"        System.out.println(\"\");","lastModifiedDate":"2021-09-01"},{"lineNumber":50,"author":{"gitId":"Kureans"},"content":"    }","lastModifiedDate":"2021-09-01"},{"lineNumber":51,"author":{"gitId":"Kureans"},"content":"","lastModifiedDate":"2021-09-01"},{"lineNumber":52,"author":{"gitId":"Kureans"},"content":"    public static void printIndexOutOfBoundsMessage() {","lastModifiedDate":"2021-09-07"},{"lineNumber":53,"author":{"gitId":"Kureans"},"content":"        System.out.println(\"Sorry bud, you can\u0027t check off what is not yet there :/\");","lastModifiedDate":"2021-09-01"},{"lineNumber":54,"author":{"gitId":"Kureans"},"content":"    }","lastModifiedDate":"2021-09-01"},{"lineNumber":55,"author":{"gitId":"Kureans"},"content":"","lastModifiedDate":"2021-09-01"},{"lineNumber":56,"author":{"gitId":"Kureans"},"content":"    public static void printInvalidDoneMessage() {","lastModifiedDate":"2021-09-07"},{"lineNumber":57,"author":{"gitId":"Kureans"},"content":"        System.out.println(\"Sorry bud, that\u0027s not a valid task number to check off!\");","lastModifiedDate":"2021-09-07"},{"lineNumber":58,"author":{"gitId":"Kureans"},"content":"    }","lastModifiedDate":"2021-09-07"},{"lineNumber":59,"author":{"gitId":"Kureans"},"content":"","lastModifiedDate":"2021-09-07"},{"lineNumber":60,"author":{"gitId":"Kureans"},"content":"    public static void printAlreadyDoneMessage() {","lastModifiedDate":"2021-09-01"},{"lineNumber":61,"author":{"gitId":"Kureans"},"content":"        System.out.println(\"Slow down there bud! You\u0027ve already completed this task!\");","lastModifiedDate":"2021-09-01"},{"lineNumber":62,"author":{"gitId":"Kureans"},"content":"    }","lastModifiedDate":"2021-09-01"},{"lineNumber":63,"author":{"gitId":"Kureans"},"content":"","lastModifiedDate":"2021-09-01"},{"lineNumber":64,"author":{"gitId":"Kureans"},"content":"    public static void printEmptyIndexAfterDoneMessage() {","lastModifiedDate":"2021-09-06"},{"lineNumber":65,"author":{"gitId":"Kureans"},"content":"        System.out.println(\"Hey bud, the format for marking off a task is :done [index]\");","lastModifiedDate":"2021-09-06"},{"lineNumber":66,"author":{"gitId":"Kureans"},"content":"    }","lastModifiedDate":"2021-09-06"},{"lineNumber":67,"author":{"gitId":"Kureans"},"content":"","lastModifiedDate":"2021-09-06"},{"lineNumber":68,"author":{"gitId":"Kureans"},"content":"    public static void printEmptyDescriptionMessage(String command) {","lastModifiedDate":"2021-09-07"},{"lineNumber":69,"author":{"gitId":"Kureans"},"content":"        System.out.println(\"Sorry bud! The description after \" + command + \" can\u0027t be blank!\");","lastModifiedDate":"2021-09-06"},{"lineNumber":70,"author":{"gitId":"Kureans"},"content":"    }","lastModifiedDate":"2021-09-06"},{"lineNumber":71,"author":{"gitId":"Kureans"},"content":"","lastModifiedDate":"2021-09-06"},{"lineNumber":72,"author":{"gitId":"Kureans"},"content":"    public static void printInvalidCommandMessage() {","lastModifiedDate":"2021-09-07"},{"lineNumber":73,"author":{"gitId":"Kureans"},"content":"        System.out.println(\"Sorry bud, but that command is gibberish to me. I can only read 6 words!\");","lastModifiedDate":"2021-09-07"},{"lineNumber":74,"author":{"gitId":"Kureans"},"content":"        System.out.println(\"The six words are:\");","lastModifiedDate":"2021-09-07"},{"lineNumber":75,"author":{"gitId":"Kureans"},"content":"        System.out.printf(\"list%ndone%ntodo%ndeadline%nevent%nbye%n\");","lastModifiedDate":"2021-09-07"},{"lineNumber":76,"author":{"gitId":"Kureans"},"content":"    }","lastModifiedDate":"2021-09-07"},{"lineNumber":77,"author":{"gitId":"Kureans"},"content":"","lastModifiedDate":"2021-09-07"},{"lineNumber":78,"author":{"gitId":"Kureans"},"content":"    public static void printInvalidFormatMessage(String command) {","lastModifiedDate":"2021-09-07"},{"lineNumber":79,"author":{"gitId":"Kureans"},"content":"        String timeIndicatorCommand \u003d (command.equals(COMMAND_DEADLINE)) ? \"by\" : \"at\";","lastModifiedDate":"2021-09-07"},{"lineNumber":80,"author":{"gitId":"Kureans"},"content":"        System.out.println(\"Sorry bud, but your formatting is gibberish to me. Here is how it should be formatted: \");","lastModifiedDate":"2021-09-07"},{"lineNumber":81,"author":{"gitId":"Kureans"},"content":"        System.out.println(command + \" {description} /\" + timeIndicatorCommand + \" {timing}\");","lastModifiedDate":"2021-09-07"},{"lineNumber":82,"author":{"gitId":"Kureans"},"content":"    }","lastModifiedDate":"2021-09-07"},{"lineNumber":83,"author":{"gitId":"Kureans"},"content":"","lastModifiedDate":"2021-09-07"},{"lineNumber":84,"author":{"gitId":"Kureans"},"content":"    public static void printGenericErrorMessage() {","lastModifiedDate":"2021-09-01"},{"lineNumber":85,"author":{"gitId":"Kureans"},"content":"        System.out.println(\"Oops! Something went wrong :(\");","lastModifiedDate":"2021-09-01"},{"lineNumber":86,"author":{"gitId":"Kureans"},"content":"    }","lastModifiedDate":"2021-09-01"},{"lineNumber":87,"author":{"gitId":"Kureans"},"content":"","lastModifiedDate":"2021-09-01"},{"lineNumber":88,"author":{"gitId":"Kureans"},"content":"    public void printMarkAsDoneMessage(Task task) {","lastModifiedDate":"2021-09-01"},{"lineNumber":89,"author":{"gitId":"Kureans"},"content":"","lastModifiedDate":"2021-09-01"},{"lineNumber":90,"author":{"gitId":"Kureans"},"content":"        String taskType \u003d task.getType();","lastModifiedDate":"2021-09-01"},{"lineNumber":91,"author":{"gitId":"Kureans"},"content":"        String taskStatus \u003d task.getStatusIcon();","lastModifiedDate":"2021-09-01"},{"lineNumber":92,"author":{"gitId":"Kureans"},"content":"        String taskDescription \u003d task.getDescription();","lastModifiedDate":"2021-09-01"},{"lineNumber":93,"author":{"gitId":"Kureans"},"content":"","lastModifiedDate":"2021-09-01"},{"lineNumber":94,"author":{"gitId":"Kureans"},"content":"        System.out.println(\"Nice! I\u0027ve marked this task as done:\");","lastModifiedDate":"2021-09-01"},{"lineNumber":95,"author":{"gitId":"Kureans"},"content":"        if (taskType.equals(TASK_TYPE_ICON_TODO)) {","lastModifiedDate":"2021-09-01"},{"lineNumber":96,"author":{"gitId":"Kureans"},"content":"            System.out.printf(\"[%s][%s] %s%n\", taskType, taskStatus, taskDescription);","lastModifiedDate":"2021-09-01"},{"lineNumber":97,"author":{"gitId":"Kureans"},"content":"        } else if (taskType.equals(TASK_TYPE_ICON_DEADLINE)) {","lastModifiedDate":"2021-09-01"},{"lineNumber":98,"author":{"gitId":"Kureans"},"content":"            String taskByTime \u003d task.getByDateTime();","lastModifiedDate":"2021-09-01"},{"lineNumber":99,"author":{"gitId":"Kureans"},"content":"            System.out.printf(\"[%s][%s] %s (by: %s)%n\", taskType, taskStatus, taskDescription, taskByTime);","lastModifiedDate":"2021-09-01"},{"lineNumber":100,"author":{"gitId":"Kureans"},"content":"        } else if (taskType.equals(TASK_TYPE_ICON_EVENT)) {","lastModifiedDate":"2021-09-01"},{"lineNumber":101,"author":{"gitId":"Kureans"},"content":"            String taskAtTime \u003d task.getStartAndEndTime();","lastModifiedDate":"2021-09-01"},{"lineNumber":102,"author":{"gitId":"Kureans"},"content":"            System.out.printf(\"[%s][%s] %s (at: %s)%n\", taskType, taskStatus, taskDescription, taskAtTime);","lastModifiedDate":"2021-09-01"},{"lineNumber":103,"author":{"gitId":"Kureans"},"content":"        } else {","lastModifiedDate":"2021-09-01"},{"lineNumber":104,"author":{"gitId":"Kureans"},"content":"            printGenericErrorMessage();","lastModifiedDate":"2021-09-01"},{"lineNumber":105,"author":{"gitId":"Kureans"},"content":"        }","lastModifiedDate":"2021-09-01"},{"lineNumber":106,"author":{"gitId":"Kureans"},"content":"    }","lastModifiedDate":"2021-09-01"},{"lineNumber":107,"author":{"gitId":"Kureans"},"content":"","lastModifiedDate":"2021-09-01"},{"lineNumber":108,"author":{"gitId":"Kureans"},"content":"    public static void printTaskList(int taskCount, Task tasks[]) {","lastModifiedDate":"2021-09-01"},{"lineNumber":109,"author":{"gitId":"Kureans"},"content":"","lastModifiedDate":"2021-09-01"},{"lineNumber":110,"author":{"gitId":"Kureans"},"content":"        System.out.println(\"Here are the tasks in your list:\");","lastModifiedDate":"2021-09-01"},{"lineNumber":111,"author":{"gitId":"Kureans"},"content":"        for (int i \u003d 0; i \u003c taskCount; i++) {","lastModifiedDate":"2021-09-01"},{"lineNumber":112,"author":{"gitId":"Kureans"},"content":"","lastModifiedDate":"2021-09-01"},{"lineNumber":113,"author":{"gitId":"Kureans"},"content":"            String taskType \u003d tasks[i].getType();","lastModifiedDate":"2021-09-01"},{"lineNumber":114,"author":{"gitId":"Kureans"},"content":"            String taskStatus \u003d tasks[i].getStatusIcon();","lastModifiedDate":"2021-09-01"},{"lineNumber":115,"author":{"gitId":"Kureans"},"content":"            String taskDescription \u003d tasks[i].getDescription();","lastModifiedDate":"2021-09-01"},{"lineNumber":116,"author":{"gitId":"Kureans"},"content":"","lastModifiedDate":"2021-09-01"},{"lineNumber":117,"author":{"gitId":"Kureans"},"content":"            if (taskType.equals(TASK_TYPE_ICON_TODO)) {","lastModifiedDate":"2021-09-01"},{"lineNumber":118,"author":{"gitId":"Kureans"},"content":"                System.out.printf(\"[%s][%s] %s%n\", taskType, taskStatus, taskDescription);","lastModifiedDate":"2021-09-01"},{"lineNumber":119,"author":{"gitId":"Kureans"},"content":"            } else if (taskType.equals(TASK_TYPE_ICON_DEADLINE)) {","lastModifiedDate":"2021-09-01"},{"lineNumber":120,"author":{"gitId":"Kureans"},"content":"                String taskByTime \u003d tasks[i].getByDateTime();","lastModifiedDate":"2021-09-01"},{"lineNumber":121,"author":{"gitId":"Kureans"},"content":"                System.out.printf(\"[%s][%s] %s (by: %s)%n\", taskType, taskStatus, taskDescription, taskByTime);","lastModifiedDate":"2021-09-01"},{"lineNumber":122,"author":{"gitId":"Kureans"},"content":"            } else if (taskType.equals(TASK_TYPE_ICON_EVENT)) {","lastModifiedDate":"2021-09-01"},{"lineNumber":123,"author":{"gitId":"Kureans"},"content":"                String taskAtTime \u003d tasks[i].getStartAndEndTime();","lastModifiedDate":"2021-09-01"},{"lineNumber":124,"author":{"gitId":"Kureans"},"content":"                System.out.printf(\"[%s][%s] %s (at: %s)%n\", taskType, taskStatus, taskDescription, taskAtTime);","lastModifiedDate":"2021-09-01"},{"lineNumber":125,"author":{"gitId":"Kureans"},"content":"            } else {","lastModifiedDate":"2021-09-01"},{"lineNumber":126,"author":{"gitId":"Kureans"},"content":"                printGenericErrorMessage();","lastModifiedDate":"2021-09-01"},{"lineNumber":127,"author":{"gitId":"Kureans"},"content":"            }","lastModifiedDate":"2021-09-01"},{"lineNumber":128,"author":{"gitId":"Kureans"},"content":"        }","lastModifiedDate":"2021-09-01"},{"lineNumber":129,"author":{"gitId":"Kureans"},"content":"    }","lastModifiedDate":"2021-09-01"},{"lineNumber":130,"author":{"gitId":"Kureans"},"content":"","lastModifiedDate":"2021-09-01"},{"lineNumber":131,"author":{"gitId":"Kureans"},"content":"    public void addNewTodo(String rawDescription) throws EmptyDescriptionException {","lastModifiedDate":"2021-09-07"},{"lineNumber":132,"author":{"gitId":"Kureans"},"content":"        String description \u003d rawDescription.trim();","lastModifiedDate":"2021-09-07"},{"lineNumber":133,"author":{"gitId":"Kureans"},"content":"        if (description.isEmpty()) {","lastModifiedDate":"2021-09-07"},{"lineNumber":134,"author":{"gitId":"Kureans"},"content":"            throw new EmptyDescriptionException();","lastModifiedDate":"2021-09-07"},{"lineNumber":135,"author":{"gitId":"Kureans"},"content":"        }","lastModifiedDate":"2021-09-07"},{"lineNumber":136,"author":{"gitId":"Kureans"},"content":"        tasks[taskCount] \u003d new ToDo(description);","lastModifiedDate":"2021-09-01"},{"lineNumber":137,"author":{"gitId":"Kureans"},"content":"        taskCount++;","lastModifiedDate":"2021-09-01"},{"lineNumber":138,"author":{"gitId":"Kureans"},"content":"    }","lastModifiedDate":"2021-09-01"},{"lineNumber":139,"author":{"gitId":"Kureans"},"content":"","lastModifiedDate":"2021-09-01"},{"lineNumber":140,"author":{"gitId":"Kureans"},"content":"    public void addNewDeadline(String descriptionAndTime) throws EmptyDescriptionException, InvalidFormatException {","lastModifiedDate":"2021-09-07"},{"lineNumber":141,"author":{"gitId":"Kureans"},"content":"","lastModifiedDate":"2021-09-07"},{"lineNumber":142,"author":{"gitId":"Kureans"},"content":"        String[] descriptionAndByTimeArray \u003d descriptionAndTime.split(SEPARATOR_BY);","lastModifiedDate":"2021-09-07"},{"lineNumber":143,"author":{"gitId":"Kureans"},"content":"        String description \u003d descriptionAndByTimeArray[0].trim();","lastModifiedDate":"2021-09-07"},{"lineNumber":144,"author":{"gitId":"Kureans"},"content":"","lastModifiedDate":"2021-09-07"},{"lineNumber":145,"author":{"gitId":"Kureans"},"content":"        if (description.isEmpty()) {","lastModifiedDate":"2021-09-07"},{"lineNumber":146,"author":{"gitId":"Kureans"},"content":"            throw new EmptyDescriptionException();","lastModifiedDate":"2021-09-07"},{"lineNumber":147,"author":{"gitId":"Kureans"},"content":"        }","lastModifiedDate":"2021-09-07"},{"lineNumber":148,"author":{"gitId":"Kureans"},"content":"        if (descriptionAndByTimeArray.length \u003d\u003d 1) {","lastModifiedDate":"2021-09-07"},{"lineNumber":149,"author":{"gitId":"Kureans"},"content":"            throw new InvalidFormatException();","lastModifiedDate":"2021-09-07"},{"lineNumber":150,"author":{"gitId":"Kureans"},"content":"        }","lastModifiedDate":"2021-09-07"},{"lineNumber":151,"author":{"gitId":"Kureans"},"content":"","lastModifiedDate":"2021-09-07"},{"lineNumber":152,"author":{"gitId":"Kureans"},"content":"        String byDateTime \u003d descriptionAndByTimeArray[1].trim();","lastModifiedDate":"2021-09-07"},{"lineNumber":153,"author":{"gitId":"Kureans"},"content":"","lastModifiedDate":"2021-09-07"},{"lineNumber":154,"author":{"gitId":"Kureans"},"content":"        tasks[taskCount] \u003d new Deadline(description, byDateTime);","lastModifiedDate":"2021-09-01"},{"lineNumber":155,"author":{"gitId":"Kureans"},"content":"        taskCount++;","lastModifiedDate":"2021-09-01"},{"lineNumber":156,"author":{"gitId":"Kureans"},"content":"    }","lastModifiedDate":"2021-09-01"},{"lineNumber":157,"author":{"gitId":"Kureans"},"content":"","lastModifiedDate":"2021-09-01"},{"lineNumber":158,"author":{"gitId":"Kureans"},"content":"    public void addNewEvent(String descriptionAndTime) throws EmptyDescriptionException, InvalidFormatException {","lastModifiedDate":"2021-09-07"},{"lineNumber":159,"author":{"gitId":"Kureans"},"content":"","lastModifiedDate":"2021-09-07"},{"lineNumber":160,"author":{"gitId":"Kureans"},"content":"        String[] descriptionAndAtTimeArray \u003d descriptionAndTime.split(SEPARATOR_AT);","lastModifiedDate":"2021-09-07"},{"lineNumber":161,"author":{"gitId":"Kureans"},"content":"        String description \u003d descriptionAndAtTimeArray[0].trim();","lastModifiedDate":"2021-09-07"},{"lineNumber":162,"author":{"gitId":"Kureans"},"content":"","lastModifiedDate":"2021-09-07"},{"lineNumber":163,"author":{"gitId":"Kureans"},"content":"        if (description.isEmpty()) {","lastModifiedDate":"2021-09-07"},{"lineNumber":164,"author":{"gitId":"Kureans"},"content":"            throw new EmptyDescriptionException();","lastModifiedDate":"2021-09-07"},{"lineNumber":165,"author":{"gitId":"Kureans"},"content":"        }","lastModifiedDate":"2021-09-07"},{"lineNumber":166,"author":{"gitId":"Kureans"},"content":"        if (descriptionAndAtTimeArray.length \u003d\u003d 1) {","lastModifiedDate":"2021-09-07"},{"lineNumber":167,"author":{"gitId":"Kureans"},"content":"            throw new InvalidFormatException();","lastModifiedDate":"2021-09-07"},{"lineNumber":168,"author":{"gitId":"Kureans"},"content":"        }","lastModifiedDate":"2021-09-07"},{"lineNumber":169,"author":{"gitId":"Kureans"},"content":"","lastModifiedDate":"2021-09-07"},{"lineNumber":170,"author":{"gitId":"Kureans"},"content":"        String startAndEndTime \u003d descriptionAndAtTimeArray[1].trim();","lastModifiedDate":"2021-09-07"},{"lineNumber":171,"author":{"gitId":"Kureans"},"content":"","lastModifiedDate":"2021-09-07"},{"lineNumber":172,"author":{"gitId":"Kureans"},"content":"        tasks[taskCount] \u003d new Event(description, startAndEndTime);","lastModifiedDate":"2021-09-01"},{"lineNumber":173,"author":{"gitId":"Kureans"},"content":"        taskCount++;","lastModifiedDate":"2021-09-01"},{"lineNumber":174,"author":{"gitId":"Kureans"},"content":"    }","lastModifiedDate":"2021-09-01"},{"lineNumber":175,"author":{"gitId":"Kureans"},"content":"","lastModifiedDate":"2021-09-01"},{"lineNumber":176,"author":{"gitId":"Kureans"},"content":"    public void printAddedTaskMessage(Task task) {","lastModifiedDate":"2021-09-01"},{"lineNumber":177,"author":{"gitId":"Kureans"},"content":"","lastModifiedDate":"2021-09-01"},{"lineNumber":178,"author":{"gitId":"Kureans"},"content":"        String taskType \u003d task.getType();","lastModifiedDate":"2021-09-01"},{"lineNumber":179,"author":{"gitId":"Kureans"},"content":"        String taskDescription \u003d task.getDescription();","lastModifiedDate":"2021-09-01"},{"lineNumber":180,"author":{"gitId":"Kureans"},"content":"","lastModifiedDate":"2021-09-01"},{"lineNumber":181,"author":{"gitId":"Kureans"},"content":"        System.out.println(\"Got it. I\u0027ve added this task:\");","lastModifiedDate":"2021-09-01"},{"lineNumber":182,"author":{"gitId":"Kureans"},"content":"        if (taskType.equals(TASK_TYPE_ICON_TODO)) {","lastModifiedDate":"2021-09-01"},{"lineNumber":183,"author":{"gitId":"Kureans"},"content":"            System.out.printf(\"[%s][ ] %s%n\", taskType, taskDescription);","lastModifiedDate":"2021-09-01"},{"lineNumber":184,"author":{"gitId":"Kureans"},"content":"        } else if (taskType.equals(TASK_TYPE_ICON_DEADLINE)) {","lastModifiedDate":"2021-09-01"},{"lineNumber":185,"author":{"gitId":"Kureans"},"content":"            String byTime \u003d task.getByDateTime();","lastModifiedDate":"2021-09-01"},{"lineNumber":186,"author":{"gitId":"Kureans"},"content":"            System.out.printf(\"[%s][ ] %s(by:%s)%n\", taskType, taskDescription, byTime);","lastModifiedDate":"2021-09-01"},{"lineNumber":187,"author":{"gitId":"Kureans"},"content":"        } else if (taskType.equals((TASK_TYPE_ICON_EVENT))) {","lastModifiedDate":"2021-09-01"},{"lineNumber":188,"author":{"gitId":"Kureans"},"content":"            String atTime \u003d task.getStartAndEndTime();","lastModifiedDate":"2021-09-01"},{"lineNumber":189,"author":{"gitId":"Kureans"},"content":"            System.out.printf(\"[%s][ ] %s(at:%s)%n\", taskType, taskDescription, atTime);","lastModifiedDate":"2021-09-01"},{"lineNumber":190,"author":{"gitId":"Kureans"},"content":"        } else {","lastModifiedDate":"2021-09-01"},{"lineNumber":191,"author":{"gitId":"Kureans"},"content":"            printGenericErrorMessage();","lastModifiedDate":"2021-09-01"},{"lineNumber":192,"author":{"gitId":"Kureans"},"content":"        }","lastModifiedDate":"2021-09-01"},{"lineNumber":193,"author":{"gitId":"Kureans"},"content":"","lastModifiedDate":"2021-09-01"},{"lineNumber":194,"author":{"gitId":"Kureans"},"content":"        System.out.println(\"Now you have \" + taskCount + \" tasks in the list.\");","lastModifiedDate":"2021-09-01"},{"lineNumber":195,"author":{"gitId":"Kureans"},"content":"    }","lastModifiedDate":"2021-09-01"},{"lineNumber":196,"author":{"gitId":"Kureans"},"content":"","lastModifiedDate":"2021-09-01"},{"lineNumber":197,"author":{"gitId":"Kureans"},"content":"    public void markAsDone(Task[] tasks, String[] lineArgs) throws InvalidIndexException, TaskIndexOutOfBoundsException {","lastModifiedDate":"2021-09-07"},{"lineNumber":198,"author":{"gitId":"Kureans"},"content":"","lastModifiedDate":"2021-09-07"},{"lineNumber":199,"author":{"gitId":"Kureans"},"content":"        if (lineArgs.length \u003e 2) {","lastModifiedDate":"2021-09-07"},{"lineNumber":200,"author":{"gitId":"Kureans"},"content":"            throw new InvalidIndexException();","lastModifiedDate":"2021-09-07"},{"lineNumber":201,"author":{"gitId":"Kureans"},"content":"        }","lastModifiedDate":"2021-09-07"},{"lineNumber":202,"author":{"gitId":"Kureans"},"content":"","lastModifiedDate":"2021-09-06"},{"lineNumber":203,"author":{"gitId":"Kureans"},"content":"        int doneIndex \u003d Integer.parseInt(lineArgs[1]) - 1;","lastModifiedDate":"2021-09-07"},{"lineNumber":204,"author":{"gitId":"Kureans"},"content":"","lastModifiedDate":"2021-09-06"},{"lineNumber":205,"author":{"gitId":"Kureans"},"content":"        if (doneIndex \u003e\u003d taskCount || doneIndex \u003c 0) {","lastModifiedDate":"2021-09-06"},{"lineNumber":206,"author":{"gitId":"Kureans"},"content":"            throw new TaskIndexOutOfBoundsException();","lastModifiedDate":"2021-09-07"},{"lineNumber":207,"author":{"gitId":"Kureans"},"content":"        } else {","lastModifiedDate":"2021-09-06"},{"lineNumber":208,"author":{"gitId":"Kureans"},"content":"            if (tasks[doneIndex].getStatusIcon().equals(ICON_DONE)) {","lastModifiedDate":"2021-09-06"},{"lineNumber":209,"author":{"gitId":"Kureans"},"content":"                printAlreadyDoneMessage();","lastModifiedDate":"2021-09-01"},{"lineNumber":210,"author":{"gitId":"Kureans"},"content":"            } else {","lastModifiedDate":"2021-09-01"},{"lineNumber":211,"author":{"gitId":"Kureans"},"content":"                tasks[doneIndex].setDone();","lastModifiedDate":"2021-09-06"},{"lineNumber":212,"author":{"gitId":"Kureans"},"content":"                printMarkAsDoneMessage(tasks[doneIndex]);","lastModifiedDate":"2021-09-06"},{"lineNumber":213,"author":{"gitId":"Kureans"},"content":"            }","lastModifiedDate":"2021-09-06"},{"lineNumber":214,"author":{"gitId":"Kureans"},"content":"        }","lastModifiedDate":"2021-09-01"},{"lineNumber":215,"author":{"gitId":"Kureans"},"content":"    }","lastModifiedDate":"2021-09-01"},{"lineNumber":216,"author":{"gitId":"Kureans"},"content":"","lastModifiedDate":"2021-09-01"},{"lineNumber":217,"author":{"gitId":"Kureans"},"content":"    public void parseUserInput() {","lastModifiedDate":"2021-09-01"},{"lineNumber":218,"author":{"gitId":"Kureans"},"content":"","lastModifiedDate":"2021-09-01"},{"lineNumber":219,"author":{"gitId":"Kureans"},"content":"        Scanner in \u003d new Scanner(System.in);","lastModifiedDate":"2021-09-01"},{"lineNumber":220,"author":{"gitId":"Kureans"},"content":"","lastModifiedDate":"2021-09-01"},{"lineNumber":221,"author":{"gitId":"Kureans"},"content":"        while (true) {","lastModifiedDate":"2021-09-01"},{"lineNumber":222,"author":{"gitId":"Kureans"},"content":"            String line \u003d in.nextLine();","lastModifiedDate":"2021-09-01"},{"lineNumber":223,"author":{"gitId":"Kureans"},"content":"            if (line.equals(COMMAND_BYE)) {","lastModifiedDate":"2021-09-01"},{"lineNumber":224,"author":{"gitId":"Kureans"},"content":"                break;","lastModifiedDate":"2021-09-01"},{"lineNumber":225,"author":{"gitId":"Kureans"},"content":"            }","lastModifiedDate":"2021-09-01"},{"lineNumber":226,"author":{"gitId":"Kureans"},"content":"            printLine();","lastModifiedDate":"2021-09-01"},{"lineNumber":227,"author":{"gitId":"Kureans"},"content":"            String[] lineArgs \u003d line.split(SEPARATOR_SPACE);","lastModifiedDate":"2021-09-01"},{"lineNumber":228,"author":{"gitId":"Kureans"},"content":"            String command \u003d lineArgs[0];","lastModifiedDate":"2021-09-01"},{"lineNumber":229,"author":{"gitId":"Kureans"},"content":"            if (command.equals(COMMAND_LIST)) {","lastModifiedDate":"2021-09-06"},{"lineNumber":230,"author":{"gitId":"Kureans"},"content":"                printTaskList(taskCount, tasks);","lastModifiedDate":"2021-09-01"},{"lineNumber":231,"author":{"gitId":"Kureans"},"content":"            } else if (command.equals(COMMAND_DONE)) {","lastModifiedDate":"2021-09-01"},{"lineNumber":232,"author":{"gitId":"Kureans"},"content":"","lastModifiedDate":"2021-09-07"},{"lineNumber":233,"author":{"gitId":"Kureans"},"content":"                try {","lastModifiedDate":"2021-09-07"},{"lineNumber":234,"author":{"gitId":"Kureans"},"content":"                    markAsDone(tasks, lineArgs);","lastModifiedDate":"2021-09-07"},{"lineNumber":235,"author":{"gitId":"Kureans"},"content":"                } catch (ArrayIndexOutOfBoundsException e) {","lastModifiedDate":"2021-09-07"},{"lineNumber":236,"author":{"gitId":"Kureans"},"content":"                    printEmptyIndexAfterDoneMessage();","lastModifiedDate":"2021-09-07"},{"lineNumber":237,"author":{"gitId":"Kureans"},"content":"                } catch (InvalidIndexException | NumberFormatException e) {","lastModifiedDate":"2021-09-07"},{"lineNumber":238,"author":{"gitId":"Kureans"},"content":"                    printInvalidDoneMessage();","lastModifiedDate":"2021-09-07"},{"lineNumber":239,"author":{"gitId":"Kureans"},"content":"                } catch (TaskIndexOutOfBoundsException e) {","lastModifiedDate":"2021-09-07"},{"lineNumber":240,"author":{"gitId":"Kureans"},"content":"                    printIndexOutOfBoundsMessage();","lastModifiedDate":"2021-09-07"},{"lineNumber":241,"author":{"gitId":"Kureans"},"content":"                }","lastModifiedDate":"2021-09-07"},{"lineNumber":242,"author":{"gitId":"Kureans"},"content":"","lastModifiedDate":"2021-09-07"},{"lineNumber":243,"author":{"gitId":"Kureans"},"content":"            } else if (command.equals(COMMAND_TODO)) {","lastModifiedDate":"2021-09-06"},{"lineNumber":244,"author":{"gitId":"Kureans"},"content":"","lastModifiedDate":"2021-09-07"},{"lineNumber":245,"author":{"gitId":"Kureans"},"content":"                try {","lastModifiedDate":"2021-09-07"},{"lineNumber":246,"author":{"gitId":"Kureans"},"content":"                    addNewTodo(line.substring(TODO_DESCRIPTION_START_INDEX));","lastModifiedDate":"2021-09-01"},{"lineNumber":247,"author":{"gitId":"Kureans"},"content":"                    printAddedTaskMessage(tasks[taskCount - 1]);","lastModifiedDate":"2021-09-01"},{"lineNumber":248,"author":{"gitId":"Kureans"},"content":"                } catch (EmptyDescriptionException | StringIndexOutOfBoundsException e) {","lastModifiedDate":"2021-09-07"},{"lineNumber":249,"author":{"gitId":"Kureans"},"content":"                    printEmptyDescriptionMessage(COMMAND_TODO);","lastModifiedDate":"2021-09-07"},{"lineNumber":250,"author":{"gitId":"Kureans"},"content":"                }","lastModifiedDate":"2021-09-07"},{"lineNumber":251,"author":{"gitId":"Kureans"},"content":"","lastModifiedDate":"2021-09-07"},{"lineNumber":252,"author":{"gitId":"Kureans"},"content":"            } else if (command.equals(COMMAND_DEADLINE)) {","lastModifiedDate":"2021-09-01"},{"lineNumber":253,"author":{"gitId":"Kureans"},"content":"","lastModifiedDate":"2021-09-07"},{"lineNumber":254,"author":{"gitId":"Kureans"},"content":"                try {","lastModifiedDate":"2021-09-07"},{"lineNumber":255,"author":{"gitId":"Kureans"},"content":"                    addNewDeadline(line.substring(DEADLINE_DESCRIPTION_START_INDEX));","lastModifiedDate":"2021-09-07"},{"lineNumber":256,"author":{"gitId":"Kureans"},"content":"                    printAddedTaskMessage(tasks[taskCount - 1]);","lastModifiedDate":"2021-09-01"},{"lineNumber":257,"author":{"gitId":"Kureans"},"content":"                } catch (EmptyDescriptionException | StringIndexOutOfBoundsException | ArrayIndexOutOfBoundsException e) {","lastModifiedDate":"2021-09-07"},{"lineNumber":258,"author":{"gitId":"Kureans"},"content":"                    printEmptyDescriptionMessage(COMMAND_DEADLINE);","lastModifiedDate":"2021-09-07"},{"lineNumber":259,"author":{"gitId":"Kureans"},"content":"                } catch (InvalidFormatException e) {","lastModifiedDate":"2021-09-07"},{"lineNumber":260,"author":{"gitId":"Kureans"},"content":"                    printInvalidFormatMessage(COMMAND_DEADLINE);","lastModifiedDate":"2021-09-07"},{"lineNumber":261,"author":{"gitId":"Kureans"},"content":"                }","lastModifiedDate":"2021-09-07"},{"lineNumber":262,"author":{"gitId":"Kureans"},"content":"","lastModifiedDate":"2021-09-07"},{"lineNumber":263,"author":{"gitId":"Kureans"},"content":"            } else if (command.equals(COMMAND_EVENT)) {","lastModifiedDate":"2021-09-01"},{"lineNumber":264,"author":{"gitId":"Kureans"},"content":"","lastModifiedDate":"2021-09-07"},{"lineNumber":265,"author":{"gitId":"Kureans"},"content":"                try {","lastModifiedDate":"2021-09-07"},{"lineNumber":266,"author":{"gitId":"Kureans"},"content":"                    addNewEvent(line.substring(EVENT_DESCRIPTION_START_INDEX));","lastModifiedDate":"2021-09-07"},{"lineNumber":267,"author":{"gitId":"Kureans"},"content":"                    printAddedTaskMessage(tasks[taskCount - 1]);","lastModifiedDate":"2021-09-01"},{"lineNumber":268,"author":{"gitId":"Kureans"},"content":"                } catch (EmptyDescriptionException | StringIndexOutOfBoundsException | ArrayIndexOutOfBoundsException e) {","lastModifiedDate":"2021-09-07"},{"lineNumber":269,"author":{"gitId":"Kureans"},"content":"                    printEmptyDescriptionMessage(COMMAND_EVENT);","lastModifiedDate":"2021-09-07"},{"lineNumber":270,"author":{"gitId":"Kureans"},"content":"                } catch (InvalidFormatException e) {","lastModifiedDate":"2021-09-07"},{"lineNumber":271,"author":{"gitId":"Kureans"},"content":"                    printInvalidFormatMessage(COMMAND_EVENT);","lastModifiedDate":"2021-09-07"},{"lineNumber":272,"author":{"gitId":"Kureans"},"content":"                }","lastModifiedDate":"2021-09-07"},{"lineNumber":273,"author":{"gitId":"Kureans"},"content":"","lastModifiedDate":"2021-09-07"},{"lineNumber":274,"author":{"gitId":"Kureans"},"content":"            } else {","lastModifiedDate":"2021-09-01"},{"lineNumber":275,"author":{"gitId":"Kureans"},"content":"                printInvalidCommandMessage();","lastModifiedDate":"2021-09-07"},{"lineNumber":276,"author":{"gitId":"Kureans"},"content":"            }","lastModifiedDate":"2021-09-01"},{"lineNumber":277,"author":{"gitId":"Kureans"},"content":"","lastModifiedDate":"2021-09-01"},{"lineNumber":278,"author":{"gitId":"Kureans"},"content":"            printLine();","lastModifiedDate":"2021-09-01"},{"lineNumber":279,"author":{"gitId":"Kureans"},"content":"        }","lastModifiedDate":"2021-09-01"},{"lineNumber":280,"author":{"gitId":"Kureans"},"content":"    }","lastModifiedDate":"2021-09-01"},{"lineNumber":281,"author":{"gitId":"Kureans"},"content":"}","lastModifiedDate":"2021-09-01"}],"authorContributionMap":{"Kureans":281}},{"path":"src/main/java/duke/task/Deadline.java","fileType":"java","lines":[{"lineNumber":1,"author":{"gitId":"Kureans"},"content":"package duke.task;","lastModifiedDate":"2021-09-07"},{"lineNumber":2,"author":{"gitId":"Kureans"},"content":"","lastModifiedDate":"2021-09-07"},{"lineNumber":3,"author":{"gitId":"Kureans"},"content":"public class Deadline extends Task {","lastModifiedDate":"2021-08-31"},{"lineNumber":4,"author":{"gitId":"Kureans"},"content":"    private String byDateTime;","lastModifiedDate":"2021-08-31"},{"lineNumber":5,"author":{"gitId":"Kureans"},"content":"    private String type;","lastModifiedDate":"2021-08-31"},{"lineNumber":6,"author":{"gitId":"Kureans"},"content":"","lastModifiedDate":"2021-08-31"},{"lineNumber":7,"author":{"gitId":"Kureans"},"content":"    public Deadline(String description, String byDateTime) {","lastModifiedDate":"2021-08-31"},{"lineNumber":8,"author":{"gitId":"Kureans"},"content":"        super(description);","lastModifiedDate":"2021-08-31"},{"lineNumber":9,"author":{"gitId":"Kureans"},"content":"        this.byDateTime \u003d byDateTime;","lastModifiedDate":"2021-08-31"},{"lineNumber":10,"author":{"gitId":"Kureans"},"content":"        this.type \u003d \"D\";","lastModifiedDate":"2021-08-31"},{"lineNumber":11,"author":{"gitId":"Kureans"},"content":"    }","lastModifiedDate":"2021-08-31"},{"lineNumber":12,"author":{"gitId":"Kureans"},"content":"","lastModifiedDate":"2021-08-31"},{"lineNumber":13,"author":{"gitId":"Kureans"},"content":"    @Override","lastModifiedDate":"2021-08-31"},{"lineNumber":14,"author":{"gitId":"Kureans"},"content":"    public String getByDateTime() {","lastModifiedDate":"2021-08-31"},{"lineNumber":15,"author":{"gitId":"Kureans"},"content":"        return byDateTime;","lastModifiedDate":"2021-08-31"},{"lineNumber":16,"author":{"gitId":"Kureans"},"content":"    }","lastModifiedDate":"2021-08-31"},{"lineNumber":17,"author":{"gitId":"Kureans"},"content":"","lastModifiedDate":"2021-08-31"},{"lineNumber":18,"author":{"gitId":"Kureans"},"content":"    @Override","lastModifiedDate":"2021-08-31"},{"lineNumber":19,"author":{"gitId":"Kureans"},"content":"    public String getType() {","lastModifiedDate":"2021-08-31"},{"lineNumber":20,"author":{"gitId":"Kureans"},"content":"        return type;","lastModifiedDate":"2021-08-31"},{"lineNumber":21,"author":{"gitId":"Kureans"},"content":"    }","lastModifiedDate":"2021-08-31"},{"lineNumber":22,"author":{"gitId":"Kureans"},"content":"}","lastModifiedDate":"2021-08-31"},{"lineNumber":23,"author":{"gitId":"Kureans"},"content":"","lastModifiedDate":"2021-08-31"},{"lineNumber":24,"author":{"gitId":"Kureans"},"content":"","lastModifiedDate":"2021-08-31"}],"authorContributionMap":{"Kureans":24}},{"path":"src/main/java/duke/task/Event.java","fileType":"java","lines":[{"lineNumber":1,"author":{"gitId":"Kureans"},"content":"package duke.task;","lastModifiedDate":"2021-09-07"},{"lineNumber":2,"author":{"gitId":"Kureans"},"content":"","lastModifiedDate":"2021-09-07"},{"lineNumber":3,"author":{"gitId":"Kureans"},"content":"public class Event extends Task {","lastModifiedDate":"2021-08-31"},{"lineNumber":4,"author":{"gitId":"Kureans"},"content":"    private String startAndEndTime;","lastModifiedDate":"2021-08-31"},{"lineNumber":5,"author":{"gitId":"Kureans"},"content":"    private String type;","lastModifiedDate":"2021-08-31"},{"lineNumber":6,"author":{"gitId":"Kureans"},"content":"","lastModifiedDate":"2021-08-31"},{"lineNumber":7,"author":{"gitId":"Kureans"},"content":"    public Event(String description, String startAndEndTime) {","lastModifiedDate":"2021-08-31"},{"lineNumber":8,"author":{"gitId":"Kureans"},"content":"        super(description);","lastModifiedDate":"2021-08-31"},{"lineNumber":9,"author":{"gitId":"Kureans"},"content":"        this.startAndEndTime \u003d startAndEndTime;","lastModifiedDate":"2021-08-31"},{"lineNumber":10,"author":{"gitId":"Kureans"},"content":"        this.type \u003d \"E\";","lastModifiedDate":"2021-08-31"},{"lineNumber":11,"author":{"gitId":"Kureans"},"content":"    }","lastModifiedDate":"2021-08-31"},{"lineNumber":12,"author":{"gitId":"Kureans"},"content":"","lastModifiedDate":"2021-08-31"},{"lineNumber":13,"author":{"gitId":"Kureans"},"content":"    @Override","lastModifiedDate":"2021-08-31"},{"lineNumber":14,"author":{"gitId":"Kureans"},"content":"    public String getStartAndEndTime() {","lastModifiedDate":"2021-08-31"},{"lineNumber":15,"author":{"gitId":"Kureans"},"content":"        return startAndEndTime;","lastModifiedDate":"2021-08-31"},{"lineNumber":16,"author":{"gitId":"Kureans"},"content":"    }","lastModifiedDate":"2021-08-31"},{"lineNumber":17,"author":{"gitId":"Kureans"},"content":"","lastModifiedDate":"2021-08-31"},{"lineNumber":18,"author":{"gitId":"Kureans"},"content":"    @Override","lastModifiedDate":"2021-08-31"},{"lineNumber":19,"author":{"gitId":"Kureans"},"content":"    public String getType() {","lastModifiedDate":"2021-08-31"},{"lineNumber":20,"author":{"gitId":"Kureans"},"content":"        return type;","lastModifiedDate":"2021-08-31"},{"lineNumber":21,"author":{"gitId":"Kureans"},"content":"    }","lastModifiedDate":"2021-08-31"},{"lineNumber":22,"author":{"gitId":"Kureans"},"content":"","lastModifiedDate":"2021-08-31"},{"lineNumber":23,"author":{"gitId":"Kureans"},"content":"}","lastModifiedDate":"2021-08-31"}],"authorContributionMap":{"Kureans":23}},{"path":"src/main/java/duke/task/Task.java","fileType":"java","lines":[{"lineNumber":1,"author":{"gitId":"Kureans"},"content":"package duke.task;","lastModifiedDate":"2021-09-07"},{"lineNumber":2,"author":{"gitId":"Kureans"},"content":"","lastModifiedDate":"2021-09-07"},{"lineNumber":3,"author":{"gitId":"Kureans"},"content":"public class Task {","lastModifiedDate":"2021-08-25"},{"lineNumber":4,"author":{"gitId":"Kureans"},"content":"    private String description;","lastModifiedDate":"2021-08-25"},{"lineNumber":5,"author":{"gitId":"Kureans"},"content":"    private boolean isDone;","lastModifiedDate":"2021-08-25"},{"lineNumber":6,"author":{"gitId":"Kureans"},"content":"","lastModifiedDate":"2021-08-25"},{"lineNumber":7,"author":{"gitId":"Kureans"},"content":"    public Task(String description) {","lastModifiedDate":"2021-08-25"},{"lineNumber":8,"author":{"gitId":"Kureans"},"content":"        this.description \u003d description;","lastModifiedDate":"2021-08-25"},{"lineNumber":9,"author":{"gitId":"Kureans"},"content":"        this.isDone \u003d false;","lastModifiedDate":"2021-08-25"},{"lineNumber":10,"author":{"gitId":"Kureans"},"content":"    }","lastModifiedDate":"2021-08-25"},{"lineNumber":11,"author":{"gitId":"Kureans"},"content":"","lastModifiedDate":"2021-08-25"},{"lineNumber":12,"author":{"gitId":"Kureans"},"content":"    public String getStatusIcon() {","lastModifiedDate":"2021-08-25"},{"lineNumber":13,"author":{"gitId":"Kureans"},"content":"        return (isDone ? \"X\" : \" \");","lastModifiedDate":"2021-08-25"},{"lineNumber":14,"author":{"gitId":"Kureans"},"content":"    }","lastModifiedDate":"2021-08-25"},{"lineNumber":15,"author":{"gitId":"Kureans"},"content":"","lastModifiedDate":"2021-08-25"},{"lineNumber":16,"author":{"gitId":"Kureans"},"content":"    public String getDescription() {","lastModifiedDate":"2021-08-25"},{"lineNumber":17,"author":{"gitId":"Kureans"},"content":"        return description;","lastModifiedDate":"2021-08-25"},{"lineNumber":18,"author":{"gitId":"Kureans"},"content":"    }","lastModifiedDate":"2021-08-25"},{"lineNumber":19,"author":{"gitId":"Kureans"},"content":"","lastModifiedDate":"2021-08-25"},{"lineNumber":20,"author":{"gitId":"Kureans"},"content":"    public void setDone() {","lastModifiedDate":"2021-08-25"},{"lineNumber":21,"author":{"gitId":"Kureans"},"content":"        isDone \u003d true;","lastModifiedDate":"2021-08-25"},{"lineNumber":22,"author":{"gitId":"Kureans"},"content":"    }","lastModifiedDate":"2021-08-25"},{"lineNumber":23,"author":{"gitId":"Kureans"},"content":"","lastModifiedDate":"2021-08-31"},{"lineNumber":24,"author":{"gitId":"Kureans"},"content":"    public String getType() {","lastModifiedDate":"2021-08-31"},{"lineNumber":25,"author":{"gitId":"Kureans"},"content":"        return null;","lastModifiedDate":"2021-08-31"},{"lineNumber":26,"author":{"gitId":"Kureans"},"content":"    }","lastModifiedDate":"2021-08-31"},{"lineNumber":27,"author":{"gitId":"Kureans"},"content":"","lastModifiedDate":"2021-08-31"},{"lineNumber":28,"author":{"gitId":"Kureans"},"content":"    public String getByDateTime() {","lastModifiedDate":"2021-08-31"},{"lineNumber":29,"author":{"gitId":"Kureans"},"content":"        return null;","lastModifiedDate":"2021-08-31"},{"lineNumber":30,"author":{"gitId":"Kureans"},"content":"    }","lastModifiedDate":"2021-08-31"},{"lineNumber":31,"author":{"gitId":"Kureans"},"content":"","lastModifiedDate":"2021-08-31"},{"lineNumber":32,"author":{"gitId":"Kureans"},"content":"    public String getStartAndEndTime() {","lastModifiedDate":"2021-08-31"},{"lineNumber":33,"author":{"gitId":"Kureans"},"content":"        return null;","lastModifiedDate":"2021-08-31"},{"lineNumber":34,"author":{"gitId":"Kureans"},"content":"    }","lastModifiedDate":"2021-08-31"},{"lineNumber":35,"author":{"gitId":"Kureans"},"content":"}","lastModifiedDate":"2021-08-25"}],"authorContributionMap":{"Kureans":35}},{"path":"src/main/java/duke/task/ToDo.java","fileType":"java","lines":[{"lineNumber":1,"author":{"gitId":"Kureans"},"content":"package duke.task;","lastModifiedDate":"2021-09-07"},{"lineNumber":2,"author":{"gitId":"Kureans"},"content":"","lastModifiedDate":"2021-09-07"},{"lineNumber":3,"author":{"gitId":"Kureans"},"content":"public class ToDo extends Task {","lastModifiedDate":"2021-08-31"},{"lineNumber":4,"author":{"gitId":"Kureans"},"content":"    private String type;","lastModifiedDate":"2021-08-31"},{"lineNumber":5,"author":{"gitId":"Kureans"},"content":"","lastModifiedDate":"2021-08-31"},{"lineNumber":6,"author":{"gitId":"Kureans"},"content":"    public ToDo(String description) {","lastModifiedDate":"2021-08-31"},{"lineNumber":7,"author":{"gitId":"Kureans"},"content":"        super(description);","lastModifiedDate":"2021-08-31"},{"lineNumber":8,"author":{"gitId":"Kureans"},"content":"        this.type \u003d \"T\";","lastModifiedDate":"2021-08-31"},{"lineNumber":9,"author":{"gitId":"Kureans"},"content":"    }","lastModifiedDate":"2021-08-31"},{"lineNumber":10,"author":{"gitId":"Kureans"},"content":"","lastModifiedDate":"2021-08-31"},{"lineNumber":11,"author":{"gitId":"Kureans"},"content":"    @Override","lastModifiedDate":"2021-08-31"},{"lineNumber":12,"author":{"gitId":"Kureans"},"content":"    public String getType() {","lastModifiedDate":"2021-08-31"},{"lineNumber":13,"author":{"gitId":"Kureans"},"content":"        return type;","lastModifiedDate":"2021-08-31"},{"lineNumber":14,"author":{"gitId":"Kureans"},"content":"    }","lastModifiedDate":"2021-08-31"},{"lineNumber":15,"author":{"gitId":"Kureans"},"content":"}","lastModifiedDate":"2021-08-31"}],"authorContributionMap":{"Kureans":15}},{"path":"text-ui-test/input.txt","fileType":"txt","lines":[{"lineNumber":1,"author":{"gitId":"Kureans"},"content":"todo","lastModifiedDate":"2021-09-07"},{"lineNumber":2,"author":{"gitId":"Kureans"},"content":"todo sleep","lastModifiedDate":"2021-08-31"},{"lineNumber":3,"author":{"gitId":"Kureans"},"content":"list","lastModifiedDate":"2021-08-31"},{"lineNumber":4,"author":{"gitId":"Kureans"},"content":"deadline go to bed","lastModifiedDate":"2021-09-07"},{"lineNumber":5,"author":{"gitId":"Kureans"},"content":"deadline /by","lastModifiedDate":"2021-09-07"},{"lineNumber":6,"author":{"gitId":"Kureans"},"content":"deadline go to bed /by 10pm","lastModifiedDate":"2021-08-31"},{"lineNumber":7,"author":{"gitId":"Kureans"},"content":"list","lastModifiedDate":"2021-08-31"},{"lineNumber":8,"author":{"gitId":"Kureans"},"content":"done","lastModifiedDate":"2021-09-07"},{"lineNumber":9,"author":{"gitId":"Kureans"},"content":"done abc","lastModifiedDate":"2021-09-07"},{"lineNumber":10,"author":{"gitId":"Kureans"},"content":"done 1 2 3","lastModifiedDate":"2021-09-07"},{"lineNumber":11,"author":{"gitId":"Kureans"},"content":"done 1","lastModifiedDate":"2021-08-31"},{"lineNumber":12,"author":{"gitId":"Kureans"},"content":"event","lastModifiedDate":"2021-09-07"},{"lineNumber":13,"author":{"gitId":"Kureans"},"content":"event power nap","lastModifiedDate":"2021-09-07"},{"lineNumber":14,"author":{"gitId":"Kureans"},"content":"event /at","lastModifiedDate":"2021-09-07"},{"lineNumber":15,"author":{"gitId":"Kureans"},"content":"event power nap /at 5:15-5:30pm","lastModifiedDate":"2021-08-31"},{"lineNumber":16,"author":{"gitId":"Kureans"},"content":"list","lastModifiedDate":"2021-08-31"},{"lineNumber":17,"author":{"gitId":"Kureans"},"content":"done 2","lastModifiedDate":"2021-08-31"},{"lineNumber":18,"author":{"gitId":"Kureans"},"content":"done 4","lastModifiedDate":"2021-08-31"},{"lineNumber":19,"author":{"gitId":"Kureans"},"content":"done 3","lastModifiedDate":"2021-08-31"},{"lineNumber":20,"author":{"gitId":"Kureans"},"content":"gibberish","lastModifiedDate":"2021-08-31"},{"lineNumber":21,"author":{"gitId":"Kureans"},"content":"list","lastModifiedDate":"2021-08-31"},{"lineNumber":22,"author":{"gitId":"Kureans"},"content":"bye","lastModifiedDate":"2021-08-31"}],"authorContributionMap":{"Kureans":22}},{"path":"text-ui-test/runtest.bat","fileType":"bat","lines":[{"lineNumber":1,"author":{"gitId":"-"},"content":"@ECHO OFF","lastModifiedDate":"2020-05-25"},{"lineNumber":2,"author":{"gitId":"-"},"content":"","lastModifiedDate":"2020-05-25"},{"lineNumber":3,"author":{"gitId":"-"},"content":"REM create bin directory if it doesn\u0027t exist","lastModifiedDate":"2020-05-25"},{"lineNumber":4,"author":{"gitId":"-"},"content":"if not exist ..\\bin mkdir ..\\bin","lastModifiedDate":"2020-05-25"},{"lineNumber":5,"author":{"gitId":"-"},"content":"","lastModifiedDate":"2020-05-25"},{"lineNumber":6,"author":{"gitId":"-"},"content":"REM delete output from previous run","lastModifiedDate":"2020-05-25"},{"lineNumber":7,"author":{"gitId":"-"},"content":"if exist ACTUAL.TXT del ACTUAL.TXT","lastModifiedDate":"2020-08-25"},{"lineNumber":8,"author":{"gitId":"-"},"content":"","lastModifiedDate":"2020-05-25"},{"lineNumber":9,"author":{"gitId":"-"},"content":"REM compile the code into the bin folder","lastModifiedDate":"2020-05-25"},{"lineNumber":10,"author":{"gitId":"Kureans"},"content":"javac  -cp ..\\src\\main\\java -Xlint:none -d ..\\bin ..\\src\\main\\java\\duke\\exception\\*.java ..\\src\\main\\java\\duke\\task\\*.java  ..\\src\\main\\java\\duke\\program\\*.java","lastModifiedDate":"2021-09-07"},{"lineNumber":11,"author":{"gitId":"Kureans"},"content":"","lastModifiedDate":"2021-09-07"},{"lineNumber":12,"author":{"gitId":"-"},"content":"IF ERRORLEVEL 1 (","lastModifiedDate":"2020-05-25"},{"lineNumber":13,"author":{"gitId":"-"},"content":"    echo ********** BUILD FAILURE **********","lastModifiedDate":"2020-05-25"},{"lineNumber":14,"author":{"gitId":"-"},"content":"    exit /b 1","lastModifiedDate":"2020-05-25"},{"lineNumber":15,"author":{"gitId":"-"},"content":")","lastModifiedDate":"2020-05-25"},{"lineNumber":16,"author":{"gitId":"-"},"content":"REM no error here, errorlevel \u003d\u003d 0","lastModifiedDate":"2020-05-25"},{"lineNumber":17,"author":{"gitId":"-"},"content":"","lastModifiedDate":"2020-05-25"},{"lineNumber":18,"author":{"gitId":"-"},"content":"REM run the program, feed commands from input.txt file and redirect the output to the ACTUAL.TXT","lastModifiedDate":"2020-05-25"},{"lineNumber":19,"author":{"gitId":"Kureans"},"content":"java -classpath ..\\bin duke.program.Duke \u003c input.txt \u003e ACTUAL.TXT","lastModifiedDate":"2021-09-07"},{"lineNumber":20,"author":{"gitId":"-"},"content":"","lastModifiedDate":"2020-05-25"},{"lineNumber":21,"author":{"gitId":"-"},"content":"REM compare the output to the expected output","lastModifiedDate":"2020-05-25"},{"lineNumber":22,"author":{"gitId":"-"},"content":"FC ACTUAL.TXT EXPECTED.TXT","lastModifiedDate":"2020-05-25"}],"authorContributionMap":{"-":19,"Kureans":3}}]
