[{"path":"src/main/java/Deadline.java","fileType":"java","lines":[{"lineNumber":1,"author":{"gitId":"Kureans"},"content":"public class Deadline extends Task {","lastModifiedDate":"2021-08-31"},{"lineNumber":2,"author":{"gitId":"Kureans"},"content":"    private String byDateTime;","lastModifiedDate":"2021-08-31"},{"lineNumber":3,"author":{"gitId":"Kureans"},"content":"    private String type;","lastModifiedDate":"2021-08-31"},{"lineNumber":4,"author":{"gitId":"Kureans"},"content":"","lastModifiedDate":"2021-08-31"},{"lineNumber":5,"author":{"gitId":"Kureans"},"content":"    public Deadline(String description, String byDateTime) {","lastModifiedDate":"2021-08-31"},{"lineNumber":6,"author":{"gitId":"Kureans"},"content":"        super(description);","lastModifiedDate":"2021-08-31"},{"lineNumber":7,"author":{"gitId":"Kureans"},"content":"        this.byDateTime \u003d byDateTime;","lastModifiedDate":"2021-08-31"},{"lineNumber":8,"author":{"gitId":"Kureans"},"content":"        this.type \u003d \"D\";","lastModifiedDate":"2021-08-31"},{"lineNumber":9,"author":{"gitId":"Kureans"},"content":"    }","lastModifiedDate":"2021-08-31"},{"lineNumber":10,"author":{"gitId":"Kureans"},"content":"","lastModifiedDate":"2021-08-31"},{"lineNumber":11,"author":{"gitId":"Kureans"},"content":"    @Override","lastModifiedDate":"2021-08-31"},{"lineNumber":12,"author":{"gitId":"Kureans"},"content":"    public String getByDateTime() {","lastModifiedDate":"2021-08-31"},{"lineNumber":13,"author":{"gitId":"Kureans"},"content":"        return byDateTime;","lastModifiedDate":"2021-08-31"},{"lineNumber":14,"author":{"gitId":"Kureans"},"content":"    }","lastModifiedDate":"2021-08-31"},{"lineNumber":15,"author":{"gitId":"Kureans"},"content":"","lastModifiedDate":"2021-08-31"},{"lineNumber":16,"author":{"gitId":"Kureans"},"content":"    @Override","lastModifiedDate":"2021-08-31"},{"lineNumber":17,"author":{"gitId":"Kureans"},"content":"    public String getType() {","lastModifiedDate":"2021-08-31"},{"lineNumber":18,"author":{"gitId":"Kureans"},"content":"        return type;","lastModifiedDate":"2021-08-31"},{"lineNumber":19,"author":{"gitId":"Kureans"},"content":"    }","lastModifiedDate":"2021-08-31"},{"lineNumber":20,"author":{"gitId":"Kureans"},"content":"}","lastModifiedDate":"2021-08-31"},{"lineNumber":21,"author":{"gitId":"Kureans"},"content":"","lastModifiedDate":"2021-08-31"},{"lineNumber":22,"author":{"gitId":"Kureans"},"content":"","lastModifiedDate":"2021-08-31"}],"authorContributionMap":{"Kureans":22}},{"path":"src/main/java/Duke.java","fileType":"java","lines":[{"lineNumber":1,"author":{"gitId":"Kureans"},"content":"import java.util.Scanner;","lastModifiedDate":"2021-08-24"},{"lineNumber":2,"author":{"gitId":"Kureans"},"content":"","lastModifiedDate":"2021-08-24"},{"lineNumber":3,"author":{"gitId":"-"},"content":"public class Duke {","lastModifiedDate":"2019-07-29"},{"lineNumber":4,"author":{"gitId":"Kureans"},"content":"","lastModifiedDate":"2021-08-24"},{"lineNumber":5,"author":{"gitId":"Kureans"},"content":"    public static void printGreetingMessage(LizTextBanner liz) {","lastModifiedDate":"2021-08-25"},{"lineNumber":6,"author":{"gitId":"Kureans"},"content":"        System.out.println(\"Howdy! It\u0027s\\n\" + liz.getLizText() + liz.getLizLogo());","lastModifiedDate":"2021-08-25"},{"lineNumber":7,"author":{"gitId":"Kureans"},"content":"        printLine();","lastModifiedDate":"2021-08-25"},{"lineNumber":8,"author":{"gitId":"Kureans"},"content":"        System.out.println(\"Hey! I\u0027m Lizzy the Lizard!\");","lastModifiedDate":"2021-08-24"},{"lineNumber":9,"author":{"gitId":"Kureans"},"content":"        System.out.println(\"What can I do for you?\");","lastModifiedDate":"2021-08-15"},{"lineNumber":10,"author":{"gitId":"Kureans"},"content":"        System.out.println(\"\");","lastModifiedDate":"2021-08-15"},{"lineNumber":11,"author":{"gitId":"Kureans"},"content":"    }","lastModifiedDate":"2021-08-15"},{"lineNumber":12,"author":{"gitId":"Kureans"},"content":"","lastModifiedDate":"2021-08-15"},{"lineNumber":13,"author":{"gitId":"Kureans"},"content":"    public static void printExitMessage() {","lastModifiedDate":"2021-08-25"},{"lineNumber":14,"author":{"gitId":"Kureans"},"content":"        printLine();","lastModifiedDate":"2021-08-25"},{"lineNumber":15,"author":{"gitId":"Kureans"},"content":"        System.out.println(\"Bye. Hope to see you again soon!\");","lastModifiedDate":"2021-08-15"},{"lineNumber":16,"author":{"gitId":"Kureans"},"content":"    }","lastModifiedDate":"2021-08-15"},{"lineNumber":17,"author":{"gitId":"Kureans"},"content":"","lastModifiedDate":"2021-08-15"},{"lineNumber":18,"author":{"gitId":"Kureans"},"content":"    public static void printLine() {","lastModifiedDate":"2021-08-25"},{"lineNumber":19,"author":{"gitId":"Kureans"},"content":"        for (int i \u003d 0; i \u003c 40; i++) {","lastModifiedDate":"2021-08-15"},{"lineNumber":20,"author":{"gitId":"Kureans"},"content":"            System.out.print(\"_\");","lastModifiedDate":"2021-08-15"},{"lineNumber":21,"author":{"gitId":"Kureans"},"content":"        }","lastModifiedDate":"2021-08-15"},{"lineNumber":22,"author":{"gitId":"Kureans"},"content":"        System.out.println(\"\");","lastModifiedDate":"2021-08-15"},{"lineNumber":23,"author":{"gitId":"Kureans"},"content":"    }","lastModifiedDate":"2021-08-15"},{"lineNumber":24,"author":{"gitId":"Kureans"},"content":"","lastModifiedDate":"2021-08-15"},{"lineNumber":25,"author":{"gitId":"Kureans"},"content":"    public static void printInvalidDoneMessage() {","lastModifiedDate":"2021-08-31"},{"lineNumber":26,"author":{"gitId":"Kureans"},"content":"        System.out.println(\"Sorry bud, you can\u0027t check off what is not yet there :/\");","lastModifiedDate":"2021-08-25"},{"lineNumber":27,"author":{"gitId":"Kureans"},"content":"    }","lastModifiedDate":"2021-08-25"},{"lineNumber":28,"author":{"gitId":"Kureans"},"content":"","lastModifiedDate":"2021-08-24"},{"lineNumber":29,"author":{"gitId":"Kureans"},"content":"    public static void printGenericErrorMessage() {","lastModifiedDate":"2021-08-31"},{"lineNumber":30,"author":{"gitId":"Kureans"},"content":"        System.out.println(\"Error! Something is up with your inputs!\");","lastModifiedDate":"2021-08-31"},{"lineNumber":31,"author":{"gitId":"Kureans"},"content":"    }","lastModifiedDate":"2021-08-31"},{"lineNumber":32,"author":{"gitId":"Kureans"},"content":"","lastModifiedDate":"2021-08-31"},{"lineNumber":33,"author":{"gitId":"Kureans"},"content":"    public static void printTaskList(int taskIndex, Task tasks[]) {","lastModifiedDate":"2021-08-25"},{"lineNumber":34,"author":{"gitId":"Kureans"},"content":"        System.out.println(\"Here are the tasks in your list:\");","lastModifiedDate":"2021-08-25"},{"lineNumber":35,"author":{"gitId":"Kureans"},"content":"        for (int i \u003d 0; i \u003c taskIndex; i++) {","lastModifiedDate":"2021-08-24"},{"lineNumber":36,"author":{"gitId":"Kureans"},"content":"            if (tasks[i].getType().equals(\"T\")) {","lastModifiedDate":"2021-08-31"},{"lineNumber":37,"author":{"gitId":"Kureans"},"content":"                System.out.printf(\"[%s][%s] %s%n\",tasks[i].getType(), tasks[i].getStatusIcon(),tasks[i].getDescription());","lastModifiedDate":"2021-08-31"},{"lineNumber":38,"author":{"gitId":"Kureans"},"content":"            } else if (tasks[i].getType().equals(\"D\")){","lastModifiedDate":"2021-08-31"},{"lineNumber":39,"author":{"gitId":"Kureans"},"content":"                System.out.printf(\"[%s][%s] %s(by:%s)%n\",tasks[i].getType(), tasks[i].getStatusIcon(),tasks[i].getDescription(), tasks[i].getByDateTime());","lastModifiedDate":"2021-08-31"},{"lineNumber":40,"author":{"gitId":"Kureans"},"content":"            } else {","lastModifiedDate":"2021-08-31"},{"lineNumber":41,"author":{"gitId":"Kureans"},"content":"                System.out.printf(\"[%s][%s] %s(at:%s)%n\",tasks[i].getType(), tasks[i].getStatusIcon(), tasks[i].getDescription(), tasks[i].getStartAndEndTime());","lastModifiedDate":"2021-08-31"},{"lineNumber":42,"author":{"gitId":"Kureans"},"content":"            }","lastModifiedDate":"2021-08-31"},{"lineNumber":43,"author":{"gitId":"Kureans"},"content":"        }","lastModifiedDate":"2021-08-31"},{"lineNumber":44,"author":{"gitId":"Kureans"},"content":"    }","lastModifiedDate":"2021-08-31"},{"lineNumber":45,"author":{"gitId":"Kureans"},"content":"","lastModifiedDate":"2021-08-31"},{"lineNumber":46,"author":{"gitId":"Kureans"},"content":"    public static void addNewTodo(String description, int taskIndex, Task tasks[]) {","lastModifiedDate":"2021-08-31"},{"lineNumber":47,"author":{"gitId":"Kureans"},"content":"        tasks[taskIndex] \u003d new ToDo(description);","lastModifiedDate":"2021-08-31"},{"lineNumber":48,"author":{"gitId":"Kureans"},"content":"    }","lastModifiedDate":"2021-08-31"},{"lineNumber":49,"author":{"gitId":"Kureans"},"content":"","lastModifiedDate":"2021-08-31"},{"lineNumber":50,"author":{"gitId":"Kureans"},"content":"    public static void addNewDeadline(String description, String byDateTime, int taskIndex, Task tasks[]) {","lastModifiedDate":"2021-08-31"},{"lineNumber":51,"author":{"gitId":"Kureans"},"content":"        tasks[taskIndex] \u003d new Deadline(description, byDateTime);","lastModifiedDate":"2021-08-31"},{"lineNumber":52,"author":{"gitId":"Kureans"},"content":"    }","lastModifiedDate":"2021-08-24"},{"lineNumber":53,"author":{"gitId":"Kureans"},"content":"","lastModifiedDate":"2021-08-31"},{"lineNumber":54,"author":{"gitId":"Kureans"},"content":"    public static void addNewEvent(String description, String startAndEndTime, int taskIndex, Task tasks[]) {","lastModifiedDate":"2021-08-31"},{"lineNumber":55,"author":{"gitId":"Kureans"},"content":"        tasks[taskIndex] \u003d new Event(description, startAndEndTime);","lastModifiedDate":"2021-08-31"},{"lineNumber":56,"author":{"gitId":"Kureans"},"content":"    }","lastModifiedDate":"2021-08-31"},{"lineNumber":57,"author":{"gitId":"Kureans"},"content":"","lastModifiedDate":"2021-08-31"},{"lineNumber":58,"author":{"gitId":"Kureans"},"content":"    public static void printAddedTask(Task task, int taskIndex) {","lastModifiedDate":"2021-08-31"},{"lineNumber":59,"author":{"gitId":"Kureans"},"content":"        System.out.println(\"Got it. I\u0027ve added this task:\");","lastModifiedDate":"2021-08-31"},{"lineNumber":60,"author":{"gitId":"Kureans"},"content":"        if (task.getType().equals(\"T\")) {","lastModifiedDate":"2021-08-31"},{"lineNumber":61,"author":{"gitId":"Kureans"},"content":"            System.out.printf(\"[%s][ ] %s%n\",task.getType(),task.getDescription());","lastModifiedDate":"2021-08-31"},{"lineNumber":62,"author":{"gitId":"Kureans"},"content":"        } else if (task.getType().equals(\"D\")){","lastModifiedDate":"2021-08-31"},{"lineNumber":63,"author":{"gitId":"Kureans"},"content":"            System.out.printf(\"[%s][ ] %s(by:%s)%n\",task.getType(),task.getDescription(), task.getByDateTime());","lastModifiedDate":"2021-08-31"},{"lineNumber":64,"author":{"gitId":"Kureans"},"content":"        } else {","lastModifiedDate":"2021-08-31"},{"lineNumber":65,"author":{"gitId":"Kureans"},"content":"            System.out.printf(\"[%s][ ] %s(at:%s)%n\",task.getType(),task.getDescription(), task.getStartAndEndTime());","lastModifiedDate":"2021-08-31"},{"lineNumber":66,"author":{"gitId":"Kureans"},"content":"        }","lastModifiedDate":"2021-08-24"},{"lineNumber":67,"author":{"gitId":"Kureans"},"content":"","lastModifiedDate":"2021-08-25"},{"lineNumber":68,"author":{"gitId":"Kureans"},"content":"        System.out.println(\"Now you have \" + (taskIndex + 1) + \" tasks in the list.\");","lastModifiedDate":"2021-08-31"},{"lineNumber":69,"author":{"gitId":"Kureans"},"content":"    }","lastModifiedDate":"2021-08-24"},{"lineNumber":70,"author":{"gitId":"Kureans"},"content":"","lastModifiedDate":"2021-08-24"},{"lineNumber":71,"author":{"gitId":"Kureans"},"content":"","lastModifiedDate":"2021-08-31"},{"lineNumber":72,"author":{"gitId":"Kureans"},"content":"","lastModifiedDate":"2021-08-31"},{"lineNumber":73,"author":{"gitId":"Kureans"},"content":"    public static void markAsDone(Task task) {","lastModifiedDate":"2021-08-25"},{"lineNumber":74,"author":{"gitId":"Kureans"},"content":"        if (task.getStatusIcon().equals(\"X\")) {","lastModifiedDate":"2021-08-25"},{"lineNumber":75,"author":{"gitId":"Kureans"},"content":"            System.out.println(\"Slow down there bud! You\u0027ve already completed this task!\");","lastModifiedDate":"2021-08-25"},{"lineNumber":76,"author":{"gitId":"Kureans"},"content":"        } else {","lastModifiedDate":"2021-08-25"},{"lineNumber":77,"author":{"gitId":"Kureans"},"content":"            task.setDone();","lastModifiedDate":"2021-08-25"},{"lineNumber":78,"author":{"gitId":"Kureans"},"content":"            System.out.println(\"Nice! I\u0027ve marked this task as done:\");","lastModifiedDate":"2021-08-25"},{"lineNumber":79,"author":{"gitId":"Kureans"},"content":"            System.out.printf(\"[%s][X] %s%n\",task.getType(), task.getDescription());","lastModifiedDate":"2021-08-31"},{"lineNumber":80,"author":{"gitId":"Kureans"},"content":"        }","lastModifiedDate":"2021-08-25"},{"lineNumber":81,"author":{"gitId":"Kureans"},"content":"    }","lastModifiedDate":"2021-08-24"},{"lineNumber":82,"author":{"gitId":"Kureans"},"content":"","lastModifiedDate":"2021-08-24"},{"lineNumber":83,"author":{"gitId":"-"},"content":"    public static void main(String[] args) {","lastModifiedDate":"2019-07-29"},{"lineNumber":84,"author":{"gitId":"Kureans"},"content":"","lastModifiedDate":"2021-08-24"},{"lineNumber":85,"author":{"gitId":"Kureans"},"content":"        LizTextBanner liz \u003d new LizTextBanner();","lastModifiedDate":"2021-08-25"},{"lineNumber":86,"author":{"gitId":"Kureans"},"content":"        Scanner in \u003d new Scanner(System.in);","lastModifiedDate":"2021-08-24"},{"lineNumber":87,"author":{"gitId":"Kureans"},"content":"","lastModifiedDate":"2021-08-15"},{"lineNumber":88,"author":{"gitId":"Kureans"},"content":"        Task tasks[] \u003d new Task[100];","lastModifiedDate":"2021-08-25"},{"lineNumber":89,"author":{"gitId":"Kureans"},"content":"        int taskIndex \u003d 0;","lastModifiedDate":"2021-08-25"},{"lineNumber":90,"author":{"gitId":"Kureans"},"content":"        printGreetingMessage(liz);","lastModifiedDate":"2021-08-25"},{"lineNumber":91,"author":{"gitId":"Kureans"},"content":"        String line \u003d in.nextLine();","lastModifiedDate":"2021-08-25"},{"lineNumber":92,"author":{"gitId":"Kureans"},"content":"","lastModifiedDate":"2021-08-25"},{"lineNumber":93,"author":{"gitId":"Kureans"},"content":"        while (!line.equals(\"bye\")) {","lastModifiedDate":"2021-08-31"},{"lineNumber":94,"author":{"gitId":"Kureans"},"content":"            printLine();","lastModifiedDate":"2021-08-25"},{"lineNumber":95,"author":{"gitId":"Kureans"},"content":"            String[] lineArgs \u003d line.split(\" \");","lastModifiedDate":"2021-08-25"},{"lineNumber":96,"author":{"gitId":"Kureans"},"content":"            if (line.equals(\"list\")) {","lastModifiedDate":"2021-08-31"},{"lineNumber":97,"author":{"gitId":"Kureans"},"content":"                printTaskList(taskIndex, tasks);","lastModifiedDate":"2021-08-31"},{"lineNumber":98,"author":{"gitId":"Kureans"},"content":"            } else if (lineArgs[0].equals(\"todo\")) {","lastModifiedDate":"2021-08-31"},{"lineNumber":99,"author":{"gitId":"Kureans"},"content":"                addNewTodo(line.substring(5), taskIndex, tasks);","lastModifiedDate":"2021-08-31"},{"lineNumber":100,"author":{"gitId":"Kureans"},"content":"                printAddedTask(tasks[taskIndex], taskIndex);","lastModifiedDate":"2021-08-31"},{"lineNumber":101,"author":{"gitId":"Kureans"},"content":"                taskIndex++;","lastModifiedDate":"2021-08-31"},{"lineNumber":102,"author":{"gitId":"Kureans"},"content":"            } else if (lineArgs[0].equals(\"deadline\")) {","lastModifiedDate":"2021-08-31"},{"lineNumber":103,"author":{"gitId":"Kureans"},"content":"                int backslashIndex \u003d line.indexOf(\u0027/\u0027);","lastModifiedDate":"2021-08-31"},{"lineNumber":104,"author":{"gitId":"Kureans"},"content":"                addNewDeadline(line.substring(9, backslashIndex), line.substring(backslashIndex + 3), taskIndex, tasks);","lastModifiedDate":"2021-08-31"},{"lineNumber":105,"author":{"gitId":"Kureans"},"content":"                printAddedTask(tasks[taskIndex], taskIndex);","lastModifiedDate":"2021-08-31"},{"lineNumber":106,"author":{"gitId":"Kureans"},"content":"                taskIndex++;","lastModifiedDate":"2021-08-31"},{"lineNumber":107,"author":{"gitId":"Kureans"},"content":"            } else if (lineArgs[0].equals(\"event\")) {","lastModifiedDate":"2021-08-31"},{"lineNumber":108,"author":{"gitId":"Kureans"},"content":"                int backslashIndex \u003d line.indexOf(\u0027/\u0027);","lastModifiedDate":"2021-08-31"},{"lineNumber":109,"author":{"gitId":"Kureans"},"content":"                addNewEvent(line.substring(6, backslashIndex), line.substring(backslashIndex + 3), taskIndex, tasks);","lastModifiedDate":"2021-08-31"},{"lineNumber":110,"author":{"gitId":"Kureans"},"content":"                printAddedTask(tasks[taskIndex], taskIndex);","lastModifiedDate":"2021-08-31"},{"lineNumber":111,"author":{"gitId":"Kureans"},"content":"                taskIndex++;","lastModifiedDate":"2021-08-31"},{"lineNumber":112,"author":{"gitId":"Kureans"},"content":"            } else if (lineArgs[0].equals(\"done\")) {","lastModifiedDate":"2021-08-31"},{"lineNumber":113,"author":{"gitId":"Kureans"},"content":"                int doneIndex \u003d Integer.parseInt(lineArgs[1]) - 1;","lastModifiedDate":"2021-08-25"},{"lineNumber":114,"author":{"gitId":"Kureans"},"content":"                if (doneIndex \u003e\u003d taskIndex || doneIndex \u003c 0) {","lastModifiedDate":"2021-08-25"},{"lineNumber":115,"author":{"gitId":"Kureans"},"content":"                    printInvalidDoneMessage();","lastModifiedDate":"2021-08-31"},{"lineNumber":116,"author":{"gitId":"Kureans"},"content":"                } else {","lastModifiedDate":"2021-08-25"},{"lineNumber":117,"author":{"gitId":"Kureans"},"content":"                    markAsDone(tasks[doneIndex]);","lastModifiedDate":"2021-08-25"},{"lineNumber":118,"author":{"gitId":"Kureans"},"content":"                }","lastModifiedDate":"2021-08-25"},{"lineNumber":119,"author":{"gitId":"Kureans"},"content":"            } else {","lastModifiedDate":"2021-08-25"},{"lineNumber":120,"author":{"gitId":"Kureans"},"content":"                printGenericErrorMessage();","lastModifiedDate":"2021-08-31"},{"lineNumber":121,"author":{"gitId":"Kureans"},"content":"            }","lastModifiedDate":"2021-08-25"},{"lineNumber":122,"author":{"gitId":"Kureans"},"content":"","lastModifiedDate":"2021-08-31"},{"lineNumber":123,"author":{"gitId":"Kureans"},"content":"            printLine();","lastModifiedDate":"2021-08-25"},{"lineNumber":124,"author":{"gitId":"Kureans"},"content":"            line \u003d in.nextLine();","lastModifiedDate":"2021-08-25"},{"lineNumber":125,"author":{"gitId":"Kureans"},"content":"        }","lastModifiedDate":"2021-08-25"},{"lineNumber":126,"author":{"gitId":"Kureans"},"content":"        printExitMessage();","lastModifiedDate":"2021-08-25"},{"lineNumber":127,"author":{"gitId":"-"},"content":"    }","lastModifiedDate":"2019-07-29"},{"lineNumber":128,"author":{"gitId":"-"},"content":"}","lastModifiedDate":"2019-07-29"}],"authorContributionMap":{"-":4,"Kureans":124}},{"path":"src/main/java/Event.java","fileType":"java","lines":[{"lineNumber":1,"author":{"gitId":"Kureans"},"content":"public class Event extends Task {","lastModifiedDate":"2021-08-31"},{"lineNumber":2,"author":{"gitId":"Kureans"},"content":"    private String startAndEndTime;","lastModifiedDate":"2021-08-31"},{"lineNumber":3,"author":{"gitId":"Kureans"},"content":"    private String type;","lastModifiedDate":"2021-08-31"},{"lineNumber":4,"author":{"gitId":"Kureans"},"content":"","lastModifiedDate":"2021-08-31"},{"lineNumber":5,"author":{"gitId":"Kureans"},"content":"    public Event(String description, String startAndEndTime) {","lastModifiedDate":"2021-08-31"},{"lineNumber":6,"author":{"gitId":"Kureans"},"content":"        super(description);","lastModifiedDate":"2021-08-31"},{"lineNumber":7,"author":{"gitId":"Kureans"},"content":"        this.startAndEndTime \u003d startAndEndTime;","lastModifiedDate":"2021-08-31"},{"lineNumber":8,"author":{"gitId":"Kureans"},"content":"        this.type \u003d \"E\";","lastModifiedDate":"2021-08-31"},{"lineNumber":9,"author":{"gitId":"Kureans"},"content":"    }","lastModifiedDate":"2021-08-31"},{"lineNumber":10,"author":{"gitId":"Kureans"},"content":"","lastModifiedDate":"2021-08-31"},{"lineNumber":11,"author":{"gitId":"Kureans"},"content":"    @Override","lastModifiedDate":"2021-08-31"},{"lineNumber":12,"author":{"gitId":"Kureans"},"content":"    public String getStartAndEndTime() {","lastModifiedDate":"2021-08-31"},{"lineNumber":13,"author":{"gitId":"Kureans"},"content":"        return startAndEndTime;","lastModifiedDate":"2021-08-31"},{"lineNumber":14,"author":{"gitId":"Kureans"},"content":"    }","lastModifiedDate":"2021-08-31"},{"lineNumber":15,"author":{"gitId":"Kureans"},"content":"","lastModifiedDate":"2021-08-31"},{"lineNumber":16,"author":{"gitId":"Kureans"},"content":"    @Override","lastModifiedDate":"2021-08-31"},{"lineNumber":17,"author":{"gitId":"Kureans"},"content":"    public String getType() {","lastModifiedDate":"2021-08-31"},{"lineNumber":18,"author":{"gitId":"Kureans"},"content":"        return type;","lastModifiedDate":"2021-08-31"},{"lineNumber":19,"author":{"gitId":"Kureans"},"content":"    }","lastModifiedDate":"2021-08-31"},{"lineNumber":20,"author":{"gitId":"Kureans"},"content":"","lastModifiedDate":"2021-08-31"},{"lineNumber":21,"author":{"gitId":"Kureans"},"content":"}","lastModifiedDate":"2021-08-31"}],"authorContributionMap":{"Kureans":21}},{"path":"src/main/java/LizTextBanner.java","fileType":"java","lines":[{"lineNumber":1,"author":{"gitId":"Kureans"},"content":"public class LizTextBanner {","lastModifiedDate":"2021-08-25"},{"lineNumber":2,"author":{"gitId":"Kureans"},"content":"","lastModifiedDate":"2021-08-25"},{"lineNumber":3,"author":{"gitId":"Kureans"},"content":"    private String lizText;","lastModifiedDate":"2021-08-25"},{"lineNumber":4,"author":{"gitId":"Kureans"},"content":"    private String lizLogo;","lastModifiedDate":"2021-08-25"},{"lineNumber":5,"author":{"gitId":"Kureans"},"content":"","lastModifiedDate":"2021-08-25"},{"lineNumber":6,"author":{"gitId":"Kureans"},"content":"    public LizTextBanner() {","lastModifiedDate":"2021-08-25"},{"lineNumber":7,"author":{"gitId":"Kureans"},"content":"        this.lizText \u003d \"      ___                   ___           ___           ___     \\n\" +","lastModifiedDate":"2021-08-25"},{"lineNumber":8,"author":{"gitId":"Kureans"},"content":"                \"     /\\\\__\\\\      ___        /\\\\  \\\\         /\\\\  \\\\         |\\\\__\\\\    \\n\" +","lastModifiedDate":"2021-08-25"},{"lineNumber":9,"author":{"gitId":"Kureans"},"content":"                \"    /:/  /     /\\\\  \\\\       \\\\:\\\\  \\\\        \\\\:\\\\  \\\\        |:|  |   \\n\" +","lastModifiedDate":"2021-08-25"},{"lineNumber":10,"author":{"gitId":"Kureans"},"content":"                \"   /:/  /      \\\\:\\\\  \\\\       \\\\:\\\\  \\\\        \\\\:\\\\  \\\\       |:|  |   \\n\" +","lastModifiedDate":"2021-08-25"},{"lineNumber":11,"author":{"gitId":"Kureans"},"content":"                \"  /:/  /       /::\\\\__\\\\       \\\\:\\\\  \\\\        \\\\:\\\\  \\\\      |:|__|__ \\n\" +","lastModifiedDate":"2021-08-25"},{"lineNumber":12,"author":{"gitId":"Kureans"},"content":"                \" /:/__/     __/:/\\\\/__/ _______\\\\:\\\\__\\\\ _______\\\\:\\\\__\\\\     /::::\\\\__\\\\\\n\" +","lastModifiedDate":"2021-08-25"},{"lineNumber":13,"author":{"gitId":"Kureans"},"content":"                \" \\\\:\\\\  \\\\    /\\\\/:/  /    \\\\::::::::/__/ \\\\::::::::/__/    /:/~~/~   \\n\" +","lastModifiedDate":"2021-08-25"},{"lineNumber":14,"author":{"gitId":"Kureans"},"content":"                \"  \\\\:\\\\  \\\\   \\\\::/__/      \\\\:\\\\~~\\\\~~      \\\\:\\\\~~\\\\~~       /:/  /     \\n\" +","lastModifiedDate":"2021-08-25"},{"lineNumber":15,"author":{"gitId":"Kureans"},"content":"                \"   \\\\:\\\\  \\\\   \\\\:\\\\__\\\\       \\\\:\\\\  \\\\        \\\\:\\\\  \\\\        \\\\/__/      \\n\" +","lastModifiedDate":"2021-08-25"},{"lineNumber":16,"author":{"gitId":"Kureans"},"content":"                \"    \\\\:\\\\__\\\\   \\\\/__/        \\\\:\\\\__\\\\        \\\\:\\\\__\\\\                  \\n\" +","lastModifiedDate":"2021-08-25"},{"lineNumber":17,"author":{"gitId":"Kureans"},"content":"                \"     \\\\/__/                 \\\\/__/         \\\\/__/                  \\n\";","lastModifiedDate":"2021-08-25"},{"lineNumber":18,"author":{"gitId":"Kureans"},"content":"        this.lizLogo \u003d \"                      ____...---...___\\n\" +","lastModifiedDate":"2021-08-25"},{"lineNumber":19,"author":{"gitId":"Kureans"},"content":"                \"___.....---\\\"\\\"\\\"                .                   \\\"\\\"--..____\\n\" +","lastModifiedDate":"2021-08-25"},{"lineNumber":20,"author":{"gitId":"Kureans"},"content":"                \"     .                  .            .\\n\" +","lastModifiedDate":"2021-08-25"},{"lineNumber":21,"author":{"gitId":"Kureans"},"content":"                \" .             _.--._       /|\\n\" +","lastModifiedDate":"2021-08-25"},{"lineNumber":22,"author":{"gitId":"Kureans"},"content":"                \"        .    .\u0027()..()`.    / /\\n\" +","lastModifiedDate":"2021-08-25"},{"lineNumber":23,"author":{"gitId":"Kureans"},"content":"                \"            ( `-.__.-\u0027 )  ( (    .\\n\" +","lastModifiedDate":"2021-08-25"},{"lineNumber":24,"author":{"gitId":"Kureans"},"content":"                \"   .         \\\\        /    \\\\ \\\\\\n\" +","lastModifiedDate":"2021-08-25"},{"lineNumber":25,"author":{"gitId":"Kureans"},"content":"                \"       .      \\\\      /      ) )        .\\n\" +","lastModifiedDate":"2021-08-25"},{"lineNumber":26,"author":{"gitId":"Kureans"},"content":"                \"            .\u0027 -.__.- `.-.-\u0027_.\u0027\\n\" +","lastModifiedDate":"2021-08-25"},{"lineNumber":27,"author":{"gitId":"Kureans"},"content":"                \" .        .\u0027  /-____-\\\\  `.-\u0027       .\\n\" +","lastModifiedDate":"2021-08-25"},{"lineNumber":28,"author":{"gitId":"Kureans"},"content":"                \"          \\\\  /-.____.-\\\\  /-.\\n\" +","lastModifiedDate":"2021-08-25"},{"lineNumber":29,"author":{"gitId":"Kureans"},"content":"                \"           \\\\ \\\\`-.__.-\u0027/ /\\\\|\\\\|           .\\n\" +","lastModifiedDate":"2021-08-25"},{"lineNumber":30,"author":{"gitId":"Kureans"},"content":"                \"          .\u0027  `.    .\u0027  `.\\n\" +","lastModifiedDate":"2021-08-25"},{"lineNumber":31,"author":{"gitId":"Kureans"},"content":"                \"          |/\\\\/\\\\|    |/\\\\/\\\\|\";","lastModifiedDate":"2021-08-25"},{"lineNumber":32,"author":{"gitId":"Kureans"},"content":"    }","lastModifiedDate":"2021-08-25"},{"lineNumber":33,"author":{"gitId":"Kureans"},"content":"","lastModifiedDate":"2021-08-25"},{"lineNumber":34,"author":{"gitId":"Kureans"},"content":"    public String getLizText() {","lastModifiedDate":"2021-08-25"},{"lineNumber":35,"author":{"gitId":"Kureans"},"content":"        return lizText;","lastModifiedDate":"2021-08-25"},{"lineNumber":36,"author":{"gitId":"Kureans"},"content":"    }","lastModifiedDate":"2021-08-25"},{"lineNumber":37,"author":{"gitId":"Kureans"},"content":"","lastModifiedDate":"2021-08-25"},{"lineNumber":38,"author":{"gitId":"Kureans"},"content":"    public String getLizLogo() {","lastModifiedDate":"2021-08-25"},{"lineNumber":39,"author":{"gitId":"Kureans"},"content":"        return lizLogo;","lastModifiedDate":"2021-08-25"},{"lineNumber":40,"author":{"gitId":"Kureans"},"content":"    }","lastModifiedDate":"2021-08-25"},{"lineNumber":41,"author":{"gitId":"Kureans"},"content":"}","lastModifiedDate":"2021-08-25"}],"authorContributionMap":{"Kureans":41}},{"path":"src/main/java/Task.java","fileType":"java","lines":[{"lineNumber":1,"author":{"gitId":"Kureans"},"content":"public class Task {","lastModifiedDate":"2021-08-25"},{"lineNumber":2,"author":{"gitId":"Kureans"},"content":"    private String description;","lastModifiedDate":"2021-08-25"},{"lineNumber":3,"author":{"gitId":"Kureans"},"content":"    private boolean isDone;","lastModifiedDate":"2021-08-25"},{"lineNumber":4,"author":{"gitId":"Kureans"},"content":"","lastModifiedDate":"2021-08-25"},{"lineNumber":5,"author":{"gitId":"Kureans"},"content":"    public Task(String description) {","lastModifiedDate":"2021-08-25"},{"lineNumber":6,"author":{"gitId":"Kureans"},"content":"        this.description \u003d description;","lastModifiedDate":"2021-08-25"},{"lineNumber":7,"author":{"gitId":"Kureans"},"content":"        this.isDone \u003d false;","lastModifiedDate":"2021-08-25"},{"lineNumber":8,"author":{"gitId":"Kureans"},"content":"    }","lastModifiedDate":"2021-08-25"},{"lineNumber":9,"author":{"gitId":"Kureans"},"content":"","lastModifiedDate":"2021-08-25"},{"lineNumber":10,"author":{"gitId":"Kureans"},"content":"    public String getStatusIcon() {","lastModifiedDate":"2021-08-25"},{"lineNumber":11,"author":{"gitId":"Kureans"},"content":"        return (isDone ? \"X\" : \" \");","lastModifiedDate":"2021-08-25"},{"lineNumber":12,"author":{"gitId":"Kureans"},"content":"    }","lastModifiedDate":"2021-08-25"},{"lineNumber":13,"author":{"gitId":"Kureans"},"content":"","lastModifiedDate":"2021-08-25"},{"lineNumber":14,"author":{"gitId":"Kureans"},"content":"    public String getDescription() {","lastModifiedDate":"2021-08-25"},{"lineNumber":15,"author":{"gitId":"Kureans"},"content":"        return description;","lastModifiedDate":"2021-08-25"},{"lineNumber":16,"author":{"gitId":"Kureans"},"content":"    }","lastModifiedDate":"2021-08-25"},{"lineNumber":17,"author":{"gitId":"Kureans"},"content":"","lastModifiedDate":"2021-08-25"},{"lineNumber":18,"author":{"gitId":"Kureans"},"content":"    public void setDone() {","lastModifiedDate":"2021-08-25"},{"lineNumber":19,"author":{"gitId":"Kureans"},"content":"        isDone \u003d true;","lastModifiedDate":"2021-08-25"},{"lineNumber":20,"author":{"gitId":"Kureans"},"content":"    }","lastModifiedDate":"2021-08-25"},{"lineNumber":21,"author":{"gitId":"Kureans"},"content":"","lastModifiedDate":"2021-08-31"},{"lineNumber":22,"author":{"gitId":"Kureans"},"content":"    public String getType() {","lastModifiedDate":"2021-08-31"},{"lineNumber":23,"author":{"gitId":"Kureans"},"content":"        return null;","lastModifiedDate":"2021-08-31"},{"lineNumber":24,"author":{"gitId":"Kureans"},"content":"    }","lastModifiedDate":"2021-08-31"},{"lineNumber":25,"author":{"gitId":"Kureans"},"content":"","lastModifiedDate":"2021-08-31"},{"lineNumber":26,"author":{"gitId":"Kureans"},"content":"    public String getByDateTime() {","lastModifiedDate":"2021-08-31"},{"lineNumber":27,"author":{"gitId":"Kureans"},"content":"        return null;","lastModifiedDate":"2021-08-31"},{"lineNumber":28,"author":{"gitId":"Kureans"},"content":"    }","lastModifiedDate":"2021-08-31"},{"lineNumber":29,"author":{"gitId":"Kureans"},"content":"","lastModifiedDate":"2021-08-31"},{"lineNumber":30,"author":{"gitId":"Kureans"},"content":"    public String getStartAndEndTime() {","lastModifiedDate":"2021-08-31"},{"lineNumber":31,"author":{"gitId":"Kureans"},"content":"        return null;","lastModifiedDate":"2021-08-31"},{"lineNumber":32,"author":{"gitId":"Kureans"},"content":"    }","lastModifiedDate":"2021-08-31"},{"lineNumber":33,"author":{"gitId":"Kureans"},"content":"}","lastModifiedDate":"2021-08-25"}],"authorContributionMap":{"Kureans":33}},{"path":"src/main/java/ToDo.java","fileType":"java","lines":[{"lineNumber":1,"author":{"gitId":"Kureans"},"content":"public class ToDo extends Task {","lastModifiedDate":"2021-08-31"},{"lineNumber":2,"author":{"gitId":"Kureans"},"content":"    private String type;","lastModifiedDate":"2021-08-31"},{"lineNumber":3,"author":{"gitId":"Kureans"},"content":"","lastModifiedDate":"2021-08-31"},{"lineNumber":4,"author":{"gitId":"Kureans"},"content":"    public ToDo(String description) {","lastModifiedDate":"2021-08-31"},{"lineNumber":5,"author":{"gitId":"Kureans"},"content":"        super(description);","lastModifiedDate":"2021-08-31"},{"lineNumber":6,"author":{"gitId":"Kureans"},"content":"        this.type \u003d \"T\";","lastModifiedDate":"2021-08-31"},{"lineNumber":7,"author":{"gitId":"Kureans"},"content":"    }","lastModifiedDate":"2021-08-31"},{"lineNumber":8,"author":{"gitId":"Kureans"},"content":"","lastModifiedDate":"2021-08-31"},{"lineNumber":9,"author":{"gitId":"Kureans"},"content":"    @Override","lastModifiedDate":"2021-08-31"},{"lineNumber":10,"author":{"gitId":"Kureans"},"content":"    public String getType() {","lastModifiedDate":"2021-08-31"},{"lineNumber":11,"author":{"gitId":"Kureans"},"content":"        return type;","lastModifiedDate":"2021-08-31"},{"lineNumber":12,"author":{"gitId":"Kureans"},"content":"    }","lastModifiedDate":"2021-08-31"},{"lineNumber":13,"author":{"gitId":"Kureans"},"content":"}","lastModifiedDate":"2021-08-31"}],"authorContributionMap":{"Kureans":13}},{"path":"text-ui-test/input.txt","fileType":"txt","lines":[{"lineNumber":1,"author":{"gitId":"Kureans"},"content":"todo sleep","lastModifiedDate":"2021-08-31"},{"lineNumber":2,"author":{"gitId":"Kureans"},"content":"list","lastModifiedDate":"2021-08-31"},{"lineNumber":3,"author":{"gitId":"Kureans"},"content":"deadline go to bed /by 10pm","lastModifiedDate":"2021-08-31"},{"lineNumber":4,"author":{"gitId":"Kureans"},"content":"list","lastModifiedDate":"2021-08-31"},{"lineNumber":5,"author":{"gitId":"Kureans"},"content":"done 1","lastModifiedDate":"2021-08-31"},{"lineNumber":6,"author":{"gitId":"Kureans"},"content":"event power nap /at 5:15-5:30pm","lastModifiedDate":"2021-08-31"},{"lineNumber":7,"author":{"gitId":"Kureans"},"content":"list","lastModifiedDate":"2021-08-31"},{"lineNumber":8,"author":{"gitId":"Kureans"},"content":"done 2","lastModifiedDate":"2021-08-31"},{"lineNumber":9,"author":{"gitId":"Kureans"},"content":"done 4","lastModifiedDate":"2021-08-31"},{"lineNumber":10,"author":{"gitId":"Kureans"},"content":"done 3","lastModifiedDate":"2021-08-31"},{"lineNumber":11,"author":{"gitId":"Kureans"},"content":"gibberish","lastModifiedDate":"2021-08-31"},{"lineNumber":12,"author":{"gitId":"Kureans"},"content":"list","lastModifiedDate":"2021-08-31"},{"lineNumber":13,"author":{"gitId":"Kureans"},"content":"bye","lastModifiedDate":"2021-08-31"}],"authorContributionMap":{"Kureans":13}}]
