{"authorDailyContributionsMap":{"Kureans":[{"date":"2021-08-15","commitResults":[{"hash":"82983ec4815c3de10e5104aef2809a3ec29dd23d","messageTitle":"Implement increment: Level 0 in Duke.java Add .class \u0026 .md extension to .gitignore","messageBody":"","tags":["Level-0"],"fileTypesAndContributionMap":{"java":{"insertions":24,"deletions":0}}}]},{"date":"2021-08-24","commitResults":[{"hash":"aaabc1d605c634172ba85427bd4826d75b716d68","messageTitle":"Added a skeletal version of Duke that accepts user inputs and echoes them back, and exits when the user inputs \"bye\".","messageBody":"","tags":["Level-1"],"fileTypesAndContributionMap":{"java":{"insertions":44,"deletions":9}}},{"hash":"965171a33ca85e8f7786139b88a020cf760b08fd","messageTitle":"Added ability to add tasks and display a task list with in-transient memory","messageBody":"","tags":["Level-2"],"fileTypesAndContributionMap":{"java":{"insertions":22,"deletions":5}}}]},{"date":"2021-08-25","commitResults":[{"hash":"4885a39f2fb7570cd1715cefbb546ad6b7dc9da2","messageTitle":"Added ability to mark tasks as done Changed Greeting Banner from Duke to Lizzy","messageBody":"","tags":["Level-3"],"fileTypesAndContributionMap":{"java":{"insertions":115,"deletions":56}}},{"hash":"ce13102f492153be002af1164054d71bcd103c3a","messageTitle":"Refactored code to comply with the Java Coding Standard","messageBody":"","tags":["A-CodingStandard"],"fileTypesAndContributionMap":{"java":{"insertions":10,"deletions":9}}}]},{"date":"2021-08-31","commitResults":[{"hash":"e6500539f772f6ad485abda67b07c6ff16d10221","messageTitle":"Added support for tracking 3 types of tasks (Todos, Deadlines, Events)","messageBody":"","tags":["Level-4"],"fileTypesAndContributionMap":{"java":{"insertions":131,"deletions":19}}},{"hash":"c041fa3c0285ad03ee6b247faed9e7914002fe77","messageTitle":"Created a series of tests that\u0027s updated in input.txt and EXPECTED.TXT","messageBody":"","tags":["A-TextUiTesting"],"fileTypesAndContributionMap":{"txt":{"insertions":13,"deletions":0}}}]},{"date":"2021-09-01","commitResults":[{"hash":"7879f30b23fbe02d135ae1b3384005bf4985ef14","messageTitle":"Refactor codebase to be more readable/maintainable Add a new TaskManager class","messageBody":"","tags":["A-CodeQuality"],"fileTypesAndContributionMap":{"java":{"insertions":195,"deletions":94}}}]},{"date":"2021-09-06","commitResults":[{"hash":"87f9fc422ec0c1446ad355ade7bc25bf6df0ea9f","messageTitle":"Refactor \u0027magic number\u0027 in printLine() to a defined constant LINE_LENGTH","messageBody":"","fileTypesAndContributionMap":{"java":{"insertions":4,"deletions":2}}},{"hash":"a570b7246e467fec901721a8d58acfa4c0bc3644","messageTitle":"Refactor parseUserInput to adhere more closely to SLAP principle","messageBody":"","fileTypesAndContributionMap":{"java":{"insertions":40,"deletions":38}}}]},{"date":"2021-09-07","commitResults":[{"hash":"c8f60b0eb478d52a15c80593fabdbfbbb60754ee","messageTitle":"Add Exception Handling for Todo, Event, and Deadline","messageBody":"","fileTypesAndContributionMap":{"java":{"insertions":75,"deletions":17}}},{"hash":"93d8a9b1bd57ccdb35a952c04d1ec83d890398be","messageTitle":"Add Exception classes for exception handling","messageBody":"","fileTypesAndContributionMap":{"java":{"insertions":8,"deletions":0}}},{"hash":"a2c84d58897ea1c305e607d746c623df071189e1","messageTitle":"Add Exception Handling for done command, renamed IndexOutOfBounds Exception to TaskIndexOutOfBounds to be more specific","messageBody":"","fileTypesAndContributionMap":{"java":{"insertions":27,"deletions":9}}},{"hash":"1092c377b635ef41fa5528035e033ef6bdfddbc6","messageTitle":"Update EXPECTED.TXT to cover exception handling test cases","messageBody":"","tags":["A-Exceptions"],"fileTypesAndContributionMap":{"txt":{"insertions":9,"deletions":0},"java":{"insertions":2,"deletions":2}}},{"hash":"25d17d854d7566a66d7addf515597359fde5cf9f","messageTitle":"Add increment for A-Packages","messageBody":"","tags":["A-Packages"],"fileTypesAndContributionMap":{"java":{"insertions":30,"deletions":1},"bat":{"insertions":3,"deletions":2}}}]},{"date":"2021-09-13","commitResults":[{"hash":"aa99993158563e61951e6f5838816f1e2471c680","messageTitle":"Change tasks type from array implementation to ArrayList","messageBody":"","tags":["A-Collections"],"fileTypesAndContributionMap":{"java":{"insertions":24,"deletions":19}}},{"hash":"7d57a1edec9690bcc8ee550d0f4993980423ce9d","messageTitle":"Add delete functionality, update list to display task numbers, update error messages to reflect delete errors","messageBody":"","fileTypesAndContributionMap":{"java":{"insertions":53,"deletions":5}}},{"hash":"0094cd5f265c9ed0e0539f39cd21460e46e6b4f7","messageTitle":"update more error messages","messageBody":"","fileTypesAndContributionMap":{"java":{"insertions":5,"deletions":1}}},{"hash":"c53718c994b227f32e70b825b35b613468b1240a","messageTitle":"Add autosave capability through data/duke.txt","messageBody":"","fileTypesAndContributionMap":{"java":{"insertions":98,"deletions":3}}},{"hash":"96df2e342c27334615df983da3d7b01af627a559","messageTitle":"Add initial file/folder creation for 1st time user","messageBody":"","fileTypesAndContributionMap":{"java":{"insertions":9,"deletions":1}}}]},{"date":"2021-09-14","commitResults":[{"hash":"1c9a50efdcb74674326f4fd2359634b7406acf7f","messageTitle":"Refactor parseInput method in TaskManager.java to adhere to SLAP, extract duplicate code from some methods","messageBody":"","fileTypesAndContributionMap":{"java":{"insertions":67,"deletions":64}}},{"hash":"c635af934f1a9391cb2211fe10d1c7851bdc26ce","messageTitle":"Add printFileErrorMessage in Duke.java","messageBody":"","tags":["A-Jar"],"fileTypesAndContributionMap":{"java":{"insertions":5,"deletions":1}}}]},{"date":"2021-09-15","commitResults":[{"hash":"a1f7e7fee664548fc2b6578851511e4235a96b02","messageTitle":"Update InvalidCommandMessage to include delete Update text-ui-test EXPECTED.TXT to include delete operation","messageBody":"","fileTypesAndContributionMap":{"txt":{"insertions":3,"deletions":0},"java":{"insertions":3,"deletions":3}}}]},{"date":"2021-09-22","commitResults":[{"hash":"0d5e7b6022eabeb2a4f591d29692575b35740cd7","messageTitle":"Refactored TaskManager into Ui, Parser and TaskList classes without storage","messageBody":"","fileTypesAndContributionMap":{"java":{"insertions":304,"deletions":434}}},{"hash":"b097cfd9c1f561d227e33041382d45ed1e7538e5","messageTitle":"Refactor code to extract out Ui, Storage, Parser and TaskList classes","messageBody":"","tags":["A-MoreOOP"],"fileTypesAndContributionMap":{"txt":{"insertions":3,"deletions":0},"java":{"insertions":494,"deletions":114}}}]},{"date":"2021-09-23","commitResults":[{"hash":"47a2158eff9b191d22e9b1f3c596902dd497b8f5","messageTitle":"Store deadline/event date-times as LocalDate Objects instead of Strings","messageBody":"","tags":["Level-8"],"fileTypesAndContributionMap":{"txt":{"insertions":3,"deletions":1},"java":{"insertions":121,"deletions":70}}}]}]},"authorFileTypeContributionMap":{"Kureans":{"java":930,"md":0,"fxml":0,"sh":0,"bat":3,"gradle":0,"txt":30}},"authorContributionVariance":{"Kureans":8272.787},"authorDisplayNameMap":{"Kureans":"CS2113-T13-1 TENG..IONG"}}
