{"authorDailyContributionsMap":{"nonrnp":[{"date":"2021-08-14","commitResults":[{"hash":"5bbf4356b811975433fbaca46c67226bc146f308","messageTitle":"level 0 - Greet","messageBody":"Duke greets the user\n","tags":["Level-0"],"fileTypesAndContributionMap":{"java":{"insertions":20,"deletions":0}}}]},{"date":"2021-08-22","commitResults":[{"hash":"e9643b0fb35c9919d65187d677aa7528ab296617","messageTitle":"Level 1 - Greet, Echo, Exit","messageBody":"Keep repeating the user\u0027s input until the command \"bye\"\n","tags":["Level-1"],"fileTypesAndContributionMap":{"java":{"insertions":19,"deletions":4}}},{"hash":"cab09a9a1d595b727c33904764bb93ee2c3f2311","messageTitle":"Level 2 - Add, List","messageBody":"Add function for duke to store text from input and to show them to user when asked\n","tags":["Level-2"],"fileTypesAndContributionMap":{"java":{"insertions":25,"deletions":1}}},{"hash":"58b46f353d38dc9c8ee5f0aa2d7c5df6f00474f3","messageTitle":"Level 3 - Mark tasks as done","messageBody":"Create class for tasks, add function to mark tasks as done\n","tags":["Level-3"],"fileTypesAndContributionMap":{"java":{"insertions":63,"deletions":20}}},{"hash":"a2bcb77002a6d2d8c2f27922e713c4189c084c52","messageTitle":"Change function names","messageBody":"Change some function names and remove unnecessary functions\n","tags":["A-CodingStandard"],"fileTypesAndContributionMap":{"java":{"insertions":9,"deletions":12}}}]}]},"authorFileTypeContributionMap":{"nonrnp":{"java":99,"md":0,"fxml":0,"sh":0,"bat":0,"gradle":0,"txt":0}},"authorContributionVariance":{"nonrnp":107.60436},"authorDisplayNameMap":{"nonrnp":"PICH..UKET"}}
