[{"path":"src/main/java/Duke.java","fileType":"java","lines":[{"lineNumber":1,"author":{"gitId":"xingyuan123"},"content":"import java.util.Scanner;","lastModifiedDate":"2021-08-25"},{"lineNumber":2,"author":{"gitId":"xingyuan123"},"content":"","lastModifiedDate":"2021-08-25"},{"lineNumber":3,"author":{"gitId":"-"},"content":"public class Duke {","lastModifiedDate":"2019-07-29"},{"lineNumber":4,"author":{"gitId":"-"},"content":"    public static void main(String[] args) {","lastModifiedDate":"2019-07-29"},{"lineNumber":5,"author":{"gitId":"xingyuan123"},"content":"        TaskList list \u003d new TaskList();","lastModifiedDate":"2021-08-26"},{"lineNumber":6,"author":{"gitId":"xingyuan123"},"content":"        greeting();","lastModifiedDate":"2021-08-25"},{"lineNumber":7,"author":{"gitId":"xingyuan123"},"content":"        String line;","lastModifiedDate":"2021-08-26"},{"lineNumber":8,"author":{"gitId":"xingyuan123"},"content":"        Scanner in \u003d new Scanner(System.in);","lastModifiedDate":"2021-08-26"},{"lineNumber":9,"author":{"gitId":"xingyuan123"},"content":"        line \u003d in.nextLine();","lastModifiedDate":"2021-08-26"},{"lineNumber":10,"author":{"gitId":"xingyuan123"},"content":"        while (!line.equals(\"bye\")) {","lastModifiedDate":"2021-08-26"},{"lineNumber":11,"author":{"gitId":"xingyuan123"},"content":"            if (line.equals(\"list\")) {","lastModifiedDate":"2021-08-26"},{"lineNumber":12,"author":{"gitId":"xingyuan123"},"content":"                list.printTaskList();","lastModifiedDate":"2021-08-26"},{"lineNumber":13,"author":{"gitId":"xingyuan123"},"content":"            } else if(line.startsWith(\"done\")) {","lastModifiedDate":"2021-08-26"},{"lineNumber":14,"author":{"gitId":"xingyuan123"},"content":"                list.markIsDone(Integer.parseInt(line.substring(5)));","lastModifiedDate":"2021-08-26"},{"lineNumber":15,"author":{"gitId":"xingyuan123"},"content":"            } else {","lastModifiedDate":"2021-08-26"},{"lineNumber":16,"author":{"gitId":"xingyuan123"},"content":"                echo(line);","lastModifiedDate":"2021-08-26"},{"lineNumber":17,"author":{"gitId":"xingyuan123"},"content":"                Task task \u003d new Task(line);","lastModifiedDate":"2021-08-26"},{"lineNumber":18,"author":{"gitId":"xingyuan123"},"content":"                list.addTaskList(task);","lastModifiedDate":"2021-08-26"},{"lineNumber":19,"author":{"gitId":"xingyuan123"},"content":"            }","lastModifiedDate":"2021-08-26"},{"lineNumber":20,"author":{"gitId":"xingyuan123"},"content":"            in \u003d new Scanner(System.in);","lastModifiedDate":"2021-08-26"},{"lineNumber":21,"author":{"gitId":"xingyuan123"},"content":"            line \u003d in.nextLine();","lastModifiedDate":"2021-08-26"},{"lineNumber":22,"author":{"gitId":"xingyuan123"},"content":"        }","lastModifiedDate":"2021-08-26"},{"lineNumber":23,"author":{"gitId":"xingyuan123"},"content":"        bye();","lastModifiedDate":"2021-08-25"},{"lineNumber":24,"author":{"gitId":"xingyuan123"},"content":"    }","lastModifiedDate":"2021-08-25"},{"lineNumber":25,"author":{"gitId":"xingyuan123"},"content":"","lastModifiedDate":"2021-08-25"},{"lineNumber":26,"author":{"gitId":"xingyuan123"},"content":"    public static void greeting() {","lastModifiedDate":"2021-08-25"},{"lineNumber":27,"author":{"gitId":"-"},"content":"        String logo \u003d \"      ____        _        \\n\"","lastModifiedDate":"2019-07-29"},{"lineNumber":28,"author":{"gitId":"-"},"content":"                + \"     |  _ \\\\ _   _| | _____ \\n\"","lastModifiedDate":"2019-07-29"},{"lineNumber":29,"author":{"gitId":"-"},"content":"                + \"     | | | | | | | |/ / _ \\\\\\n\"","lastModifiedDate":"2019-07-29"},{"lineNumber":30,"author":{"gitId":"-"},"content":"                + \"     | |_| | |_| |   \u003c  __/\\n\"","lastModifiedDate":"2019-07-29"},{"lineNumber":31,"author":{"gitId":"-"},"content":"                + \"     |____/ \\\\__,_|_|\\\\_\\\\___|\\n\";","lastModifiedDate":"2019-07-29"},{"lineNumber":32,"author":{"gitId":"-"},"content":"        System.out.println(\"Hello from\\n\" + logo);","lastModifiedDate":"2019-07-29"},{"lineNumber":33,"author":{"gitId":"xingyuan123"},"content":"        System.out.println(\"    _____________________________________________________________\");","lastModifiedDate":"2021-08-18"},{"lineNumber":34,"author":{"gitId":"xingyuan123"},"content":"        System.out.println(\"    Hello! I\u0027m Duke\");","lastModifiedDate":"2021-08-18"},{"lineNumber":35,"author":{"gitId":"xingyuan123"},"content":"        System.out.println(\"    What can I do for you?\");","lastModifiedDate":"2021-08-18"},{"lineNumber":36,"author":{"gitId":"xingyuan123"},"content":"        System.out.println(\"    _____________________________________________________________\");","lastModifiedDate":"2021-08-18"},{"lineNumber":37,"author":{"gitId":"xingyuan123"},"content":"","lastModifiedDate":"2021-08-25"},{"lineNumber":38,"author":{"gitId":"xingyuan123"},"content":"    }","lastModifiedDate":"2021-08-25"},{"lineNumber":39,"author":{"gitId":"xingyuan123"},"content":"","lastModifiedDate":"2021-08-25"},{"lineNumber":40,"author":{"gitId":"xingyuan123"},"content":"    public static void echo(String line) {","lastModifiedDate":"2021-08-26"},{"lineNumber":41,"author":{"gitId":"xingyuan123"},"content":"        System.out.println(\"    _____________________________________________________________\");","lastModifiedDate":"2021-08-25"},{"lineNumber":42,"author":{"gitId":"xingyuan123"},"content":"        System.out.println(\"     added:  \"+line);","lastModifiedDate":"2021-08-25"},{"lineNumber":43,"author":{"gitId":"xingyuan123"},"content":"        System.out.println(\"    _____________________________________________________________\");","lastModifiedDate":"2021-08-25"},{"lineNumber":44,"author":{"gitId":"xingyuan123"},"content":"    }","lastModifiedDate":"2021-08-25"},{"lineNumber":45,"author":{"gitId":"xingyuan123"},"content":"","lastModifiedDate":"2021-08-25"},{"lineNumber":46,"author":{"gitId":"xingyuan123"},"content":"    public static void bye() {","lastModifiedDate":"2021-08-25"},{"lineNumber":47,"author":{"gitId":"xingyuan123"},"content":"        System.out.println(\"    Bye.Hope to see you again soon!\");","lastModifiedDate":"2021-08-18"},{"lineNumber":48,"author":{"gitId":"xingyuan123"},"content":"        System.out.println(\"    _____________________________________________________________\");","lastModifiedDate":"2021-08-18"},{"lineNumber":49,"author":{"gitId":"-"},"content":"    }","lastModifiedDate":"2021-08-18"},{"lineNumber":50,"author":{"gitId":"-"},"content":"}","lastModifiedDate":"2019-07-29"}],"authorContributionMap":{"xingyuan123":40,"-":10}},{"path":"src/main/java/Task.java","fileType":"java","lines":[{"lineNumber":1,"author":{"gitId":"xingyuan123"},"content":"public class Task {","lastModifiedDate":"2021-08-26"},{"lineNumber":2,"author":{"gitId":"xingyuan123"},"content":"    protected String description;","lastModifiedDate":"2021-08-26"},{"lineNumber":3,"author":{"gitId":"xingyuan123"},"content":"    protected boolean isDone;","lastModifiedDate":"2021-08-26"},{"lineNumber":4,"author":{"gitId":"xingyuan123"},"content":"","lastModifiedDate":"2021-08-26"},{"lineNumber":5,"author":{"gitId":"xingyuan123"},"content":"    public Task(String description) {","lastModifiedDate":"2021-08-26"},{"lineNumber":6,"author":{"gitId":"xingyuan123"},"content":"        this.description \u003d description;","lastModifiedDate":"2021-08-26"},{"lineNumber":7,"author":{"gitId":"xingyuan123"},"content":"        this.isDone \u003d false;","lastModifiedDate":"2021-08-26"},{"lineNumber":8,"author":{"gitId":"xingyuan123"},"content":"    }","lastModifiedDate":"2021-08-26"},{"lineNumber":9,"author":{"gitId":"xingyuan123"},"content":"","lastModifiedDate":"2021-08-26"},{"lineNumber":10,"author":{"gitId":"xingyuan123"},"content":"    public String getDescription() {","lastModifiedDate":"2021-08-26"},{"lineNumber":11,"author":{"gitId":"xingyuan123"},"content":"        return description;","lastModifiedDate":"2021-08-26"},{"lineNumber":12,"author":{"gitId":"xingyuan123"},"content":"    }","lastModifiedDate":"2021-08-26"},{"lineNumber":13,"author":{"gitId":"xingyuan123"},"content":"","lastModifiedDate":"2021-08-26"},{"lineNumber":14,"author":{"gitId":"xingyuan123"},"content":"    public void setIsDone() {","lastModifiedDate":"2021-08-26"},{"lineNumber":15,"author":{"gitId":"xingyuan123"},"content":"         isDone \u003d true;","lastModifiedDate":"2021-08-26"},{"lineNumber":16,"author":{"gitId":"xingyuan123"},"content":"    }","lastModifiedDate":"2021-08-26"},{"lineNumber":17,"author":{"gitId":"xingyuan123"},"content":"","lastModifiedDate":"2021-08-26"},{"lineNumber":18,"author":{"gitId":"xingyuan123"},"content":"","lastModifiedDate":"2021-08-26"},{"lineNumber":19,"author":{"gitId":"xingyuan123"},"content":"    public String getStatusIcon() {","lastModifiedDate":"2021-08-26"},{"lineNumber":20,"author":{"gitId":"xingyuan123"},"content":"        return (isDone ? \"[X]\" : \"[ ]\"); // mark done task with X","lastModifiedDate":"2021-08-26"},{"lineNumber":21,"author":{"gitId":"xingyuan123"},"content":"    }","lastModifiedDate":"2021-08-26"},{"lineNumber":22,"author":{"gitId":"xingyuan123"},"content":"","lastModifiedDate":"2021-08-26"},{"lineNumber":23,"author":{"gitId":"xingyuan123"},"content":"}","lastModifiedDate":"2021-08-26"}],"authorContributionMap":{"xingyuan123":23}},{"path":"src/main/java/TaskList.java","fileType":"java","lines":[{"lineNumber":1,"author":{"gitId":"xingyuan123"},"content":"public class TaskList {","lastModifiedDate":"2021-08-26"},{"lineNumber":2,"author":{"gitId":"xingyuan123"},"content":"    private int taskListCount \u003d 0;","lastModifiedDate":"2021-08-26"},{"lineNumber":3,"author":{"gitId":"xingyuan123"},"content":"    private Task[] taskList \u003d new Task[100];","lastModifiedDate":"2021-08-26"},{"lineNumber":4,"author":{"gitId":"xingyuan123"},"content":"","lastModifiedDate":"2021-08-26"},{"lineNumber":5,"author":{"gitId":"xingyuan123"},"content":"","lastModifiedDate":"2021-08-26"},{"lineNumber":6,"author":{"gitId":"xingyuan123"},"content":"    public void addTaskList(Task listItem){","lastModifiedDate":"2021-08-26"},{"lineNumber":7,"author":{"gitId":"xingyuan123"},"content":"        taskList[taskListCount] \u003d listItem;","lastModifiedDate":"2021-08-26"},{"lineNumber":8,"author":{"gitId":"xingyuan123"},"content":"        taskListCount +\u003d 1;","lastModifiedDate":"2021-08-26"},{"lineNumber":9,"author":{"gitId":"xingyuan123"},"content":"    }","lastModifiedDate":"2021-08-26"},{"lineNumber":10,"author":{"gitId":"xingyuan123"},"content":"","lastModifiedDate":"2021-08-26"},{"lineNumber":11,"author":{"gitId":"xingyuan123"},"content":"    public void printTaskList(){","lastModifiedDate":"2021-08-26"},{"lineNumber":12,"author":{"gitId":"xingyuan123"},"content":"            System.out.println(\"    _____________________________________________________________\");","lastModifiedDate":"2021-08-26"},{"lineNumber":13,"author":{"gitId":"xingyuan123"},"content":"            for (int i \u003d 1 ; i \u003c taskListCount+1 ; i++) {","lastModifiedDate":"2021-08-26"},{"lineNumber":14,"author":{"gitId":"xingyuan123"},"content":"                System.out.println(i+\".\"+taskList[i-1].getStatusIcon() +taskList[i-1].getDescription());","lastModifiedDate":"2021-08-26"},{"lineNumber":15,"author":{"gitId":"xingyuan123"},"content":"            }","lastModifiedDate":"2021-08-26"},{"lineNumber":16,"author":{"gitId":"xingyuan123"},"content":"            System.out.println(\"    _____________________________________________________________\");","lastModifiedDate":"2021-08-26"},{"lineNumber":17,"author":{"gitId":"xingyuan123"},"content":"    }","lastModifiedDate":"2021-08-26"},{"lineNumber":18,"author":{"gitId":"xingyuan123"},"content":"","lastModifiedDate":"2021-08-26"},{"lineNumber":19,"author":{"gitId":"xingyuan123"},"content":"    public void markIsDone(int taskNumber) {","lastModifiedDate":"2021-08-26"},{"lineNumber":20,"author":{"gitId":"xingyuan123"},"content":"        taskList[taskNumber-1].setIsDone();","lastModifiedDate":"2021-08-26"},{"lineNumber":21,"author":{"gitId":"xingyuan123"},"content":"        System.out.println(\"    _____________________________________________________________\");","lastModifiedDate":"2021-08-26"},{"lineNumber":22,"author":{"gitId":"xingyuan123"},"content":"        System.out.println(\"    Nice! I\u0027ve marked this task as done:\");","lastModifiedDate":"2021-08-26"},{"lineNumber":23,"author":{"gitId":"xingyuan123"},"content":"        System.out.println(\"    [X] \" + taskList[taskNumber-1].getDescription());","lastModifiedDate":"2021-08-26"},{"lineNumber":24,"author":{"gitId":"xingyuan123"},"content":"        System.out.println(\"    _____________________________________________________________\");","lastModifiedDate":"2021-08-26"},{"lineNumber":25,"author":{"gitId":"xingyuan123"},"content":"    }","lastModifiedDate":"2021-08-26"},{"lineNumber":26,"author":{"gitId":"xingyuan123"},"content":"}","lastModifiedDate":"2021-08-26"}],"authorContributionMap":{"xingyuan123":26}}]
