[{"path":"src/main/java/Deadline.java","fileType":"java","lines":[{"lineNumber":1,"author":{"gitId":"xingyuan123"},"content":"public class Deadline extends Task{","lastModifiedDate":"2021-09-01"},{"lineNumber":2,"author":{"gitId":"xingyuan123"},"content":"    protected String by;","lastModifiedDate":"2021-09-01"},{"lineNumber":3,"author":{"gitId":"xingyuan123"},"content":"","lastModifiedDate":"2021-09-01"},{"lineNumber":4,"author":{"gitId":"xingyuan123"},"content":"    public Deadline(String description, String by) {","lastModifiedDate":"2021-09-01"},{"lineNumber":5,"author":{"gitId":"xingyuan123"},"content":"        super(description);","lastModifiedDate":"2021-09-01"},{"lineNumber":6,"author":{"gitId":"xingyuan123"},"content":"        this.by \u003d by;","lastModifiedDate":"2021-09-01"},{"lineNumber":7,"author":{"gitId":"xingyuan123"},"content":"    }","lastModifiedDate":"2021-09-01"},{"lineNumber":8,"author":{"gitId":"xingyuan123"},"content":"","lastModifiedDate":"2021-09-01"},{"lineNumber":9,"author":{"gitId":"xingyuan123"},"content":"    @Override","lastModifiedDate":"2021-09-01"},{"lineNumber":10,"author":{"gitId":"xingyuan123"},"content":"    public void printTask() {","lastModifiedDate":"2021-09-01"},{"lineNumber":11,"author":{"gitId":"xingyuan123"},"content":"        System.out.println(\"[D]\" + super.getStatusIcon() + super.getDescription() + \"(by:\" + by + \")\");","lastModifiedDate":"2021-09-01"},{"lineNumber":12,"author":{"gitId":"xingyuan123"},"content":"    }","lastModifiedDate":"2021-09-01"},{"lineNumber":13,"author":{"gitId":"xingyuan123"},"content":"}","lastModifiedDate":"2021-09-01"}],"authorContributionMap":{"xingyuan123":13}},{"path":"src/main/java/DeadlineEmptyException.java","fileType":"java","lines":[{"lineNumber":1,"author":{"gitId":"xingyuan123"},"content":"public class DeadlineEmptyException extends Exception {","lastModifiedDate":"2021-09-07"},{"lineNumber":2,"author":{"gitId":"xingyuan123"},"content":"    //no other code needed","lastModifiedDate":"2021-09-07"},{"lineNumber":3,"author":{"gitId":"xingyuan123"},"content":"}","lastModifiedDate":"2021-09-07"}],"authorContributionMap":{"xingyuan123":3}},{"path":"src/main/java/Duke.java","fileType":"java","lines":[{"lineNumber":1,"author":{"gitId":"xingyuan123"},"content":"import java.util.Scanner;","lastModifiedDate":"2021-08-25"},{"lineNumber":2,"author":{"gitId":"xingyuan123"},"content":"","lastModifiedDate":"2021-08-25"},{"lineNumber":3,"author":{"gitId":"-"},"content":"public class Duke {","lastModifiedDate":"2019-07-29"},{"lineNumber":4,"author":{"gitId":"xingyuan123"},"content":"    private static final String LINE_SEPARATOR \u003d \"    _____________________________________________________________\";","lastModifiedDate":"2021-09-07"},{"lineNumber":5,"author":{"gitId":"xingyuan123"},"content":"    private static final int TODO_INDEX \u003d 5;","lastModifiedDate":"2021-09-07"},{"lineNumber":6,"author":{"gitId":"xingyuan123"},"content":"    private static final int DEADLINE_INDEX \u003d 9;","lastModifiedDate":"2021-09-07"},{"lineNumber":7,"author":{"gitId":"xingyuan123"},"content":"    private static final int EVENT_INDEX \u003d 6;","lastModifiedDate":"2021-09-07"},{"lineNumber":8,"author":{"gitId":"xingyuan123"},"content":"","lastModifiedDate":"2021-09-07"},{"lineNumber":9,"author":{"gitId":"-"},"content":"    public static void main(String[] args) {","lastModifiedDate":"2019-07-29"},{"lineNumber":10,"author":{"gitId":"xingyuan123"},"content":"        TaskList list \u003d new TaskList();","lastModifiedDate":"2021-08-26"},{"lineNumber":11,"author":{"gitId":"xingyuan123"},"content":"        char taskLetter \u003d 0;","lastModifiedDate":"2021-09-01"},{"lineNumber":12,"author":{"gitId":"xingyuan123"},"content":"        printGreeting();","lastModifiedDate":"2021-09-01"},{"lineNumber":13,"author":{"gitId":"xingyuan123"},"content":"        String line;","lastModifiedDate":"2021-08-26"},{"lineNumber":14,"author":{"gitId":"xingyuan123"},"content":"        Scanner in \u003d new Scanner(System.in);","lastModifiedDate":"2021-08-26"},{"lineNumber":15,"author":{"gitId":"xingyuan123"},"content":"        line \u003d in.nextLine();","lastModifiedDate":"2021-08-26"},{"lineNumber":16,"author":{"gitId":"xingyuan123"},"content":"        while (!line.equals(\"bye\")) {","lastModifiedDate":"2021-08-26"},{"lineNumber":17,"author":{"gitId":"xingyuan123"},"content":"            if (line.equals(\"list\")) {","lastModifiedDate":"2021-08-26"},{"lineNumber":18,"author":{"gitId":"xingyuan123"},"content":"                list.printTaskList();","lastModifiedDate":"2021-08-26"},{"lineNumber":19,"author":{"gitId":"xingyuan123"},"content":"            } else if (line.startsWith(\"done\")) {","lastModifiedDate":"2021-08-26"},{"lineNumber":20,"author":{"gitId":"xingyuan123"},"content":"                try {","lastModifiedDate":"2021-09-07"},{"lineNumber":21,"author":{"gitId":"xingyuan123"},"content":"                    list.markIsDone(Integer.parseInt(line.substring(5).trim()));","lastModifiedDate":"2021-09-07"},{"lineNumber":22,"author":{"gitId":"xingyuan123"},"content":"                } catch (NullPointerException e) {","lastModifiedDate":"2021-09-07"},{"lineNumber":23,"author":{"gitId":"xingyuan123"},"content":"                    System.out.println(\"    task number is out of bounds in list\");","lastModifiedDate":"2021-09-07"},{"lineNumber":24,"author":{"gitId":"xingyuan123"},"content":"                    System.out.println(\"    Please refer to the command guide\");","lastModifiedDate":"2021-09-07"},{"lineNumber":25,"author":{"gitId":"xingyuan123"},"content":"                    printCommandGuide();","lastModifiedDate":"2021-09-07"},{"lineNumber":26,"author":{"gitId":"xingyuan123"},"content":"                } catch (NumberFormatException e){","lastModifiedDate":"2021-09-07"},{"lineNumber":27,"author":{"gitId":"xingyuan123"},"content":"                    System.out.println(\"    task number is wrong format\");","lastModifiedDate":"2021-09-07"},{"lineNumber":28,"author":{"gitId":"xingyuan123"},"content":"                    System.out.println(\"    Please refer to the command guide\");","lastModifiedDate":"2021-09-07"},{"lineNumber":29,"author":{"gitId":"xingyuan123"},"content":"                    printCommandGuide();","lastModifiedDate":"2021-09-07"},{"lineNumber":30,"author":{"gitId":"xingyuan123"},"content":"                }","lastModifiedDate":"2021-09-07"},{"lineNumber":31,"author":{"gitId":"xingyuan123"},"content":"            } else if (line.startsWith(\"todo \")) {","lastModifiedDate":"2021-09-01"},{"lineNumber":32,"author":{"gitId":"xingyuan123"},"content":"                createToDoTask(line , taskLetter , list);","lastModifiedDate":"2021-09-01"},{"lineNumber":33,"author":{"gitId":"xingyuan123"},"content":"            } else if (line.startsWith(\"deadline \")) {","lastModifiedDate":"2021-09-01"},{"lineNumber":34,"author":{"gitId":"xingyuan123"},"content":"                try {","lastModifiedDate":"2021-09-07"},{"lineNumber":35,"author":{"gitId":"xingyuan123"},"content":"                    createDeadlineTask(line , taskLetter ,list);","lastModifiedDate":"2021-09-01"},{"lineNumber":36,"author":{"gitId":"xingyuan123"},"content":"                } catch (ArrayIndexOutOfBoundsException e) {","lastModifiedDate":"2021-09-07"},{"lineNumber":37,"author":{"gitId":"xingyuan123"},"content":"                    System.out.println(\"    please input /by date\");","lastModifiedDate":"2021-09-07"},{"lineNumber":38,"author":{"gitId":"xingyuan123"},"content":"                    System.out.println(\"    Please refer to the command guide\");","lastModifiedDate":"2021-09-07"},{"lineNumber":39,"author":{"gitId":"xingyuan123"},"content":"                    printCommandGuide();","lastModifiedDate":"2021-09-07"},{"lineNumber":40,"author":{"gitId":"xingyuan123"},"content":"                } catch (DeadlineEmptyException e) {","lastModifiedDate":"2021-09-07"},{"lineNumber":41,"author":{"gitId":"xingyuan123"},"content":"                    System.out.println(\"    Deadline and by date cannot be whitespaces or empty\");","lastModifiedDate":"2021-09-07"},{"lineNumber":42,"author":{"gitId":"xingyuan123"},"content":"                    System.out.println(\"    Please refer to the command guide\");","lastModifiedDate":"2021-09-07"},{"lineNumber":43,"author":{"gitId":"xingyuan123"},"content":"                    printCommandGuide();","lastModifiedDate":"2021-09-07"},{"lineNumber":44,"author":{"gitId":"xingyuan123"},"content":"                }","lastModifiedDate":"2021-09-07"},{"lineNumber":45,"author":{"gitId":"xingyuan123"},"content":"            } else if (line.startsWith(\"event\")) {","lastModifiedDate":"2021-09-01"},{"lineNumber":46,"author":{"gitId":"xingyuan123"},"content":"                try {","lastModifiedDate":"2021-09-07"},{"lineNumber":47,"author":{"gitId":"xingyuan123"},"content":"                    createEventTask(line , taskLetter ,list);","lastModifiedDate":"2021-09-01"},{"lineNumber":48,"author":{"gitId":"xingyuan123"},"content":"                } catch (ArrayIndexOutOfBoundsException e) {","lastModifiedDate":"2021-09-07"},{"lineNumber":49,"author":{"gitId":"xingyuan123"},"content":"                    System.out.println(\"    please input /at date\");","lastModifiedDate":"2021-09-07"},{"lineNumber":50,"author":{"gitId":"xingyuan123"},"content":"                    System.out.println(\"    Please refer to the command guide\");","lastModifiedDate":"2021-09-07"},{"lineNumber":51,"author":{"gitId":"xingyuan123"},"content":"                    printCommandGuide();","lastModifiedDate":"2021-09-07"},{"lineNumber":52,"author":{"gitId":"xingyuan123"},"content":"                } catch( EventEmptyException e) {","lastModifiedDate":"2021-09-07"},{"lineNumber":53,"author":{"gitId":"xingyuan123"},"content":"                    System.out.println(\"    Event and at date cannot be whitespaces or empty\");","lastModifiedDate":"2021-09-07"},{"lineNumber":54,"author":{"gitId":"xingyuan123"},"content":"                    System.out.println(\"    Please refer to the command guide\");","lastModifiedDate":"2021-09-07"},{"lineNumber":55,"author":{"gitId":"xingyuan123"},"content":"                    printCommandGuide();","lastModifiedDate":"2021-09-07"},{"lineNumber":56,"author":{"gitId":"xingyuan123"},"content":"                }","lastModifiedDate":"2021-09-07"},{"lineNumber":57,"author":{"gitId":"xingyuan123"},"content":"            } else {","lastModifiedDate":"2021-09-01"},{"lineNumber":58,"author":{"gitId":"xingyuan123"},"content":"                System.out.println(\"    Invalid command\");","lastModifiedDate":"2021-09-07"},{"lineNumber":59,"author":{"gitId":"xingyuan123"},"content":"                System.out.println(\"    Please refer to the command guide\");","lastModifiedDate":"2021-09-07"},{"lineNumber":60,"author":{"gitId":"xingyuan123"},"content":"                printCommandGuide();","lastModifiedDate":"2021-09-01"},{"lineNumber":61,"author":{"gitId":"xingyuan123"},"content":"            }","lastModifiedDate":"2021-08-26"},{"lineNumber":62,"author":{"gitId":"xingyuan123"},"content":"            in \u003d new Scanner(System.in);","lastModifiedDate":"2021-08-26"},{"lineNumber":63,"author":{"gitId":"xingyuan123"},"content":"            line \u003d in.nextLine();","lastModifiedDate":"2021-08-26"},{"lineNumber":64,"author":{"gitId":"xingyuan123"},"content":"        }","lastModifiedDate":"2021-08-26"},{"lineNumber":65,"author":{"gitId":"xingyuan123"},"content":"        printBye();","lastModifiedDate":"2021-09-01"},{"lineNumber":66,"author":{"gitId":"xingyuan123"},"content":"    }","lastModifiedDate":"2021-08-25"},{"lineNumber":67,"author":{"gitId":"xingyuan123"},"content":"","lastModifiedDate":"2021-08-25"},{"lineNumber":68,"author":{"gitId":"xingyuan123"},"content":"    public static void printGreeting() {","lastModifiedDate":"2021-09-01"},{"lineNumber":69,"author":{"gitId":"-"},"content":"        String logo \u003d \"      ____        _        \\n\"","lastModifiedDate":"2019-07-29"},{"lineNumber":70,"author":{"gitId":"-"},"content":"                + \"     |  _ \\\\ _   _| | _____ \\n\"","lastModifiedDate":"2019-07-29"},{"lineNumber":71,"author":{"gitId":"-"},"content":"                + \"     | | | | | | | |/ / _ \\\\\\n\"","lastModifiedDate":"2019-07-29"},{"lineNumber":72,"author":{"gitId":"-"},"content":"                + \"     | |_| | |_| |   \u003c  __/\\n\"","lastModifiedDate":"2019-07-29"},{"lineNumber":73,"author":{"gitId":"-"},"content":"                + \"     |____/ \\\\__,_|_|\\\\_\\\\___|\\n\";","lastModifiedDate":"2019-07-29"},{"lineNumber":74,"author":{"gitId":"-"},"content":"        System.out.println(\"Hello from\\n\" + logo);","lastModifiedDate":"2019-07-29"},{"lineNumber":75,"author":{"gitId":"xingyuan123"},"content":"        System.out.println(LINE_SEPARATOR);","lastModifiedDate":"2021-09-07"},{"lineNumber":76,"author":{"gitId":"xingyuan123"},"content":"        System.out.println(\"    Hello! I\u0027m Duke\");","lastModifiedDate":"2021-08-18"},{"lineNumber":77,"author":{"gitId":"xingyuan123"},"content":"        printCommandGuide();","lastModifiedDate":"2021-09-01"},{"lineNumber":78,"author":{"gitId":"xingyuan123"},"content":"    }","lastModifiedDate":"2021-09-01"},{"lineNumber":79,"author":{"gitId":"xingyuan123"},"content":"","lastModifiedDate":"2021-09-01"},{"lineNumber":80,"author":{"gitId":"xingyuan123"},"content":"","lastModifiedDate":"2021-09-01"},{"lineNumber":81,"author":{"gitId":"xingyuan123"},"content":"    public static void printCommandGuide(){","lastModifiedDate":"2021-09-01"},{"lineNumber":82,"author":{"gitId":"xingyuan123"},"content":"        //prints list of commands","lastModifiedDate":"2021-09-01"},{"lineNumber":83,"author":{"gitId":"xingyuan123"},"content":"        System.out.println(\"    Command Guide\");","lastModifiedDate":"2021-09-01"},{"lineNumber":84,"author":{"gitId":"xingyuan123"},"content":"        System.out.println(\"    use \\\"todo\\\" (with a space) to add a task without any date or time attached to it\");","lastModifiedDate":"2021-09-01"},{"lineNumber":85,"author":{"gitId":"xingyuan123"},"content":"        System.out.println(\"    use \\\"deadline\\\" (with a space) and \\\"/by\\\" (with a space) to add a task to be done before a certain date\");","lastModifiedDate":"2021-09-07"},{"lineNumber":86,"author":{"gitId":"xingyuan123"},"content":"        System.out.println(\"    use \\\"event\\\" (with a space) and \\\"/at\\\" (with a space) to add a task that start and ends at a specific time\");","lastModifiedDate":"2021-09-07"},{"lineNumber":87,"author":{"gitId":"xingyuan123"},"content":"        System.out.println(\"    use \\\"list\\\" to show task list\");","lastModifiedDate":"2021-09-01"},{"lineNumber":88,"author":{"gitId":"xingyuan123"},"content":"        System.out.println(\"    use \\\"done\\\" (with a space) followed by task number to mark a task as done\");","lastModifiedDate":"2021-09-01"},{"lineNumber":89,"author":{"gitId":"xingyuan123"},"content":"        System.out.println(\"    use \\\"bye\\\" to exit the chat bot\");","lastModifiedDate":"2021-09-01"},{"lineNumber":90,"author":{"gitId":"xingyuan123"},"content":"        System.out.println(\"    What can I do for you?\");","lastModifiedDate":"2021-08-18"},{"lineNumber":91,"author":{"gitId":"xingyuan123"},"content":"        System.out.println(LINE_SEPARATOR);","lastModifiedDate":"2021-09-07"},{"lineNumber":92,"author":{"gitId":"xingyuan123"},"content":"    }","lastModifiedDate":"2021-08-25"},{"lineNumber":93,"author":{"gitId":"xingyuan123"},"content":"","lastModifiedDate":"2021-08-25"},{"lineNumber":94,"author":{"gitId":"xingyuan123"},"content":"    /**","lastModifiedDate":"2021-09-01"},{"lineNumber":95,"author":{"gitId":"xingyuan123"},"content":"     *Creates a new ToDo object of Task class","lastModifiedDate":"2021-09-01"},{"lineNumber":96,"author":{"gitId":"xingyuan123"},"content":"     *adds ToDo Object to list of tasks","lastModifiedDate":"2021-09-01"},{"lineNumber":97,"author":{"gitId":"xingyuan123"},"content":"     *prints a message to tell the user ToDo object has been added to TaskList","lastModifiedDate":"2021-09-01"},{"lineNumber":98,"author":{"gitId":"xingyuan123"},"content":"     *","lastModifiedDate":"2021-09-01"},{"lineNumber":99,"author":{"gitId":"xingyuan123"},"content":"     * @param line the input entered by user","lastModifiedDate":"2021-09-01"},{"lineNumber":100,"author":{"gitId":"xingyuan123"},"content":"     * @param taskLetter the letter denoting the type of object","lastModifiedDate":"2021-09-01"},{"lineNumber":101,"author":{"gitId":"xingyuan123"},"content":"     * @param list list of tasks","lastModifiedDate":"2021-09-01"},{"lineNumber":102,"author":{"gitId":"xingyuan123"},"content":"     * */","lastModifiedDate":"2021-09-01"},{"lineNumber":103,"author":{"gitId":"xingyuan123"},"content":"    public static void createToDoTask(String line , char taskLetter , TaskList list){","lastModifiedDate":"2021-09-01"},{"lineNumber":104,"author":{"gitId":"xingyuan123"},"content":"        if (line.substring(TODO_INDEX).trim().isEmpty()){","lastModifiedDate":"2021-09-07"},{"lineNumber":105,"author":{"gitId":"xingyuan123"},"content":"            System.out.println(\"    Todo task cannot be whitespaces or emptyde\");","lastModifiedDate":"2021-09-07"},{"lineNumber":106,"author":{"gitId":"xingyuan123"},"content":"            printCommandGuide();","lastModifiedDate":"2021-09-07"},{"lineNumber":107,"author":{"gitId":"xingyuan123"},"content":"        } else {","lastModifiedDate":"2021-09-07"},{"lineNumber":108,"author":{"gitId":"xingyuan123"},"content":"            Task task \u003d new ToDo(line.substring(TODO_INDEX));","lastModifiedDate":"2021-09-07"},{"lineNumber":109,"author":{"gitId":"xingyuan123"},"content":"            taskLetter \u003d Character.toUpperCase(line.charAt(0));","lastModifiedDate":"2021-09-01"},{"lineNumber":110,"author":{"gitId":"xingyuan123"},"content":"            list.addTaskList(task);","lastModifiedDate":"2021-09-01"},{"lineNumber":111,"author":{"gitId":"xingyuan123"},"content":"            printEcho(task ,list);","lastModifiedDate":"2021-09-01"},{"lineNumber":112,"author":{"gitId":"xingyuan123"},"content":"        }","lastModifiedDate":"2021-09-01"},{"lineNumber":113,"author":{"gitId":"xingyuan123"},"content":"    }","lastModifiedDate":"2021-09-07"},{"lineNumber":114,"author":{"gitId":"xingyuan123"},"content":"","lastModifiedDate":"2021-09-01"},{"lineNumber":115,"author":{"gitId":"xingyuan123"},"content":"    /**","lastModifiedDate":"2021-09-01"},{"lineNumber":116,"author":{"gitId":"xingyuan123"},"content":"     *Creates a new Deadline object of Task class","lastModifiedDate":"2021-09-01"},{"lineNumber":117,"author":{"gitId":"xingyuan123"},"content":"     *adds Deadline Object to list of tasks","lastModifiedDate":"2021-09-01"},{"lineNumber":118,"author":{"gitId":"xingyuan123"},"content":"     *prints a message to tell the user Deadline object has been added to TaskList","lastModifiedDate":"2021-09-01"},{"lineNumber":119,"author":{"gitId":"xingyuan123"},"content":"     *","lastModifiedDate":"2021-09-01"},{"lineNumber":120,"author":{"gitId":"xingyuan123"},"content":"     * @param line the input entered by user","lastModifiedDate":"2021-09-01"},{"lineNumber":121,"author":{"gitId":"xingyuan123"},"content":"     * @param taskLetter the letter denoting the type of object","lastModifiedDate":"2021-09-01"},{"lineNumber":122,"author":{"gitId":"xingyuan123"},"content":"     * @param list list of tasks","lastModifiedDate":"2021-09-01"},{"lineNumber":123,"author":{"gitId":"xingyuan123"},"content":"     * */","lastModifiedDate":"2021-09-01"},{"lineNumber":124,"author":{"gitId":"xingyuan123"},"content":"    public static void createDeadlineTask(String line , char taskLetter , TaskList list) throws DeadlineEmptyException , ArrayIndexOutOfBoundsException {","lastModifiedDate":"2021-09-07"},{"lineNumber":125,"author":{"gitId":"xingyuan123"},"content":"        String[] deadline \u003d line.split(\"/by \");","lastModifiedDate":"2021-09-01"},{"lineNumber":126,"author":{"gitId":"xingyuan123"},"content":"        if (deadline[1] \u003d\u003d null) {","lastModifiedDate":"2021-09-07"},{"lineNumber":127,"author":{"gitId":"xingyuan123"},"content":"            throw new ArrayIndexOutOfBoundsException();","lastModifiedDate":"2021-09-07"},{"lineNumber":128,"author":{"gitId":"xingyuan123"},"content":"        } else if ( deadline[0].substring(DEADLINE_INDEX).trim().isEmpty()) {","lastModifiedDate":"2021-09-07"},{"lineNumber":129,"author":{"gitId":"xingyuan123"},"content":"            throw new DeadlineEmptyException();","lastModifiedDate":"2021-09-07"},{"lineNumber":130,"author":{"gitId":"xingyuan123"},"content":"        } else if ( deadline[1].substring(0).trim().isEmpty()) {","lastModifiedDate":"2021-09-07"},{"lineNumber":131,"author":{"gitId":"xingyuan123"},"content":"            throw new DeadlineEmptyException();","lastModifiedDate":"2021-09-07"},{"lineNumber":132,"author":{"gitId":"xingyuan123"},"content":"        } else {","lastModifiedDate":"2021-09-07"},{"lineNumber":133,"author":{"gitId":"xingyuan123"},"content":"            Task task \u003d new Deadline(deadline[0].substring(DEADLINE_INDEX) , deadline[1]);","lastModifiedDate":"2021-09-07"},{"lineNumber":134,"author":{"gitId":"xingyuan123"},"content":"            taskLetter \u003d Character.toUpperCase(line.charAt(0));","lastModifiedDate":"2021-09-01"},{"lineNumber":135,"author":{"gitId":"xingyuan123"},"content":"            list.addTaskList(task);","lastModifiedDate":"2021-09-01"},{"lineNumber":136,"author":{"gitId":"xingyuan123"},"content":"            printEcho(task ,list);","lastModifiedDate":"2021-09-01"},{"lineNumber":137,"author":{"gitId":"xingyuan123"},"content":"        }","lastModifiedDate":"2021-09-01"},{"lineNumber":138,"author":{"gitId":"xingyuan123"},"content":"","lastModifiedDate":"2021-09-01"},{"lineNumber":139,"author":{"gitId":"xingyuan123"},"content":"    }","lastModifiedDate":"2021-09-07"},{"lineNumber":140,"author":{"gitId":"xingyuan123"},"content":"","lastModifiedDate":"2021-09-07"},{"lineNumber":141,"author":{"gitId":"xingyuan123"},"content":"    /**","lastModifiedDate":"2021-09-01"},{"lineNumber":142,"author":{"gitId":"xingyuan123"},"content":"     *Creates a new Event object of Task class","lastModifiedDate":"2021-09-01"},{"lineNumber":143,"author":{"gitId":"xingyuan123"},"content":"     *adds Event Object to list of tasks","lastModifiedDate":"2021-09-01"},{"lineNumber":144,"author":{"gitId":"xingyuan123"},"content":"     *prints a message to tell the user Event object has been added to TaskList","lastModifiedDate":"2021-09-01"},{"lineNumber":145,"author":{"gitId":"xingyuan123"},"content":"     *","lastModifiedDate":"2021-09-01"},{"lineNumber":146,"author":{"gitId":"xingyuan123"},"content":"     * @param line the input entered by user","lastModifiedDate":"2021-09-01"},{"lineNumber":147,"author":{"gitId":"xingyuan123"},"content":"     * @param taskLetter the letter denoting the type of object","lastModifiedDate":"2021-09-01"},{"lineNumber":148,"author":{"gitId":"xingyuan123"},"content":"     * @param list list of tasks","lastModifiedDate":"2021-09-01"},{"lineNumber":149,"author":{"gitId":"xingyuan123"},"content":"     * */","lastModifiedDate":"2021-09-01"},{"lineNumber":150,"author":{"gitId":"xingyuan123"},"content":"    public static void createEventTask(String line , char taskLetter , TaskList list) throws EventEmptyException , ArrayIndexOutOfBoundsException {","lastModifiedDate":"2021-09-07"},{"lineNumber":151,"author":{"gitId":"xingyuan123"},"content":"        String[] event \u003d line.split(\"/at \");","lastModifiedDate":"2021-09-01"},{"lineNumber":152,"author":{"gitId":"xingyuan123"},"content":"        if (event[1] \u003d\u003d null) {","lastModifiedDate":"2021-09-07"},{"lineNumber":153,"author":{"gitId":"xingyuan123"},"content":"            throw new ArrayIndexOutOfBoundsException();","lastModifiedDate":"2021-09-07"},{"lineNumber":154,"author":{"gitId":"xingyuan123"},"content":"        } else if (event[0].substring(EVENT_INDEX).trim().isEmpty()) {","lastModifiedDate":"2021-09-07"},{"lineNumber":155,"author":{"gitId":"xingyuan123"},"content":"            throw new EventEmptyException();","lastModifiedDate":"2021-09-07"},{"lineNumber":156,"author":{"gitId":"xingyuan123"},"content":"        } else if (event[1].substring(0).trim().isEmpty()) {","lastModifiedDate":"2021-09-07"},{"lineNumber":157,"author":{"gitId":"xingyuan123"},"content":"            throw new EventEmptyException();","lastModifiedDate":"2021-09-07"},{"lineNumber":158,"author":{"gitId":"xingyuan123"},"content":"        } else {","lastModifiedDate":"2021-09-07"},{"lineNumber":159,"author":{"gitId":"xingyuan123"},"content":"            Task task \u003d new Event(event[0].substring(EVENT_INDEX) , event[1]);","lastModifiedDate":"2021-09-07"},{"lineNumber":160,"author":{"gitId":"xingyuan123"},"content":"            taskLetter \u003d Character.toUpperCase(line.charAt(0));","lastModifiedDate":"2021-09-01"},{"lineNumber":161,"author":{"gitId":"xingyuan123"},"content":"            list.addTaskList(task);","lastModifiedDate":"2021-09-01"},{"lineNumber":162,"author":{"gitId":"xingyuan123"},"content":"            printEcho(task ,list);","lastModifiedDate":"2021-09-01"},{"lineNumber":163,"author":{"gitId":"xingyuan123"},"content":"        }","lastModifiedDate":"2021-09-01"},{"lineNumber":164,"author":{"gitId":"xingyuan123"},"content":"","lastModifiedDate":"2021-09-01"},{"lineNumber":165,"author":{"gitId":"xingyuan123"},"content":"    }","lastModifiedDate":"2021-09-07"},{"lineNumber":166,"author":{"gitId":"xingyuan123"},"content":"","lastModifiedDate":"2021-09-07"},{"lineNumber":167,"author":{"gitId":"xingyuan123"},"content":"    public static void printEcho(Task task , TaskList list ) {","lastModifiedDate":"2021-09-01"},{"lineNumber":168,"author":{"gitId":"xingyuan123"},"content":"        System.out.println(LINE_SEPARATOR);","lastModifiedDate":"2021-09-07"},{"lineNumber":169,"author":{"gitId":"xingyuan123"},"content":"        System.out.println(\"    Got it. I\u0027ve added this task:\");","lastModifiedDate":"2021-09-01"},{"lineNumber":170,"author":{"gitId":"xingyuan123"},"content":"        System.out.print(\"      \");","lastModifiedDate":"2021-09-01"},{"lineNumber":171,"author":{"gitId":"xingyuan123"},"content":"        task.printTask();","lastModifiedDate":"2021-09-01"},{"lineNumber":172,"author":{"gitId":"xingyuan123"},"content":"        System.out.println(\"    Now you have \" + list.getTaskListCount() + \" tasks in the list.\");","lastModifiedDate":"2021-09-01"},{"lineNumber":173,"author":{"gitId":"xingyuan123"},"content":"        System.out.println(LINE_SEPARATOR);","lastModifiedDate":"2021-09-07"},{"lineNumber":174,"author":{"gitId":"xingyuan123"},"content":"    }","lastModifiedDate":"2021-08-25"},{"lineNumber":175,"author":{"gitId":"xingyuan123"},"content":"","lastModifiedDate":"2021-08-25"},{"lineNumber":176,"author":{"gitId":"xingyuan123"},"content":"    public static void printBye() {","lastModifiedDate":"2021-09-01"},{"lineNumber":177,"author":{"gitId":"xingyuan123"},"content":"        System.out.println(\"    Bye.Hope to see you again soon!\");","lastModifiedDate":"2021-08-18"},{"lineNumber":178,"author":{"gitId":"xingyuan123"},"content":"        System.out.println(LINE_SEPARATOR);","lastModifiedDate":"2021-09-07"},{"lineNumber":179,"author":{"gitId":"-"},"content":"    }","lastModifiedDate":"2021-08-18"},{"lineNumber":180,"author":{"gitId":"-"},"content":"}","lastModifiedDate":"2019-07-29"}],"authorContributionMap":{"xingyuan123":170,"-":10}},{"path":"src/main/java/Event.java","fileType":"java","lines":[{"lineNumber":1,"author":{"gitId":"xingyuan123"},"content":"public class Event extends Task{","lastModifiedDate":"2021-09-01"},{"lineNumber":2,"author":{"gitId":"xingyuan123"},"content":"    protected String at;","lastModifiedDate":"2021-09-01"},{"lineNumber":3,"author":{"gitId":"xingyuan123"},"content":"","lastModifiedDate":"2021-09-01"},{"lineNumber":4,"author":{"gitId":"xingyuan123"},"content":"    public Event(String description, String at) {","lastModifiedDate":"2021-09-01"},{"lineNumber":5,"author":{"gitId":"xingyuan123"},"content":"        super(description);","lastModifiedDate":"2021-09-01"},{"lineNumber":6,"author":{"gitId":"xingyuan123"},"content":"        this.at \u003d at;","lastModifiedDate":"2021-09-01"},{"lineNumber":7,"author":{"gitId":"xingyuan123"},"content":"    }","lastModifiedDate":"2021-09-01"},{"lineNumber":8,"author":{"gitId":"xingyuan123"},"content":"","lastModifiedDate":"2021-09-01"},{"lineNumber":9,"author":{"gitId":"xingyuan123"},"content":"    @Override","lastModifiedDate":"2021-09-01"},{"lineNumber":10,"author":{"gitId":"xingyuan123"},"content":"    public void printTask() {","lastModifiedDate":"2021-09-01"},{"lineNumber":11,"author":{"gitId":"xingyuan123"},"content":"        System.out.println(\"[E]\" + super.getStatusIcon()  + super.getDescription() + \"(at: \" + at + \")\" );","lastModifiedDate":"2021-09-01"},{"lineNumber":12,"author":{"gitId":"xingyuan123"},"content":"    }","lastModifiedDate":"2021-09-01"},{"lineNumber":13,"author":{"gitId":"xingyuan123"},"content":"}","lastModifiedDate":"2021-09-01"}],"authorContributionMap":{"xingyuan123":13}},{"path":"src/main/java/EventEmptyException.java","fileType":"java","lines":[{"lineNumber":1,"author":{"gitId":"xingyuan123"},"content":"public class EventEmptyException extends Exception {","lastModifiedDate":"2021-09-07"},{"lineNumber":2,"author":{"gitId":"xingyuan123"},"content":"    //no other code needed","lastModifiedDate":"2021-09-07"},{"lineNumber":3,"author":{"gitId":"xingyuan123"},"content":"}","lastModifiedDate":"2021-09-07"}],"authorContributionMap":{"xingyuan123":3}},{"path":"src/main/java/Task.java","fileType":"java","lines":[{"lineNumber":1,"author":{"gitId":"xingyuan123"},"content":"public class Task {","lastModifiedDate":"2021-08-26"},{"lineNumber":2,"author":{"gitId":"xingyuan123"},"content":"    protected String description;","lastModifiedDate":"2021-08-26"},{"lineNumber":3,"author":{"gitId":"xingyuan123"},"content":"    protected boolean isDone;","lastModifiedDate":"2021-08-26"},{"lineNumber":4,"author":{"gitId":"xingyuan123"},"content":"","lastModifiedDate":"2021-08-26"},{"lineNumber":5,"author":{"gitId":"xingyuan123"},"content":"    public Task(String description) {","lastModifiedDate":"2021-08-26"},{"lineNumber":6,"author":{"gitId":"xingyuan123"},"content":"        this.description \u003d description;","lastModifiedDate":"2021-08-26"},{"lineNumber":7,"author":{"gitId":"xingyuan123"},"content":"        this.isDone \u003d false;","lastModifiedDate":"2021-08-26"},{"lineNumber":8,"author":{"gitId":"xingyuan123"},"content":"    }","lastModifiedDate":"2021-08-26"},{"lineNumber":9,"author":{"gitId":"xingyuan123"},"content":"","lastModifiedDate":"2021-08-26"},{"lineNumber":10,"author":{"gitId":"xingyuan123"},"content":"    public String getDescription() {","lastModifiedDate":"2021-08-26"},{"lineNumber":11,"author":{"gitId":"xingyuan123"},"content":"        return description;","lastModifiedDate":"2021-08-26"},{"lineNumber":12,"author":{"gitId":"xingyuan123"},"content":"    }","lastModifiedDate":"2021-08-26"},{"lineNumber":13,"author":{"gitId":"xingyuan123"},"content":"","lastModifiedDate":"2021-08-26"},{"lineNumber":14,"author":{"gitId":"xingyuan123"},"content":"    public void setDone() {","lastModifiedDate":"2021-09-07"},{"lineNumber":15,"author":{"gitId":"xingyuan123"},"content":"        isDone \u003d true;","lastModifiedDate":"2021-08-26"},{"lineNumber":16,"author":{"gitId":"xingyuan123"},"content":"    }","lastModifiedDate":"2021-08-26"},{"lineNumber":17,"author":{"gitId":"xingyuan123"},"content":"","lastModifiedDate":"2021-08-26"},{"lineNumber":18,"author":{"gitId":"xingyuan123"},"content":"    public void printTask(){","lastModifiedDate":"2021-09-01"},{"lineNumber":19,"author":{"gitId":"xingyuan123"},"content":"         System.out.println(description);","lastModifiedDate":"2021-09-01"},{"lineNumber":20,"author":{"gitId":"xingyuan123"},"content":"    }","lastModifiedDate":"2021-09-01"},{"lineNumber":21,"author":{"gitId":"xingyuan123"},"content":"","lastModifiedDate":"2021-08-26"},{"lineNumber":22,"author":{"gitId":"xingyuan123"},"content":"    public String getStatusIcon() {","lastModifiedDate":"2021-08-26"},{"lineNumber":23,"author":{"gitId":"xingyuan123"},"content":"        // mark done task with X if done","lastModifiedDate":"2021-09-01"},{"lineNumber":24,"author":{"gitId":"xingyuan123"},"content":"        return (isDone ? \"[X]\" : \"[ ]\");","lastModifiedDate":"2021-09-01"},{"lineNumber":25,"author":{"gitId":"xingyuan123"},"content":"    }","lastModifiedDate":"2021-08-26"},{"lineNumber":26,"author":{"gitId":"xingyuan123"},"content":"}","lastModifiedDate":"2021-08-26"}],"authorContributionMap":{"xingyuan123":26}},{"path":"src/main/java/TaskList.java","fileType":"java","lines":[{"lineNumber":1,"author":{"gitId":"xingyuan123"},"content":"public class TaskList {","lastModifiedDate":"2021-08-26"},{"lineNumber":2,"author":{"gitId":"xingyuan123"},"content":"    private static final int MAX_TASK_NUMBER \u003d 100;","lastModifiedDate":"2021-09-07"},{"lineNumber":3,"author":{"gitId":"xingyuan123"},"content":"    private static final String LINE_SEPARATOR \u003d \"    _____________________________________________________________\";","lastModifiedDate":"2021-09-07"},{"lineNumber":4,"author":{"gitId":"xingyuan123"},"content":"","lastModifiedDate":"2021-09-07"},{"lineNumber":5,"author":{"gitId":"xingyuan123"},"content":"    private int taskListCount \u003d 0;","lastModifiedDate":"2021-08-26"},{"lineNumber":6,"author":{"gitId":"xingyuan123"},"content":"    private Task[] taskList \u003d new Task[MAX_TASK_NUMBER];","lastModifiedDate":"2021-09-07"},{"lineNumber":7,"author":{"gitId":"xingyuan123"},"content":"","lastModifiedDate":"2021-08-26"},{"lineNumber":8,"author":{"gitId":"xingyuan123"},"content":"    public void addTaskList(Task listItem) {","lastModifiedDate":"2021-08-26"},{"lineNumber":9,"author":{"gitId":"xingyuan123"},"content":"        taskList[taskListCount] \u003d listItem;","lastModifiedDate":"2021-08-26"},{"lineNumber":10,"author":{"gitId":"xingyuan123"},"content":"        taskListCount +\u003d 1;","lastModifiedDate":"2021-08-26"},{"lineNumber":11,"author":{"gitId":"xingyuan123"},"content":"    }","lastModifiedDate":"2021-08-26"},{"lineNumber":12,"author":{"gitId":"xingyuan123"},"content":"","lastModifiedDate":"2021-08-26"},{"lineNumber":13,"author":{"gitId":"xingyuan123"},"content":"    public void printTaskList() {","lastModifiedDate":"2021-08-26"},{"lineNumber":14,"author":{"gitId":"xingyuan123"},"content":"        System.out.println(LINE_SEPARATOR);","lastModifiedDate":"2021-09-07"},{"lineNumber":15,"author":{"gitId":"xingyuan123"},"content":"        for (int i \u003d 1 ; i \u003c taskListCount + 1 ; i++) {","lastModifiedDate":"2021-08-26"},{"lineNumber":16,"author":{"gitId":"xingyuan123"},"content":"            System.out.print(\"    \" + i + \".\");","lastModifiedDate":"2021-09-01"},{"lineNumber":17,"author":{"gitId":"xingyuan123"},"content":"            taskList[i-1].printTask();","lastModifiedDate":"2021-09-01"},{"lineNumber":18,"author":{"gitId":"xingyuan123"},"content":"        }","lastModifiedDate":"2021-08-26"},{"lineNumber":19,"author":{"gitId":"xingyuan123"},"content":"        System.out.println(LINE_SEPARATOR);","lastModifiedDate":"2021-09-07"},{"lineNumber":20,"author":{"gitId":"xingyuan123"},"content":"    }","lastModifiedDate":"2021-08-26"},{"lineNumber":21,"author":{"gitId":"xingyuan123"},"content":"","lastModifiedDate":"2021-08-26"},{"lineNumber":22,"author":{"gitId":"xingyuan123"},"content":"    public void markIsDone(int taskNumber) {","lastModifiedDate":"2021-08-26"},{"lineNumber":23,"author":{"gitId":"xingyuan123"},"content":"        if (taskNumber \u003c\u003d 0 || taskNumber \u003e taskListCount){","lastModifiedDate":"2021-09-07"},{"lineNumber":24,"author":{"gitId":"xingyuan123"},"content":"            throw new NullPointerException();","lastModifiedDate":"2021-09-07"},{"lineNumber":25,"author":{"gitId":"xingyuan123"},"content":"        } else {","lastModifiedDate":"2021-09-07"},{"lineNumber":26,"author":{"gitId":"xingyuan123"},"content":"            taskList[taskNumber-1].setDone();","lastModifiedDate":"2021-09-07"},{"lineNumber":27,"author":{"gitId":"xingyuan123"},"content":"            System.out.println(LINE_SEPARATOR);","lastModifiedDate":"2021-09-07"},{"lineNumber":28,"author":{"gitId":"xingyuan123"},"content":"            System.out.println(\"    Nice! I\u0027ve marked this task as done:\");","lastModifiedDate":"2021-08-26"},{"lineNumber":29,"author":{"gitId":"xingyuan123"},"content":"            System.out.print(\"    \");","lastModifiedDate":"2021-09-01"},{"lineNumber":30,"author":{"gitId":"xingyuan123"},"content":"            taskList[taskNumber-1].printTask();","lastModifiedDate":"2021-09-01"},{"lineNumber":31,"author":{"gitId":"xingyuan123"},"content":"            System.out.println(LINE_SEPARATOR);","lastModifiedDate":"2021-09-07"},{"lineNumber":32,"author":{"gitId":"xingyuan123"},"content":"        }","lastModifiedDate":"2021-09-07"},{"lineNumber":33,"author":{"gitId":"xingyuan123"},"content":"    }","lastModifiedDate":"2021-08-26"},{"lineNumber":34,"author":{"gitId":"xingyuan123"},"content":"","lastModifiedDate":"2021-09-01"},{"lineNumber":35,"author":{"gitId":"xingyuan123"},"content":"    public int getTaskListCount() {","lastModifiedDate":"2021-09-01"},{"lineNumber":36,"author":{"gitId":"xingyuan123"},"content":"        return taskListCount;","lastModifiedDate":"2021-09-01"},{"lineNumber":37,"author":{"gitId":"xingyuan123"},"content":"    }","lastModifiedDate":"2021-09-01"},{"lineNumber":38,"author":{"gitId":"xingyuan123"},"content":"}","lastModifiedDate":"2021-08-26"}],"authorContributionMap":{"xingyuan123":38}},{"path":"src/main/java/ToDo.java","fileType":"java","lines":[{"lineNumber":1,"author":{"gitId":"xingyuan123"},"content":"public class ToDo extends Task {","lastModifiedDate":"2021-09-01"},{"lineNumber":2,"author":{"gitId":"xingyuan123"},"content":"    public ToDo(String description) {","lastModifiedDate":"2021-09-01"},{"lineNumber":3,"author":{"gitId":"xingyuan123"},"content":"        super(description);","lastModifiedDate":"2021-09-01"},{"lineNumber":4,"author":{"gitId":"xingyuan123"},"content":"    }","lastModifiedDate":"2021-09-01"},{"lineNumber":5,"author":{"gitId":"xingyuan123"},"content":"","lastModifiedDate":"2021-09-01"},{"lineNumber":6,"author":{"gitId":"xingyuan123"},"content":"    @Override","lastModifiedDate":"2021-09-01"},{"lineNumber":7,"author":{"gitId":"xingyuan123"},"content":"    public void printTask() {","lastModifiedDate":"2021-09-01"},{"lineNumber":8,"author":{"gitId":"xingyuan123"},"content":"        System.out.println(\"[T]\" + super.getStatusIcon()  + super.getDescription() );","lastModifiedDate":"2021-09-01"},{"lineNumber":9,"author":{"gitId":"xingyuan123"},"content":"    }","lastModifiedDate":"2021-09-01"},{"lineNumber":10,"author":{"gitId":"xingyuan123"},"content":"}","lastModifiedDate":"2021-09-01"}],"authorContributionMap":{"xingyuan123":10}}]
