{"authorDailyContributionsMap":{"nishantrai-nus":[{"date":"2021-08-22","commitResults":[{"hash":"05938285ea0fb7a790adf8a9864297dc7edb4ae0","messageTitle":"add week 2 tasks","messageBody":"","fileTypesAndContributionMap":{"java":{"insertions":6,"deletions":6}}}]},{"date":"2021-08-25","commitResults":[{"hash":"4888859525a17e7606c354ae01b43212c9c0bd61","messageTitle":"Greet, Echo, Exit","messageBody":"","tags":["Level-1"],"fileTypesAndContributionMap":{"java":{"insertions":11,"deletions":6}}}]},{"date":"2021-08-26","commitResults":[{"hash":"ece52c83f555d04b4489a596f384d477ef9ffdc2","messageTitle":"add level 2 tasks","messageBody":"","tags":["Level-2"],"fileTypesAndContributionMap":{"java":{"insertions":12,"deletions":2}}},{"hash":"50dfe6fa01ea3dae2a145a24d7f1b13e48f9fe68","messageTitle":"add Task class","messageBody":"","tags":["A-Classes"],"fileTypesAndContributionMap":{"java":{"insertions":45,"deletions":12}}},{"hash":"0c166acac56eb61762a1a1235da56c379b73fdc2","messageTitle":"add the ability to mark tasks as done","messageBody":"","tags":["Level-3"],"fileTypesAndContributionMap":{"java":{"insertions":33,"deletions":6}}},{"hash":"0b7bf9e1d0d66959cfebd13c0bd7a63e1d6d97c8","messageTitle":"adhere to Java coding standards given","messageBody":"","tags":["A-CodingStandard"],"fileTypesAndContributionMap":{"java":{"insertions":34,"deletions":8}}}]},{"date":"2021-08-30","commitResults":[{"hash":"e0cf8013934ad8179c9d5a42c0abca26a251453d","messageTitle":"add todo, deadline and event task types","messageBody":"","tags":["Level-4","A-Inheritance"],"fileTypesAndContributionMap":{"java":{"insertions":77,"deletions":27}}},{"hash":"b6d62a88917ffcee9dddf6ff147ecb8ba5e8d768","messageTitle":"add automated text ui testing","messageBody":"","tags":["A-TextUiTesting"],"fileTypesAndContributionMap":{"txt":{"insertions":6,"deletions":0},"java":{"insertions":1,"deletions":1}}}]}]},"authorFileTypeContributionMap":{"nishantrai-nus":{"java":157,"md":0,"fxml":0,"sh":0,"bat":0,"gradle":0,"txt":6}},"authorContributionVariance":{"nishantrai-nus":156.59854},"authorDisplayNameMap":{"nishantrai-nus":"CS2113T-T09-3 NISH.. RAI"}}
