{"authorDailyContributionsMap":{"nishantrai-nus":[{"date":"2021-08-22","commitResults":[{"hash":"05938285ea0fb7a790adf8a9864297dc7edb4ae0","messageTitle":"add week 2 tasks","messageBody":"","fileTypesAndContributionMap":{"java":{"insertions":6,"deletions":6}}}]},{"date":"2021-08-25","commitResults":[{"hash":"4888859525a17e7606c354ae01b43212c9c0bd61","messageTitle":"Greet, Echo, Exit","messageBody":"","tags":["Level-1"],"fileTypesAndContributionMap":{"java":{"insertions":11,"deletions":6}}}]},{"date":"2021-08-26","commitResults":[{"hash":"ece52c83f555d04b4489a596f384d477ef9ffdc2","messageTitle":"add level 2 tasks","messageBody":"","tags":["Level-2"],"fileTypesAndContributionMap":{"java":{"insertions":12,"deletions":2}}},{"hash":"50dfe6fa01ea3dae2a145a24d7f1b13e48f9fe68","messageTitle":"add Task class","messageBody":"","tags":["A-Classes"],"fileTypesAndContributionMap":{"java":{"insertions":45,"deletions":12}}},{"hash":"0c166acac56eb61762a1a1235da56c379b73fdc2","messageTitle":"add the ability to mark tasks as done","messageBody":"","tags":["Level-3"],"fileTypesAndContributionMap":{"java":{"insertions":33,"deletions":6}}},{"hash":"0b7bf9e1d0d66959cfebd13c0bd7a63e1d6d97c8","messageTitle":"adhere to Java coding standards given","messageBody":"","tags":["A-CodingStandard"],"fileTypesAndContributionMap":{"java":{"insertions":34,"deletions":8}}}]},{"date":"2021-08-30","commitResults":[{"hash":"e0cf8013934ad8179c9d5a42c0abca26a251453d","messageTitle":"add todo, deadline and event task types","messageBody":"","tags":["Level-4","A-Inheritance"],"fileTypesAndContributionMap":{"java":{"insertions":77,"deletions":27}}},{"hash":"b6d62a88917ffcee9dddf6ff147ecb8ba5e8d768","messageTitle":"add automated text ui testing","messageBody":"","tags":["A-TextUiTesting"],"fileTypesAndContributionMap":{"txt":{"insertions":6,"deletions":0},"java":{"insertions":1,"deletions":1}}}]},{"date":"2021-08-31","commitResults":[{"hash":"6b1f3aafb298667146c424b7ebb423dba7cfd2a6","messageTitle":"improve coding quality","messageBody":"","tags":["A-CodeQuality"],"fileTypesAndContributionMap":{"java":{"insertions":3,"deletions":5}}}]},{"date":"2021-09-06","commitResults":[{"hash":"7ab64b453ccc47928ff1bdd4ecebd53a96ccccfb","messageTitle":"add exception handlers","messageBody":"","tags":["A-Exceptions"],"fileTypesAndContributionMap":{"java":{"insertions":24,"deletions":5}}},{"hash":"71607bd95936425e21db917a4aff5d3367ed5cef","messageTitle":"minor edit to Main.main()","messageBody":"","fileTypesAndContributionMap":{"java":{"insertions":2,"deletions":0}}}]},{"date":"2021-09-11","commitResults":[{"hash":"725046b7dd1d7ec42fe1884e57f09795b585e024","messageTitle":"organise classes into packages","messageBody":"","tags":["A-Packages"],"fileTypesAndContributionMap":{"java":{"insertions":27,"deletions":1}}}]},{"date":"2021-09-14","commitResults":[{"hash":"4666ec98304d1fe2c2e695097207339cae52fe80","messageTitle":"use ArrayList to store tasks","messageBody":"","tags":["A-Collections"],"fileTypesAndContributionMap":{"java":{"insertions":16,"deletions":13}}},{"hash":"d6344ecaf2df83547c8c8465013db0396922b528","messageTitle":"add ability to delete tasks","messageBody":"","tags":["Level-6"],"fileTypesAndContributionMap":{"java":{"insertions":52,"deletions":27}}}]},{"date":"2021-09-15","commitResults":[{"hash":"1b96f091666f311a8ed5394a81c69b345757a0d6","messageTitle":"add ability to save task list to hard disk","messageBody":"","tags":["Level-7"],"fileTypesAndContributionMap":{"java":{"insertions":100,"deletions":12}}}]},{"date":"2021-09-22","commitResults":[{"hash":"83c8d92e3ffa4ced4662c4f672a9b9776730c329","messageTitle":"extract Storage, Parser and Command classes","messageBody":"","tags":["A-MoreOOP"],"fileTypesAndContributionMap":{"java":{"insertions":266,"deletions":180}}},{"hash":"bd12d71aa506ea683ea4a7ffed4f6afc492a9f9e","messageTitle":"add Ui class","messageBody":"","fileTypesAndContributionMap":{"java":{"insertions":145,"deletions":46}}},{"hash":"b30c3dedbd7fdf4e8877d8701ad743d033fa9ea3","messageTitle":"store deadlines as LocalDateTime objects","messageBody":"","fileTypesAndContributionMap":{"java":{"insertions":46,"deletions":21}}}]},{"date":"2021-09-23","commitResults":[{"hash":"f1c94363067b26187b1fab7046733e320df8ca98","messageTitle":"store event as LocalDateTime object, add different date format when printing dates","messageBody":"","fileTypesAndContributionMap":{"java":{"insertions":36,"deletions":26}}},{"hash":"b338b5ab4fbddad9bbf07c88679f1f278b2444c5","messageTitle":"add ability to find tasks","messageBody":"","fileTypesAndContributionMap":{"java":{"insertions":85,"deletions":47}}},{"hash":"0b2aaeabce26589f376022365bc279388734c2c7","messageTitle":"fix type errors from merge","messageBody":"","fileTypesAndContributionMap":{"java":{"insertions":2,"deletions":2}}},{"hash":"348cc1ed807de826d9ad1a5149285aa62f45dace","messageTitle":"refactor code and reorganise packages","messageBody":"","fileTypesAndContributionMap":{"java":{"insertions":66,"deletions":55}}},{"hash":"7c05e17127bfaae0bf2753c60932aa6783f124eb","messageTitle":"reduce access to task array in Command class","messageBody":"","fileTypesAndContributionMap":{"java":{"insertions":18,"deletions":16}}},{"hash":"a0c3ca50aead203aaaa270c4ede5767fcec2ec8b","messageTitle":"add JavaDoc headers","messageBody":"","fileTypesAndContributionMap":{"java":{"insertions":173,"deletions":59}}}]}]},"authorFileTypeContributionMap":{"nishantrai-nus":{"java":710,"md":0,"fxml":0,"sh":0,"bat":0,"gradle":0,"txt":6}},"authorContributionVariance":{"nishantrai-nus":3516.1792},"authorDisplayNameMap":{"nishantrai-nus":"CS2113T-T09-3 NISH.. RAI"}}
