{"authorDailyContributionsMap":{"EdisonZhong17":[{"date":"2021-08-17","commitResults":[{"hash":"8dd28d9ddaf05db3ae9517aa7038f5a5fc99dace","messageTitle":"add level-0 greet","messageBody":"","tags":["Level-0"],"fileTypesAndContributionMap":{"java":{"insertions":17,"deletions":0}}},{"hash":"361ad4735bc1f09f68b872da86013119b56069b1","messageTitle":"add level-1 Greet, Echo, Exit","messageBody":"","tags":["Level-1"],"fileTypesAndContributionMap":{"java":{"insertions":24,"deletions":0}}}]},{"date":"2021-08-18","commitResults":[{"hash":"1889c360601434a5bd2f860b457018dc8218008c","messageTitle":"add level-2 Add, List","messageBody":"","tags":["Level-2"],"fileTypesAndContributionMap":{"java":{"insertions":29,"deletions":2}}}]},{"date":"2021-08-21","commitResults":[{"hash":"b326f956508d88780fa772d2b8034ed6394b43fa","messageTitle":"add level-3 Mark as Done","messageBody":"","tags":["Level-3"],"fileTypesAndContributionMap":{"java":{"insertions":58,"deletions":21}}},{"hash":"4cc41ab294e07f4dab57a137fe02f64aa2af964a","messageTitle":"Revert \"add level-3 Mark as Done\"","messageBody":"This reverts commit b326f956508d88780fa772d2b8034ed6394b43fa.\n","fileTypesAndContributionMap":{"java":{"insertions":21,"deletions":58}}},{"hash":"1900465ac2a10b272c6175c25efb811ecaed1c87","messageTitle":"add level-3 Mark as Done (last version)","messageBody":"","fileTypesAndContributionMap":{"java":{"insertions":63,"deletions":23}}},{"hash":"0a06e3675f75cc343277a38015deac569fa405d4","messageTitle":"Follow the Coding Standard","messageBody":"","tags":["A-CodingStandard"],"fileTypesAndContributionMap":{"java":{"insertions":11,"deletions":8}}}]},{"date":"2021-08-30","commitResults":[{"hash":"c4870ad0ea8a69eb21a690293d15c901703e9337","messageTitle":"add ToDo, Event, Deadline","messageBody":"","tags":["Level-4"],"fileTypesAndContributionMap":{"java":{"insertions":83,"deletions":32}}}]}]},"authorFileTypeContributionMap":{"EdisonZhong17":{"java":163,"md":0,"fxml":0,"sh":0,"bat":0,"gradle":0,"txt":0}},"authorContributionVariance":{"EdisonZhong17":369.06955},"authorDisplayNameMap":{"EdisonZhong17":"CS2113T-F11-2 ZHON..GHAN"}}
