[{"path":"README.md","fileType":"md","lines":[{"lineNumber":1,"author":{"gitId":"titustortoiseturtle1999"},"content":"# duke.Duke project template","lastModifiedDate":"2021-09-04"},{"lineNumber":2,"author":{"gitId":"-"},"content":"","lastModifiedDate":"2020-05-25"},{"lineNumber":3,"author":{"gitId":"-"},"content":"This is a project template for a greenfield Java project. It\u0027s named after the Java mascot _Duke_. Given below are instructions on how to use it.","lastModifiedDate":"2020-05-25"},{"lineNumber":4,"author":{"gitId":"-"},"content":"","lastModifiedDate":"2020-05-25"},{"lineNumber":5,"author":{"gitId":"-"},"content":"## Setting up in Intellij","lastModifiedDate":"2020-05-25"},{"lineNumber":6,"author":{"gitId":"-"},"content":"","lastModifiedDate":"2020-05-25"},{"lineNumber":7,"author":{"gitId":"-"},"content":"Prerequisites: JDK 11, update Intellij to the most recent version.","lastModifiedDate":"2020-05-25"},{"lineNumber":8,"author":{"gitId":"-"},"content":"","lastModifiedDate":"2020-05-25"},{"lineNumber":9,"author":{"gitId":"-"},"content":"1. Open Intellij (if you are not in the welcome screen, click `File` \u003e `Close Project` to close the existing project first)","lastModifiedDate":"2021-01-17"},{"lineNumber":10,"author":{"gitId":"-"},"content":"1. Open the project into Intellij as follows:","lastModifiedDate":"2021-01-17"},{"lineNumber":11,"author":{"gitId":"-"},"content":"   1. Click `Open`.","lastModifiedDate":"2021-01-17"},{"lineNumber":12,"author":{"gitId":"-"},"content":"   1. Select the project directory, and click `OK`.","lastModifiedDate":"2021-01-17"},{"lineNumber":13,"author":{"gitId":"-"},"content":"   1. If there are any further prompts, accept the defaults.","lastModifiedDate":"2020-05-25"},{"lineNumber":14,"author":{"gitId":"-"},"content":"1. Configure the project to use **JDK 11** (not other versions) as explained in [here](https://www.jetbrains.com/help/idea/sdk.html#set-up-jdk).\u003cbr\u003e","lastModifiedDate":"2021-07-29"},{"lineNumber":15,"author":{"gitId":"-"},"content":"   In the same dialog, set the **Project language level** field to the `SDK default` option.","lastModifiedDate":"2021-07-29"},{"lineNumber":16,"author":{"gitId":"titustortoiseturtle1999"},"content":"3. After that, locate the `src/main/java/duke.Duke.java` file, right-click it, and choose `Run duke.Duke.main()` (if the code editor is showing compile errors, try restarting the IDE). If the setup is correct, you should see something like the below as the output:","lastModifiedDate":"2021-09-04"},{"lineNumber":17,"author":{"gitId":"-"},"content":"   ```","lastModifiedDate":"2020-05-25"},{"lineNumber":18,"author":{"gitId":"-"},"content":"   Hello from","lastModifiedDate":"2020-05-25"},{"lineNumber":19,"author":{"gitId":"-"},"content":"    ____        _        ","lastModifiedDate":"2020-05-25"},{"lineNumber":20,"author":{"gitId":"-"},"content":"   |  _ \\ _   _| | _____ ","lastModifiedDate":"2020-05-25"},{"lineNumber":21,"author":{"gitId":"-"},"content":"   | | | | | | | |/ / _ \\","lastModifiedDate":"2020-05-25"},{"lineNumber":22,"author":{"gitId":"-"},"content":"   | |_| | |_| |   \u003c  __/","lastModifiedDate":"2020-05-25"},{"lineNumber":23,"author":{"gitId":"-"},"content":"   |____/ \\__,_|_|\\_\\___|","lastModifiedDate":"2020-05-25"},{"lineNumber":24,"author":{"gitId":"-"},"content":"   ```","lastModifiedDate":"2020-05-25"},{"lineNumber":25,"author":{"gitId":"titustortoiseturtle1999"},"content":"z","lastModifiedDate":"2021-08-23"}],"authorContributionMap":{"titustortoiseturtle1999":3,"-":22}},{"path":"src/main/java/duke/ASCIIconstants.java","fileType":"java","lines":[{"lineNumber":1,"author":{"gitId":"titustortoiseturtle1999"},"content":"package duke;","lastModifiedDate":"2021-09-04"},{"lineNumber":2,"author":{"gitId":"titustortoiseturtle1999"},"content":"","lastModifiedDate":"2021-09-04"},{"lineNumber":3,"author":{"gitId":"titustortoiseturtle1999"},"content":"public final class ASCIIconstants {","lastModifiedDate":"2021-09-04"},{"lineNumber":4,"author":{"gitId":"titustortoiseturtle1999"},"content":"    private ASCIIconstants () {","lastModifiedDate":"2021-09-04"},{"lineNumber":5,"author":{"gitId":"titustortoiseturtle1999"},"content":"    }","lastModifiedDate":"2021-09-04"},{"lineNumber":6,"author":{"gitId":"titustortoiseturtle1999"},"content":"    public static final String logo","lastModifiedDate":"2021-09-04"},{"lineNumber":7,"author":{"gitId":"titustortoiseturtle1999"},"content":"            \u003d \"................................................................................\\n\"","lastModifiedDate":"2021-09-04"},{"lineNumber":8,"author":{"gitId":"titustortoiseturtle1999"},"content":"            + \"..................................... ... ......................................\\n\"","lastModifiedDate":"2021-09-04"},{"lineNumber":9,"author":{"gitId":"titustortoiseturtle1999"},"content":"            + \".........................\u0026@@@@@@@@@@@@@@@@@@@@@@@@@%............................\\n\"","lastModifiedDate":"2021-09-04"},{"lineNumber":10,"author":{"gitId":"titustortoiseturtle1999"},"content":"            + \"....................#@@@@@@@@@@@@@@@@@@@@@@@@@@@@@@@@@@.........................\\n\"","lastModifiedDate":"2021-09-04"},{"lineNumber":11,"author":{"gitId":"titustortoiseturtle1999"},"content":"            + \".................@@@@@@@@@@@\u0026%%%%%%%%%%%%%%%%%%%@@@@@@@@@\u0026......................\\n\"","lastModifiedDate":"2021-09-04"},{"lineNumber":12,"author":{"gitId":"titustortoiseturtle1999"},"content":"            + \"...............@@@@@@@@@%%%%%%%%%%%%%%%%%%%%%%%%%%%%@@@@@@@.....................\\n\"","lastModifiedDate":"2021-09-04"},{"lineNumber":13,"author":{"gitId":"titustortoiseturtle1999"},"content":"            + \".............@@@@@@@@%%%%%%%%%%%%%%%%%%%%%%%%%%%%%%%%%@@@@@@....................\\n\"","lastModifiedDate":"2021-09-04"},{"lineNumber":14,"author":{"gitId":"titustortoiseturtle1999"},"content":"            + \".........%\u0026\u0026\u0026\u0026\u0026\u0026\u0026\u0026\u0026\u0026\u0026\u0026\u0026\u0026\u0026\u0026\u0026\u0026\u0026\u0026\u0026\u0026\u0026\u0026\u0026\u0026\u0026\u0026\u0026\u0026%%%%%%%%%%%%%%\u0026\u0026@@@@@...................\\n\"","lastModifiedDate":"2021-09-04"},{"lineNumber":15,"author":{"gitId":"titustortoiseturtle1999"},"content":"            + \"......\u0026\u0026\u0026\u0026\u0026\u0026\u0026\u0026\u0026\u0026\u0026\u0026\u0026\u0026\u0026\u0026\u0026\u0026\u0026\u0026\u0026\u0026\u0026\u0026\u0026\u0026\u0026\u0026\u0026\u0026\u0026\u0026\u0026\u0026\u0026\u0026\u0026%%%%%%%%%%%%\u0026@@@@@@..................\\n\"","lastModifiedDate":"2021-09-04"},{"lineNumber":16,"author":{"gitId":"titustortoiseturtle1999"},"content":"            + \"....\u0026\u0026\u0026\u0026\u0026\u0026\u0026,*          ,,,,,,,,,,,,,,(\u0026\u0026\u0026\u0026\u0026\u0026\u0026%%%%%%%%%%\u0026\u0026@@@@@/.................\\n\"","lastModifiedDate":"2021-09-04"},{"lineNumber":17,"author":{"gitId":"titustortoiseturtle1999"},"content":"            + \"...\u0026\u0026\u0026\u0026\u0026\u0026,              ,,,,,,,,,,,,,,(((\u0026\u0026\u0026\u0026\u0026%%%%%%%%%\u0026\u0026\u0026@@@@@.................\\n\"","lastModifiedDate":"2021-09-04"},{"lineNumber":18,"author":{"gitId":"titustortoiseturtle1999"},"content":"            + \"../\u0026\u0026\u0026\u0026\u0026,,*     ,,,,,,,,,,,,,,,,,,,,,,(((\u0026\u0026\u0026\u0026\u0026\u0026%%%%%%%%\u0026\u0026\u0026@@@@@@@@@@@...........\\n\"","lastModifiedDate":"2021-09-04"},{"lineNumber":19,"author":{"gitId":"titustortoiseturtle1999"},"content":"            + \"..\u0026\u0026\u0026\u0026\u0026\u0026,,,,,,,,,,,,,,,,,,,,,,,,,,,,,(((((\u0026\u0026\u0026\u0026\u0026%%%%%%%%\u0026\u0026\u0026@@@@@@@@@@@@@@@@@.....\\n\"","lastModifiedDate":"2021-09-04"},{"lineNumber":20,"author":{"gitId":"titustortoiseturtle1999"},"content":"            + \"..\u0026\u0026\u0026\u0026\u0026%(,,,,,,,,,,,,,,,,,,,,,,,,/((((((((\u0026\u0026\u0026\u0026\u0026%%%%%%%%\u0026\u0026\u0026\u0026@@@@@@##%\u0026@@@@@@@....\\n\"","lastModifiedDate":"2021-09-04"},{"lineNumber":21,"author":{"gitId":"titustortoiseturtle1999"},"content":"            + \"..(\u0026\u0026\u0026\u0026\u0026(((((((((/,,,,,,/((((((((((((((((\u0026\u0026\u0026\u0026\u0026%%%%%%%%%\u0026\u0026\u0026\u0026@@@@@%%%%%%%%@@@@@...\\n\"","lastModifiedDate":"2021-09-04"},{"lineNumber":22,"author":{"gitId":"titustortoiseturtle1999"},"content":"            + \"...@\u0026\u0026\u0026\u0026\u0026(((((((((((((((((((((((((((((((\u0026\u0026\u0026\u0026\u0026\u0026%%%%%%%%%\u0026\u0026\u0026\u0026@@@@@%%%%%%%%%@@@@...\\n\"","lastModifiedDate":"2021-09-04"},{"lineNumber":23,"author":{"gitId":"titustortoiseturtle1999"},"content":"            + \".....\u0026\u0026\u0026\u0026\u0026\u0026\u0026\u0026\u0026(((((((((((((((((((((((\u0026\u0026\u0026\u0026\u0026\u0026\u0026\u0026%%%%%%%%%%\u0026\u0026\u0026\u0026@@@@@\u0026\u0026\u0026\u0026\u0026\u0026\u0026\u0026\u0026@@@@@..\\n\"","lastModifiedDate":"2021-09-04"},{"lineNumber":24,"author":{"gitId":"titustortoiseturtle1999"},"content":"            + \".......\u0026\u0026\u0026\u0026\u0026\u0026\u0026\u0026\u0026\u0026\u0026\u0026\u0026\u0026\u0026\u0026\u0026\u0026\u0026\u0026\u0026\u0026\u0026\u0026\u0026\u0026\u0026\u0026\u0026\u0026\u0026\u0026\u0026\u0026\u0026\u0026%%%%%%%%%%%%\u0026\u0026\u0026\u0026@@@@@\u0026\u0026\u0026\u0026\u0026\u0026\u0026\u0026\u0026\u0026@@@@..\\n\"","lastModifiedDate":"2021-09-04"},{"lineNumber":25,"author":{"gitId":"titustortoiseturtle1999"},"content":"            + \"......,@@@@@\u0026\u0026\u0026\u0026\u0026\u0026\u0026\u0026\u0026\u0026\u0026\u0026\u0026\u0026\u0026\u0026\u0026\u0026\u0026\u0026\u0026\u0026\u0026\u0026\u0026\u0026\u0026\u0026%%%%%%%%%%%%%%%\u0026\u0026\u0026\u0026@@@@@\u0026\u0026\u0026\u0026\u0026\u0026\u0026\u0026\u0026%@@@@..\\n\"","lastModifiedDate":"2021-09-04"},{"lineNumber":26,"author":{"gitId":"titustortoiseturtle1999"},"content":"            + \"......#@@@@%%%%%%%%%%%%%%%%%%%%%%%%%%%%%%%%%%%%%%%%%%%%\u0026\u0026\u0026\u0026@@@@@\u0026\u0026\u0026\u0026\u0026\u0026\u0026\u0026\u0026\u0026@@@@#.\\n\"","lastModifiedDate":"2021-09-04"},{"lineNumber":27,"author":{"gitId":"titustortoiseturtle1999"},"content":"            + \"......\u0026@@@@%%%%%%%%%%%%%%%%%%%%%%%%%%%%%%%%%%%%%%%%%%%%\u0026\u0026\u0026\u0026@@@@@\u0026\u0026\u0026\u0026\u0026\u0026\u0026\u0026\u0026\u0026@@@@@.\\n\"","lastModifiedDate":"2021-09-04"},{"lineNumber":28,"author":{"gitId":"titustortoiseturtle1999"},"content":"            + \"......@@@@@\u0026%%%%%%%%%%%%%%%%%%%%%%%%%%%%%%%%%%%%%%%%%%\u0026\u0026\u0026\u0026\u0026@@@@@\u0026\u0026\u0026\u0026\u0026\u0026\u0026\u0026\u0026\u0026@@@@@.\\n\"","lastModifiedDate":"2021-09-04"},{"lineNumber":29,"author":{"gitId":"titustortoiseturtle1999"},"content":"            + \"......@@@@@\u0026%%%%%%%%%%%%%%%%%%%%%%%%%%%%%%%%%%%%%%%%%%\u0026\u0026\u0026\u0026\u0026@@@@@\u0026\u0026\u0026\u0026\u0026\u0026\u0026\u0026\u0026\u0026@@@@@.\\n\"","lastModifiedDate":"2021-09-04"},{"lineNumber":30,"author":{"gitId":"titustortoiseturtle1999"},"content":"            + \"......@@@@@\u0026\u0026%%%%%%%%%%%%%%     AMON GUS     %%%%%%%%\u0026\u0026\u0026\u0026\u0026\u0026@@@@@\u0026\u0026\u0026\u0026\u0026\u0026\u0026\u0026\u0026\u0026@@@@@.\\n\"","lastModifiedDate":"2021-09-04"},{"lineNumber":31,"author":{"gitId":"titustortoiseturtle1999"},"content":"            + \"......\u0026@@@@%\u0026\u0026%%%%%%%%%%%%%%%%%%%%%%%%%%%%%%%%%%%%%%\u0026\u0026\u0026\u0026\u0026\u0026\u0026@@@@@\u0026\u0026\u0026\u0026\u0026\u0026\u0026\u0026\u0026\u0026@@@@@.\\n\"","lastModifiedDate":"2021-09-04"},{"lineNumber":32,"author":{"gitId":"titustortoiseturtle1999"},"content":"            + \"....../@@@@\u0026\u0026\u0026\u0026%%%%%%%%%%%%%%%%%%%%%%%%%%%%%%%%%%%\u0026\u0026\u0026\u0026\u0026\u0026\u0026\u0026\u0026@@@@@\u0026\u0026\u0026\u0026\u0026\u0026\u0026\u0026\u0026%@@@@@.\\n\"","lastModifiedDate":"2021-09-04"},{"lineNumber":33,"author":{"gitId":"titustortoiseturtle1999"},"content":"            + \".......@@@@@\u0026\u0026\u0026\u0026\u0026%%%%%%%%%%%%%%%%%%%%%%%%%%%%%%\u0026\u0026\u0026\u0026\u0026\u0026\u0026\u0026\u0026\u0026\u0026\u0026@@@@@\u0026\u0026\u0026\u0026\u0026\u0026\u0026\u0026\u0026@@@@@@.\\n\"","lastModifiedDate":"2021-09-04"},{"lineNumber":34,"author":{"gitId":"titustortoiseturtle1999"},"content":"            + \".......@@@@@\u0026\u0026\u0026\u0026\u0026\u0026\u0026\u0026\u0026%%%%%%%%%%%%%%%%%%%%%%\u0026\u0026\u0026\u0026\u0026\u0026\u0026\u0026\u0026\u0026\u0026\u0026\u0026\u0026\u0026\u0026@@@@@\u0026\u0026\u0026\u0026\u0026\u0026\u0026\u0026\u0026@@@@@..\\n\"","lastModifiedDate":"2021-09-04"},{"lineNumber":35,"author":{"gitId":"titustortoiseturtle1999"},"content":"            + \".......@@@@@\u0026\u0026\u0026\u0026\u0026\u0026\u0026\u0026\u0026\u0026\u0026\u0026\u0026\u0026\u0026\u0026\u0026\u0026\u0026\u0026\u0026\u0026\u0026\u0026\u0026\u0026\u0026\u0026\u0026\u0026\u0026\u0026\u0026\u0026\u0026\u0026\u0026\u0026\u0026\u0026\u0026\u0026\u0026\u0026\u0026\u0026\u0026@@@@@\u0026\u0026\u0026\u0026\u0026\u0026\u0026\u0026\u0026@@@@@..\\n\"","lastModifiedDate":"2021-09-04"},{"lineNumber":36,"author":{"gitId":"titustortoiseturtle1999"},"content":"            + \".......*@@@@@\u0026\u0026\u0026\u0026\u0026\u0026\u0026\u0026\u0026\u0026\u0026\u0026\u0026\u0026\u0026\u0026\u0026\u0026\u0026\u0026\u0026\u0026\u0026\u0026\u0026\u0026\u0026\u0026\u0026\u0026\u0026\u0026\u0026\u0026\u0026\u0026\u0026\u0026\u0026\u0026\u0026\u0026\u0026\u0026\u0026\u0026@@@@@\u0026\u0026\u0026\u0026\u0026\u0026\u0026\u0026@@@@@...\";","lastModifiedDate":"2021-09-04"},{"lineNumber":37,"author":{"gitId":"titustortoiseturtle1999"},"content":"}","lastModifiedDate":"2021-09-04"}],"authorContributionMap":{"titustortoiseturtle1999":37}},{"path":"src/main/java/duke/Duke.java","fileType":"java","lines":[{"lineNumber":1,"author":{"gitId":"titustortoiseturtle1999"},"content":"package duke;","lastModifiedDate":"2021-09-04"},{"lineNumber":2,"author":{"gitId":"titustortoiseturtle1999"},"content":"","lastModifiedDate":"2021-09-04"},{"lineNumber":3,"author":{"gitId":"titustortoiseturtle1999"},"content":"import exception.NoDescriptionException;","lastModifiedDate":"2021-09-04"},{"lineNumber":4,"author":{"gitId":"titustortoiseturtle1999"},"content":"import task.Deadline;","lastModifiedDate":"2021-09-04"},{"lineNumber":5,"author":{"gitId":"titustortoiseturtle1999"},"content":"import task.Event;","lastModifiedDate":"2021-09-04"},{"lineNumber":6,"author":{"gitId":"titustortoiseturtle1999"},"content":"import task.Task;","lastModifiedDate":"2021-09-04"},{"lineNumber":7,"author":{"gitId":"titustortoiseturtle1999"},"content":"import task.ToDo;","lastModifiedDate":"2021-09-04"},{"lineNumber":8,"author":{"gitId":"titustortoiseturtle1999"},"content":"","lastModifiedDate":"2021-09-04"},{"lineNumber":9,"author":{"gitId":"titustortoiseturtle1999"},"content":"import java.util.Arrays;","lastModifiedDate":"2021-08-23"},{"lineNumber":10,"author":{"gitId":"titustortoiseturtle1999"},"content":"import java.util.Scanner;","lastModifiedDate":"2021-08-23"},{"lineNumber":11,"author":{"gitId":"titustortoiseturtle1999"},"content":"","lastModifiedDate":"2021-08-23"},{"lineNumber":12,"author":{"gitId":"titustortoiseturtle1999"},"content":"","lastModifiedDate":"2021-08-30"},{"lineNumber":13,"author":{"gitId":"titustortoiseturtle1999"},"content":"public class Duke {","lastModifiedDate":"2021-09-04"},{"lineNumber":14,"author":{"gitId":"titustortoiseturtle1999"},"content":"","lastModifiedDate":"2021-08-30"},{"lineNumber":15,"author":{"gitId":"titustortoiseturtle1999"},"content":"    public static final String LINE_SEPARATOR \u003d \"--------------------------------------------------------------\";","lastModifiedDate":"2021-09-04"},{"lineNumber":16,"author":{"gitId":"titustortoiseturtle1999"},"content":"","lastModifiedDate":"2021-08-24"},{"lineNumber":17,"author":{"gitId":"titustortoiseturtle1999"},"content":"    public static Task[] appendTask(Task[] list, Task task) {","lastModifiedDate":"2021-08-29"},{"lineNumber":18,"author":{"gitId":"titustortoiseturtle1999"},"content":"        Task[] newTasks \u003d Arrays.copyOf(list, list.length+1);","lastModifiedDate":"2021-08-24"},{"lineNumber":19,"author":{"gitId":"titustortoiseturtle1999"},"content":"        newTasks[list.length] \u003d task;","lastModifiedDate":"2021-08-29"},{"lineNumber":20,"author":{"gitId":"titustortoiseturtle1999"},"content":"        return newTasks;","lastModifiedDate":"2021-08-24"},{"lineNumber":21,"author":{"gitId":"titustortoiseturtle1999"},"content":"    }","lastModifiedDate":"2021-08-23"},{"lineNumber":22,"author":{"gitId":"titustortoiseturtle1999"},"content":"","lastModifiedDate":"2021-08-23"},{"lineNumber":23,"author":{"gitId":"titustortoiseturtle1999"},"content":"    public static void printTasks(Task[] tasks) {","lastModifiedDate":"2021-08-24"},{"lineNumber":24,"author":{"gitId":"titustortoiseturtle1999"},"content":"        if (tasks.length \u003d\u003d 0) {","lastModifiedDate":"2021-08-24"},{"lineNumber":25,"author":{"gitId":"titustortoiseturtle1999"},"content":"            System.out.println(\"Wow, a crewmate without tasks? That\u0027s rare\");","lastModifiedDate":"2021-08-24"},{"lineNumber":26,"author":{"gitId":"titustortoiseturtle1999"},"content":"        } else {","lastModifiedDate":"2021-08-24"},{"lineNumber":27,"author":{"gitId":"titustortoiseturtle1999"},"content":"            for (int i \u003d 0; i \u003c tasks.length; i++) {","lastModifiedDate":"2021-08-24"},{"lineNumber":28,"author":{"gitId":"titustortoiseturtle1999"},"content":"                System.out.println(i + 1 + \". \" + tasks[i].toString(true));","lastModifiedDate":"2021-08-29"},{"lineNumber":29,"author":{"gitId":"titustortoiseturtle1999"},"content":"            }","lastModifiedDate":"2021-08-24"},{"lineNumber":30,"author":{"gitId":"titustortoiseturtle1999"},"content":"        }","lastModifiedDate":"2021-08-23"},{"lineNumber":31,"author":{"gitId":"titustortoiseturtle1999"},"content":"    }","lastModifiedDate":"2021-08-23"},{"lineNumber":32,"author":{"gitId":"titustortoiseturtle1999"},"content":"","lastModifiedDate":"2021-08-23"},{"lineNumber":33,"author":{"gitId":"titustortoiseturtle1999"},"content":"    public static Deadline processDeadline(String line) {","lastModifiedDate":"2021-08-30"},{"lineNumber":34,"author":{"gitId":"titustortoiseturtle1999"},"content":"        int byIndex \u003d line.indexOf(\"#\");","lastModifiedDate":"2021-08-30"},{"lineNumber":35,"author":{"gitId":"titustortoiseturtle1999"},"content":"        String description \u003d line.substring(0, byIndex - 1);","lastModifiedDate":"2021-08-30"},{"lineNumber":36,"author":{"gitId":"titustortoiseturtle1999"},"content":"        description \u003d description.replace(\"deadline \", \"\");","lastModifiedDate":"2021-08-30"},{"lineNumber":37,"author":{"gitId":"titustortoiseturtle1999"},"content":"        return new Deadline(description, line.substring(byIndex + 1));","lastModifiedDate":"2021-09-04"},{"lineNumber":38,"author":{"gitId":"titustortoiseturtle1999"},"content":"    }","lastModifiedDate":"2021-08-30"},{"lineNumber":39,"author":{"gitId":"titustortoiseturtle1999"},"content":"","lastModifiedDate":"2021-08-30"},{"lineNumber":40,"author":{"gitId":"titustortoiseturtle1999"},"content":"    public static Event processEvent(String line) {","lastModifiedDate":"2021-08-30"},{"lineNumber":41,"author":{"gitId":"titustortoiseturtle1999"},"content":"        int byIndex \u003d line.indexOf(\"#\");","lastModifiedDate":"2021-08-30"},{"lineNumber":42,"author":{"gitId":"titustortoiseturtle1999"},"content":"        String description \u003d line.substring(0, byIndex - 1);","lastModifiedDate":"2021-08-30"},{"lineNumber":43,"author":{"gitId":"titustortoiseturtle1999"},"content":"        description \u003d description.replace(\"event \", \"\");","lastModifiedDate":"2021-08-30"},{"lineNumber":44,"author":{"gitId":"titustortoiseturtle1999"},"content":"        return new Event(description, line.substring(byIndex + 1));","lastModifiedDate":"2021-09-04"},{"lineNumber":45,"author":{"gitId":"titustortoiseturtle1999"},"content":"    }","lastModifiedDate":"2021-08-30"},{"lineNumber":46,"author":{"gitId":"titustortoiseturtle1999"},"content":"","lastModifiedDate":"2021-08-30"},{"lineNumber":47,"author":{"gitId":"titustortoiseturtle1999"},"content":"    public static Task[] addTask(Task[] tasks, String line, String[] commandParameters) {","lastModifiedDate":"2021-08-30"},{"lineNumber":48,"author":{"gitId":"titustortoiseturtle1999"},"content":"        switch (commandParameters[0]) {","lastModifiedDate":"2021-08-29"},{"lineNumber":49,"author":{"gitId":"titustortoiseturtle1999"},"content":"        case \"todo\": {","lastModifiedDate":"2021-08-29"},{"lineNumber":50,"author":{"gitId":"titustortoiseturtle1999"},"content":"            try {","lastModifiedDate":"2021-09-04"},{"lineNumber":51,"author":{"gitId":"titustortoiseturtle1999"},"content":"                if (commandParameters.length \u003c 2) {","lastModifiedDate":"2021-09-04"},{"lineNumber":52,"author":{"gitId":"titustortoiseturtle1999"},"content":"                    throw new NoDescriptionException();","lastModifiedDate":"2021-09-04"},{"lineNumber":53,"author":{"gitId":"titustortoiseturtle1999"},"content":"                }","lastModifiedDate":"2021-09-04"},{"lineNumber":54,"author":{"gitId":"titustortoiseturtle1999"},"content":"                String description \u003d line.replace(\"todo \", \"\");","lastModifiedDate":"2021-08-29"},{"lineNumber":55,"author":{"gitId":"titustortoiseturtle1999"},"content":"                ToDo newTodo \u003d new ToDo(description);","lastModifiedDate":"2021-09-04"},{"lineNumber":56,"author":{"gitId":"titustortoiseturtle1999"},"content":"                tasks \u003d appendTask(tasks, newTodo);","lastModifiedDate":"2021-09-04"},{"lineNumber":57,"author":{"gitId":"titustortoiseturtle1999"},"content":"                System.out.println(\"new ToDo assigned to you: \" + newTodo.getDescription());","lastModifiedDate":"2021-09-04"},{"lineNumber":58,"author":{"gitId":"titustortoiseturtle1999"},"content":"            } catch (NoDescriptionException e) {","lastModifiedDate":"2021-09-04"},{"lineNumber":59,"author":{"gitId":"titustortoiseturtle1999"},"content":"                System.out.println(\"Trying to assign an empty todo? The audacity.\");","lastModifiedDate":"2021-09-04"},{"lineNumber":60,"author":{"gitId":"titustortoiseturtle1999"},"content":"            }","lastModifiedDate":"2021-09-04"},{"lineNumber":61,"author":{"gitId":"titustortoiseturtle1999"},"content":"            break;","lastModifiedDate":"2021-08-29"},{"lineNumber":62,"author":{"gitId":"titustortoiseturtle1999"},"content":"        }","lastModifiedDate":"2021-08-29"},{"lineNumber":63,"author":{"gitId":"titustortoiseturtle1999"},"content":"        case \"deadline\": {","lastModifiedDate":"2021-08-29"},{"lineNumber":64,"author":{"gitId":"titustortoiseturtle1999"},"content":"            try {","lastModifiedDate":"2021-08-29"},{"lineNumber":65,"author":{"gitId":"titustortoiseturtle1999"},"content":"                if (commandParameters.length \u003c 2) {","lastModifiedDate":"2021-09-04"},{"lineNumber":66,"author":{"gitId":"titustortoiseturtle1999"},"content":"                    throw new NoDescriptionException();","lastModifiedDate":"2021-09-04"},{"lineNumber":67,"author":{"gitId":"titustortoiseturtle1999"},"content":"                }","lastModifiedDate":"2021-09-04"},{"lineNumber":68,"author":{"gitId":"titustortoiseturtle1999"},"content":"                Deadline newDeadline \u003d processDeadline(line);","lastModifiedDate":"2021-09-04"},{"lineNumber":69,"author":{"gitId":"titustortoiseturtle1999"},"content":"                tasks \u003d appendTask(tasks, newDeadline);","lastModifiedDate":"2021-09-04"},{"lineNumber":70,"author":{"gitId":"titustortoiseturtle1999"},"content":"                System.out.println(\"new Deadline assigned to you: \" + newDeadline);","lastModifiedDate":"2021-09-04"},{"lineNumber":71,"author":{"gitId":"titustortoiseturtle1999"},"content":"            } catch (Exception e) {","lastModifiedDate":"2021-08-29"},{"lineNumber":72,"author":{"gitId":"titustortoiseturtle1999"},"content":"                System.out.println(\"The Deadline format is: deadline \u003cname of deadline\u003e #\u003cdo by date\u003e\");","lastModifiedDate":"2021-08-29"},{"lineNumber":73,"author":{"gitId":"titustortoiseturtle1999"},"content":"            }","lastModifiedDate":"2021-08-29"},{"lineNumber":74,"author":{"gitId":"titustortoiseturtle1999"},"content":"            break;","lastModifiedDate":"2021-08-29"},{"lineNumber":75,"author":{"gitId":"titustortoiseturtle1999"},"content":"        }","lastModifiedDate":"2021-08-29"},{"lineNumber":76,"author":{"gitId":"titustortoiseturtle1999"},"content":"        case \"event\": {","lastModifiedDate":"2021-08-29"},{"lineNumber":77,"author":{"gitId":"titustortoiseturtle1999"},"content":"            try {","lastModifiedDate":"2021-08-29"},{"lineNumber":78,"author":{"gitId":"titustortoiseturtle1999"},"content":"                Event newEvent \u003d processEvent(line);","lastModifiedDate":"2021-08-30"},{"lineNumber":79,"author":{"gitId":"titustortoiseturtle1999"},"content":"                tasks \u003d appendTask(tasks, newEvent);","lastModifiedDate":"2021-08-29"},{"lineNumber":80,"author":{"gitId":"titustortoiseturtle1999"},"content":"                System.out.println(\"new Event assigned to you: \" + newEvent);","lastModifiedDate":"2021-09-04"},{"lineNumber":81,"author":{"gitId":"titustortoiseturtle1999"},"content":"            } catch (Exception e) {","lastModifiedDate":"2021-08-29"},{"lineNumber":82,"author":{"gitId":"titustortoiseturtle1999"},"content":"                System.out.println(\"The Event format is: event \u003cname of event\u003e #date and duration\");","lastModifiedDate":"2021-08-29"},{"lineNumber":83,"author":{"gitId":"titustortoiseturtle1999"},"content":"            }","lastModifiedDate":"2021-08-29"},{"lineNumber":84,"author":{"gitId":"titustortoiseturtle1999"},"content":"            break;","lastModifiedDate":"2021-08-29"},{"lineNumber":85,"author":{"gitId":"titustortoiseturtle1999"},"content":"        }","lastModifiedDate":"2021-08-29"},{"lineNumber":86,"author":{"gitId":"titustortoiseturtle1999"},"content":"        default: {","lastModifiedDate":"2021-08-29"},{"lineNumber":87,"author":{"gitId":"titustortoiseturtle1999"},"content":"            System.out.println(\"Not a command! Get your act together or the imposters are gonna win!\");","lastModifiedDate":"2021-09-04"},{"lineNumber":88,"author":{"gitId":"titustortoiseturtle1999"},"content":"        }","lastModifiedDate":"2021-08-29"},{"lineNumber":89,"author":{"gitId":"titustortoiseturtle1999"},"content":"        }","lastModifiedDate":"2021-08-29"},{"lineNumber":90,"author":{"gitId":"titustortoiseturtle1999"},"content":"        return tasks;","lastModifiedDate":"2021-08-29"},{"lineNumber":91,"author":{"gitId":"titustortoiseturtle1999"},"content":"    }","lastModifiedDate":"2021-08-29"},{"lineNumber":92,"author":{"gitId":"titustortoiseturtle1999"},"content":"","lastModifiedDate":"2021-08-29"},{"lineNumber":93,"author":{"gitId":"titustortoiseturtle1999"},"content":"    public static void showCommands() {","lastModifiedDate":"2021-08-23"},{"lineNumber":94,"author":{"gitId":"titustortoiseturtle1999"},"content":"        System.out.println(LINE_SEPARATOR);","lastModifiedDate":"2021-08-30"},{"lineNumber":95,"author":{"gitId":"titustortoiseturtle1999"},"content":"        System.out.println(\"bye: exit program\");","lastModifiedDate":"2021-08-23"},{"lineNumber":96,"author":{"gitId":"titustortoiseturtle1999"},"content":"        System.out.println(\"logo: display my logo again!\");","lastModifiedDate":"2021-08-24"},{"lineNumber":97,"author":{"gitId":"titustortoiseturtle1999"},"content":"        System.out.println(\"list: list your tasks\");","lastModifiedDate":"2021-08-23"},{"lineNumber":98,"author":{"gitId":"titustortoiseturtle1999"},"content":"        System.out.println(\"done: mark your tasks as done\\n- to mark item 2 as done, type \\\"done 2\\\"\");","lastModifiedDate":"2021-08-24"},{"lineNumber":99,"author":{"gitId":"titustortoiseturtle1999"},"content":"        System.out.println(\"undo: undo your marked tasks:\\n- to undo a marked task 2, type \\\"undo 2\\\"\");","lastModifiedDate":"2021-08-24"},{"lineNumber":100,"author":{"gitId":"titustortoiseturtle1999"},"content":"        System.out.println(\"Todos do not have a date attached to it\");","lastModifiedDate":"2021-08-29"},{"lineNumber":101,"author":{"gitId":"titustortoiseturtle1999"},"content":"        System.out.println(\"Deadlines are tasks to be done by a specific date\");","lastModifiedDate":"2021-08-29"},{"lineNumber":102,"author":{"gitId":"titustortoiseturtle1999"},"content":"        System.out.println(\"Events are tasks that start and end at specific times\");","lastModifiedDate":"2021-08-29"},{"lineNumber":103,"author":{"gitId":"titustortoiseturtle1999"},"content":"    }","lastModifiedDate":"2021-08-29"},{"lineNumber":104,"author":{"gitId":"titustortoiseturtle1999"},"content":"","lastModifiedDate":"2021-08-29"},{"lineNumber":105,"author":{"gitId":"titustortoiseturtle1999"},"content":"    public static void showProgressBar(Task[] tasks) {","lastModifiedDate":"2021-08-29"},{"lineNumber":106,"author":{"gitId":"titustortoiseturtle1999"},"content":"        int totalLength \u003d 20;","lastModifiedDate":"2021-08-29"},{"lineNumber":107,"author":{"gitId":"titustortoiseturtle1999"},"content":"        double completedTasks \u003d 0;","lastModifiedDate":"2021-08-29"},{"lineNumber":108,"author":{"gitId":"titustortoiseturtle1999"},"content":"        for (Task task : tasks) {","lastModifiedDate":"2021-08-29"},{"lineNumber":109,"author":{"gitId":"titustortoiseturtle1999"},"content":"            if (task.isDone()) {","lastModifiedDate":"2021-08-29"},{"lineNumber":110,"author":{"gitId":"titustortoiseturtle1999"},"content":"                completedTasks++;","lastModifiedDate":"2021-08-29"},{"lineNumber":111,"author":{"gitId":"titustortoiseturtle1999"},"content":"            }","lastModifiedDate":"2021-08-29"},{"lineNumber":112,"author":{"gitId":"titustortoiseturtle1999"},"content":"        }","lastModifiedDate":"2021-08-29"},{"lineNumber":113,"author":{"gitId":"titustortoiseturtle1999"},"content":"        int filledBoxes \u003d (int)((completedTasks/tasks.length) * totalLength);","lastModifiedDate":"2021-08-29"},{"lineNumber":114,"author":{"gitId":"titustortoiseturtle1999"},"content":"        for (int i \u003d 0; i \u003c filledBoxes; i++) {","lastModifiedDate":"2021-08-29"},{"lineNumber":115,"author":{"gitId":"titustortoiseturtle1999"},"content":"            System.out.print(\"⬛\");","lastModifiedDate":"2021-08-29"},{"lineNumber":116,"author":{"gitId":"titustortoiseturtle1999"},"content":"        }","lastModifiedDate":"2021-08-29"},{"lineNumber":117,"author":{"gitId":"titustortoiseturtle1999"},"content":"        for (int i \u003d filledBoxes; i \u003c totalLength; i++) {","lastModifiedDate":"2021-08-29"},{"lineNumber":118,"author":{"gitId":"titustortoiseturtle1999"},"content":"            System.out.print(\"⬜\");","lastModifiedDate":"2021-08-29"},{"lineNumber":119,"author":{"gitId":"titustortoiseturtle1999"},"content":"        }","lastModifiedDate":"2021-08-29"},{"lineNumber":120,"author":{"gitId":"titustortoiseturtle1999"},"content":"        System.out.println();","lastModifiedDate":"2021-09-04"},{"lineNumber":121,"author":{"gitId":"titustortoiseturtle1999"},"content":"    }","lastModifiedDate":"2021-08-24"},{"lineNumber":122,"author":{"gitId":"titustortoiseturtle1999"},"content":"","lastModifiedDate":"2021-08-24"},{"lineNumber":123,"author":{"gitId":"titustortoiseturtle1999"},"content":"    public static void markTask(String command, String stringIndex, Task[] tasks) {","lastModifiedDate":"2021-08-24"},{"lineNumber":124,"author":{"gitId":"titustortoiseturtle1999"},"content":"        int index;","lastModifiedDate":"2021-08-24"},{"lineNumber":125,"author":{"gitId":"titustortoiseturtle1999"},"content":"        try {","lastModifiedDate":"2021-08-24"},{"lineNumber":126,"author":{"gitId":"titustortoiseturtle1999"},"content":"            index \u003d Integer.parseInt(stringIndex);","lastModifiedDate":"2021-08-24"},{"lineNumber":127,"author":{"gitId":"titustortoiseturtle1999"},"content":"        } catch (NumberFormatException e) {","lastModifiedDate":"2021-08-24"},{"lineNumber":128,"author":{"gitId":"titustortoiseturtle1999"},"content":"            System.out.println(\"Not a valid task number!\");","lastModifiedDate":"2021-08-24"},{"lineNumber":129,"author":{"gitId":"titustortoiseturtle1999"},"content":"            return;","lastModifiedDate":"2021-08-24"},{"lineNumber":130,"author":{"gitId":"titustortoiseturtle1999"},"content":"        }","lastModifiedDate":"2021-08-24"},{"lineNumber":131,"author":{"gitId":"titustortoiseturtle1999"},"content":"        if (index \u003c\u003d tasks.length \u0026\u0026 index \u003e 0) {","lastModifiedDate":"2021-08-24"},{"lineNumber":132,"author":{"gitId":"titustortoiseturtle1999"},"content":"            if (command.equals(\"done\")) {","lastModifiedDate":"2021-08-24"},{"lineNumber":133,"author":{"gitId":"titustortoiseturtle1999"},"content":"                tasks[index - 1].setStatus(true);","lastModifiedDate":"2021-08-24"},{"lineNumber":134,"author":{"gitId":"titustortoiseturtle1999"},"content":"                System.out.println(\"One step closer to catching the Imposter!\");","lastModifiedDate":"2021-08-24"},{"lineNumber":135,"author":{"gitId":"titustortoiseturtle1999"},"content":"            } else {","lastModifiedDate":"2021-08-24"},{"lineNumber":136,"author":{"gitId":"titustortoiseturtle1999"},"content":"                tasks[index - 1].setStatus(false);","lastModifiedDate":"2021-08-24"},{"lineNumber":137,"author":{"gitId":"titustortoiseturtle1999"},"content":"                System.out.println(\"Oh no! The ship is falling apart!\");","lastModifiedDate":"2021-08-24"},{"lineNumber":138,"author":{"gitId":"titustortoiseturtle1999"},"content":"            }","lastModifiedDate":"2021-08-24"},{"lineNumber":139,"author":{"gitId":"titustortoiseturtle1999"},"content":"            showProgressBar(tasks);","lastModifiedDate":"2021-08-29"},{"lineNumber":140,"author":{"gitId":"titustortoiseturtle1999"},"content":"        } else {","lastModifiedDate":"2021-08-24"},{"lineNumber":141,"author":{"gitId":"titustortoiseturtle1999"},"content":"            System.out.println(\"task.Task not in list!\");","lastModifiedDate":"2021-09-04"},{"lineNumber":142,"author":{"gitId":"titustortoiseturtle1999"},"content":"        }","lastModifiedDate":"2021-08-23"},{"lineNumber":143,"author":{"gitId":"titustortoiseturtle1999"},"content":"    }","lastModifiedDate":"2021-08-24"},{"lineNumber":144,"author":{"gitId":"titustortoiseturtle1999"},"content":"    ","lastModifiedDate":"2021-08-24"},{"lineNumber":145,"author":{"gitId":"titustortoiseturtle1999"},"content":"    public static Task[] handleCommand(String line, Task[] tasks) {","lastModifiedDate":"2021-08-24"},{"lineNumber":146,"author":{"gitId":"titustortoiseturtle1999"},"content":"        String[] commandParameters \u003d line.split(\" \");","lastModifiedDate":"2021-08-24"},{"lineNumber":147,"author":{"gitId":"titustortoiseturtle1999"},"content":"        if (line.equals(\"list\")) {","lastModifiedDate":"2021-08-23"},{"lineNumber":148,"author":{"gitId":"titustortoiseturtle1999"},"content":"            printTasks(tasks);","lastModifiedDate":"2021-08-24"},{"lineNumber":149,"author":{"gitId":"titustortoiseturtle1999"},"content":"            showProgressBar(tasks);","lastModifiedDate":"2021-08-29"},{"lineNumber":150,"author":{"gitId":"titustortoiseturtle1999"},"content":"        } else if (line.equals(\"help\")) {","lastModifiedDate":"2021-08-23"},{"lineNumber":151,"author":{"gitId":"titustortoiseturtle1999"},"content":"            showCommands();","lastModifiedDate":"2021-08-23"},{"lineNumber":152,"author":{"gitId":"titustortoiseturtle1999"},"content":"        } else if ((commandParameters[0].equals(\"done\") || commandParameters[0].equals(\"undo\"))","lastModifiedDate":"2021-08-29"},{"lineNumber":153,"author":{"gitId":"titustortoiseturtle1999"},"content":"                \u0026\u0026 commandParameters.length \u003d\u003d 2) {","lastModifiedDate":"2021-08-29"},{"lineNumber":154,"author":{"gitId":"titustortoiseturtle1999"},"content":"            markTask(commandParameters[0], commandParameters[1], tasks);","lastModifiedDate":"2021-08-24"},{"lineNumber":155,"author":{"gitId":"titustortoiseturtle1999"},"content":"        } else if (line.equals(\"logo\")) {","lastModifiedDate":"2021-08-24"},{"lineNumber":156,"author":{"gitId":"titustortoiseturtle1999"},"content":"            System.out.println(ASCIIconstants.logo);","lastModifiedDate":"2021-09-04"},{"lineNumber":157,"author":{"gitId":"titustortoiseturtle1999"},"content":"        } else if (!line.equals(\"bye\")) {","lastModifiedDate":"2021-08-23"},{"lineNumber":158,"author":{"gitId":"titustortoiseturtle1999"},"content":"            tasks \u003d addTask(tasks, line, commandParameters);","lastModifiedDate":"2021-08-30"},{"lineNumber":159,"author":{"gitId":"titustortoiseturtle1999"},"content":"            System.out.println(\"You have \" + tasks.length + \" tasks\");","lastModifiedDate":"2021-08-29"},{"lineNumber":160,"author":{"gitId":"titustortoiseturtle1999"},"content":"        }","lastModifiedDate":"2021-08-23"},{"lineNumber":161,"author":{"gitId":"titustortoiseturtle1999"},"content":"        return tasks;","lastModifiedDate":"2021-08-24"},{"lineNumber":162,"author":{"gitId":"titustortoiseturtle1999"},"content":"    }","lastModifiedDate":"2021-08-23"},{"lineNumber":163,"author":{"gitId":"titustortoiseturtle1999"},"content":"","lastModifiedDate":"2021-08-24"},{"lineNumber":164,"author":{"gitId":"titustortoiseturtle1999"},"content":"    public static void readInput() {","lastModifiedDate":"2021-08-24"},{"lineNumber":165,"author":{"gitId":"titustortoiseturtle1999"},"content":"        Scanner in \u003d new Scanner(System.in);","lastModifiedDate":"2021-08-23"},{"lineNumber":166,"author":{"gitId":"titustortoiseturtle1999"},"content":"        String line \u003d \"\";","lastModifiedDate":"2021-08-23"},{"lineNumber":167,"author":{"gitId":"titustortoiseturtle1999"},"content":"        Task[] tasks \u003d new Task[]{};","lastModifiedDate":"2021-08-24"},{"lineNumber":168,"author":{"gitId":"titustortoiseturtle1999"},"content":"        while (!line.equals(\"bye\")) {","lastModifiedDate":"2021-08-23"},{"lineNumber":169,"author":{"gitId":"titustortoiseturtle1999"},"content":"            System.out.println(LINE_SEPARATOR);","lastModifiedDate":"2021-08-30"},{"lineNumber":170,"author":{"gitId":"titustortoiseturtle1999"},"content":"            System.out.println(\"To view my commands, type \\\"help\\\"\\nEnter a Todo, Deadline, or Event: \");","lastModifiedDate":"2021-08-29"},{"lineNumber":171,"author":{"gitId":"titustortoiseturtle1999"},"content":"            line \u003d in.nextLine();","lastModifiedDate":"2021-08-23"},{"lineNumber":172,"author":{"gitId":"titustortoiseturtle1999"},"content":"            tasks \u003d handleCommand(line, tasks);","lastModifiedDate":"2021-08-24"},{"lineNumber":173,"author":{"gitId":"titustortoiseturtle1999"},"content":"        }","lastModifiedDate":"2021-08-23"},{"lineNumber":174,"author":{"gitId":"titustortoiseturtle1999"},"content":"    }","lastModifiedDate":"2021-08-23"},{"lineNumber":175,"author":{"gitId":"titustortoiseturtle1999"},"content":"","lastModifiedDate":"2021-08-24"},{"lineNumber":176,"author":{"gitId":"titustortoiseturtle1999"},"content":"    public static void run() {","lastModifiedDate":"2021-08-30"},{"lineNumber":177,"author":{"gitId":"titustortoiseturtle1999"},"content":"        System.out.println(LINE_SEPARATOR);","lastModifiedDate":"2021-08-30"},{"lineNumber":178,"author":{"gitId":"titustortoiseturtle1999"},"content":"        System.out.println(\"I keep track of your crewmate tasks and find imposters! \\nHow can i help you?\");","lastModifiedDate":"2021-08-24"},{"lineNumber":179,"author":{"gitId":"titustortoiseturtle1999"},"content":"        readInput();","lastModifiedDate":"2021-08-24"},{"lineNumber":180,"author":{"gitId":"titustortoiseturtle1999"},"content":"        System.out.println(Helper.getRandomIntegerBetweenRange(0, 6) \u003d\u003d 1 ?","lastModifiedDate":"2021-09-04"},{"lineNumber":181,"author":{"gitId":"titustortoiseturtle1999"},"content":"                \"You\u0027re the imposter? （°0°） How could you!\" :","lastModifiedDate":"2021-08-24"},{"lineNumber":182,"author":{"gitId":"titustortoiseturtle1999"},"content":"                \"Yay we found the imposter! ヽ(^o^)ノ The ship is saved!\");","lastModifiedDate":"2021-08-24"},{"lineNumber":183,"author":{"gitId":"titustortoiseturtle1999"},"content":"    }","lastModifiedDate":"2021-08-13"},{"lineNumber":184,"author":{"gitId":"titustortoiseturtle1999"},"content":"","lastModifiedDate":"2021-08-24"},{"lineNumber":185,"author":{"gitId":"titustortoiseturtle1999"},"content":"","lastModifiedDate":"2021-09-04"},{"lineNumber":186,"author":{"gitId":"titustortoiseturtle1999"},"content":"    public static void main(String[] args) {","lastModifiedDate":"2021-08-24"},{"lineNumber":187,"author":{"gitId":"titustortoiseturtle1999"},"content":"        System.out.println(\"Hello! I\u0027m Amon Gus\");","lastModifiedDate":"2021-08-23"},{"lineNumber":188,"author":{"gitId":"titustortoiseturtle1999"},"content":"        System.out.println(ASCIIconstants.logo);","lastModifiedDate":"2021-09-04"},{"lineNumber":189,"author":{"gitId":"titustortoiseturtle1999"},"content":"        run();","lastModifiedDate":"2021-08-30"},{"lineNumber":190,"author":{"gitId":"-"},"content":"    }","lastModifiedDate":"2019-07-29"},{"lineNumber":191,"author":{"gitId":"-"},"content":"}","lastModifiedDate":"2019-07-29"}],"authorContributionMap":{"titustortoiseturtle1999":189,"-":2}},{"path":"src/main/java/duke/Helper.java","fileType":"java","lines":[{"lineNumber":1,"author":{"gitId":"titustortoiseturtle1999"},"content":"package duke;","lastModifiedDate":"2021-09-04"},{"lineNumber":2,"author":{"gitId":"titustortoiseturtle1999"},"content":"","lastModifiedDate":"2021-09-04"},{"lineNumber":3,"author":{"gitId":"titustortoiseturtle1999"},"content":"public class Helper {","lastModifiedDate":"2021-09-04"},{"lineNumber":4,"author":{"gitId":"titustortoiseturtle1999"},"content":"    private Helper() {","lastModifiedDate":"2021-09-04"},{"lineNumber":5,"author":{"gitId":"titustortoiseturtle1999"},"content":"    }","lastModifiedDate":"2021-09-04"},{"lineNumber":6,"author":{"gitId":"titustortoiseturtle1999"},"content":"    public static double getRandomIntegerBetweenRange(double min, double max){","lastModifiedDate":"2021-09-04"},{"lineNumber":7,"author":{"gitId":"titustortoiseturtle1999"},"content":"        return (int)(Math.random() * ((max-min) + 1)) + min;","lastModifiedDate":"2021-09-04"},{"lineNumber":8,"author":{"gitId":"titustortoiseturtle1999"},"content":"    }","lastModifiedDate":"2021-09-04"},{"lineNumber":9,"author":{"gitId":"titustortoiseturtle1999"},"content":"}","lastModifiedDate":"2021-09-04"}],"authorContributionMap":{"titustortoiseturtle1999":9}},{"path":"src/main/java/exception/NoDescriptionException.java","fileType":"java","lines":[{"lineNumber":1,"author":{"gitId":"titustortoiseturtle1999"},"content":"package exception;","lastModifiedDate":"2021-09-04"},{"lineNumber":2,"author":{"gitId":"titustortoiseturtle1999"},"content":"","lastModifiedDate":"2021-09-04"},{"lineNumber":3,"author":{"gitId":"titustortoiseturtle1999"},"content":"public class NoDescriptionException extends Exception{","lastModifiedDate":"2021-09-04"},{"lineNumber":4,"author":{"gitId":"titustortoiseturtle1999"},"content":"}","lastModifiedDate":"2021-09-04"}],"authorContributionMap":{"titustortoiseturtle1999":4}},{"path":"src/main/java/task/Deadline.java","fileType":"java","lines":[{"lineNumber":1,"author":{"gitId":"titustortoiseturtle1999"},"content":"package task;","lastModifiedDate":"2021-09-04"},{"lineNumber":2,"author":{"gitId":"titustortoiseturtle1999"},"content":"","lastModifiedDate":"2021-09-04"},{"lineNumber":3,"author":{"gitId":"titustortoiseturtle1999"},"content":"public class Deadline extends Task{","lastModifiedDate":"2021-08-29"},{"lineNumber":4,"author":{"gitId":"titustortoiseturtle1999"},"content":"    protected String by;","lastModifiedDate":"2021-08-29"},{"lineNumber":5,"author":{"gitId":"titustortoiseturtle1999"},"content":"    protected final String deadlineLabel \u003d \"[D]\";","lastModifiedDate":"2021-08-29"},{"lineNumber":6,"author":{"gitId":"titustortoiseturtle1999"},"content":"","lastModifiedDate":"2021-08-29"},{"lineNumber":7,"author":{"gitId":"titustortoiseturtle1999"},"content":"    public Deadline(String description, String by) {","lastModifiedDate":"2021-08-29"},{"lineNumber":8,"author":{"gitId":"titustortoiseturtle1999"},"content":"        super(description);","lastModifiedDate":"2021-08-29"},{"lineNumber":9,"author":{"gitId":"titustortoiseturtle1999"},"content":"        this.by \u003d by;","lastModifiedDate":"2021-08-29"},{"lineNumber":10,"author":{"gitId":"titustortoiseturtle1999"},"content":"    }","lastModifiedDate":"2021-08-29"},{"lineNumber":11,"author":{"gitId":"titustortoiseturtle1999"},"content":"","lastModifiedDate":"2021-08-29"},{"lineNumber":12,"author":{"gitId":"titustortoiseturtle1999"},"content":"    public String toString() {","lastModifiedDate":"2021-08-29"},{"lineNumber":13,"author":{"gitId":"titustortoiseturtle1999"},"content":"        return deadlineLabel + \" \" +  super.getDescription() + \" (by: \" + by + \")\";","lastModifiedDate":"2021-08-29"},{"lineNumber":14,"author":{"gitId":"titustortoiseturtle1999"},"content":"    }","lastModifiedDate":"2021-08-29"},{"lineNumber":15,"author":{"gitId":"titustortoiseturtle1999"},"content":"    @Override","lastModifiedDate":"2021-08-30"},{"lineNumber":16,"author":{"gitId":"titustortoiseturtle1999"},"content":"    public String toString(boolean showStatus) {","lastModifiedDate":"2021-08-29"},{"lineNumber":17,"author":{"gitId":"titustortoiseturtle1999"},"content":"        if (showStatus) {","lastModifiedDate":"2021-08-29"},{"lineNumber":18,"author":{"gitId":"titustortoiseturtle1999"},"content":"            return toString() + \" \" + getStatusIcon();","lastModifiedDate":"2021-08-29"},{"lineNumber":19,"author":{"gitId":"titustortoiseturtle1999"},"content":"        } else {","lastModifiedDate":"2021-08-29"},{"lineNumber":20,"author":{"gitId":"titustortoiseturtle1999"},"content":"            return toString();","lastModifiedDate":"2021-08-29"},{"lineNumber":21,"author":{"gitId":"titustortoiseturtle1999"},"content":"        }","lastModifiedDate":"2021-08-29"},{"lineNumber":22,"author":{"gitId":"titustortoiseturtle1999"},"content":"    }","lastModifiedDate":"2021-08-29"},{"lineNumber":23,"author":{"gitId":"titustortoiseturtle1999"},"content":"    public String getBy() {","lastModifiedDate":"2021-08-29"},{"lineNumber":24,"author":{"gitId":"titustortoiseturtle1999"},"content":"        return by;","lastModifiedDate":"2021-08-29"},{"lineNumber":25,"author":{"gitId":"titustortoiseturtle1999"},"content":"    }","lastModifiedDate":"2021-08-29"},{"lineNumber":26,"author":{"gitId":"titustortoiseturtle1999"},"content":"}","lastModifiedDate":"2021-08-29"}],"authorContributionMap":{"titustortoiseturtle1999":26}},{"path":"src/main/java/task/Event.java","fileType":"java","lines":[{"lineNumber":1,"author":{"gitId":"titustortoiseturtle1999"},"content":"package task;","lastModifiedDate":"2021-09-04"},{"lineNumber":2,"author":{"gitId":"titustortoiseturtle1999"},"content":"","lastModifiedDate":"2021-09-04"},{"lineNumber":3,"author":{"gitId":"titustortoiseturtle1999"},"content":"public class Event extends Task{","lastModifiedDate":"2021-08-29"},{"lineNumber":4,"author":{"gitId":"titustortoiseturtle1999"},"content":"    private String at;","lastModifiedDate":"2021-08-29"},{"lineNumber":5,"author":{"gitId":"titustortoiseturtle1999"},"content":"    private final String eventLabel \u003d \"[E]\";","lastModifiedDate":"2021-08-29"},{"lineNumber":6,"author":{"gitId":"titustortoiseturtle1999"},"content":"","lastModifiedDate":"2021-08-29"},{"lineNumber":7,"author":{"gitId":"titustortoiseturtle1999"},"content":"    public Event(String description, String at) {","lastModifiedDate":"2021-08-29"},{"lineNumber":8,"author":{"gitId":"titustortoiseturtle1999"},"content":"        super(description);","lastModifiedDate":"2021-08-29"},{"lineNumber":9,"author":{"gitId":"titustortoiseturtle1999"},"content":"        this.at \u003d at;","lastModifiedDate":"2021-08-29"},{"lineNumber":10,"author":{"gitId":"titustortoiseturtle1999"},"content":"    }","lastModifiedDate":"2021-08-29"},{"lineNumber":11,"author":{"gitId":"titustortoiseturtle1999"},"content":"    @Override","lastModifiedDate":"2021-08-29"},{"lineNumber":12,"author":{"gitId":"titustortoiseturtle1999"},"content":"    public String toString() {","lastModifiedDate":"2021-08-29"},{"lineNumber":13,"author":{"gitId":"titustortoiseturtle1999"},"content":"        return eventLabel + \" \" + super.getDescription() + \" (at: \" + this.at + \")\";","lastModifiedDate":"2021-08-29"},{"lineNumber":14,"author":{"gitId":"titustortoiseturtle1999"},"content":"    }","lastModifiedDate":"2021-08-29"},{"lineNumber":15,"author":{"gitId":"titustortoiseturtle1999"},"content":"    public String toString(boolean showStatus) {","lastModifiedDate":"2021-08-29"},{"lineNumber":16,"author":{"gitId":"titustortoiseturtle1999"},"content":"        if (showStatus) {","lastModifiedDate":"2021-08-29"},{"lineNumber":17,"author":{"gitId":"titustortoiseturtle1999"},"content":"            return toString() + \" \" + getStatusIcon();","lastModifiedDate":"2021-08-29"},{"lineNumber":18,"author":{"gitId":"titustortoiseturtle1999"},"content":"        } else {","lastModifiedDate":"2021-08-29"},{"lineNumber":19,"author":{"gitId":"titustortoiseturtle1999"},"content":"            return toString();","lastModifiedDate":"2021-08-29"},{"lineNumber":20,"author":{"gitId":"titustortoiseturtle1999"},"content":"        }","lastModifiedDate":"2021-08-29"},{"lineNumber":21,"author":{"gitId":"titustortoiseturtle1999"},"content":"    }","lastModifiedDate":"2021-08-29"},{"lineNumber":22,"author":{"gitId":"titustortoiseturtle1999"},"content":"","lastModifiedDate":"2021-08-29"},{"lineNumber":23,"author":{"gitId":"titustortoiseturtle1999"},"content":"","lastModifiedDate":"2021-08-29"},{"lineNumber":24,"author":{"gitId":"titustortoiseturtle1999"},"content":"    public String getAt() {","lastModifiedDate":"2021-08-29"},{"lineNumber":25,"author":{"gitId":"titustortoiseturtle1999"},"content":"        return this.at;","lastModifiedDate":"2021-08-29"},{"lineNumber":26,"author":{"gitId":"titustortoiseturtle1999"},"content":"    }","lastModifiedDate":"2021-08-29"},{"lineNumber":27,"author":{"gitId":"titustortoiseturtle1999"},"content":"}","lastModifiedDate":"2021-08-29"}],"authorContributionMap":{"titustortoiseturtle1999":27}},{"path":"src/main/java/task/Task.java","fileType":"java","lines":[{"lineNumber":1,"author":{"gitId":"titustortoiseturtle1999"},"content":"package task;","lastModifiedDate":"2021-09-04"},{"lineNumber":2,"author":{"gitId":"titustortoiseturtle1999"},"content":"","lastModifiedDate":"2021-09-04"},{"lineNumber":3,"author":{"gitId":"titustortoiseturtle1999"},"content":"public class Task {","lastModifiedDate":"2021-08-24"},{"lineNumber":4,"author":{"gitId":"titustortoiseturtle1999"},"content":"    protected String description;","lastModifiedDate":"2021-08-24"},{"lineNumber":5,"author":{"gitId":"titustortoiseturtle1999"},"content":"    protected boolean isDone;","lastModifiedDate":"2021-08-24"},{"lineNumber":6,"author":{"gitId":"titustortoiseturtle1999"},"content":"","lastModifiedDate":"2021-08-24"},{"lineNumber":7,"author":{"gitId":"titustortoiseturtle1999"},"content":"    public Task (String description) {","lastModifiedDate":"2021-08-24"},{"lineNumber":8,"author":{"gitId":"titustortoiseturtle1999"},"content":"        this.description \u003d description;","lastModifiedDate":"2021-08-24"},{"lineNumber":9,"author":{"gitId":"titustortoiseturtle1999"},"content":"        this.isDone \u003d false;","lastModifiedDate":"2021-08-24"},{"lineNumber":10,"author":{"gitId":"titustortoiseturtle1999"},"content":"    }","lastModifiedDate":"2021-08-24"},{"lineNumber":11,"author":{"gitId":"titustortoiseturtle1999"},"content":"","lastModifiedDate":"2021-08-24"},{"lineNumber":12,"author":{"gitId":"titustortoiseturtle1999"},"content":"    public String getStatusIcon() {","lastModifiedDate":"2021-08-24"},{"lineNumber":13,"author":{"gitId":"titustortoiseturtle1999"},"content":"        return (isDone ? \"✓\" : \" \");","lastModifiedDate":"2021-08-24"},{"lineNumber":14,"author":{"gitId":"titustortoiseturtle1999"},"content":"    }","lastModifiedDate":"2021-08-24"},{"lineNumber":15,"author":{"gitId":"titustortoiseturtle1999"},"content":"","lastModifiedDate":"2021-08-24"},{"lineNumber":16,"author":{"gitId":"titustortoiseturtle1999"},"content":"    public void setStatus(boolean update) {","lastModifiedDate":"2021-08-24"},{"lineNumber":17,"author":{"gitId":"titustortoiseturtle1999"},"content":"        this.isDone \u003d update;","lastModifiedDate":"2021-08-24"},{"lineNumber":18,"author":{"gitId":"titustortoiseturtle1999"},"content":"    }","lastModifiedDate":"2021-08-24"},{"lineNumber":19,"author":{"gitId":"titustortoiseturtle1999"},"content":"","lastModifiedDate":"2021-08-24"},{"lineNumber":20,"author":{"gitId":"titustortoiseturtle1999"},"content":"    public String getDescription() {","lastModifiedDate":"2021-08-24"},{"lineNumber":21,"author":{"gitId":"titustortoiseturtle1999"},"content":"        return this.description;","lastModifiedDate":"2021-08-24"},{"lineNumber":22,"author":{"gitId":"titustortoiseturtle1999"},"content":"    }","lastModifiedDate":"2021-08-24"},{"lineNumber":23,"author":{"gitId":"titustortoiseturtle1999"},"content":"","lastModifiedDate":"2021-08-29"},{"lineNumber":24,"author":{"gitId":"titustortoiseturtle1999"},"content":"    public boolean isDone() {","lastModifiedDate":"2021-08-29"},{"lineNumber":25,"author":{"gitId":"titustortoiseturtle1999"},"content":"        return isDone;","lastModifiedDate":"2021-08-29"},{"lineNumber":26,"author":{"gitId":"titustortoiseturtle1999"},"content":"    }","lastModifiedDate":"2021-08-29"},{"lineNumber":27,"author":{"gitId":"titustortoiseturtle1999"},"content":"","lastModifiedDate":"2021-08-29"},{"lineNumber":28,"author":{"gitId":"titustortoiseturtle1999"},"content":"    public String toString(boolean showStatus) {","lastModifiedDate":"2021-08-29"},{"lineNumber":29,"author":{"gitId":"titustortoiseturtle1999"},"content":"        if (showStatus) {","lastModifiedDate":"2021-08-29"},{"lineNumber":30,"author":{"gitId":"titustortoiseturtle1999"},"content":"            return this.getDescription() + \" \" + getStatusIcon();","lastModifiedDate":"2021-08-29"},{"lineNumber":31,"author":{"gitId":"titustortoiseturtle1999"},"content":"        } else {","lastModifiedDate":"2021-08-29"},{"lineNumber":32,"author":{"gitId":"titustortoiseturtle1999"},"content":"            return this.getDescription();","lastModifiedDate":"2021-08-29"},{"lineNumber":33,"author":{"gitId":"titustortoiseturtle1999"},"content":"        }","lastModifiedDate":"2021-08-29"},{"lineNumber":34,"author":{"gitId":"titustortoiseturtle1999"},"content":"    }","lastModifiedDate":"2021-08-29"},{"lineNumber":35,"author":{"gitId":"titustortoiseturtle1999"},"content":"}","lastModifiedDate":"2021-08-24"}],"authorContributionMap":{"titustortoiseturtle1999":35}},{"path":"src/main/java/task/ToDo.java","fileType":"java","lines":[{"lineNumber":1,"author":{"gitId":"titustortoiseturtle1999"},"content":"package task;","lastModifiedDate":"2021-09-04"},{"lineNumber":2,"author":{"gitId":"titustortoiseturtle1999"},"content":"","lastModifiedDate":"2021-09-04"},{"lineNumber":3,"author":{"gitId":"titustortoiseturtle1999"},"content":"public class ToDo extends Task{","lastModifiedDate":"2021-08-29"},{"lineNumber":4,"author":{"gitId":"titustortoiseturtle1999"},"content":"    private final String todoLabel \u003d \"[T]\";","lastModifiedDate":"2021-08-29"},{"lineNumber":5,"author":{"gitId":"titustortoiseturtle1999"},"content":"","lastModifiedDate":"2021-08-29"},{"lineNumber":6,"author":{"gitId":"titustortoiseturtle1999"},"content":"    public ToDo(String description) {","lastModifiedDate":"2021-08-29"},{"lineNumber":7,"author":{"gitId":"titustortoiseturtle1999"},"content":"        super(description);","lastModifiedDate":"2021-08-29"},{"lineNumber":8,"author":{"gitId":"titustortoiseturtle1999"},"content":"    }","lastModifiedDate":"2021-08-29"},{"lineNumber":9,"author":{"gitId":"titustortoiseturtle1999"},"content":"    @Override","lastModifiedDate":"2021-08-29"},{"lineNumber":10,"author":{"gitId":"titustortoiseturtle1999"},"content":"    public String toString(boolean showStatus) {","lastModifiedDate":"2021-08-29"},{"lineNumber":11,"author":{"gitId":"titustortoiseturtle1999"},"content":"        return todoLabel + \" \" + super.toString(showStatus);","lastModifiedDate":"2021-08-29"},{"lineNumber":12,"author":{"gitId":"titustortoiseturtle1999"},"content":"    }","lastModifiedDate":"2021-08-29"},{"lineNumber":13,"author":{"gitId":"titustortoiseturtle1999"},"content":"}","lastModifiedDate":"2021-08-29"}],"authorContributionMap":{"titustortoiseturtle1999":13}},{"path":"text-ui-test/input.txt","fileType":"txt","lines":[{"lineNumber":1,"author":{"gitId":"titustortoiseturtle1999"},"content":"bye","lastModifiedDate":"2021-08-29"}],"authorContributionMap":{"titustortoiseturtle1999":1}},{"path":"text-ui-test/runtest.bat","fileType":"bat","lines":[{"lineNumber":1,"author":{"gitId":"-"},"content":"@ECHO OFF","lastModifiedDate":"2020-05-25"},{"lineNumber":2,"author":{"gitId":"-"},"content":"","lastModifiedDate":"2020-05-25"},{"lineNumber":3,"author":{"gitId":"-"},"content":"REM create bin directory if it doesn\u0027t exist","lastModifiedDate":"2020-05-25"},{"lineNumber":4,"author":{"gitId":"-"},"content":"if not exist ..\\bin mkdir ..\\bin","lastModifiedDate":"2020-05-25"},{"lineNumber":5,"author":{"gitId":"-"},"content":"","lastModifiedDate":"2020-05-25"},{"lineNumber":6,"author":{"gitId":"-"},"content":"REM delete output from previous run","lastModifiedDate":"2020-05-25"},{"lineNumber":7,"author":{"gitId":"-"},"content":"if exist ACTUAL.TXT del ACTUAL.TXT","lastModifiedDate":"2020-08-25"},{"lineNumber":8,"author":{"gitId":"-"},"content":"","lastModifiedDate":"2020-05-25"},{"lineNumber":9,"author":{"gitId":"-"},"content":"REM compile the code into the bin folder","lastModifiedDate":"2020-05-25"},{"lineNumber":10,"author":{"gitId":"-"},"content":"javac  -cp ..\\src\\main\\java -Xlint:none -d ..\\bin ..\\src\\main\\java\\*.java","lastModifiedDate":"2020-08-25"},{"lineNumber":11,"author":{"gitId":"-"},"content":"IF ERRORLEVEL 1 (","lastModifiedDate":"2020-05-25"},{"lineNumber":12,"author":{"gitId":"-"},"content":"    echo ********** BUILD FAILURE **********","lastModifiedDate":"2020-05-25"},{"lineNumber":13,"author":{"gitId":"-"},"content":"    exit /b 1","lastModifiedDate":"2020-05-25"},{"lineNumber":14,"author":{"gitId":"-"},"content":")","lastModifiedDate":"2020-05-25"},{"lineNumber":15,"author":{"gitId":"-"},"content":"REM no error here, errorlevel \u003d\u003d 0","lastModifiedDate":"2020-05-25"},{"lineNumber":16,"author":{"gitId":"-"},"content":"","lastModifiedDate":"2020-05-25"},{"lineNumber":17,"author":{"gitId":"-"},"content":"REM run the program, feed commands from input.txt file and redirect the output to the ACTUAL.TXT","lastModifiedDate":"2020-05-25"},{"lineNumber":18,"author":{"gitId":"titustortoiseturtle1999"},"content":"java -classpath ..\\bin duke.Duke \u003c input.txt \u003e ACTUAL.TXT","lastModifiedDate":"2021-09-04"},{"lineNumber":19,"author":{"gitId":"-"},"content":"","lastModifiedDate":"2020-05-25"},{"lineNumber":20,"author":{"gitId":"-"},"content":"REM compare the output to the expected output","lastModifiedDate":"2020-05-25"},{"lineNumber":21,"author":{"gitId":"-"},"content":"FC ACTUAL.TXT EXPECTED.TXT","lastModifiedDate":"2020-05-25"}],"authorContributionMap":{"titustortoiseturtle1999":1,"-":20}}]
