{"authorDailyContributionsMap":{"titustortoiseturtle1999":[{"date":"2021-08-13","commitResults":[{"hash":"ba3cdbb6c7f4267981edf445d1636a05624c5533","messageTitle":"add greet function","messageBody":"","fileTypesAndContributionMap":{"java":{"insertions":8,"deletions":0}}}]},{"date":"2021-08-23","commitResults":[{"hash":"5b02000a029908dbe7fda1fcf7003984fc428912","messageTitle":"Include echo functionality","messageBody":"","fileTypesAndContributionMap":{"java":{"insertions":33,"deletions":8},"md":{"insertions":1,"deletions":0}}},{"hash":"73dd11d77aa6b8150a8bebebdecf5e607df0318b","messageTitle":"add list and help commands","messageBody":"","fileTypesAndContributionMap":{"java":{"insertions":39,"deletions":6}}}]},{"date":"2021-08-24","commitResults":[{"hash":"57f6f9090aa94bd14d715e45d7d6286cf6817457","messageTitle":"add done, undo and logo commands","messageBody":"","fileTypesAndContributionMap":{"java":{"insertions":82,"deletions":21}}},{"hash":"7ba63d326623a559e444973ec482724ad9972d93","messageTitle":"Follow coding standard","messageBody":"","fileTypesAndContributionMap":{"java":{"insertions":60,"deletions":42}}}]}]},"authorFileTypeContributionMap":{"titustortoiseturtle1999":{"java":151,"md":1,"fxml":0,"sh":0,"bat":0,"gradle":0,"txt":0}},"authorContributionVariance":{"titustortoiseturtle1999":221.85855},"authorDisplayNameMap":{"titustortoiseturtle1999":"CS2113T-T09-2 NG C..ITUS"}}
