{"authorDailyContributionsMap":{"bernardboey":[{"date":"2021-08-19","commitResults":[{"hash":"5d002c5c4112b72e5af3b86855303182cdbef022","messageTitle":"Add greeting and exit messages","messageBody":"","tags":["Level-0"],"fileTypesAndContributionMap":{"java":{"insertions":18,"deletions":6}}}]},{"date":"2021-08-24","commitResults":[{"hash":"cbcc093fcfedba962dd24fa9f857a9db7dfaff4b","messageTitle":"Add support for echoing commands and indentation","messageBody":"","tags":["Level-1"],"fileTypesAndContributionMap":{"java":{"insertions":34,"deletions":8}}},{"hash":"2b6b1d935f5d24b57ab5bd0db0d65141d780f9e4","messageTitle":"Add support for storing and displaying a list of items","messageBody":"","tags":["Level-2"],"fileTypesAndContributionMap":{"java":{"insertions":36,"deletions":13}}},{"hash":"0868217f8a8b44f344d3fe68b8e3182c1bc9e48e","messageTitle":"Add Task class and integrate with Duke","messageBody":"","tags":["A-Classes"],"fileTypesAndContributionMap":{"java":{"insertions":35,"deletions":14}}},{"hash":"65f6d273ef7662db4402eeaaef90fc279fd0ab39","messageTitle":"Add support for marking tasks as done","messageBody":"","tags":["Level-3"],"fileTypesAndContributionMap":{"java":{"insertions":24,"deletions":9}}},{"hash":"87524cf61632018d653c9dd9523063691a9e4521","messageTitle":"Add Javadoc comments and conform to coding standard","messageBody":"","tags":["A-CodingStandard"],"fileTypesAndContributionMap":{"java":{"insertions":52,"deletions":15}}}]},{"date":"2021-08-26","commitResults":[{"hash":"c45e6acf6531fbc841bf30b493c09e5bd6e7cee8","messageTitle":"Implement Todo, Deadline, and Event classes","messageBody":"","tags":["A-Inheritance"],"fileTypesAndContributionMap":{"java":{"insertions":44,"deletions":0}}}]}]},"authorFileTypeContributionMap":{"bernardboey":{"java":184,"md":0,"fxml":0,"sh":0,"bat":0,"gradle":0,"txt":0}},"authorContributionVariance":{"bernardboey":266.46652},"authorDisplayNameMap":{"bernardboey":"CS2113-T16-3 BERN..CHEN"}}
