{"authorDailyContributionsMap":{"justinfidelis":[{"date":"2021-08-15","commitResults":[{"hash":"d95cf1526c24d763c227e859a1dac8110713e4b2","messageTitle":"Add Increment: Level 0 Greet","messageBody":"","fileTypesAndContributionMap":{"java":{"insertions":20,"deletions":0}}}]},{"date":"2021-08-21","commitResults":[{"hash":"465a8b01fd8eebedf26fc5575aae9c1ec7e52242","messageTitle":"Add Increment: Level 1 Greet, Echo, Exit","messageBody":"","tags":["Level-1"],"fileTypesAndContributionMap":{"java":{"insertions":29,"deletions":4}}},{"hash":"e6f29f1c999f15eb27b1533229f685d1a9b992f0","messageTitle":"Add Increment: Level 2 Add, List","messageBody":"","tags":["Level-2"],"fileTypesAndContributionMap":{"java":{"insertions":21,"deletions":4}}},{"hash":"ecaed03c9d622463ded51a2c4d5c80a94481f1cf","messageTitle":"Add Increment: Level 3 Mark as Done","messageBody":"","tags":["Level-3"],"fileTypesAndContributionMap":{"java":{"insertions":49,"deletions":6}}}]},{"date":"2021-08-28","commitResults":[{"hash":"f554fc0a8028d8904fb77d2ca477efe4d3a3e06f","messageTitle":"Added comments","messageBody":"","fileTypesAndContributionMap":{"java":{"insertions":44,"deletions":6}}},{"hash":"a3915e8357cd77a86acfcadb0cee1139127bc50f","messageTitle":"Add Increment: A-CodingStandard","messageBody":"","tags":["A-CodingStandard"],"fileTypesAndContributionMap":{"java":{"insertions":15,"deletions":15}}},{"hash":"16d408690dfdfe78f0d301178752a9e758ff7663","messageTitle":"Add Increment: Level 4 ToDo, Event, Deadline; A-Inheritance","messageBody":"","tags":["Level-4"],"fileTypesAndContributionMap":{"java":{"insertions":161,"deletions":31}}},{"hash":"13535b2ff5abf5bf7a4ec2b7d852a0ebc0ec1177","messageTitle":"Fix scanner method","messageBody":"","fileTypesAndContributionMap":{"java":{"insertions":3,"deletions":3}}},{"hash":"f4dcd2babf1fca9695e83ab3ca3c229e81236efb","messageTitle":"Modified files for automated testing","messageBody":"","tags":["A-TextUiTesting"],"fileTypesAndContributionMap":{"txt":{"insertions":9,"deletions":0}}},{"hash":"df44e5e11f3feea227d79216ae51e1b4e88438c8","messageTitle":"Add Increment: A-CodeQuality","messageBody":"","tags":["A-CodeQuality"],"fileTypesAndContributionMap":{"java":{"insertions":20,"deletions":14}}}]},{"date":"2021-09-04","commitResults":[{"hash":"fb5eaeaf86cba91d73b6d8e8b275f83dc92156a1","messageTitle":"Slight renaming","messageBody":"","fileTypesAndContributionMap":{"java":{"insertions":3,"deletions":8}}},{"hash":"52613ea357548b362d11938cb3f11ceae8c1bb14","messageTitle":"Add Increment: Level 5 Handle Errors","messageBody":"Also added CommandParser class and Command superclass","fileTypesAndContributionMap":{"txt":{"insertions":12,"deletions":1},"java":{"insertions":160,"deletions":83}}},{"hash":"a5697b4170a5a3b8e6fdabd6e123213515c9fc99","messageTitle":"Added JavaDoc","messageBody":"","fileTypesAndContributionMap":{"java":{"insertions":84,"deletions":7}}},{"hash":"45f058d1ba4619da34f05da2abf781d5e41728c4","messageTitle":"Add Increment: A-Packages","messageBody":"","fileTypesAndContributionMap":{"java":{"insertions":28,"deletions":0},"bat":{"insertions":2,"deletions":2}}}]},{"date":"2021-09-05","commitResults":[{"hash":"62149851d18cbca00d8f9879bdbf52dad49d0209","messageTitle":"Sorted Task and Command classes into packages","messageBody":"","tags":["A-Packages"],"fileTypesAndContributionMap":{"java":{"insertions":36,"deletions":9},"bat":{"insertions":2,"deletions":2}}}]},{"date":"2021-09-11","commitResults":[{"hash":"95a76a56696531cc048ed30b8f7452fb9b0f271f","messageTitle":"Minor formatting changes","messageBody":"","tags":["v0.1"],"fileTypesAndContributionMap":{"java":{"insertions":2,"deletions":2},"bat":{"insertions":1,"deletions":1}}}]}]},"authorFileTypeContributionMap":{"justinfidelis":{"java":483,"md":0,"fxml":0,"sh":0,"bat":1,"gradle":0,"txt":20}},"authorContributionVariance":{"justinfidelis":1114.0814},"authorDisplayNameMap":{"justinfidelis":"CS2113-T13-1 JUST.. WEN"}}
