{"authorDailyContributionsMap":{"aditichadha1310":[{"date":"2021-08-19","commitResults":[{"hash":"a348f6e90d7f87f77630da29a2d9300ba754d387","messageTitle":"Level-0","messageBody":"","fileTypesAndContributionMap":{"java":{"insertions":3,"deletions":0}}}]},{"date":"2021-08-24","commitResults":[{"hash":"790db41105d6b95dfba6739f6b4308fb8a8c23de","messageTitle":"Level-1","messageBody":"Greet, Echo, Exit\n","tags":["Level-1"],"fileTypesAndContributionMap":{"java":{"insertions":23,"deletions":6}}},{"hash":"e03b5e7ccd407d911d1b97645dd77380483020ef","messageTitle":"Level-2","messageBody":"Add, List\n","tags":["Level-2"],"fileTypesAndContributionMap":{"java":{"insertions":22,"deletions":3}}},{"hash":"721e955084b5e7bd793ef3fc3a8e4b3db78e6680","messageTitle":"Level-3","messageBody":"Mark as Done\n","tags":["Level-3"],"fileTypesAndContributionMap":{"java":{"insertions":64,"deletions":14}}},{"hash":"775bf390ee21f595d9850ce8be336ce79a6dbd85","messageTitle":"A-CodingStandard","messageBody":"A - Coding Standard\n","tags":["A-CodingStandard"],"fileTypesAndContributionMap":{"java":{"insertions":2,"deletions":0}}}]},{"date":"2021-08-31","commitResults":[{"hash":"b146d9904db1ec86568560fe8c1aadd7c9fda466","messageTitle":"Level-4","messageBody":"ToDos, Events, Deadlines\n","tags":["Level-4"],"fileTypesAndContributionMap":{"java":{"insertions":129,"deletions":41}}},{"hash":"8335be329cb94c36371a050f2c7cc288adbac96c","messageTitle":"A-TextUiTesting","messageBody":"Automated Text UI Testing\n","tags":["A-TextUiTesting"],"fileTypesAndContributionMap":{"txt":{"insertions":6,"deletions":0},"java":{"insertions":15,"deletions":18},"bat":{"insertions":1,"deletions":1}}},{"hash":"29ae03abb0370f39bd3254ffacbff9399a1589f4","messageTitle":"A-CodeQuality","messageBody":"Improved Code Quality\n","tags":["A-CodeQuality"],"fileTypesAndContributionMap":{"java":{"insertions":116,"deletions":2}}}]},{"date":"2021-09-06","commitResults":[{"hash":"281066476b84f364ac4046f78d8eb82a614fec11","messageTitle":"Improved Code","messageBody":"Improved Code\n","fileTypesAndContributionMap":{"java":{"insertions":14,"deletions":6}}}]},{"date":"2021-09-07","commitResults":[{"hash":"cf8ec30f9e4e7544ec96cd6f139bec44f697e086","messageTitle":"A-Exceptions","messageBody":"Handled errors\n","tags":["A-Exceptions"],"fileTypesAndContributionMap":{"java":{"insertions":65,"deletions":27}}},{"hash":"209c4d336b511d8d4de3867c2fb2f60714ffd69e","messageTitle":"A-Packages","messageBody":"A-Packages\n","tags":["A-Packages"],"fileTypesAndContributionMap":{"java":{"insertions":14,"deletions":0},"bat":{"insertions":2,"deletions":2},"sh":{"insertions":3,"deletions":3}}},{"hash":"7ed4e48dd10637fb2d439a9378dfa574a9b146dd","messageTitle":"A-Package-1","messageBody":"","fileTypesAndContributionMap":{"java":{"insertions":3,"deletions":1},"bat":{"insertions":1,"deletions":1},"sh":{"insertions":1,"deletions":1}}}]},{"date":"2021-09-14","commitResults":[{"hash":"0fce608797f53299de8b4c8876ab76f3d445430f","messageTitle":"Added Array-List","messageBody":"Added Array-List\n","fileTypesAndContributionMap":{"java":{"insertions":18,"deletions":13}}},{"hash":"73ed15c57a6b8630379b378933cec0f9ce259818","messageTitle":"Solved merge Conflicts","messageBody":"Solved Merge conflicts\n","fileTypesAndContributionMap":{"java":{"insertions":16,"deletions":13}}},{"hash":"3b705d8e923a1634cc0a6e1a24f94f80febfde3f","messageTitle":"A-Collections","messageBody":"A-Collections\n","tags":["A-Collections"],"fileTypesAndContributionMap":{"java":{"insertions":23,"deletions":0}}},{"hash":"b6b0f6e6ad6dca132b54dfbdff731d6e640374ec","messageTitle":"Level-Save-7","messageBody":"Level-Save-7\n","fileTypesAndContributionMap":{"txt":{"insertions":0,"deletions":0},"java":{"insertions":117,"deletions":14}}},{"hash":"3238274e9a345199b6a5242e314a0eb5a362a99f","messageTitle":"A-Jar","messageBody":"A-Jar\n","tags":["A-Jar"],"fileTypesAndContributionMap":{"java":{"insertions":8,"deletions":5}}}]},{"date":"2021-09-15","commitResults":[{"hash":"f35deecbafb77e21022b1ff92ee26f12f11d5f3f","messageTitle":"A-Jarr","messageBody":"A-Jarr\n","tags":["A-Jarr"],"fileTypesAndContributionMap":{"txt":{"insertions":1,"deletions":0}}}]},{"date":"2021-09-21","commitResults":[{"hash":"af162eb7054b10cf0b8266ca0c5ea85ec6e63190","messageTitle":"Improved Code-1","messageBody":"","fileTypesAndContributionMap":{"txt":{"insertions":3,"deletions":1},"java":{"insertions":52,"deletions":28}}}]},{"date":"2021-09-22","commitResults":[{"hash":"59cb9fc77fc6c73c59cb5003e417055232833830","messageTitle":"Improved Code-2","messageBody":"","fileTypesAndContributionMap":{"txt":{"insertions":0,"deletions":3},"java":{"insertions":61,"deletions":30}}},{"hash":"d5146bb311aa8d5d034007b056145ef433831dcd","messageTitle":"Improved Code-3","messageBody":"","fileTypesAndContributionMap":{"java":{"insertions":417,"deletions":350}}},{"hash":"80818022ea91d0ee229347b2d2b54aad1bd9a6f8","messageTitle":"A-MoreOOP","messageBody":"A-MoreOOP\n","tags":["A-MoreOOP"],"fileTypesAndContributionMap":{"java":{"insertions":53,"deletions":50}}}]},{"date":"2021-09-23","commitResults":[{"hash":"f7b71970cf0eaaa5c89df8bd94c2e95582b06ed6","messageTitle":"Improved Code-4","messageBody":"","fileTypesAndContributionMap":{"java":{"insertions":1,"deletions":6}}},{"hash":"0aa37425b8e69b56d40c87e0e3b6ea5c06371e9d","messageTitle":"level-8","messageBody":"Dates and Times\n","fileTypesAndContributionMap":{"java":{"insertions":132,"deletions":25}}},{"hash":"8e591bd58184c6f131207888ccc6bb8b39ddb46b","messageTitle":"level-9","messageBody":"search for tasks\n","fileTypesAndContributionMap":{"java":{"insertions":31,"deletions":0}}}]},{"date":"2021-09-26","commitResults":[{"hash":"a086aa16d6feee210b9fe7c238aaf3ec2a42c14d","messageTitle":"Update README.md","messageBody":"","fileTypesAndContributionMap":{"md":{"insertions":105,"deletions":1}}},{"hash":"d4ce64659c2723ec3b4ed41be883f24d444c9f11","messageTitle":"Update README.md","messageBody":"","fileTypesAndContributionMap":{"md":{"insertions":13,"deletions":11}}},{"hash":"2c4778af5989cb5178601bd85dc30f7c5fe982d6","messageTitle":"Update README.md","messageBody":"","fileTypesAndContributionMap":{"md":{"insertions":4,"deletions":30}}},{"hash":"54ca82bd4a115fdb92e3a8d78374b7ac50bd89e0","messageTitle":"Update README.md","messageBody":"","fileTypesAndContributionMap":{"md":{"insertions":269,"deletions":15}}},{"hash":"29a3a4ce27f7ae20550d0d3c17b4665b54aa2d62","messageTitle":"Update README.md","messageBody":"","fileTypesAndContributionMap":{"md":{"insertions":5,"deletions":5}}},{"hash":"26c33d9267a79ac3b114df136e4bf25bad8b8fa2","messageTitle":"Update README.md","messageBody":"","fileTypesAndContributionMap":{"md":{"insertions":2,"deletions":2}}},{"hash":"5122d2e8d3f4e7200f82bcff6b5733632ab0e640","messageTitle":"Update README.md","messageBody":"","fileTypesAndContributionMap":{"md":{"insertions":8,"deletions":31}}},{"hash":"4cc99c5827c8776a694f1ef87b8aec736e0c5f75","messageTitle":"Update README.md","messageBody":"","fileTypesAndContributionMap":{"md":{"insertions":0,"deletions":7}}},{"hash":"264672295a2e9869c070e5f96be55d244f3e5b1c","messageTitle":"Update README.md","messageBody":"","fileTypesAndContributionMap":{"md":{"insertions":1,"deletions":1}}},{"hash":"f4203d5319381e165d6949cb4dfdbf39b7d5196c","messageTitle":"Update README.md","messageBody":"","fileTypesAndContributionMap":{"md":{"insertions":8,"deletions":8}}},{"hash":"f972c7131c50ac6c4c3435536f92240a8f059a9b","messageTitle":"Update README.md","messageBody":"","fileTypesAndContributionMap":{"md":{"insertions":5,"deletions":22}}},{"hash":"c00b6bb4fa5f10e97e86b16bcd1f6d2ac1604236","messageTitle":"Update README.md","messageBody":"","fileTypesAndContributionMap":{"md":{"insertions":20,"deletions":18}}},{"hash":"95644ce8cb39648a5981ec659c522756aa0afa37","messageTitle":"Update README.md","messageBody":"","fileTypesAndContributionMap":{"md":{"insertions":1,"deletions":1}}},{"hash":"516bc342bb0d94f86a470a114c2765287d3644b6","messageTitle":"Update README.md","messageBody":"","fileTypesAndContributionMap":{"md":{"insertions":40,"deletions":37}}},{"hash":"d8eeca4338c25974c9cf021e21e7cdc5710a033d","messageTitle":"Update README.md","messageBody":"","fileTypesAndContributionMap":{"md":{"insertions":27,"deletions":22}}},{"hash":"4934daf7a7815dbf28f36839df00ddf2eb3505b0","messageTitle":"Update README.md","messageBody":"","fileTypesAndContributionMap":{"md":{"insertions":1,"deletions":1}}},{"hash":"9f2aedee16cc96ea370bd2842211e2d6d390046f","messageTitle":"Update README.md","messageBody":"","fileTypesAndContributionMap":{"md":{"insertions":2,"deletions":2}}},{"hash":"20e89e07c908ea35ff56e3bd572ea414a0c7f823","messageTitle":"Update README.md","messageBody":"","fileTypesAndContributionMap":{"md":{"insertions":1,"deletions":1}}},{"hash":"e47165fc9eba8ac512a844df8524b7a127736d10","messageTitle":"Update README.md","messageBody":"","fileTypesAndContributionMap":{"md":{"insertions":2,"deletions":2}}},{"hash":"43461b9f86df20202b50209de0be29cff352e9d6","messageTitle":"Update README.md","messageBody":"","fileTypesAndContributionMap":{"md":{"insertions":2,"deletions":2}}},{"hash":"1dbf3240afbd5dd900ea66912a802af60a19f84b","messageTitle":"Update README.md","messageBody":"","fileTypesAndContributionMap":{"md":{"insertions":1,"deletions":1}}},{"hash":"a7e4269c005f363fd510ac35681a4b14acce2f89","messageTitle":"Update README.md","messageBody":"","fileTypesAndContributionMap":{"md":{"insertions":9,"deletions":8}}},{"hash":"153e2b914df72684797cae085d5364c018a6f114","messageTitle":"Update README.md","messageBody":"","fileTypesAndContributionMap":{"md":{"insertions":2,"deletions":2}}},{"hash":"3f7607c43145ee34b52e2a0d887eee4cbf6cde2b","messageTitle":"Update README.md","messageBody":"","fileTypesAndContributionMap":{"md":{"insertions":13,"deletions":13}}},{"hash":"937306e62ea95564d2c01b0a85afe7ebe611779c","messageTitle":"Update README.md","messageBody":"","fileTypesAndContributionMap":{"md":{"insertions":4,"deletions":5}}},{"hash":"a40a2277879b925316209655196fb7d64f8a26e5","messageTitle":"Update README.md","messageBody":"","fileTypesAndContributionMap":{"md":{"insertions":4,"deletions":4}}},{"hash":"f4850d73f8f069991b58616ae5f2b1fd47155810","messageTitle":"Update README.md","messageBody":"","fileTypesAndContributionMap":{"md":{"insertions":56,"deletions":64}}},{"hash":"d5dccd581d05ca7304d8f47d75187ced3e51c6ad","messageTitle":"Update README.md","messageBody":"","fileTypesAndContributionMap":{"md":{"insertions":1,"deletions":0}}},{"hash":"b672eb4e047e561430e0ea5f868f3e6fc30d85df","messageTitle":"Update README.md","messageBody":"","fileTypesAndContributionMap":{"md":{"insertions":2,"deletions":2}}},{"hash":"8efd6603f42773d212ff1514ef138449df08dab1","messageTitle":"Update README.md","messageBody":"","fileTypesAndContributionMap":{"md":{"insertions":38,"deletions":37}}},{"hash":"9396d321d30ba2c0b77e96cd616482d6b55dbe99","messageTitle":"Update README.md","messageBody":"","fileTypesAndContributionMap":{"md":{"insertions":1,"deletions":1}}},{"hash":"fbd4c326516cf85a2cb8f3f99a5e868b37054700","messageTitle":"Update README.md","messageBody":"","fileTypesAndContributionMap":{"md":{"insertions":12,"deletions":12}}},{"hash":"09ae0c049e60f288c6c925a0d90a9cd06d746a07","messageTitle":"Update README.md","messageBody":"","fileTypesAndContributionMap":{"md":{"insertions":1,"deletions":1}}},{"hash":"5f8349be47a7e899a4b330191965a054f4bfe4b6","messageTitle":"Update README.md","messageBody":"","fileTypesAndContributionMap":{"md":{"insertions":3,"deletions":3}}},{"hash":"e86953a29bd932ee4524fad3d0e6b46dfd971f3d","messageTitle":"Update README.md","messageBody":"","fileTypesAndContributionMap":{"md":{"insertions":2,"deletions":2}}},{"hash":"b2b68978fc02e5fefdb668251a8cf9530c7841c5","messageTitle":"Update README.md","messageBody":"","fileTypesAndContributionMap":{"md":{"insertions":1,"deletions":1}}},{"hash":"25ae039fa758c088b362cf28400625747286f299","messageTitle":"Update README.md","messageBody":"","fileTypesAndContributionMap":{"md":{"insertions":2,"deletions":1}}},{"hash":"70ab8932a6e49e5c75b76c411e2ea81a0c7348f1","messageTitle":"Update README.md","messageBody":"","fileTypesAndContributionMap":{"md":{"insertions":13,"deletions":14}}},{"hash":"e7309e53a916617d96fa289954df3aa3ab9ecdf2","messageTitle":"Update README.md","messageBody":"","fileTypesAndContributionMap":{"md":{"insertions":11,"deletions":11}}},{"hash":"7fac2bceaf652fe18e273409412b588d05532912","messageTitle":"Update README.md","messageBody":"","fileTypesAndContributionMap":{"md":{"insertions":4,"deletions":0}}},{"hash":"cbc5ac940d60ddb9ecf7fe1783954c69e025bc09","messageTitle":"Update README.md","messageBody":"","fileTypesAndContributionMap":{"md":{"insertions":2,"deletions":0}}},{"hash":"8cb8cc71ffd554f078270befc50bd933410afc88","messageTitle":"Update README.md","messageBody":"","fileTypesAndContributionMap":{"md":{"insertions":1,"deletions":1}}},{"hash":"a6a0253e6082b7fa79cb7bb5791b0024441f1357","messageTitle":"Update README.md","messageBody":"","fileTypesAndContributionMap":{"md":{"insertions":1,"deletions":1}}},{"hash":"710fc39231bb0ae68aae7f5a2e33f1419b4d0749","messageTitle":"Update README.md","messageBody":"","fileTypesAndContributionMap":{"md":{"insertions":1,"deletions":1}}},{"hash":"badcf93db23e390810c6e49702663d465b73ba76","messageTitle":"Update README.md","messageBody":"","fileTypesAndContributionMap":{"md":{"insertions":10,"deletions":0}}},{"hash":"3ab24bb2ef838ca0eea06d66256ce629b5a9da8b","messageTitle":"Update README.md","messageBody":"","fileTypesAndContributionMap":{"md":{"insertions":0,"deletions":2}}},{"hash":"ee7f5c8408c2694ec495edd3f4b9f40ce000280b","messageTitle":"Update README.md","messageBody":"","fileTypesAndContributionMap":{"md":{"insertions":1,"deletions":1}}},{"hash":"ad76351ca67f1ff4598843a57a3301f40101c51a","messageTitle":"Update README.md","messageBody":"","fileTypesAndContributionMap":{"md":{"insertions":1,"deletions":14}}},{"hash":"a838a2bea5bed88173943524152c0bb7e34c395c","messageTitle":"Improved code-5","messageBody":"Improved code-5\n","fileTypesAndContributionMap":{"java":{"insertions":7,"deletions":16},"md":{"insertions":2,"deletions":2}}},{"hash":"6ad6cbc7f8c0e0a2215e9084fcf58f91c80fcefd","messageTitle":"Improved Code-7","messageBody":"","fileTypesAndContributionMap":{"txt":{"insertions":3,"deletions":0},"java":{"insertions":25,"deletions":7},"md":{"insertions":18,"deletions":15}}},{"hash":"52ccd9750973018fa8cf7b00045a4ae50ad5f86a","messageTitle":"Improved Code -8","messageBody":"","fileTypesAndContributionMap":{"md":{"insertions":25,"deletions":4}}},{"hash":"49b29567bde48b6e641879798b713d0d287914d9","messageTitle":"Improved code-9","messageBody":"","fileTypesAndContributionMap":{"md":{"insertions":3,"deletions":2}}},{"hash":"e280c70bee5ee29c520a1b551e3e3b0992247da1","messageTitle":"Improved Code-9","messageBody":"","fileTypesAndContributionMap":{"md":{"insertions":15,"deletions":22}}},{"hash":"f3a384e4467963ec89f9606dd70b387124d25912","messageTitle":"IMPROVED CODE-10","messageBody":"","fileTypesAndContributionMap":{"md":{"insertions":17,"deletions":12}}},{"hash":"cb7ff025869ca3cbd3ee89113b7a2954059d424c","messageTitle":"Improved Code -11","messageBody":"","fileTypesAndContributionMap":{"md":{"insertions":8,"deletions":5}}},{"hash":"b07ca59525d08db00580277930f92cf884c0e398","messageTitle":"Update README.md","messageBody":"","fileTypesAndContributionMap":{"md":{"insertions":0,"deletions":2}}},{"hash":"4ea4705c2018dc6ee57103821da8518ce5767df3","messageTitle":"Update README.md","messageBody":"","fileTypesAndContributionMap":{"md":{"insertions":1,"deletions":1}}},{"hash":"dfdfc0c74898969bbac13eaf31b7a118204ed4dc","messageTitle":"Update README.md","messageBody":"","fileTypesAndContributionMap":{"md":{"insertions":1,"deletions":1}}},{"hash":"fd6d01ef63d618df091d18a378a46c097a0a3aa8","messageTitle":"Improved Code-11","messageBody":"","fileTypesAndContributionMap":{"java":{"insertions":101,"deletions":37}}},{"hash":"50d0b589f686d1bd7c9c6e40739f3347fc487439","messageTitle":"A-Java-Docu","messageBody":"","fileTypesAndContributionMap":{"txt":{"insertions":0,"deletions":3},"java":{"insertions":183,"deletions":80},"md":{"insertions":2,"deletions":2}}},{"hash":"3bbafbf06250c5149d4fc2ba01696833aaa2464c","messageTitle":"Improved UG","messageBody":"","fileTypesAndContributionMap":{"md":{"insertions":6,"deletions":6}}},{"hash":"6a238552a1538c071fafa56ca5d676b7dea7c1fb","messageTitle":"working on UG","messageBody":"","fileTypesAndContributionMap":{"md":{"insertions":2,"deletions":1}}},{"hash":"4e79497c6f4c22c3f30629a384537c8553179df6","messageTitle":"Work UG","messageBody":"","fileTypesAndContributionMap":{"md":{"insertions":9,"deletions":9}}},{"hash":"844ae7c388aa4278d88ea5bf0b43d7185e1ad0db","messageTitle":"A-UserGuide","messageBody":"Completed the user guide for Duke\n","tags":["A-UserGuide"],"fileTypesAndContributionMap":{"md":{"insertions":1,"deletions":1}}}]},{"date":"2021-09-27","commitResults":[{"hash":"58f48b46209169c569b60f1213d7befaf6c44dd4","messageTitle":"A-Release","messageBody":"","tags":["A-Release"],"fileTypesAndContributionMap":{"txt":{"insertions":1,"deletions":0},"java":{"insertions":0,"deletions":2}}}]}]},"authorFileTypeContributionMap":{"aditichadha1310":{"java":925,"md":358,"fxml":0,"sh":2,"bat":2,"gradle":0,"txt":7}},"authorContributionVariance":{"aditichadha1310":16862.986},"authorDisplayNameMap":{"aditichadha1310":"CS2113T-W12-2 ADIT..ADHA"}}
