{"authorDailyContributionsMap":{"ShaoYurui":[{"date":"2021-08-23","commitResults":[{"hash":"ca440f480a1e672a9f2f2b898a7b61dd38819390","messageTitle":"Implement Level 0 Greeting","messageBody":"","fileTypesAndContributionMap":{"java":{"insertions":31,"deletions":7}}}]},{"date":"2021-08-25","commitResults":[{"hash":"c9c6f7aac031712bc0e935ac035e61cce05d11be","messageTitle":"Implement Level 0.1 Greeting","messageBody":"","tags":["Level-0"],"fileTypesAndContributionMap":{"java":{"insertions":4,"deletions":4}}},{"hash":"a878a4f6e5f1c5ee6ff9811676d38861878763a8","messageTitle":"Adjust to coding standard","messageBody":"","fileTypesAndContributionMap":{"java":{"insertions":5,"deletions":10}}}]},{"date":"2021-08-26","commitResults":[{"hash":"7805b44f03be7b10e276112d74e7b6744e2b4e21","messageTitle":"Implement Level 1, create Duke Class","messageBody":"","fileTypesAndContributionMap":{"java":{"insertions":22,"deletions":10}}},{"hash":"04b61fb98f4e6873702a93f718f53bf17ccb8fa6","messageTitle":"Implement Level 1.1 : Greeting, End","messageBody":"","tags":["Level-1"],"fileTypesAndContributionMap":{"java":{"insertions":26,"deletions":0}}},{"hash":"cf1041e764d82367dd30c71f829df1f500bb0027","messageTitle":"Implement Level 2 : Add,List","messageBody":"","tags":["Level-2"],"fileTypesAndContributionMap":{"java":{"insertions":37,"deletions":1}}},{"hash":"69a814fee1e98e89e7d28b102da2dc0d9aa72593","messageTitle":"Implement Level 3 : Tasks Class","messageBody":"","fileTypesAndContributionMap":{"java":{"insertions":43,"deletions":3}}},{"hash":"7d867a3c06946034787b2ead70cddbb46398e2f5","messageTitle":"Implement level 3.1 : Mark Done","messageBody":"","fileTypesAndContributionMap":{"java":{"insertions":28,"deletions":7}}},{"hash":"ce0e66deb4abc868ad7746b9bd4ccb1c0aac5ba0","messageTitle":"Implement level 3.1 : Adjust Duke response","messageBody":"","tags":["Level-3"],"fileTypesAndContributionMap":{"java":{"insertions":4,"deletions":2}}}]},{"date":"2021-08-29","commitResults":[{"hash":"aa65baf610e313b530952b92f541282804b35112","messageTitle":"A-CodingStandard","messageBody":"","tags":["A-CodingStandard"],"fileTypesAndContributionMap":{"java":{"insertions":0,"deletions":5}}}]},{"date":"2021-09-01","commitResults":[{"hash":"27bd4af46513314fa05527f4cd47256ef58031c6","messageTitle":"Implement Level 4. ToDos, Events, Deadlines","messageBody":"","tags":["Level-4"],"fileTypesAndContributionMap":{"java":{"insertions":42,"deletions":12}}},{"hash":"313c1f507b2d4f6504bf2bf527be1f9df4f361c4","messageTitle":"Improve Code Quality","messageBody":"","tags":["A-CodeQuality"],"fileTypesAndContributionMap":{"java":{"insertions":1,"deletions":30}}}]},{"date":"2021-09-09","commitResults":[{"hash":"f243a1149788ca8c8c4d8040c053da32026056fb","messageTitle":"Implement Level 5 : Handling Exceptions","messageBody":"","fileTypesAndContributionMap":{"java":{"insertions":19,"deletions":14}}},{"hash":"2690cf3728978b3ffe45b71bde553d7a6740875a","messageTitle":"Add DukeException Class","messageBody":"","fileTypesAndContributionMap":{"java":{"insertions":5,"deletions":0}}},{"hash":"13fa53f5c2e024271ea92af821da1be70278862b","messageTitle":"A-Packages","messageBody":"","fileTypesAndContributionMap":{"java":{"insertions":6,"deletions":0}}}]},{"date":"2021-09-10","commitResults":[{"hash":"5080f6237bcaecc8e8fef7c16eb3f59220a77cd9","messageTitle":"Add Task, Event, Deadline Classes","messageBody":"","fileTypesAndContributionMap":{"java":{"insertions":169,"deletions":33}}},{"hash":"3fe3b8f6580f2187cf91124a1d6d8587f8dfdd02","messageTitle":"Implement auto-indention for duke response","messageBody":"","fileTypesAndContributionMap":{"java":{"insertions":20,"deletions":18}}},{"hash":"2a2198e9bb904876df43b4b685c57307f76c3bc9","messageTitle":"Fix endDuke bug","messageBody":"","fileTypesAndContributionMap":{"java":{"insertions":9,"deletions":49}}}]},{"date":"2021-09-15","commitResults":[{"hash":"0e200f7c8479f378c311385a349eabc3f4152154","messageTitle":"Implement Level-6","messageBody":"","fileTypesAndContributionMap":{"java":{"insertions":26,"deletions":0}}},{"hash":"5063faf43108aad641ad4241044123a90aea10ce","messageTitle":"Implement Level-7","messageBody":"","fileTypesAndContributionMap":{"txt":{"insertions":1,"deletions":0},"java":{"insertions":107,"deletions":15}}}]},{"date":"2021-09-16","commitResults":[{"hash":"230d1d7b32098891bfff0384c72e4d2e09c2f440","messageTitle":"Add Increment: A-Jar","messageBody":"","tags":["A-Jar"],"fileTypesAndContributionMap":{"java":{"insertions":0,"deletions":2}}},{"hash":"95bcde334d83700a9a63af4cf8059a7418026032","messageTitle":"Implement Arraylist tasks","messageBody":"","tags":["A-Collections"],"fileTypesAndContributionMap":{"txt":{"insertions":1,"deletions":1},"java":{"insertions":61,"deletions":49}}}]},{"date":"2021-09-29","commitResults":[{"hash":"6ac70777ecf2a27218d3f73cfefab0031778e2e2","messageTitle":"Fix initialise bug","messageBody":"","fileTypesAndContributionMap":{"txt":{"insertions":10,"deletions":1},"java":{"insertions":44,"deletions":6}}}]}]},"authorFileTypeContributionMap":{"ShaoYurui":{"java":439,"md":0,"fxml":0,"sh":0,"bat":0,"gradle":0,"txt":10}},"authorContributionVariance":{"ShaoYurui":653.07715},"authorDisplayNameMap":{"ShaoYurui":"CS2113-T14-1 SHAO..URUI"}}
