{"authorDailyContributionsMap":{"Xuefei2001":[{"date":"2021-08-24","commitResults":[{"hash":"5ea49a6fcbdd509fcc862491b423c47f6aa9956f","messageTitle":"Add level0 increment","messageBody":"","fileTypesAndContributionMap":{"java":{"insertions":8,"deletions":6}}},{"hash":"fdd016aa9febadd3e2643b2a5d6135039cbea2bd","messageTitle":"Add echo","messageBody":"","tags":["Level-1"],"fileTypesAndContributionMap":{"java":{"insertions":17,"deletions":3}}}]},{"date":"2021-08-25","commitResults":[{"hash":"670503d6048515a0dd3b152aeb39675afd6e6693","messageTitle":"enable add, list","messageBody":"","tags":["level-2"],"fileTypesAndContributionMap":{"java":{"insertions":82,"deletions":4}}},{"hash":"5ca1d5ef3259c14331da7b38a336fed03a54d12b","messageTitle":"Enable mark as done","messageBody":"","tags":["level-3"],"fileTypesAndContributionMap":{"java":{"insertions":19,"deletions":7}}}]},{"date":"2021-08-31","commitResults":[{"hash":"5efd95d3b70bbc21803e4b24a4d122cb987cdf06","messageTitle":"add Task class","messageBody":"","tags":["A-Classes"],"fileTypesAndContributionMap":{"java":{"insertions":72,"deletions":76}}},{"hash":"53eb6b42203379fbdb93e84c5ec83f8fa57dc730","messageTitle":"follow coding standard","messageBody":"","tags":["A-CodingStandard"],"fileTypesAndContributionMap":{"java":{"insertions":6,"deletions":1}}},{"hash":"7fcfbec11b7fb37dd30729e32e3a318c480656ed","messageTitle":"Track type of tasks","messageBody":"","tags":["Level-4"],"fileTypesAndContributionMap":{"java":{"insertions":83,"deletions":18}}},{"hash":"bb8489b16745bfdfebed957136545863bfa80470","messageTitle":"Improve code quality","messageBody":"","tags":["A-CodeQuality"],"fileTypesAndContributionMap":{"java":{"insertions":74,"deletions":57}}}]},{"date":"2021-09-07","commitResults":[{"hash":"510364133df7901eebb399430673c351fe4c0112","messageTitle":"Add exception","messageBody":"","tags":["level-5"],"fileTypesAndContributionMap":{"java":{"insertions":175,"deletions":40}}},{"hash":"b3b63e4d5d3379d43424496e954f34a4f9c4a684","messageTitle":"add package","messageBody":"","fileTypesAndContributionMap":{"java":{"insertions":2,"deletions":0}}},{"hash":"41b79e55f600b6d6e7eeb3252127cffff90d79b9","messageTitle":"add package","messageBody":"","tags":["A-Packages"],"fileTypesAndContributionMap":{"java":{"insertions":21,"deletions":0}}}]}]},"authorFileTypeContributionMap":{"Xuefei2001":{"java":354,"md":0,"fxml":0,"sh":0,"bat":0,"gradle":0,"txt":0}},"authorContributionVariance":{"Xuefei2001":922.0093},"authorDisplayNameMap":{"Xuefei2001":"CS2113T-W13-3 HU X..EFEI"}}
