{"authorDailyContributionsMap":{"Yuxinn-J":[{"date":"2021-08-26","commitResults":[{"hash":"df47163e786c70e7c1611a20cf9069bd18e1efd7","messageTitle":"Level-2, A-TextUiTesting","messageBody":"","tags":["level-3","level-2","level-1","A-CodingStandard"],"fileTypesAndContributionMap":{"java":{"insertions":89,"deletions":0}}}]},{"date":"2021-08-30","commitResults":[{"hash":"1fcc2300fe0d3bca1a35060628f24f3b65637f63","messageTitle":"Level-4 ToDos, Events, Deadlines","messageBody":"","tags":["Level-4"],"fileTypesAndContributionMap":{"java":{"insertions":118,"deletions":21}}}]},{"date":"2021-09-02","commitResults":[{"hash":"caa7ebbc4cfdcc9519cfdaf614c256ae1ab24242","messageTitle":"A-CodeQuality","messageBody":"","tags":["A-CodeQuality"],"fileTypesAndContributionMap":{"java":{"insertions":1,"deletions":1}}}]},{"date":"2021-09-09","commitResults":[{"hash":"d6cab7b4900bb7165702ec344384f07012d25ad0","messageTitle":"commited branch-Level-5","messageBody":"","fileTypesAndContributionMap":{"java":{"insertions":1,"deletions":0}}},{"hash":"74734ae06048b4723920f4cb0c7f515a55116ab1","messageTitle":"Level-5","messageBody":"","fileTypesAndContributionMap":{"java":{"insertions":81,"deletions":42}}},{"hash":"aa8cef07ca2f0daf51f8d0a1cbb22e20816d3cb4","messageTitle":"Update Handle Errors","messageBody":"","tags":["A-Exceptions"],"fileTypesAndContributionMap":{"java":{"insertions":0,"deletions":2}}}]},{"date":"2021-09-15","commitResults":[{"hash":"afdeca1b033db6cfee6c09202f4b8d55ced85ee4","messageTitle":"add A-packages","messageBody":"","fileTypesAndContributionMap":{"java":{"insertions":22,"deletions":1},"bat":{"insertions":1,"deletions":1},"md":{"insertions":2,"deletions":2}}},{"hash":"95e3f742d3f712c96a8a78b870fda67e6621d433","messageTitle":"add Level-6 Delete","messageBody":"","fileTypesAndContributionMap":{"java":{"insertions":134,"deletions":48}}},{"hash":"e3663fb14066e4690c09978f4b6f644fe278422a","messageTitle":"add Level-7 Save","messageBody":"","fileTypesAndContributionMap":{"txt":{"insertions":5,"deletions":0},"java":{"insertions":115,"deletions":26}}}]},{"date":"2021-09-16","commitResults":[{"hash":"fe207121909dea6cea9f42bc73002f4195820897","messageTitle":"Update README.md","messageBody":"","fileTypesAndContributionMap":{"md":{"insertions":72,"deletions":1}}}]},{"date":"2021-09-28","commitResults":[{"hash":"1dea180833d6dbc1055f3d6643573c20675fb93b","messageTitle":"make the code more OOP","messageBody":"","tags":["A-MoreOOP"],"fileTypesAndContributionMap":{"txt":{"insertions":1,"deletions":0},"java":{"insertions":741,"deletions":257},"bat":{"insertions":1,"deletions":1},"md":{"insertions":2,"deletions":2}}},{"hash":"5777f2dab79cd49953629930edca37d7c58aa2f2","messageTitle":"update inline text","messageBody":"","tags":["Level-8"],"fileTypesAndContributionMap":{"txt":{"insertions":0,"deletions":1},"java":{"insertions":34,"deletions":14},"md":{"insertions":0,"deletions":4}}},{"hash":"b15fcf93943568232bb6735cb2a193e4780c37b0","messageTitle":"Level-9 Find","messageBody":"","fileTypesAndContributionMap":{"java":{"insertions":3,"deletions":7}}}]},{"date":"2021-09-29","commitResults":[{"hash":"f1deb6fac1a9c07138a85cf69ef7e48823273ffc","messageTitle":"Add JavaDoc comments","messageBody":"","fileTypesAndContributionMap":{"java":{"insertions":225,"deletions":53}}},{"hash":"43786fedf614ce2cd893fc3a35b03e335de40101","messageTitle":"fix few nits","messageBody":"","fileTypesAndContributionMap":{"txt":{"insertions":5,"deletions":5},"java":{"insertions":28,"deletions":56}}},{"hash":"e619fe90ff2018ce53a1a675a9cfc13c38672e67","messageTitle":"Update README.md","messageBody":"","fileTypesAndContributionMap":{"md":{"insertions":1,"deletions":0}}},{"hash":"27fab2d980e4acc555dbe50fb03cf8c767d46c8d","messageTitle":"Update README.md","messageBody":"","fileTypesAndContributionMap":{"md":{"insertions":2,"deletions":1}}}]},{"date":"2021-09-30","commitResults":[{"hash":"6b26d4e4128d359096f66c937eecd941033cc78a","messageTitle":"change command bye to exit","messageBody":"","fileTypesAndContributionMap":{"txt":{"insertions":1,"deletions":1},"java":{"insertions":1,"deletions":1}}},{"hash":"69132f61a0ab6c2ed1901870f6f27e9197a49774","messageTitle":"fix save()","messageBody":"","tags":["A-Release"],"fileTypesAndContributionMap":{"java":{"insertions":17,"deletions":2}}}]},{"date":"2021-10-01","commitResults":[{"hash":"f3c1653706d93f3c8acdc04def36db213f6988a7","messageTitle":"Update README.md","messageBody":"","fileTypesAndContributionMap":{"md":{"insertions":1,"deletions":1}}}]},{"date":"2021-10-02","commitResults":[{"hash":"bf5c23eba86e93f29087d50eaf44c9b238e0a1ae","messageTitle":"change exit to bye command","messageBody":"","fileTypesAndContributionMap":{"java":{"insertions":2,"deletions":2}}}]}]},"authorFileTypeContributionMap":{"Yuxinn-J":{"java":1089,"md":75,"fxml":0,"sh":0,"bat":1,"gradle":0,"txt":5}},"authorContributionVariance":{"Yuxinn-J":5513.0146},"authorDisplayNameMap":{"Yuxinn-J":"CS2113-T13-3 JIAN..UXIN"}}
