[{"path":"src/main/java/Duke.java","fileType":"java","lines":[{"lineNumber":1,"author":{"gitId":"LouisLouis19"},"content":"import java.util.Locale;","lastModifiedDate":"2021-08-25"},{"lineNumber":2,"author":{"gitId":"LouisLouis19"},"content":"import java.util.Scanner;","lastModifiedDate":"2021-08-24"},{"lineNumber":3,"author":{"gitId":"LouisLouis19"},"content":"import java.util.Arrays;","lastModifiedDate":"2021-08-24"},{"lineNumber":4,"author":{"gitId":"LouisLouis19"},"content":"","lastModifiedDate":"2021-08-24"},{"lineNumber":5,"author":{"gitId":"-"},"content":"public class Duke {","lastModifiedDate":"2019-07-29"},{"lineNumber":6,"author":{"gitId":"LouisLouis19"},"content":"    public static void printList(Task[] taskList) {","lastModifiedDate":"2021-08-25"},{"lineNumber":7,"author":{"gitId":"LouisLouis19"},"content":"        System.out.println(\"____________________________________________________________\");","lastModifiedDate":"2021-08-24"},{"lineNumber":8,"author":{"gitId":"LouisLouis19"},"content":"        System.out.println(\" Here are the tasks in your list:\");","lastModifiedDate":"2021-08-25"},{"lineNumber":9,"author":{"gitId":"LouisLouis19"},"content":"        for (int i \u003d 0; i \u003c taskList.length; i++) {","lastModifiedDate":"2021-08-25"},{"lineNumber":10,"author":{"gitId":"LouisLouis19"},"content":"            System.out.println(\" \" + (i + 1) + \". [\" + taskList[i].getStatusIcon() + \"] \" + taskList[i].description);","lastModifiedDate":"2021-08-25"},{"lineNumber":11,"author":{"gitId":"LouisLouis19"},"content":"        }","lastModifiedDate":"2021-08-24"},{"lineNumber":12,"author":{"gitId":"LouisLouis19"},"content":"        System.out.println(\"____________________________________________________________\");","lastModifiedDate":"2021-08-24"},{"lineNumber":13,"author":{"gitId":"LouisLouis19"},"content":"    }","lastModifiedDate":"2021-08-24"},{"lineNumber":14,"author":{"gitId":"LouisLouis19"},"content":"","lastModifiedDate":"2021-08-24"},{"lineNumber":15,"author":{"gitId":"-"},"content":"    public static void main(String[] args) {","lastModifiedDate":"2019-07-29"},{"lineNumber":16,"author":{"gitId":"-"},"content":"        String logo \u003d \" ____        _        \\n\"","lastModifiedDate":"2019-07-29"},{"lineNumber":17,"author":{"gitId":"-"},"content":"                + \"|  _ \\\\ _   _| | _____ \\n\"","lastModifiedDate":"2019-07-29"},{"lineNumber":18,"author":{"gitId":"-"},"content":"                + \"| | | | | | | |/ / _ \\\\\\n\"","lastModifiedDate":"2019-07-29"},{"lineNumber":19,"author":{"gitId":"-"},"content":"                + \"| |_| | |_| |   \u003c  __/\\n\"","lastModifiedDate":"2019-07-29"},{"lineNumber":20,"author":{"gitId":"-"},"content":"                + \"|____/ \\\\__,_|_|\\\\_\\\\___|\\n\";","lastModifiedDate":"2019-07-29"},{"lineNumber":21,"author":{"gitId":"-"},"content":"        System.out.println(\"Hello from\\n\" + logo);","lastModifiedDate":"2019-07-29"},{"lineNumber":22,"author":{"gitId":"LouisLouis19"},"content":"","lastModifiedDate":"2021-08-24"},{"lineNumber":23,"author":{"gitId":"LouisLouis19"},"content":"        //Greeting the User","lastModifiedDate":"2021-08-24"},{"lineNumber":24,"author":{"gitId":"LouisLouis19"},"content":"        System.out.println(\"____________________________________________________________\");","lastModifiedDate":"2021-08-19"},{"lineNumber":25,"author":{"gitId":"LouisLouis19"},"content":"        System.out.println(\" Hello! I\u0027m Duke\");","lastModifiedDate":"2021-08-19"},{"lineNumber":26,"author":{"gitId":"LouisLouis19"},"content":"        System.out.println(\" What can I do for you?\");","lastModifiedDate":"2021-08-19"},{"lineNumber":27,"author":{"gitId":"LouisLouis19"},"content":"        System.out.println(\"____________________________________________________________\");","lastModifiedDate":"2021-08-19"},{"lineNumber":28,"author":{"gitId":"LouisLouis19"},"content":"","lastModifiedDate":"2021-08-24"},{"lineNumber":29,"author":{"gitId":"LouisLouis19"},"content":"        //Echo commands entered by the user","lastModifiedDate":"2021-08-24"},{"lineNumber":30,"author":{"gitId":"LouisLouis19"},"content":"        String inWord;","lastModifiedDate":"2021-08-24"},{"lineNumber":31,"author":{"gitId":"LouisLouis19"},"content":"        Scanner scan \u003d new Scanner(System.in);","lastModifiedDate":"2021-08-24"},{"lineNumber":32,"author":{"gitId":"LouisLouis19"},"content":"        System.out.println();","lastModifiedDate":"2021-08-24"},{"lineNumber":33,"author":{"gitId":"LouisLouis19"},"content":"        inWord \u003d scan.nextLine();","lastModifiedDate":"2021-08-24"},{"lineNumber":34,"author":{"gitId":"LouisLouis19"},"content":"","lastModifiedDate":"2021-08-24"},{"lineNumber":35,"author":{"gitId":"LouisLouis19"},"content":"        String exitString \u003d \"bye\";","lastModifiedDate":"2021-08-24"},{"lineNumber":36,"author":{"gitId":"LouisLouis19"},"content":"        String taskCommand \u003d \"list\";","lastModifiedDate":"2021-08-25"},{"lineNumber":37,"author":{"gitId":"LouisLouis19"},"content":"        Task[] taskList \u003d new Task[100];","lastModifiedDate":"2021-08-25"},{"lineNumber":38,"author":{"gitId":"LouisLouis19"},"content":"        int index \u003d 0;","lastModifiedDate":"2021-08-24"},{"lineNumber":39,"author":{"gitId":"LouisLouis19"},"content":"","lastModifiedDate":"2021-08-24"},{"lineNumber":40,"author":{"gitId":"LouisLouis19"},"content":"        while (!inWord.toLowerCase().equals(exitString)) {","lastModifiedDate":"2021-08-25"},{"lineNumber":41,"author":{"gitId":"LouisLouis19"},"content":"            if (inWord.toLowerCase().equals(taskCommand)) {","lastModifiedDate":"2021-08-25"},{"lineNumber":42,"author":{"gitId":"LouisLouis19"},"content":"                printList(Arrays.copyOf(taskList, index));","lastModifiedDate":"2021-08-24"},{"lineNumber":43,"author":{"gitId":"LouisLouis19"},"content":"            } else if (inWord.toLowerCase().startsWith(\"done\")) {","lastModifiedDate":"2021-08-25"},{"lineNumber":44,"author":{"gitId":"LouisLouis19"},"content":"                int taskDoneIndex \u003d Integer.parseInt(inWord.split(\" \")[1]);","lastModifiedDate":"2021-08-25"},{"lineNumber":45,"author":{"gitId":"LouisLouis19"},"content":"                if (taskDoneIndex \u003c\u003d 0 || taskDoneIndex \u003e index) {","lastModifiedDate":"2021-08-25"},{"lineNumber":46,"author":{"gitId":"LouisLouis19"},"content":"                    System.out.println(\"____________________________________________________________\");","lastModifiedDate":"2021-08-25"},{"lineNumber":47,"author":{"gitId":"LouisLouis19"},"content":"                    System.out.println(\"Item out of Index\");","lastModifiedDate":"2021-08-25"},{"lineNumber":48,"author":{"gitId":"LouisLouis19"},"content":"                    System.out.println(\"____________________________________________________________\");","lastModifiedDate":"2021-08-25"},{"lineNumber":49,"author":{"gitId":"LouisLouis19"},"content":"                } else {","lastModifiedDate":"2021-08-25"},{"lineNumber":50,"author":{"gitId":"LouisLouis19"},"content":"                    taskList[taskDoneIndex - 1].markAsDone();","lastModifiedDate":"2021-08-25"},{"lineNumber":51,"author":{"gitId":"LouisLouis19"},"content":"                    System.out.println(\"____________________________________________________________\");","lastModifiedDate":"2021-08-25"},{"lineNumber":52,"author":{"gitId":"LouisLouis19"},"content":"                    System.out.println(\" Nice! I\u0027ve marked this task as done:\");","lastModifiedDate":"2021-08-25"},{"lineNumber":53,"author":{"gitId":"LouisLouis19"},"content":"                    System.out.println(\"   [\" + taskList[taskDoneIndex - 1].getStatusIcon() + \"] \" + taskList[taskDoneIndex - 1].description);","lastModifiedDate":"2021-08-25"},{"lineNumber":54,"author":{"gitId":"LouisLouis19"},"content":"                    System.out.println(\"____________________________________________________________\");","lastModifiedDate":"2021-08-25"},{"lineNumber":55,"author":{"gitId":"LouisLouis19"},"content":"                }","lastModifiedDate":"2021-08-25"},{"lineNumber":56,"author":{"gitId":"LouisLouis19"},"content":"            } else {","lastModifiedDate":"2021-08-24"},{"lineNumber":57,"author":{"gitId":"LouisLouis19"},"content":"                taskList[index] \u003d new Task(inWord);","lastModifiedDate":"2021-08-25"},{"lineNumber":58,"author":{"gitId":"LouisLouis19"},"content":"                index +\u003d 1;","lastModifiedDate":"2021-08-24"},{"lineNumber":59,"author":{"gitId":"LouisLouis19"},"content":"                System.out.println(\"____________________________________________________________\");","lastModifiedDate":"2021-08-24"},{"lineNumber":60,"author":{"gitId":"LouisLouis19"},"content":"                System.out.println(\" added: \" + inWord);","lastModifiedDate":"2021-08-24"},{"lineNumber":61,"author":{"gitId":"LouisLouis19"},"content":"                System.out.println(\"____________________________________________________________\");","lastModifiedDate":"2021-08-24"},{"lineNumber":62,"author":{"gitId":"LouisLouis19"},"content":"                System.out.println();","lastModifiedDate":"2021-08-24"},{"lineNumber":63,"author":{"gitId":"LouisLouis19"},"content":"            }","lastModifiedDate":"2021-08-24"},{"lineNumber":64,"author":{"gitId":"LouisLouis19"},"content":"            inWord \u003d scan.nextLine();","lastModifiedDate":"2021-08-24"},{"lineNumber":65,"author":{"gitId":"LouisLouis19"},"content":"        }","lastModifiedDate":"2021-08-24"},{"lineNumber":66,"author":{"gitId":"LouisLouis19"},"content":"","lastModifiedDate":"2021-08-24"},{"lineNumber":67,"author":{"gitId":"LouisLouis19"},"content":"        //Exits when user types \"bye\"","lastModifiedDate":"2021-08-24"},{"lineNumber":68,"author":{"gitId":"LouisLouis19"},"content":"        System.out.println(\"____________________________________________________________\");","lastModifiedDate":"2021-08-24"},{"lineNumber":69,"author":{"gitId":"LouisLouis19"},"content":"        System.out.println(\" Bye. Hope to see you again soon!\");","lastModifiedDate":"2021-08-19"},{"lineNumber":70,"author":{"gitId":"LouisLouis19"},"content":"        System.out.println(\"____________________________________________________________\");","lastModifiedDate":"2021-08-19"},{"lineNumber":71,"author":{"gitId":"-"},"content":"    }","lastModifiedDate":"2019-07-29"},{"lineNumber":72,"author":{"gitId":"-"},"content":"}","lastModifiedDate":"2019-07-29"}],"authorContributionMap":{"LouisLouis19":62,"-":10}},{"path":"src/main/java/Task.java","fileType":"java","lines":[{"lineNumber":1,"author":{"gitId":"LouisLouis19"},"content":"public class Task {","lastModifiedDate":"2021-08-25"},{"lineNumber":2,"author":{"gitId":"LouisLouis19"},"content":"    protected String description;","lastModifiedDate":"2021-08-25"},{"lineNumber":3,"author":{"gitId":"LouisLouis19"},"content":"    protected boolean isDone;","lastModifiedDate":"2021-08-25"},{"lineNumber":4,"author":{"gitId":"LouisLouis19"},"content":"","lastModifiedDate":"2021-08-25"},{"lineNumber":5,"author":{"gitId":"LouisLouis19"},"content":"    public Task(String description) {","lastModifiedDate":"2021-08-25"},{"lineNumber":6,"author":{"gitId":"LouisLouis19"},"content":"        this.description \u003d description;","lastModifiedDate":"2021-08-25"},{"lineNumber":7,"author":{"gitId":"LouisLouis19"},"content":"        this.isDone \u003d false;","lastModifiedDate":"2021-08-25"},{"lineNumber":8,"author":{"gitId":"LouisLouis19"},"content":"    }","lastModifiedDate":"2021-08-25"},{"lineNumber":9,"author":{"gitId":"LouisLouis19"},"content":"","lastModifiedDate":"2021-08-25"},{"lineNumber":10,"author":{"gitId":"LouisLouis19"},"content":"    public String getStatusIcon() {","lastModifiedDate":"2021-08-25"},{"lineNumber":11,"author":{"gitId":"LouisLouis19"},"content":"        // mark done task with X","lastModifiedDate":"2021-08-25"},{"lineNumber":12,"author":{"gitId":"LouisLouis19"},"content":"        return (this.isDone ? \"X\" : \" \");","lastModifiedDate":"2021-08-25"},{"lineNumber":13,"author":{"gitId":"LouisLouis19"},"content":"    }","lastModifiedDate":"2021-08-25"},{"lineNumber":14,"author":{"gitId":"LouisLouis19"},"content":"","lastModifiedDate":"2021-08-25"},{"lineNumber":15,"author":{"gitId":"LouisLouis19"},"content":"    public void markAsDone() {","lastModifiedDate":"2021-08-25"},{"lineNumber":16,"author":{"gitId":"LouisLouis19"},"content":"        this.isDone \u003d true;","lastModifiedDate":"2021-08-25"},{"lineNumber":17,"author":{"gitId":"LouisLouis19"},"content":"    }","lastModifiedDate":"2021-08-25"},{"lineNumber":18,"author":{"gitId":"LouisLouis19"},"content":"}","lastModifiedDate":"2021-08-25"}],"authorContributionMap":{"LouisLouis19":18}}]
