{"authorDailyContributionsMap":{"naijie2108":[{"date":"2021-08-16","commitResults":[{"hash":"424a26e9a235ed658c743a7d2cc82548f3c70263","messageTitle":"Add Level 0 increment - Greet","messageBody":"","tags":["Level-0"],"fileTypesAndContributionMap":{"java":{"insertions":10,"deletions":0}}}]},{"date":"2021-08-25","commitResults":[{"hash":"cc07e809ed18b48b32d8241ba682139ed84f8875","messageTitle":"Add echo and exit","messageBody":"-Add echo and exit commands to Duke.java\n-Add horizontal lines for formatting\n","tags":["Level-1"],"fileTypesAndContributionMap":{"java":{"insertions":29,"deletions":3}}},{"hash":"d2a4b288c7b7183039f5cc7faf3feda1de3f7947","messageTitle":"Add Task list","messageBody":"Add Tasks class and PrintUtils class to implement task list feature\n","tags":["Level-2"],"fileTypesAndContributionMap":{"java":{"insertions":49,"deletions":12}}},{"hash":"bf2acb2ac145557a182533b536885e6a0b11bb95","messageTitle":"Add mark task feature","messageBody":"-Add mark task as done feature\n-Add new task class\n-Renamed Tasks class to TaskList to prevent confusion\n","tags":["Level-3"],"fileTypesAndContributionMap":{"java":{"insertions":78,"deletions":32}}},{"hash":"281994ed7dec04accf8e27c63ceca630f74beaef","messageTitle":"Change formatting settings","messageBody":"Change code indentation and naming to follow Java convention\n","tags":["A-CodingStandard"],"fileTypesAndContributionMap":{"java":{"insertions":23,"deletions":23}}}]}]},"authorFileTypeContributionMap":{"naijie2108":{"java":119,"md":0,"fxml":0,"sh":0,"bat":0,"gradle":0,"txt":0}},"authorContributionVariance":{"naijie2108":277.1309},"authorDisplayNameMap":{"naijie2108":"YEAT.. JIE"}}
