[{"path":"src/main/java/Duke.java","fileType":"java","lines":[{"lineNumber":1,"author":{"gitId":"rondayvoo"},"content":"import java.io.FileNotFoundException;","lastModifiedDate":"2021-09-11"},{"lineNumber":2,"author":{"gitId":"rondayvoo"},"content":"import java.io.IOException;","lastModifiedDate":"2021-09-11"},{"lineNumber":3,"author":{"gitId":"rondayvoo"},"content":"import java.util.Scanner;","lastModifiedDate":"2021-08-20"},{"lineNumber":4,"author":{"gitId":"rondayvoo"},"content":"import java.util.ArrayList;","lastModifiedDate":"2021-09-11"},{"lineNumber":5,"author":{"gitId":"rondayvoo"},"content":"import java.io.File;","lastModifiedDate":"2021-09-11"},{"lineNumber":6,"author":{"gitId":"rondayvoo"},"content":"import java.io.FileWriter;","lastModifiedDate":"2021-09-11"},{"lineNumber":7,"author":{"gitId":"rondayvoo"},"content":"import java.nio.file.Paths;","lastModifiedDate":"2021-09-11"},{"lineNumber":8,"author":{"gitId":"rondayvoo"},"content":"","lastModifiedDate":"2021-09-11"},{"lineNumber":9,"author":{"gitId":"rondayvoo"},"content":"import duke.task.Task;","lastModifiedDate":"2021-09-08"},{"lineNumber":10,"author":{"gitId":"rondayvoo"},"content":"import duke.task.Todo;","lastModifiedDate":"2021-09-08"},{"lineNumber":11,"author":{"gitId":"rondayvoo"},"content":"import duke.task.Deadline;","lastModifiedDate":"2021-09-08"},{"lineNumber":12,"author":{"gitId":"rondayvoo"},"content":"import duke.task.Event;","lastModifiedDate":"2021-09-08"},{"lineNumber":13,"author":{"gitId":"rondayvoo"},"content":"import duke.exception.DukeException;","lastModifiedDate":"2021-09-08"},{"lineNumber":14,"author":{"gitId":"rondayvoo"},"content":"","lastModifiedDate":"2021-08-20"},{"lineNumber":15,"author":{"gitId":"-"},"content":"public class Duke {","lastModifiedDate":"2019-07-29"},{"lineNumber":16,"author":{"gitId":"rondayvoo"},"content":"    public static final String DIVIDING_LINE \u003d \"________________________________________\";","lastModifiedDate":"2021-08-27"},{"lineNumber":17,"author":{"gitId":"rondayvoo"},"content":"    public static final int MAX_STORED_TASKS \u003d 100;","lastModifiedDate":"2021-08-27"},{"lineNumber":18,"author":{"gitId":"rondayvoo"},"content":"    public static final int TODO_OFFSET \u003d 5;","lastModifiedDate":"2021-08-27"},{"lineNumber":19,"author":{"gitId":"rondayvoo"},"content":"    public static final int DEADLINE_OFFSET \u003d 9;","lastModifiedDate":"2021-08-27"},{"lineNumber":20,"author":{"gitId":"rondayvoo"},"content":"    public static final int EVENT_OFFSET \u003d 6;","lastModifiedDate":"2021-08-27"},{"lineNumber":21,"author":{"gitId":"rondayvoo"},"content":"    public static final String PATHNAME \u003d Paths.get(\"data/saveDuke.txt\").toString();","lastModifiedDate":"2021-09-11"},{"lineNumber":22,"author":{"gitId":"rondayvoo"},"content":"","lastModifiedDate":"2021-08-27"},{"lineNumber":23,"author":{"gitId":"rondayvoo"},"content":"    public static void printGreeting() {","lastModifiedDate":"2021-08-20"},{"lineNumber":24,"author":{"gitId":"rondayvoo"},"content":"        System.out.println(DIVIDING_LINE);","lastModifiedDate":"2021-08-27"},{"lineNumber":25,"author":{"gitId":"rondayvoo"},"content":"        System.out.println(\"Greetings, human! I\u0027m Duke. \\nWhat can I do for you?\");","lastModifiedDate":"2021-08-20"},{"lineNumber":26,"author":{"gitId":"rondayvoo"},"content":"        System.out.println(DIVIDING_LINE);","lastModifiedDate":"2021-08-27"},{"lineNumber":27,"author":{"gitId":"rondayvoo"},"content":"    }","lastModifiedDate":"2021-08-20"},{"lineNumber":28,"author":{"gitId":"rondayvoo"},"content":"","lastModifiedDate":"2021-08-20"},{"lineNumber":29,"author":{"gitId":"rondayvoo"},"content":"    public static void printFarewell() {","lastModifiedDate":"2021-08-20"},{"lineNumber":30,"author":{"gitId":"rondayvoo"},"content":"        System.out.println(DIVIDING_LINE);","lastModifiedDate":"2021-08-27"},{"lineNumber":31,"author":{"gitId":"rondayvoo"},"content":"        System.out.println(\"Closing Duke. Have a nice day!\");","lastModifiedDate":"2021-08-20"},{"lineNumber":32,"author":{"gitId":"rondayvoo"},"content":"        System.out.println(DIVIDING_LINE);","lastModifiedDate":"2021-08-27"},{"lineNumber":33,"author":{"gitId":"rondayvoo"},"content":"    }","lastModifiedDate":"2021-08-20"},{"lineNumber":34,"author":{"gitId":"rondayvoo"},"content":"","lastModifiedDate":"2021-08-20"},{"lineNumber":35,"author":{"gitId":"rondayvoo"},"content":"    public static void manageTasks() {","lastModifiedDate":"2021-08-27"},{"lineNumber":36,"author":{"gitId":"rondayvoo"},"content":"        ArrayList\u003cTask\u003e userTasks \u003d new ArrayList\u003c\u003e();","lastModifiedDate":"2021-09-11"},{"lineNumber":37,"author":{"gitId":"rondayvoo"},"content":"        Scanner userInput \u003d new Scanner(System.in);","lastModifiedDate":"2021-08-20"},{"lineNumber":38,"author":{"gitId":"rondayvoo"},"content":"        loadTasks(userTasks);","lastModifiedDate":"2021-09-11"},{"lineNumber":39,"author":{"gitId":"rondayvoo"},"content":"        String userInputString \u003d userInput.nextLine();","lastModifiedDate":"2021-08-20"},{"lineNumber":40,"author":{"gitId":"rondayvoo"},"content":"","lastModifiedDate":"2021-08-20"},{"lineNumber":41,"author":{"gitId":"rondayvoo"},"content":"        while (!userInputString.equals(\"bye\")) {","lastModifiedDate":"2021-09-04"},{"lineNumber":42,"author":{"gitId":"rondayvoo"},"content":"            System.out.println(DIVIDING_LINE);","lastModifiedDate":"2021-08-27"},{"lineNumber":43,"author":{"gitId":"rondayvoo"},"content":"","lastModifiedDate":"2021-09-04"},{"lineNumber":44,"author":{"gitId":"rondayvoo"},"content":"            try {","lastModifiedDate":"2021-09-04"},{"lineNumber":45,"author":{"gitId":"rondayvoo"},"content":"                if (userInputString.equals(\"list\")) {","lastModifiedDate":"2021-09-04"},{"lineNumber":46,"author":{"gitId":"rondayvoo"},"content":"                    listTasks(userTasks);","lastModifiedDate":"2021-09-11"},{"lineNumber":47,"author":{"gitId":"rondayvoo"},"content":"                } else if (userInputString.startsWith(\"done \")) {","lastModifiedDate":"2021-09-04"},{"lineNumber":48,"author":{"gitId":"rondayvoo"},"content":"                    markTaskDone(userInputString, userTasks);","lastModifiedDate":"2021-09-04"},{"lineNumber":49,"author":{"gitId":"rondayvoo"},"content":"                } else if (userInputString.startsWith(\"delete \")) {","lastModifiedDate":"2021-09-11"},{"lineNumber":50,"author":{"gitId":"rondayvoo"},"content":"                    deleteTask(userInputString, userTasks);","lastModifiedDate":"2021-09-11"},{"lineNumber":51,"author":{"gitId":"rondayvoo"},"content":"                } else {","lastModifiedDate":"2021-08-27"},{"lineNumber":52,"author":{"gitId":"rondayvoo"},"content":"                    addNewTask(userInputString, userTasks);","lastModifiedDate":"2021-09-04"},{"lineNumber":53,"author":{"gitId":"rondayvoo"},"content":"                }","lastModifiedDate":"2021-08-27"},{"lineNumber":54,"author":{"gitId":"rondayvoo"},"content":"                saveTasks(userTasks);","lastModifiedDate":"2021-09-11"},{"lineNumber":55,"author":{"gitId":"rondayvoo"},"content":"            } catch (DukeException e) {","lastModifiedDate":"2021-09-04"},{"lineNumber":56,"author":{"gitId":"rondayvoo"},"content":"                System.out.println(\"DukeException: \" + e.getMessage());","lastModifiedDate":"2021-09-04"},{"lineNumber":57,"author":{"gitId":"rondayvoo"},"content":"            }","lastModifiedDate":"2021-09-04"},{"lineNumber":58,"author":{"gitId":"rondayvoo"},"content":"","lastModifiedDate":"2021-09-04"},{"lineNumber":59,"author":{"gitId":"rondayvoo"},"content":"            System.out.println(DIVIDING_LINE);","lastModifiedDate":"2021-08-27"},{"lineNumber":60,"author":{"gitId":"rondayvoo"},"content":"            userInputString \u003d userInput.nextLine();","lastModifiedDate":"2021-08-27"},{"lineNumber":61,"author":{"gitId":"rondayvoo"},"content":"        }","lastModifiedDate":"2021-08-27"},{"lineNumber":62,"author":{"gitId":"rondayvoo"},"content":"    }","lastModifiedDate":"2021-08-27"},{"lineNumber":63,"author":{"gitId":"rondayvoo"},"content":"","lastModifiedDate":"2021-08-27"},{"lineNumber":64,"author":{"gitId":"rondayvoo"},"content":"    public static void listTasks(ArrayList\u003cTask\u003e userTasks) {","lastModifiedDate":"2021-09-11"},{"lineNumber":65,"author":{"gitId":"rondayvoo"},"content":"        for (int i \u003d 0; i \u003c Task.getTotalTasks(); i++) {","lastModifiedDate":"2021-09-11"},{"lineNumber":66,"author":{"gitId":"rondayvoo"},"content":"            System.out.println((i + 1) + \". \" + userTasks.get(i));","lastModifiedDate":"2021-09-11"},{"lineNumber":67,"author":{"gitId":"rondayvoo"},"content":"        }","lastModifiedDate":"2021-08-20"},{"lineNumber":68,"author":{"gitId":"rondayvoo"},"content":"    }","lastModifiedDate":"2021-08-27"},{"lineNumber":69,"author":{"gitId":"rondayvoo"},"content":"","lastModifiedDate":"2021-08-27"},{"lineNumber":70,"author":{"gitId":"rondayvoo"},"content":"    public static void markTaskDone(String userInputString, ArrayList\u003cTask\u003e userTasks) throws DukeException {","lastModifiedDate":"2021-09-11"},{"lineNumber":71,"author":{"gitId":"rondayvoo"},"content":"        String[] words \u003d userInputString.split(\" \");","lastModifiedDate":"2021-08-21"},{"lineNumber":72,"author":{"gitId":"rondayvoo"},"content":"        int completeIndex;","lastModifiedDate":"2021-09-04"},{"lineNumber":73,"author":{"gitId":"rondayvoo"},"content":"","lastModifiedDate":"2021-09-04"},{"lineNumber":74,"author":{"gitId":"rondayvoo"},"content":"        try {","lastModifiedDate":"2021-09-04"},{"lineNumber":75,"author":{"gitId":"rondayvoo"},"content":"            completeIndex \u003d Integer.parseInt(words[1]) - 1;","lastModifiedDate":"2021-09-04"},{"lineNumber":76,"author":{"gitId":"rondayvoo"},"content":"        } catch (NumberFormatException e) {","lastModifiedDate":"2021-09-04"},{"lineNumber":77,"author":{"gitId":"rondayvoo"},"content":"            throw new DukeException(DukeException.INDEX_INVALID);","lastModifiedDate":"2021-09-11"},{"lineNumber":78,"author":{"gitId":"rondayvoo"},"content":"        }","lastModifiedDate":"2021-09-04"},{"lineNumber":79,"author":{"gitId":"rondayvoo"},"content":"","lastModifiedDate":"2021-09-04"},{"lineNumber":80,"author":{"gitId":"rondayvoo"},"content":"        if (completeIndex \u003e\u003d 0 \u0026\u0026 completeIndex \u003c Task.getTotalTasks()) {","lastModifiedDate":"2021-09-04"},{"lineNumber":81,"author":{"gitId":"rondayvoo"},"content":"            userTasks.get(completeIndex).markComplete();","lastModifiedDate":"2021-09-11"},{"lineNumber":82,"author":{"gitId":"rondayvoo"},"content":"            System.out.println(\"Task \" + userTasks.get(completeIndex).getDescription() + \" marked as complete.\");","lastModifiedDate":"2021-09-11"},{"lineNumber":83,"author":{"gitId":"rondayvoo"},"content":"        } else {","lastModifiedDate":"2021-08-20"},{"lineNumber":84,"author":{"gitId":"rondayvoo"},"content":"            throw new DukeException(DukeException.INDEX_OOB);","lastModifiedDate":"2021-09-11"},{"lineNumber":85,"author":{"gitId":"rondayvoo"},"content":"        }","lastModifiedDate":"2021-09-11"},{"lineNumber":86,"author":{"gitId":"rondayvoo"},"content":"    }","lastModifiedDate":"2021-08-21"},{"lineNumber":87,"author":{"gitId":"rondayvoo"},"content":"","lastModifiedDate":"2021-09-11"},{"lineNumber":88,"author":{"gitId":"rondayvoo"},"content":"    public static void deleteTask(String userInputString, ArrayList\u003cTask\u003e userTasks) throws DukeException {","lastModifiedDate":"2021-09-11"},{"lineNumber":89,"author":{"gitId":"rondayvoo"},"content":"        String[] words \u003d userInputString.split(\" \");","lastModifiedDate":"2021-09-11"},{"lineNumber":90,"author":{"gitId":"rondayvoo"},"content":"        int deleteIndex;","lastModifiedDate":"2021-09-11"},{"lineNumber":91,"author":{"gitId":"rondayvoo"},"content":"        String taskStorage;","lastModifiedDate":"2021-09-11"},{"lineNumber":92,"author":{"gitId":"rondayvoo"},"content":"","lastModifiedDate":"2021-09-11"},{"lineNumber":93,"author":{"gitId":"rondayvoo"},"content":"        try {","lastModifiedDate":"2021-09-11"},{"lineNumber":94,"author":{"gitId":"rondayvoo"},"content":"            deleteIndex \u003d Integer.parseInt(words[1]) - 1;","lastModifiedDate":"2021-09-11"},{"lineNumber":95,"author":{"gitId":"rondayvoo"},"content":"        } catch (NumberFormatException e) {","lastModifiedDate":"2021-09-11"},{"lineNumber":96,"author":{"gitId":"rondayvoo"},"content":"            throw new DukeException(DukeException.INDEX_INVALID);","lastModifiedDate":"2021-09-11"},{"lineNumber":97,"author":{"gitId":"rondayvoo"},"content":"        }","lastModifiedDate":"2021-09-11"},{"lineNumber":98,"author":{"gitId":"rondayvoo"},"content":"","lastModifiedDate":"2021-09-11"},{"lineNumber":99,"author":{"gitId":"rondayvoo"},"content":"        if (deleteIndex \u003e\u003d 0 \u0026\u0026 deleteIndex \u003c Task.getTotalTasks()) {","lastModifiedDate":"2021-09-11"},{"lineNumber":100,"author":{"gitId":"rondayvoo"},"content":"            taskStorage \u003d userTasks.get(deleteIndex).toString();","lastModifiedDate":"2021-09-11"},{"lineNumber":101,"author":{"gitId":"rondayvoo"},"content":"            userTasks.get(deleteIndex).decrementTaskNumber();","lastModifiedDate":"2021-09-11"},{"lineNumber":102,"author":{"gitId":"rondayvoo"},"content":"            userTasks.remove(deleteIndex);","lastModifiedDate":"2021-09-11"},{"lineNumber":103,"author":{"gitId":"rondayvoo"},"content":"        } else {","lastModifiedDate":"2021-09-11"},{"lineNumber":104,"author":{"gitId":"rondayvoo"},"content":"            throw new DukeException(DukeException.INDEX_OOB);","lastModifiedDate":"2021-09-11"},{"lineNumber":105,"author":{"gitId":"rondayvoo"},"content":"        }","lastModifiedDate":"2021-09-11"},{"lineNumber":106,"author":{"gitId":"rondayvoo"},"content":"","lastModifiedDate":"2021-09-11"},{"lineNumber":107,"author":{"gitId":"rondayvoo"},"content":"        System.out.println(\"Alright. I\u0027ve deleted this task:\");","lastModifiedDate":"2021-09-11"},{"lineNumber":108,"author":{"gitId":"rondayvoo"},"content":"        System.out.println(taskStorage);","lastModifiedDate":"2021-09-11"},{"lineNumber":109,"author":{"gitId":"rondayvoo"},"content":"        System.out.println(\"You have a total of \" + Task.getTotalTasks() + \" tasks now.\");","lastModifiedDate":"2021-09-11"},{"lineNumber":110,"author":{"gitId":"rondayvoo"},"content":"    }","lastModifiedDate":"2021-08-20"},{"lineNumber":111,"author":{"gitId":"rondayvoo"},"content":"","lastModifiedDate":"2021-08-27"},{"lineNumber":112,"author":{"gitId":"rondayvoo"},"content":"    public static void addNewTask(String userInputString, ArrayList\u003cTask\u003e userTasks) throws DukeException {","lastModifiedDate":"2021-09-11"},{"lineNumber":113,"author":{"gitId":"rondayvoo"},"content":"        if (Task.getTotalTasks() \u003e\u003d MAX_STORED_TASKS) {","lastModifiedDate":"2021-09-08"},{"lineNumber":114,"author":{"gitId":"rondayvoo"},"content":"            throw new DukeException(DukeException.TASK_ARRAY_FULL);","lastModifiedDate":"2021-09-04"},{"lineNumber":115,"author":{"gitId":"rondayvoo"},"content":"        }","lastModifiedDate":"2021-09-04"},{"lineNumber":116,"author":{"gitId":"rondayvoo"},"content":"","lastModifiedDate":"2021-09-04"},{"lineNumber":117,"author":{"gitId":"rondayvoo"},"content":"        int slashIndex \u003d userInputString.indexOf(\u0027/\u0027);","lastModifiedDate":"2021-08-27"},{"lineNumber":118,"author":{"gitId":"rondayvoo"},"content":"        String taskSubstring;","lastModifiedDate":"2021-08-27"},{"lineNumber":119,"author":{"gitId":"rondayvoo"},"content":"        String timeSubstring \u003d userInputString.substring(slashIndex + 1);","lastModifiedDate":"2021-08-27"},{"lineNumber":120,"author":{"gitId":"rondayvoo"},"content":"        timeSubstring \u003d timeSubstring.replaceFirst(\" \", \": \");","lastModifiedDate":"2021-08-27"},{"lineNumber":121,"author":{"gitId":"rondayvoo"},"content":"        if (userInputString.startsWith(\"todo \")) {","lastModifiedDate":"2021-08-27"},{"lineNumber":122,"author":{"gitId":"rondayvoo"},"content":"            taskSubstring \u003d userInputString.substring(TODO_OFFSET);","lastModifiedDate":"2021-08-27"},{"lineNumber":123,"author":{"gitId":"rondayvoo"},"content":"            if (taskSubstring.isBlank()) {","lastModifiedDate":"2021-09-04"},{"lineNumber":124,"author":{"gitId":"rondayvoo"},"content":"                throw new DukeException(DukeException.TODO_BLANK_DESC);","lastModifiedDate":"2021-09-04"},{"lineNumber":125,"author":{"gitId":"rondayvoo"},"content":"            }","lastModifiedDate":"2021-09-04"},{"lineNumber":126,"author":{"gitId":"rondayvoo"},"content":"            userTasks.add(new Todo(taskSubstring));","lastModifiedDate":"2021-09-11"},{"lineNumber":127,"author":{"gitId":"rondayvoo"},"content":"        } else if (userInputString.startsWith(\"deadline \")) {","lastModifiedDate":"2021-09-04"},{"lineNumber":128,"author":{"gitId":"rondayvoo"},"content":"            if (slashIndex \u003c 0) {","lastModifiedDate":"2021-09-04"},{"lineNumber":129,"author":{"gitId":"rondayvoo"},"content":"                throw new DukeException(DukeException.DEADLINE_NO_SLASH);","lastModifiedDate":"2021-09-04"},{"lineNumber":130,"author":{"gitId":"rondayvoo"},"content":"            }","lastModifiedDate":"2021-09-04"},{"lineNumber":131,"author":{"gitId":"rondayvoo"},"content":"            if (timeSubstring.isBlank()) {","lastModifiedDate":"2021-09-04"},{"lineNumber":132,"author":{"gitId":"rondayvoo"},"content":"                throw new DukeException(DukeException.DEADLINE_BLANK_DATE);","lastModifiedDate":"2021-09-04"},{"lineNumber":133,"author":{"gitId":"rondayvoo"},"content":"            }","lastModifiedDate":"2021-09-04"},{"lineNumber":134,"author":{"gitId":"rondayvoo"},"content":"            if (DEADLINE_OFFSET \u003e\u003d slashIndex - 1) {","lastModifiedDate":"2021-09-04"},{"lineNumber":135,"author":{"gitId":"rondayvoo"},"content":"                throw new DukeException(DukeException.DEADLINE_BLANK_DESC);","lastModifiedDate":"2021-09-04"},{"lineNumber":136,"author":{"gitId":"rondayvoo"},"content":"            }","lastModifiedDate":"2021-09-04"},{"lineNumber":137,"author":{"gitId":"rondayvoo"},"content":"            taskSubstring \u003d userInputString.substring(DEADLINE_OFFSET, slashIndex - 1);","lastModifiedDate":"2021-08-27"},{"lineNumber":138,"author":{"gitId":"rondayvoo"},"content":"            userTasks.add(new Deadline(taskSubstring, timeSubstring));","lastModifiedDate":"2021-09-11"},{"lineNumber":139,"author":{"gitId":"rondayvoo"},"content":"        } else if (userInputString.startsWith(\"event \")) {","lastModifiedDate":"2021-09-04"},{"lineNumber":140,"author":{"gitId":"rondayvoo"},"content":"            if (slashIndex \u003c 0) {","lastModifiedDate":"2021-09-04"},{"lineNumber":141,"author":{"gitId":"rondayvoo"},"content":"                throw new DukeException(DukeException.EVENT_NO_SLASH);","lastModifiedDate":"2021-09-04"},{"lineNumber":142,"author":{"gitId":"rondayvoo"},"content":"            }","lastModifiedDate":"2021-09-04"},{"lineNumber":143,"author":{"gitId":"rondayvoo"},"content":"            if (timeSubstring.isBlank()) {","lastModifiedDate":"2021-09-04"},{"lineNumber":144,"author":{"gitId":"rondayvoo"},"content":"                throw new DukeException(DukeException.EVENT_BLANK_DATE);","lastModifiedDate":"2021-09-04"},{"lineNumber":145,"author":{"gitId":"rondayvoo"},"content":"            }","lastModifiedDate":"2021-09-04"},{"lineNumber":146,"author":{"gitId":"rondayvoo"},"content":"            if (EVENT_OFFSET \u003e\u003d slashIndex - 1) {","lastModifiedDate":"2021-09-04"},{"lineNumber":147,"author":{"gitId":"rondayvoo"},"content":"                throw new DukeException(DukeException.EVENT_BLANK_DESC);","lastModifiedDate":"2021-09-04"},{"lineNumber":148,"author":{"gitId":"rondayvoo"},"content":"            }","lastModifiedDate":"2021-09-04"},{"lineNumber":149,"author":{"gitId":"rondayvoo"},"content":"            taskSubstring \u003d userInputString.substring(EVENT_OFFSET, slashIndex - 1);","lastModifiedDate":"2021-08-27"},{"lineNumber":150,"author":{"gitId":"rondayvoo"},"content":"            userTasks.add(new Event(taskSubstring, timeSubstring));","lastModifiedDate":"2021-09-11"},{"lineNumber":151,"author":{"gitId":"rondayvoo"},"content":"        } else {","lastModifiedDate":"2021-08-27"},{"lineNumber":152,"author":{"gitId":"rondayvoo"},"content":"            throw new DukeException(DukeException.COMMAND_INVALID);","lastModifiedDate":"2021-09-04"},{"lineNumber":153,"author":{"gitId":"rondayvoo"},"content":"        }","lastModifiedDate":"2021-08-20"},{"lineNumber":154,"author":{"gitId":"rondayvoo"},"content":"","lastModifiedDate":"2021-08-27"},{"lineNumber":155,"author":{"gitId":"rondayvoo"},"content":"        System.out.println(\"Gotcha. I\u0027ve added this task:\");","lastModifiedDate":"2021-08-27"},{"lineNumber":156,"author":{"gitId":"rondayvoo"},"content":"        System.out.println(userTasks.get(Task.getTotalTasks() - 1));","lastModifiedDate":"2021-09-11"},{"lineNumber":157,"author":{"gitId":"rondayvoo"},"content":"        System.out.println(\"You have a total of \" + Task.getTotalTasks() + \" tasks now.\");","lastModifiedDate":"2021-09-04"},{"lineNumber":158,"author":{"gitId":"rondayvoo"},"content":"    }","lastModifiedDate":"2021-08-20"},{"lineNumber":159,"author":{"gitId":"rondayvoo"},"content":"","lastModifiedDate":"2021-08-20"},{"lineNumber":160,"author":{"gitId":"rondayvoo"},"content":"    public static void saveTasks(ArrayList\u003cTask\u003e userTasks) {","lastModifiedDate":"2021-09-11"},{"lineNumber":161,"author":{"gitId":"rondayvoo"},"content":"        StringBuilder output \u003d new StringBuilder();","lastModifiedDate":"2021-09-11"},{"lineNumber":162,"author":{"gitId":"rondayvoo"},"content":"        for (int i \u003d 0; i \u003c Task.getTotalTasks(); i++) {","lastModifiedDate":"2021-09-11"},{"lineNumber":163,"author":{"gitId":"rondayvoo"},"content":"            output.append(userTasks.get(i).saveString());","lastModifiedDate":"2021-09-11"},{"lineNumber":164,"author":{"gitId":"rondayvoo"},"content":"            output.append(System.lineSeparator());","lastModifiedDate":"2021-09-11"},{"lineNumber":165,"author":{"gitId":"rondayvoo"},"content":"        }","lastModifiedDate":"2021-09-11"},{"lineNumber":166,"author":{"gitId":"rondayvoo"},"content":"        try {","lastModifiedDate":"2021-09-11"},{"lineNumber":167,"author":{"gitId":"rondayvoo"},"content":"            FileWriter writer \u003d new FileWriter(PATHNAME);","lastModifiedDate":"2021-09-11"},{"lineNumber":168,"author":{"gitId":"rondayvoo"},"content":"            writer.write(output.toString());","lastModifiedDate":"2021-09-11"},{"lineNumber":169,"author":{"gitId":"rondayvoo"},"content":"            writer.close();","lastModifiedDate":"2021-09-11"},{"lineNumber":170,"author":{"gitId":"rondayvoo"},"content":"        } catch (IOException e) {","lastModifiedDate":"2021-09-11"},{"lineNumber":171,"author":{"gitId":"rondayvoo"},"content":"            System.out.println(e.getMessage());","lastModifiedDate":"2021-09-11"},{"lineNumber":172,"author":{"gitId":"rondayvoo"},"content":"        }","lastModifiedDate":"2021-09-11"},{"lineNumber":173,"author":{"gitId":"rondayvoo"},"content":"    }","lastModifiedDate":"2021-09-11"},{"lineNumber":174,"author":{"gitId":"rondayvoo"},"content":"","lastModifiedDate":"2021-09-11"},{"lineNumber":175,"author":{"gitId":"rondayvoo"},"content":"    public static void loadTasks(ArrayList\u003cTask\u003e userTasks) {","lastModifiedDate":"2021-09-11"},{"lineNumber":176,"author":{"gitId":"rondayvoo"},"content":"        File load \u003d new File(PATHNAME);","lastModifiedDate":"2021-09-11"},{"lineNumber":177,"author":{"gitId":"rondayvoo"},"content":"","lastModifiedDate":"2021-09-11"},{"lineNumber":178,"author":{"gitId":"rondayvoo"},"content":"        if (!load.getParentFile().exists()) {","lastModifiedDate":"2021-09-11"},{"lineNumber":179,"author":{"gitId":"rondayvoo"},"content":"            load.getParentFile().mkdir();","lastModifiedDate":"2021-09-11"},{"lineNumber":180,"author":{"gitId":"rondayvoo"},"content":"        }","lastModifiedDate":"2021-09-11"},{"lineNumber":181,"author":{"gitId":"rondayvoo"},"content":"","lastModifiedDate":"2021-09-11"},{"lineNumber":182,"author":{"gitId":"rondayvoo"},"content":"        try {","lastModifiedDate":"2021-09-11"},{"lineNumber":183,"author":{"gitId":"rondayvoo"},"content":"            Scanner loadScanner \u003d new Scanner(load);","lastModifiedDate":"2021-09-11"},{"lineNumber":184,"author":{"gitId":"rondayvoo"},"content":"            String currTask;","lastModifiedDate":"2021-09-11"},{"lineNumber":185,"author":{"gitId":"rondayvoo"},"content":"","lastModifiedDate":"2021-09-11"},{"lineNumber":186,"author":{"gitId":"rondayvoo"},"content":"            while (loadScanner.hasNext()) {","lastModifiedDate":"2021-09-11"},{"lineNumber":187,"author":{"gitId":"rondayvoo"},"content":"                currTask \u003d loadScanner.nextLine();","lastModifiedDate":"2021-09-11"},{"lineNumber":188,"author":{"gitId":"rondayvoo"},"content":"                String[] atomArray \u003d currTask.split(\" \\\\| \");","lastModifiedDate":"2021-09-11"},{"lineNumber":189,"author":{"gitId":"rondayvoo"},"content":"                if (atomArray[1].equals(\"T\")) {","lastModifiedDate":"2021-09-11"},{"lineNumber":190,"author":{"gitId":"rondayvoo"},"content":"                    userTasks.add(new Todo(atomArray[2]));","lastModifiedDate":"2021-09-11"},{"lineNumber":191,"author":{"gitId":"rondayvoo"},"content":"                    if (atomArray[0].equals(\"[X]\")) {","lastModifiedDate":"2021-09-11"},{"lineNumber":192,"author":{"gitId":"rondayvoo"},"content":"                        userTasks.get(Task.getTotalTasks() - 1).markComplete();","lastModifiedDate":"2021-09-11"},{"lineNumber":193,"author":{"gitId":"rondayvoo"},"content":"                    }","lastModifiedDate":"2021-09-11"},{"lineNumber":194,"author":{"gitId":"rondayvoo"},"content":"                } else if (atomArray[1].equals(\"D\")) {","lastModifiedDate":"2021-09-11"},{"lineNumber":195,"author":{"gitId":"rondayvoo"},"content":"                    userTasks.add(new Deadline(atomArray[2], atomArray[3]));","lastModifiedDate":"2021-09-11"},{"lineNumber":196,"author":{"gitId":"rondayvoo"},"content":"                    if (atomArray[0].equals(\"[X]\")) {","lastModifiedDate":"2021-09-11"},{"lineNumber":197,"author":{"gitId":"rondayvoo"},"content":"                        userTasks.get(Task.getTotalTasks() - 1).markComplete();","lastModifiedDate":"2021-09-11"},{"lineNumber":198,"author":{"gitId":"rondayvoo"},"content":"                    }","lastModifiedDate":"2021-09-11"},{"lineNumber":199,"author":{"gitId":"rondayvoo"},"content":"                } else {","lastModifiedDate":"2021-09-11"},{"lineNumber":200,"author":{"gitId":"rondayvoo"},"content":"                    userTasks.add(new Event(atomArray[2], atomArray[3]));","lastModifiedDate":"2021-09-11"},{"lineNumber":201,"author":{"gitId":"rondayvoo"},"content":"                    if (atomArray[0].equals(\"[X]\")) {","lastModifiedDate":"2021-09-11"},{"lineNumber":202,"author":{"gitId":"rondayvoo"},"content":"                        userTasks.get(Task.getTotalTasks() - 1).markComplete();","lastModifiedDate":"2021-09-11"},{"lineNumber":203,"author":{"gitId":"rondayvoo"},"content":"                    }","lastModifiedDate":"2021-09-11"},{"lineNumber":204,"author":{"gitId":"rondayvoo"},"content":"                }","lastModifiedDate":"2021-09-11"},{"lineNumber":205,"author":{"gitId":"rondayvoo"},"content":"            }","lastModifiedDate":"2021-09-11"},{"lineNumber":206,"author":{"gitId":"rondayvoo"},"content":"        } catch (DukeException e) {","lastModifiedDate":"2021-09-11"},{"lineNumber":207,"author":{"gitId":"rondayvoo"},"content":"            System.out.println(\"DukeException:\" + e.getMessage());","lastModifiedDate":"2021-09-11"},{"lineNumber":208,"author":{"gitId":"rondayvoo"},"content":"        } catch (FileNotFoundException e) {","lastModifiedDate":"2021-09-11"},{"lineNumber":209,"author":{"gitId":"rondayvoo"},"content":"            try {","lastModifiedDate":"2021-09-11"},{"lineNumber":210,"author":{"gitId":"rondayvoo"},"content":"                load.createNewFile();","lastModifiedDate":"2021-09-11"},{"lineNumber":211,"author":{"gitId":"rondayvoo"},"content":"            } catch (IOException ex) {","lastModifiedDate":"2021-09-11"},{"lineNumber":212,"author":{"gitId":"rondayvoo"},"content":"                e.printStackTrace();","lastModifiedDate":"2021-09-11"},{"lineNumber":213,"author":{"gitId":"rondayvoo"},"content":"            }","lastModifiedDate":"2021-09-11"},{"lineNumber":214,"author":{"gitId":"rondayvoo"},"content":"        }","lastModifiedDate":"2021-09-11"},{"lineNumber":215,"author":{"gitId":"rondayvoo"},"content":"","lastModifiedDate":"2021-09-11"},{"lineNumber":216,"author":{"gitId":"rondayvoo"},"content":"        System.out.println(\"Previous session restored.\");","lastModifiedDate":"2021-09-11"},{"lineNumber":217,"author":{"gitId":"rondayvoo"},"content":"        System.out.println(DIVIDING_LINE);","lastModifiedDate":"2021-09-11"},{"lineNumber":218,"author":{"gitId":"rondayvoo"},"content":"    }","lastModifiedDate":"2021-09-11"},{"lineNumber":219,"author":{"gitId":"rondayvoo"},"content":"","lastModifiedDate":"2021-09-11"},{"lineNumber":220,"author":{"gitId":"-"},"content":"    public static void main(String[] args) {","lastModifiedDate":"2019-07-29"},{"lineNumber":221,"author":{"gitId":"rondayvoo"},"content":"        printGreeting();","lastModifiedDate":"2021-08-20"},{"lineNumber":222,"author":{"gitId":"rondayvoo"},"content":"        manageTasks();","lastModifiedDate":"2021-08-27"},{"lineNumber":223,"author":{"gitId":"rondayvoo"},"content":"        printFarewell();","lastModifiedDate":"2021-08-20"},{"lineNumber":224,"author":{"gitId":"-"},"content":"    }","lastModifiedDate":"2019-07-29"},{"lineNumber":225,"author":{"gitId":"-"},"content":"}","lastModifiedDate":"2019-07-29"}],"authorContributionMap":{"rondayvoo":221,"-":4}},{"path":"src/main/java/duke/exception/DukeException.java","fileType":"java","lines":[{"lineNumber":1,"author":{"gitId":"rondayvoo"},"content":"package duke.exception;","lastModifiedDate":"2021-09-04"},{"lineNumber":2,"author":{"gitId":"rondayvoo"},"content":"","lastModifiedDate":"2021-09-04"},{"lineNumber":3,"author":{"gitId":"rondayvoo"},"content":"public class DukeException extends Exception {","lastModifiedDate":"2021-09-04"},{"lineNumber":4,"author":{"gitId":"rondayvoo"},"content":"    public static final String TASK_ALREADY_DONE \u003d \"Task already completed.\";","lastModifiedDate":"2021-09-04"},{"lineNumber":5,"author":{"gitId":"rondayvoo"},"content":"    public static final String TASK_ARRAY_FULL \u003d \"No more memory to store tasks.\";","lastModifiedDate":"2021-09-04"},{"lineNumber":6,"author":{"gitId":"rondayvoo"},"content":"","lastModifiedDate":"2021-09-11"},{"lineNumber":7,"author":{"gitId":"rondayvoo"},"content":"    public static final String INDEX_OOB \u003d \"Index outside range.\";","lastModifiedDate":"2021-09-11"},{"lineNumber":8,"author":{"gitId":"rondayvoo"},"content":"    public static final String INDEX_INVALID \u003d \"Index is not a valid integer.\";","lastModifiedDate":"2021-09-11"},{"lineNumber":9,"author":{"gitId":"rondayvoo"},"content":"","lastModifiedDate":"2021-09-11"},{"lineNumber":10,"author":{"gitId":"rondayvoo"},"content":"    public static final String COMMAND_INVALID \u003d \"Command given cannot be recognized.\";","lastModifiedDate":"2021-09-08"},{"lineNumber":11,"author":{"gitId":"rondayvoo"},"content":"","lastModifiedDate":"2021-09-04"},{"lineNumber":12,"author":{"gitId":"rondayvoo"},"content":"    public static final String TODO_BLANK_DESC \u003d \"Description of todo is blank.\";","lastModifiedDate":"2021-09-04"},{"lineNumber":13,"author":{"gitId":"rondayvoo"},"content":"","lastModifiedDate":"2021-09-04"},{"lineNumber":14,"author":{"gitId":"rondayvoo"},"content":"    public static final String DEADLINE_BLANK_DESC \u003d \"Description of deadline is blank.\";","lastModifiedDate":"2021-09-04"},{"lineNumber":15,"author":{"gitId":"rondayvoo"},"content":"    public static final String DEADLINE_NO_SLASH \u003d \"Deadline command does not include \u0027/\u0027 character.\";","lastModifiedDate":"2021-09-04"},{"lineNumber":16,"author":{"gitId":"rondayvoo"},"content":"    public static final String DEADLINE_BLANK_DATE \u003d \"Date of deadline is blank.\";","lastModifiedDate":"2021-09-04"},{"lineNumber":17,"author":{"gitId":"rondayvoo"},"content":"","lastModifiedDate":"2021-09-04"},{"lineNumber":18,"author":{"gitId":"rondayvoo"},"content":"    public static final String EVENT_BLANK_DESC \u003d \"Description of event is blank.\";","lastModifiedDate":"2021-09-04"},{"lineNumber":19,"author":{"gitId":"rondayvoo"},"content":"    public static final String EVENT_NO_SLASH \u003d \"Event command does not include \u0027/\u0027 character.\";","lastModifiedDate":"2021-09-04"},{"lineNumber":20,"author":{"gitId":"rondayvoo"},"content":"    public static final String EVENT_BLANK_DATE \u003d \"Date of event is blank.\";","lastModifiedDate":"2021-09-04"},{"lineNumber":21,"author":{"gitId":"rondayvoo"},"content":"","lastModifiedDate":"2021-09-04"},{"lineNumber":22,"author":{"gitId":"rondayvoo"},"content":"    public DukeException (String errorMessage) {","lastModifiedDate":"2021-09-04"},{"lineNumber":23,"author":{"gitId":"rondayvoo"},"content":"        super(errorMessage);","lastModifiedDate":"2021-09-04"},{"lineNumber":24,"author":{"gitId":"rondayvoo"},"content":"    }","lastModifiedDate":"2021-09-04"},{"lineNumber":25,"author":{"gitId":"rondayvoo"},"content":"}","lastModifiedDate":"2021-09-04"}],"authorContributionMap":{"rondayvoo":25}},{"path":"src/main/java/duke/task/Deadline.java","fileType":"java","lines":[{"lineNumber":1,"author":{"gitId":"rondayvoo"},"content":"package duke.task;","lastModifiedDate":"2021-09-04"},{"lineNumber":2,"author":{"gitId":"rondayvoo"},"content":"","lastModifiedDate":"2021-09-04"},{"lineNumber":3,"author":{"gitId":"rondayvoo"},"content":"public class Deadline extends Todo {","lastModifiedDate":"2021-09-04"},{"lineNumber":4,"author":{"gitId":"rondayvoo"},"content":"    protected String date;","lastModifiedDate":"2021-09-04"},{"lineNumber":5,"author":{"gitId":"rondayvoo"},"content":"","lastModifiedDate":"2021-09-04"},{"lineNumber":6,"author":{"gitId":"rondayvoo"},"content":"    public Deadline(String description, String date) {","lastModifiedDate":"2021-09-04"},{"lineNumber":7,"author":{"gitId":"rondayvoo"},"content":"        super(description);","lastModifiedDate":"2021-09-04"},{"lineNumber":8,"author":{"gitId":"rondayvoo"},"content":"        this.type \u003d \u0027D\u0027;","lastModifiedDate":"2021-09-04"},{"lineNumber":9,"author":{"gitId":"rondayvoo"},"content":"        this.date \u003d date;","lastModifiedDate":"2021-09-04"},{"lineNumber":10,"author":{"gitId":"rondayvoo"},"content":"    }","lastModifiedDate":"2021-09-04"},{"lineNumber":11,"author":{"gitId":"rondayvoo"},"content":"","lastModifiedDate":"2021-09-04"},{"lineNumber":12,"author":{"gitId":"rondayvoo"},"content":"    @Override","lastModifiedDate":"2021-09-04"},{"lineNumber":13,"author":{"gitId":"rondayvoo"},"content":"    public String toString() {","lastModifiedDate":"2021-09-04"},{"lineNumber":14,"author":{"gitId":"rondayvoo"},"content":"        return super.toString() + \" (\" + date + \")\";","lastModifiedDate":"2021-09-04"},{"lineNumber":15,"author":{"gitId":"rondayvoo"},"content":"    }","lastModifiedDate":"2021-09-04"},{"lineNumber":16,"author":{"gitId":"rondayvoo"},"content":"","lastModifiedDate":"2021-09-11"},{"lineNumber":17,"author":{"gitId":"rondayvoo"},"content":"    @Override","lastModifiedDate":"2021-09-11"},{"lineNumber":18,"author":{"gitId":"rondayvoo"},"content":"    public String saveString() {","lastModifiedDate":"2021-09-11"},{"lineNumber":19,"author":{"gitId":"rondayvoo"},"content":"        return super.saveString() + \" | \" + date;","lastModifiedDate":"2021-09-11"},{"lineNumber":20,"author":{"gitId":"rondayvoo"},"content":"    }","lastModifiedDate":"2021-09-11"},{"lineNumber":21,"author":{"gitId":"rondayvoo"},"content":"}","lastModifiedDate":"2021-09-04"}],"authorContributionMap":{"rondayvoo":21}},{"path":"src/main/java/duke/task/Event.java","fileType":"java","lines":[{"lineNumber":1,"author":{"gitId":"rondayvoo"},"content":"package duke.task;","lastModifiedDate":"2021-09-04"},{"lineNumber":2,"author":{"gitId":"rondayvoo"},"content":"","lastModifiedDate":"2021-09-04"},{"lineNumber":3,"author":{"gitId":"rondayvoo"},"content":"public class Event extends Deadline {","lastModifiedDate":"2021-09-04"},{"lineNumber":4,"author":{"gitId":"rondayvoo"},"content":"    public Event(String description, String time) {","lastModifiedDate":"2021-09-04"},{"lineNumber":5,"author":{"gitId":"rondayvoo"},"content":"        super(description, time);","lastModifiedDate":"2021-09-04"},{"lineNumber":6,"author":{"gitId":"rondayvoo"},"content":"        this.type \u003d \u0027E\u0027;","lastModifiedDate":"2021-09-04"},{"lineNumber":7,"author":{"gitId":"rondayvoo"},"content":"    }","lastModifiedDate":"2021-09-04"},{"lineNumber":8,"author":{"gitId":"rondayvoo"},"content":"","lastModifiedDate":"2021-09-04"},{"lineNumber":9,"author":{"gitId":"rondayvoo"},"content":"    @Override","lastModifiedDate":"2021-09-04"},{"lineNumber":10,"author":{"gitId":"rondayvoo"},"content":"    public String toString() {","lastModifiedDate":"2021-09-04"},{"lineNumber":11,"author":{"gitId":"rondayvoo"},"content":"        return super.toString();","lastModifiedDate":"2021-09-04"},{"lineNumber":12,"author":{"gitId":"rondayvoo"},"content":"    }","lastModifiedDate":"2021-09-04"},{"lineNumber":13,"author":{"gitId":"rondayvoo"},"content":"}","lastModifiedDate":"2021-09-04"}],"authorContributionMap":{"rondayvoo":13}},{"path":"src/main/java/duke/task/Task.java","fileType":"java","lines":[{"lineNumber":1,"author":{"gitId":"rondayvoo"},"content":"package duke.task;","lastModifiedDate":"2021-09-04"},{"lineNumber":2,"author":{"gitId":"rondayvoo"},"content":"import duke.exception.DukeException;","lastModifiedDate":"2021-09-04"},{"lineNumber":3,"author":{"gitId":"rondayvoo"},"content":"","lastModifiedDate":"2021-09-04"},{"lineNumber":4,"author":{"gitId":"rondayvoo"},"content":"public abstract class Task {","lastModifiedDate":"2021-09-04"},{"lineNumber":5,"author":{"gitId":"rondayvoo"},"content":"    protected String description;","lastModifiedDate":"2021-09-04"},{"lineNumber":6,"author":{"gitId":"rondayvoo"},"content":"    protected char type;","lastModifiedDate":"2021-09-04"},{"lineNumber":7,"author":{"gitId":"rondayvoo"},"content":"    protected boolean isDone \u003d false;","lastModifiedDate":"2021-09-04"},{"lineNumber":8,"author":{"gitId":"rondayvoo"},"content":"    protected static int totalTasks \u003d 0;","lastModifiedDate":"2021-09-04"},{"lineNumber":9,"author":{"gitId":"rondayvoo"},"content":"","lastModifiedDate":"2021-09-04"},{"lineNumber":10,"author":{"gitId":"rondayvoo"},"content":"    public Task(String description) {","lastModifiedDate":"2021-09-04"},{"lineNumber":11,"author":{"gitId":"rondayvoo"},"content":"        this.description \u003d description;","lastModifiedDate":"2021-09-04"},{"lineNumber":12,"author":{"gitId":"rondayvoo"},"content":"        totalTasks++;","lastModifiedDate":"2021-09-04"},{"lineNumber":13,"author":{"gitId":"rondayvoo"},"content":"    }","lastModifiedDate":"2021-09-04"},{"lineNumber":14,"author":{"gitId":"rondayvoo"},"content":"","lastModifiedDate":"2021-09-04"},{"lineNumber":15,"author":{"gitId":"rondayvoo"},"content":"    @Override","lastModifiedDate":"2021-09-04"},{"lineNumber":16,"author":{"gitId":"rondayvoo"},"content":"    public String toString() {","lastModifiedDate":"2021-09-04"},{"lineNumber":17,"author":{"gitId":"rondayvoo"},"content":"        if (isDone) {","lastModifiedDate":"2021-09-04"},{"lineNumber":18,"author":{"gitId":"rondayvoo"},"content":"            return \"[\" + type + \"][X] \" + description;","lastModifiedDate":"2021-09-04"},{"lineNumber":19,"author":{"gitId":"rondayvoo"},"content":"        } else {","lastModifiedDate":"2021-09-04"},{"lineNumber":20,"author":{"gitId":"rondayvoo"},"content":"            return \"[\" + type + \"][ ] \" + description;","lastModifiedDate":"2021-09-04"},{"lineNumber":21,"author":{"gitId":"rondayvoo"},"content":"        }","lastModifiedDate":"2021-09-04"},{"lineNumber":22,"author":{"gitId":"rondayvoo"},"content":"    }","lastModifiedDate":"2021-09-04"},{"lineNumber":23,"author":{"gitId":"rondayvoo"},"content":"","lastModifiedDate":"2021-09-04"},{"lineNumber":24,"author":{"gitId":"rondayvoo"},"content":"    public abstract String saveString();","lastModifiedDate":"2021-09-11"},{"lineNumber":25,"author":{"gitId":"rondayvoo"},"content":"","lastModifiedDate":"2021-09-11"},{"lineNumber":26,"author":{"gitId":"rondayvoo"},"content":"    public void markComplete() throws DukeException {","lastModifiedDate":"2021-09-04"},{"lineNumber":27,"author":{"gitId":"rondayvoo"},"content":"        if (isDone) {","lastModifiedDate":"2021-09-04"},{"lineNumber":28,"author":{"gitId":"rondayvoo"},"content":"            throw new DukeException(DukeException.TASK_ALREADY_DONE);","lastModifiedDate":"2021-09-04"},{"lineNumber":29,"author":{"gitId":"rondayvoo"},"content":"        } else {","lastModifiedDate":"2021-09-04"},{"lineNumber":30,"author":{"gitId":"rondayvoo"},"content":"            isDone \u003d true;","lastModifiedDate":"2021-09-04"},{"lineNumber":31,"author":{"gitId":"rondayvoo"},"content":"        }","lastModifiedDate":"2021-09-04"},{"lineNumber":32,"author":{"gitId":"rondayvoo"},"content":"    }","lastModifiedDate":"2021-09-04"},{"lineNumber":33,"author":{"gitId":"rondayvoo"},"content":"","lastModifiedDate":"2021-09-04"},{"lineNumber":34,"author":{"gitId":"rondayvoo"},"content":"    public static int getTotalTasks() {","lastModifiedDate":"2021-09-04"},{"lineNumber":35,"author":{"gitId":"rondayvoo"},"content":"        return totalTasks;","lastModifiedDate":"2021-09-04"},{"lineNumber":36,"author":{"gitId":"rondayvoo"},"content":"    }","lastModifiedDate":"2021-09-04"},{"lineNumber":37,"author":{"gitId":"rondayvoo"},"content":"","lastModifiedDate":"2021-09-04"},{"lineNumber":38,"author":{"gitId":"rondayvoo"},"content":"    public String getDescription() {","lastModifiedDate":"2021-09-04"},{"lineNumber":39,"author":{"gitId":"rondayvoo"},"content":"        return description;","lastModifiedDate":"2021-09-04"},{"lineNumber":40,"author":{"gitId":"rondayvoo"},"content":"    }","lastModifiedDate":"2021-09-04"},{"lineNumber":41,"author":{"gitId":"rondayvoo"},"content":"","lastModifiedDate":"2021-09-11"},{"lineNumber":42,"author":{"gitId":"rondayvoo"},"content":"    public void decrementTaskNumber() {","lastModifiedDate":"2021-09-11"},{"lineNumber":43,"author":{"gitId":"rondayvoo"},"content":"        totalTasks--;","lastModifiedDate":"2021-09-11"},{"lineNumber":44,"author":{"gitId":"rondayvoo"},"content":"    }","lastModifiedDate":"2021-09-11"},{"lineNumber":45,"author":{"gitId":"rondayvoo"},"content":"}","lastModifiedDate":"2021-09-04"}],"authorContributionMap":{"rondayvoo":45}},{"path":"src/main/java/duke/task/Todo.java","fileType":"java","lines":[{"lineNumber":1,"author":{"gitId":"rondayvoo"},"content":"package duke.task;","lastModifiedDate":"2021-09-04"},{"lineNumber":2,"author":{"gitId":"rondayvoo"},"content":"","lastModifiedDate":"2021-09-04"},{"lineNumber":3,"author":{"gitId":"rondayvoo"},"content":"public class Todo extends Task {","lastModifiedDate":"2021-08-27"},{"lineNumber":4,"author":{"gitId":"rondayvoo"},"content":"    public Todo(String description) {","lastModifiedDate":"2021-08-27"},{"lineNumber":5,"author":{"gitId":"rondayvoo"},"content":"        super(description);","lastModifiedDate":"2021-08-27"},{"lineNumber":6,"author":{"gitId":"rondayvoo"},"content":"        this.type \u003d \u0027T\u0027;","lastModifiedDate":"2021-08-27"},{"lineNumber":7,"author":{"gitId":"rondayvoo"},"content":"    }","lastModifiedDate":"2021-08-27"},{"lineNumber":8,"author":{"gitId":"rondayvoo"},"content":"","lastModifiedDate":"2021-09-11"},{"lineNumber":9,"author":{"gitId":"rondayvoo"},"content":"    @Override","lastModifiedDate":"2021-09-11"},{"lineNumber":10,"author":{"gitId":"rondayvoo"},"content":"    public String saveString() {","lastModifiedDate":"2021-09-11"},{"lineNumber":11,"author":{"gitId":"rondayvoo"},"content":"        String output \u003d \"\";","lastModifiedDate":"2021-09-11"},{"lineNumber":12,"author":{"gitId":"rondayvoo"},"content":"        if (isDone) {","lastModifiedDate":"2021-09-11"},{"lineNumber":13,"author":{"gitId":"rondayvoo"},"content":"            output +\u003d \"[X] | \";","lastModifiedDate":"2021-09-11"},{"lineNumber":14,"author":{"gitId":"rondayvoo"},"content":"        } else {","lastModifiedDate":"2021-09-11"},{"lineNumber":15,"author":{"gitId":"rondayvoo"},"content":"            output +\u003d \"[ ] | \";","lastModifiedDate":"2021-09-11"},{"lineNumber":16,"author":{"gitId":"rondayvoo"},"content":"        }","lastModifiedDate":"2021-09-11"},{"lineNumber":17,"author":{"gitId":"rondayvoo"},"content":"        output +\u003d type + \" | \" + description;","lastModifiedDate":"2021-09-11"},{"lineNumber":18,"author":{"gitId":"rondayvoo"},"content":"        return output;","lastModifiedDate":"2021-09-11"},{"lineNumber":19,"author":{"gitId":"rondayvoo"},"content":"    }","lastModifiedDate":"2021-09-11"},{"lineNumber":20,"author":{"gitId":"rondayvoo"},"content":"}","lastModifiedDate":"2021-08-27"}],"authorContributionMap":{"rondayvoo":20}},{"path":"text-ui-test/input.txt","fileType":"txt","lines":[{"lineNumber":1,"author":{"gitId":"rondayvoo"},"content":"todo walk dog","lastModifiedDate":"2021-08-27"},{"lineNumber":2,"author":{"gitId":"rondayvoo"},"content":"water plants","lastModifiedDate":"2021-08-27"},{"lineNumber":3,"author":{"gitId":"rondayvoo"},"content":"deadline CS2113 coding exercise /by next Friday","lastModifiedDate":"2021-08-27"},{"lineNumber":4,"author":{"gitId":"rondayvoo"},"content":"event saw con 2021 /at 4-6pm tomorrow","lastModifiedDate":"2021-08-27"},{"lineNumber":5,"author":{"gitId":"rondayvoo"},"content":"list","lastModifiedDate":"2021-08-27"},{"lineNumber":6,"author":{"gitId":"rondayvoo"},"content":"done 2","lastModifiedDate":"2021-08-27"},{"lineNumber":7,"author":{"gitId":"rondayvoo"},"content":"done -1024","lastModifiedDate":"2021-08-27"},{"lineNumber":8,"author":{"gitId":"rondayvoo"},"content":"done abcdefg","lastModifiedDate":"2021-09-04"},{"lineNumber":9,"author":{"gitId":"rondayvoo"},"content":"deadline error management by Sunday","lastModifiedDate":"2021-08-27"},{"lineNumber":10,"author":{"gitId":"rondayvoo"},"content":"deadline carboncents disagree meeting /by never","lastModifiedDate":"2021-08-27"},{"lineNumber":11,"author":{"gitId":"rondayvoo"},"content":"event ////////","lastModifiedDate":"2021-09-04"},{"lineNumber":12,"author":{"gitId":"rondayvoo"},"content":"deadline / / / / / / / /","lastModifiedDate":"2021-09-04"},{"lineNumber":13,"author":{"gitId":"rondayvoo"},"content":"event tour de france /at the louvre, 7.30-9.30am on Tuesday","lastModifiedDate":"2021-08-27"},{"lineNumber":14,"author":{"gitId":"rondayvoo"},"content":"done 2","lastModifiedDate":"2021-09-04"},{"lineNumber":15,"author":{"gitId":"rondayvoo"},"content":"done 5","lastModifiedDate":"2021-08-27"},{"lineNumber":16,"author":{"gitId":"rondayvoo"},"content":"list","lastModifiedDate":"2021-08-27"},{"lineNumber":17,"author":{"gitId":"rondayvoo"},"content":"delete 3","lastModifiedDate":"2021-09-11"},{"lineNumber":18,"author":{"gitId":"rondayvoo"},"content":"delete 44","lastModifiedDate":"2021-09-11"},{"lineNumber":19,"author":{"gitId":"rondayvoo"},"content":"delete lmnop","lastModifiedDate":"2021-09-11"},{"lineNumber":20,"author":{"gitId":"rondayvoo"},"content":"list","lastModifiedDate":"2021-09-11"},{"lineNumber":21,"author":{"gitId":"rondayvoo"},"content":"bye","lastModifiedDate":"2021-08-27"}],"authorContributionMap":{"rondayvoo":21}},{"path":"text-ui-test/runtest.bat","fileType":"bat","lines":[{"lineNumber":1,"author":{"gitId":"-"},"content":"@ECHO OFF","lastModifiedDate":"2020-05-25"},{"lineNumber":2,"author":{"gitId":"-"},"content":"","lastModifiedDate":"2020-05-25"},{"lineNumber":3,"author":{"gitId":"-"},"content":"REM create bin directory if it doesn\u0027t exist","lastModifiedDate":"2020-05-25"},{"lineNumber":4,"author":{"gitId":"-"},"content":"if not exist ..\\bin mkdir ..\\bin","lastModifiedDate":"2020-05-25"},{"lineNumber":5,"author":{"gitId":"-"},"content":"","lastModifiedDate":"2020-05-25"},{"lineNumber":6,"author":{"gitId":"-"},"content":"REM delete output from previous run","lastModifiedDate":"2020-05-25"},{"lineNumber":7,"author":{"gitId":"-"},"content":"if exist ACTUAL.TXT del ACTUAL.TXT","lastModifiedDate":"2020-08-25"},{"lineNumber":8,"author":{"gitId":"-"},"content":"","lastModifiedDate":"2020-05-25"},{"lineNumber":9,"author":{"gitId":"-"},"content":"REM compile the code into the bin folder","lastModifiedDate":"2020-05-25"},{"lineNumber":10,"author":{"gitId":"-"},"content":"javac  -cp ..\\src\\main\\java -Xlint:none -d ..\\bin ..\\src\\main\\java\\*.java","lastModifiedDate":"2020-08-25"},{"lineNumber":11,"author":{"gitId":"-"},"content":"IF ERRORLEVEL 1 (","lastModifiedDate":"2020-05-25"},{"lineNumber":12,"author":{"gitId":"-"},"content":"    echo ********** BUILD FAILURE **********","lastModifiedDate":"2020-05-25"},{"lineNumber":13,"author":{"gitId":"-"},"content":"    exit /b 1","lastModifiedDate":"2020-05-25"},{"lineNumber":14,"author":{"gitId":"-"},"content":")","lastModifiedDate":"2020-05-25"},{"lineNumber":15,"author":{"gitId":"-"},"content":"REM no error here, errorlevel \u003d\u003d 0","lastModifiedDate":"2020-05-25"},{"lineNumber":16,"author":{"gitId":"-"},"content":"","lastModifiedDate":"2020-05-25"},{"lineNumber":17,"author":{"gitId":"-"},"content":"REM run the program, feed commands from input.txt file and redirect the output to the ACTUAL.TXT","lastModifiedDate":"2020-05-25"},{"lineNumber":18,"author":{"gitId":"-"},"content":"java -classpath ..\\bin Duke \u003c input.txt \u003e ACTUAL.TXT","lastModifiedDate":"2020-05-25"},{"lineNumber":19,"author":{"gitId":"-"},"content":"","lastModifiedDate":"2020-05-25"},{"lineNumber":20,"author":{"gitId":"-"},"content":"REM compare the output to the expected output","lastModifiedDate":"2020-05-25"},{"lineNumber":21,"author":{"gitId":"-"},"content":"FC ACTUAL.TXT EXPECTED.TXT","lastModifiedDate":"2020-05-25"},{"lineNumber":22,"author":{"gitId":"rondayvoo"},"content":"","lastModifiedDate":"2021-08-27"},{"lineNumber":23,"author":{"gitId":"rondayvoo"},"content":"PAUSE","lastModifiedDate":"2021-08-27"}],"authorContributionMap":{"rondayvoo":2,"-":21}}]
