{"authorDailyContributionsMap":{"rondayvoo":[{"date":"2021-08-14","commitResults":[{"hash":"e031c3b2ed2f6bd5405b4bc2c9a6bf4e14ae81b5","messageTitle":"Level-0","messageBody":"","fileTypesAndContributionMap":{"java":{"insertions":17,"deletions":6}}}]},{"date":"2021-08-20","commitResults":[{"hash":"236594d8238be01f109723c4803ab64761155be4","messageTitle":"Revert \"Level-0\"","messageBody":"This reverts commit e031c3b2ed2f6bd5405b4bc2c9a6bf4e14ae81b5.\n","fileTypesAndContributionMap":{"java":{"insertions":6,"deletions":17}}},{"hash":"1ccb5b595232c16e041ba440adfc63776b838679","messageTitle":"Add greeting and farewell","messageBody":"","tags":["Level-0"],"fileTypesAndContributionMap":{"java":{"insertions":17,"deletions":6}}},{"hash":"7403031343c2ab0c1aa85be5b5cba4467cdf6ebd","messageTitle":"Add user input and \"bye\" to exit","messageBody":"","tags":["Level-1"],"fileTypesAndContributionMap":{"java":{"insertions":16,"deletions":0}}},{"hash":"2a2d71f8b0bb94a68df30cbe116403a4597463b3","messageTitle":"Change echo to task storage","messageBody":"","tags":["Level-2"],"fileTypesAndContributionMap":{"java":{"insertions":13,"deletions":3}}}]},{"date":"2021-08-21","commitResults":[{"hash":"984fdfc4ed2257db1bbbf82146cf31c8cf3606d6","messageTitle":"Add checklist functionality to tasks","messageBody":"","tags":["Level-3","A-CodingStandard"],"fileTypesAndContributionMap":{"java":{"insertions":36,"deletions":6}}}]},{"date":"2021-08-27","commitResults":[{"hash":"7d3d5f4a56a5150fc640e23b7ab9f3e6602b2800","messageTitle":"Add types of tasks: Todo, Deadline and Event","messageBody":"","tags":["Level-4"],"fileTypesAndContributionMap":{"java":{"insertions":100,"deletions":19}}},{"hash":"0b2f61800c178d621c3470d486b17e1147bdba0b","messageTitle":"Add CLI automated testing","messageBody":"","tags":["A-TextUiTesting"],"fileTypesAndContributionMap":{"txt":{"insertions":12,"deletions":0},"bat":{"insertions":2,"deletions":0}}},{"hash":"74c455b93dfef0ed738fcdf16d4bd9cee57e5f50","messageTitle":"Refine code quality","messageBody":"","tags":["A-CodeQuality"],"fileTypesAndContributionMap":{"java":{"insertions":4,"deletions":7}}},{"hash":"e4434ac4012a3a0bd7a1ce12b6e1731bbc358ee9","messageTitle":"Fix error for certain tasks","messageBody":"","fileTypesAndContributionMap":{"txt":{"insertions":1,"deletions":0},"java":{"insertions":2,"deletions":2}}},{"hash":"9dcb9035b62f3e8b4ec7ad211318b977132ab3bc","messageTitle":"Refactor dividing line","messageBody":"","fileTypesAndContributionMap":{"java":{"insertions":7,"deletions":10}}}]},{"date":"2021-09-04","commitResults":[{"hash":"bd9525af9c783e8f61b6b2c031fef08dc2b14aec","messageTitle":"Handle potential errors caused by user input","messageBody":"","fileTypesAndContributionMap":{"txt":{"insertions":3,"deletions":0},"java":{"insertions":84,"deletions":35}}},{"hash":"d597ff810dc3534a040effcf3b92fa000c115742","messageTitle":"Organize into packages","messageBody":"","fileTypesAndContributionMap":{"txt":{"insertions":4,"deletions":0},"java":{"insertions":158,"deletions":84}}},{"hash":"3fda514c35a4d033f3d0b2eeb189b1e6d9bde531","messageTitle":"Resolve conflicts","messageBody":"","fileTypesAndContributionMap":{"txt":{"insertions":0,"deletions":1},"java":{"insertions":34,"deletions":84}}},{"hash":"f6f7e13cf9341089f6a43bd83c6b8194ea965829","messageTitle":"Revert \"Handle potential errors caused by user input\"","messageBody":"This reverts commit bd9525af9c783e8f61b6b2c031fef08dc2b14aec.\n","fileTypesAndContributionMap":{"txt":{"insertions":0,"deletions":3},"java":{"insertions":35,"deletions":84}}},{"hash":"53d7d246a3df4e0788a86e440f1b288d475a8db0","messageTitle":"Handle potential errors caused by user input","messageBody":"","fileTypesAndContributionMap":{"txt":{"insertions":4,"deletions":0},"java":{"insertions":89,"deletions":39}}},{"hash":"1fa2964ae963a1f3cf868ee6bbee81aafd7fdec1","messageTitle":"Resolve conflicts","messageBody":"","fileTypesAndContributionMap":{"java":{"insertions":6,"deletions":0}}},{"hash":"07c558daf8fd29ade0c5ac768e254d85d6f73138","messageTitle":"Restructure and add package support","messageBody":"","fileTypesAndContributionMap":{"java":{"insertions":9,"deletions":83}}}]},{"date":"2021-09-08","commitResults":[{"hash":"b4e81d3143f70a2d165b53a009b568d94719403e","messageTitle":"Revert \"Restructure and add package support\"","messageBody":"This reverts commit 07c558daf8fd29ade0c5ac768e254d85d6f73138.\n","fileTypesAndContributionMap":{"java":{"insertions":83,"deletions":9}}},{"hash":"de1d879a071d56f617f0f242874e0601786ae9fd","messageTitle":"Merge branch \u0027branch-A-Packages\u0027","messageBody":"","tags":["A-Packages"],"fileTypesAndContributionMap":{"java":{"insertions":9,"deletions":83}}}]},{"date":"2021-09-11","commitResults":[{"hash":"3a407eba05e4e8971a1f8752682b398b9bd57191","messageTitle":"Add delete functionality","messageBody":"","fileTypesAndContributionMap":{"txt":{"insertions":4,"deletions":0},"java":{"insertions":53,"deletions":21}}},{"hash":"7d5b466ddbede0452d4d77fd4ee34b30f9a92f25","messageTitle":"Add saving functionality","messageBody":"","fileTypesAndContributionMap":{"java":{"insertions":92,"deletions":6}}}]},{"date":"2021-09-12","commitResults":[{"hash":"6b085899d7e9419c70a7c877668e175eebcbe7be","messageTitle":"Clean code and set framework for JAR","messageBody":"","tags":["A-Jar"],"fileTypesAndContributionMap":{"txt":{"insertions":4,"deletions":0},"java":{"insertions":2,"deletions":3}}}]},{"date":"2021-09-15","commitResults":[{"hash":"946f8a01fb3ea3737e26b347d07104d03201b575","messageTitle":"Make code more OOP","messageBody":"","tags":["A-MoreOOP"],"fileTypesAndContributionMap":{"txt":{"insertions":0,"deletions":4},"java":{"insertions":354,"deletions":212}}},{"hash":"11fd8470e50695daf9fe4867a069562862f8bdf9","messageTitle":"Add LocalDate support for Tasks","messageBody":"","fileTypesAndContributionMap":{"txt":{"insertions":6,"deletions":3},"java":{"insertions":51,"deletions":15}}},{"hash":"ff2c0eed3a702538d1debb1fe08b29698002223c","messageTitle":"Add search functionality","messageBody":"","fileTypesAndContributionMap":{"txt":{"insertions":3,"deletions":1},"java":{"insertions":46,"deletions":1}}},{"hash":"b573bc805857bad28830bb68a7fafd324cd6e486","messageTitle":"Add JavaDoc comments to code","messageBody":"","fileTypesAndContributionMap":{"java":{"insertions":159,"deletions":10}}},{"hash":"f7d4873d0159767913224fcc2b7431ae31914f78","messageTitle":"Resolve merge conflicts","messageBody":"","fileTypesAndContributionMap":{"txt":{"insertions":1,"deletions":1},"java":{"insertions":13,"deletions":0}}}]},{"date":"2021-09-16","commitResults":[{"hash":"db08d5c6584d25569c822cac8b0b36175c8868d7","messageTitle":"Add user guide","messageBody":"","tags":["A-UserGuide"],"fileTypesAndContributionMap":{"java":{"insertions":1,"deletions":1},"md":{"insertions":62,"deletions":23}}}]},{"date":"2021-09-26","commitResults":[{"hash":"6d433ee6bbd025713fb71fc7a45b72a326d63a8a","messageTitle":"Prepare for new release","messageBody":"","tags":["A-Release"],"fileTypesAndContributionMap":{"txt":{"insertions":0,"deletions":3},"md":{"insertions":2,"deletions":2}}}]}]},"authorFileTypeContributionMap":{"rondayvoo":{"java":726,"md":61,"fxml":0,"sh":0,"bat":2,"gradle":0,"txt":23}},"authorContributionVariance":{"rondayvoo":6127.2583},"authorDisplayNameMap":{"rondayvoo":"CS2113T-W13-2 DARR..WENG"}}
