[{"path":"src/main/java/Deadline.java","fileType":"java","lines":[{"lineNumber":1,"author":{"gitId":"mohamad-adam8991"},"content":"public class Deadline extends Task{","lastModifiedDate":"2021-08-31"},{"lineNumber":2,"author":{"gitId":"mohamad-adam8991"},"content":"","lastModifiedDate":"2021-08-31"},{"lineNumber":3,"author":{"gitId":"mohamad-adam8991"},"content":"    protected String dueDate;","lastModifiedDate":"2021-08-31"},{"lineNumber":4,"author":{"gitId":"mohamad-adam8991"},"content":"","lastModifiedDate":"2021-08-31"},{"lineNumber":5,"author":{"gitId":"mohamad-adam8991"},"content":"    public Deadline(String description, String dueDate) {","lastModifiedDate":"2021-08-31"},{"lineNumber":6,"author":{"gitId":"mohamad-adam8991"},"content":"        super(description);","lastModifiedDate":"2021-08-31"},{"lineNumber":7,"author":{"gitId":"mohamad-adam8991"},"content":"        this.dueDate \u003d dueDate;","lastModifiedDate":"2021-08-31"},{"lineNumber":8,"author":{"gitId":"mohamad-adam8991"},"content":"    }","lastModifiedDate":"2021-08-31"},{"lineNumber":9,"author":{"gitId":"mohamad-adam8991"},"content":"","lastModifiedDate":"2021-08-31"},{"lineNumber":10,"author":{"gitId":"mohamad-adam8991"},"content":"    @Override","lastModifiedDate":"2021-08-31"},{"lineNumber":11,"author":{"gitId":"mohamad-adam8991"},"content":"    public String toString(){","lastModifiedDate":"2021-08-31"},{"lineNumber":12,"author":{"gitId":"mohamad-adam8991"},"content":"        return \"[D]\"  + super.toString() + \" (by:\" + dueDate + \")\";","lastModifiedDate":"2021-08-31"},{"lineNumber":13,"author":{"gitId":"mohamad-adam8991"},"content":"    }","lastModifiedDate":"2021-08-31"},{"lineNumber":14,"author":{"gitId":"mohamad-adam8991"},"content":"","lastModifiedDate":"2021-08-31"},{"lineNumber":15,"author":{"gitId":"mohamad-adam8991"},"content":"}","lastModifiedDate":"2021-08-31"}],"authorContributionMap":{"mohamad-adam8991":15}},{"path":"src/main/java/Duke.java","fileType":"java","lines":[{"lineNumber":1,"author":{"gitId":"mohamad-adam8991"},"content":"import java.util.Scanner;","lastModifiedDate":"2021-08-23"},{"lineNumber":2,"author":{"gitId":"mohamad-adam8991"},"content":"","lastModifiedDate":"2021-08-24"},{"lineNumber":3,"author":{"gitId":"-"},"content":"public class Duke {","lastModifiedDate":"2019-07-29"},{"lineNumber":4,"author":{"gitId":"mohamad-adam8991"},"content":"    public static final String TEXT_SPACER \u003d \"    \";","lastModifiedDate":"2021-08-31"},{"lineNumber":5,"author":{"gitId":"mohamad-adam8991"},"content":"","lastModifiedDate":"2021-08-31"},{"lineNumber":6,"author":{"gitId":"-"},"content":"    public static void main(String[] args) {","lastModifiedDate":"2019-07-29"},{"lineNumber":7,"author":{"gitId":"-"},"content":"        String logo \u003d \" ____        _        \\n\"","lastModifiedDate":"2019-07-29"},{"lineNumber":8,"author":{"gitId":"-"},"content":"                + \"|  _ \\\\ _   _| | _____ \\n\"","lastModifiedDate":"2019-07-29"},{"lineNumber":9,"author":{"gitId":"-"},"content":"                + \"| | | | | | | |/ / _ \\\\\\n\"","lastModifiedDate":"2019-07-29"},{"lineNumber":10,"author":{"gitId":"-"},"content":"                + \"| |_| | |_| |   \u003c  __/\\n\"","lastModifiedDate":"2019-07-29"},{"lineNumber":11,"author":{"gitId":"-"},"content":"                + \"|____/ \\\\__,_|_|\\\\_\\\\___|\\n\";","lastModifiedDate":"2019-07-29"},{"lineNumber":12,"author":{"gitId":"-"},"content":"        System.out.println(\"Hello from\\n\" + logo);","lastModifiedDate":"2019-07-29"},{"lineNumber":13,"author":{"gitId":"mohamad-adam8991"},"content":"","lastModifiedDate":"2021-08-24"},{"lineNumber":14,"author":{"gitId":"mohamad-adam8991"},"content":"        printLineSpacer();","lastModifiedDate":"2021-08-31"},{"lineNumber":15,"author":{"gitId":"mohamad-adam8991"},"content":"        System.out.println(TEXT_SPACER + \"Hey, what\u0027s up!\\n\" + TEXT_SPACER + \"What can I help you with today?\");","lastModifiedDate":"2021-08-31"},{"lineNumber":16,"author":{"gitId":"mohamad-adam8991"},"content":"        printLineSpacer();","lastModifiedDate":"2021-08-31"},{"lineNumber":17,"author":{"gitId":"mohamad-adam8991"},"content":"","lastModifiedDate":"2021-08-24"},{"lineNumber":18,"author":{"gitId":"mohamad-adam8991"},"content":"        Task[] userLists \u003d new Task[100];","lastModifiedDate":"2021-08-24"},{"lineNumber":19,"author":{"gitId":"mohamad-adam8991"},"content":"        Scanner scanner \u003d new Scanner(System.in);","lastModifiedDate":"2021-08-23"},{"lineNumber":20,"author":{"gitId":"mohamad-adam8991"},"content":"        String userLineInput \u003d \"\";","lastModifiedDate":"2021-08-31"},{"lineNumber":21,"author":{"gitId":"mohamad-adam8991"},"content":"        int numOfTasks \u003d 0;","lastModifiedDate":"2021-08-31"},{"lineNumber":22,"author":{"gitId":"mohamad-adam8991"},"content":"","lastModifiedDate":"2021-08-24"},{"lineNumber":23,"author":{"gitId":"mohamad-adam8991"},"content":"        do {","lastModifiedDate":"2021-08-31"},{"lineNumber":24,"author":{"gitId":"mohamad-adam8991"},"content":"            userLineInput \u003d scanner.nextLine();","lastModifiedDate":"2021-08-31"},{"lineNumber":25,"author":{"gitId":"mohamad-adam8991"},"content":"            String[] splitInputs \u003d userLineInput.split(\" \");","lastModifiedDate":"2021-08-31"},{"lineNumber":26,"author":{"gitId":"mohamad-adam8991"},"content":"            String userCommand \u003d splitInputs[0];","lastModifiedDate":"2021-08-31"},{"lineNumber":27,"author":{"gitId":"mohamad-adam8991"},"content":"            printLineSpacer();","lastModifiedDate":"2021-08-31"},{"lineNumber":28,"author":{"gitId":"mohamad-adam8991"},"content":"            if (!userCommand.equals((\"bye\"))) {","lastModifiedDate":"2021-08-31"},{"lineNumber":29,"author":{"gitId":"mohamad-adam8991"},"content":"                switch (userCommand) {","lastModifiedDate":"2021-08-31"},{"lineNumber":30,"author":{"gitId":"mohamad-adam8991"},"content":"                case \"list\":","lastModifiedDate":"2021-08-31"},{"lineNumber":31,"author":{"gitId":"mohamad-adam8991"},"content":"                    printList(userLists, numOfTasks);","lastModifiedDate":"2021-08-31"},{"lineNumber":32,"author":{"gitId":"mohamad-adam8991"},"content":"                    break;","lastModifiedDate":"2021-08-31"},{"lineNumber":33,"author":{"gitId":"mohamad-adam8991"},"content":"                case \"done\":","lastModifiedDate":"2021-08-31"},{"lineNumber":34,"author":{"gitId":"mohamad-adam8991"},"content":"                    completeTask(userLists, splitInputs);","lastModifiedDate":"2021-08-31"},{"lineNumber":35,"author":{"gitId":"mohamad-adam8991"},"content":"                    break;","lastModifiedDate":"2021-08-31"},{"lineNumber":36,"author":{"gitId":"mohamad-adam8991"},"content":"                case \"event\":","lastModifiedDate":"2021-08-31"},{"lineNumber":37,"author":{"gitId":"mohamad-adam8991"},"content":"                case \"deadline\":","lastModifiedDate":"2021-08-31"},{"lineNumber":38,"author":{"gitId":"mohamad-adam8991"},"content":"                case \"todo\":","lastModifiedDate":"2021-08-31"},{"lineNumber":39,"author":{"gitId":"mohamad-adam8991"},"content":"                    storeTasks(userLists, userLineInput, numOfTasks, userCommand);","lastModifiedDate":"2021-08-31"},{"lineNumber":40,"author":{"gitId":"mohamad-adam8991"},"content":"                    numOfTasks++;","lastModifiedDate":"2021-08-31"},{"lineNumber":41,"author":{"gitId":"mohamad-adam8991"},"content":"                    break;","lastModifiedDate":"2021-08-31"},{"lineNumber":42,"author":{"gitId":"mohamad-adam8991"},"content":"                default:","lastModifiedDate":"2021-08-31"},{"lineNumber":43,"author":{"gitId":"mohamad-adam8991"},"content":"                    System.out.println(TEXT_SPACER + \"Invalid Input!\");","lastModifiedDate":"2021-08-31"},{"lineNumber":44,"author":{"gitId":"mohamad-adam8991"},"content":"                    printLineSpacer();","lastModifiedDate":"2021-08-31"},{"lineNumber":45,"author":{"gitId":"mohamad-adam8991"},"content":"                    break;","lastModifiedDate":"2021-08-31"},{"lineNumber":46,"author":{"gitId":"mohamad-adam8991"},"content":"                }","lastModifiedDate":"2021-08-31"},{"lineNumber":47,"author":{"gitId":"mohamad-adam8991"},"content":"            }","lastModifiedDate":"2021-08-31"},{"lineNumber":48,"author":{"gitId":"mohamad-adam8991"},"content":"        } while(!userLineInput.equals(\"bye\"));","lastModifiedDate":"2021-08-31"},{"lineNumber":49,"author":{"gitId":"mohamad-adam8991"},"content":"","lastModifiedDate":"2021-08-31"},{"lineNumber":50,"author":{"gitId":"mohamad-adam8991"},"content":"        System.out.println(TEXT_SPACER + \"Aight. See you soon mate.\");","lastModifiedDate":"2021-08-31"},{"lineNumber":51,"author":{"gitId":"mohamad-adam8991"},"content":"        printLineSpacer();","lastModifiedDate":"2021-08-31"},{"lineNumber":52,"author":{"gitId":"mohamad-adam8991"},"content":"    }","lastModifiedDate":"2021-08-31"},{"lineNumber":53,"author":{"gitId":"mohamad-adam8991"},"content":"","lastModifiedDate":"2021-08-31"},{"lineNumber":54,"author":{"gitId":"mohamad-adam8991"},"content":"    private static void printList(Task[] userLists, int numOfTasks) {","lastModifiedDate":"2021-08-31"},{"lineNumber":55,"author":{"gitId":"mohamad-adam8991"},"content":"        if (numOfTasks \u003d\u003d 0) {","lastModifiedDate":"2021-08-31"},{"lineNumber":56,"author":{"gitId":"mohamad-adam8991"},"content":"            System.out.println(TEXT_SPACER + \"List is empty!\");","lastModifiedDate":"2021-08-31"},{"lineNumber":57,"author":{"gitId":"mohamad-adam8991"},"content":"        } else {","lastModifiedDate":"2021-08-31"},{"lineNumber":58,"author":{"gitId":"mohamad-adam8991"},"content":"            System.out.println(TEXT_SPACER + \"Here\u0027s your list of tasks:\");","lastModifiedDate":"2021-08-31"},{"lineNumber":59,"author":{"gitId":"mohamad-adam8991"},"content":"            for (int i \u003d 0; i \u003c numOfTasks; i++) {","lastModifiedDate":"2021-08-31"},{"lineNumber":60,"author":{"gitId":"mohamad-adam8991"},"content":"                System.out.println(\"    \" + (i + 1) + \".\" + userLists[i].toString());","lastModifiedDate":"2021-08-31"},{"lineNumber":61,"author":{"gitId":"mohamad-adam8991"},"content":"            }","lastModifiedDate":"2021-08-31"},{"lineNumber":62,"author":{"gitId":"mohamad-adam8991"},"content":"        }","lastModifiedDate":"2021-08-31"},{"lineNumber":63,"author":{"gitId":"mohamad-adam8991"},"content":"        printLineSpacer();","lastModifiedDate":"2021-08-31"},{"lineNumber":64,"author":{"gitId":"mohamad-adam8991"},"content":"    }","lastModifiedDate":"2021-08-23"},{"lineNumber":65,"author":{"gitId":"mohamad-adam8991"},"content":"","lastModifiedDate":"2021-08-31"},{"lineNumber":66,"author":{"gitId":"mohamad-adam8991"},"content":"    private static void completeTask(Task[] userLists, String[] splitInput) {","lastModifiedDate":"2021-08-31"},{"lineNumber":67,"author":{"gitId":"mohamad-adam8991"},"content":"        int chosenEntry;","lastModifiedDate":"2021-08-31"},{"lineNumber":68,"author":{"gitId":"mohamad-adam8991"},"content":"        chosenEntry \u003d Integer.parseInt(splitInput[1]) - 1;","lastModifiedDate":"2021-08-24"},{"lineNumber":69,"author":{"gitId":"mohamad-adam8991"},"content":"        userLists[chosenEntry].markAsDone();","lastModifiedDate":"2021-08-24"},{"lineNumber":70,"author":{"gitId":"mohamad-adam8991"},"content":"        System.out.println(TEXT_SPACER + \"Good job on completing a task!\");","lastModifiedDate":"2021-08-31"},{"lineNumber":71,"author":{"gitId":"mohamad-adam8991"},"content":"        System.out.println(TEXT_SPACER + userLists[chosenEntry].toString());","lastModifiedDate":"2021-08-31"},{"lineNumber":72,"author":{"gitId":"mohamad-adam8991"},"content":"        printLineSpacer();","lastModifiedDate":"2021-08-31"},{"lineNumber":73,"author":{"gitId":"mohamad-adam8991"},"content":"    }","lastModifiedDate":"2021-08-31"},{"lineNumber":74,"author":{"gitId":"mohamad-adam8991"},"content":"","lastModifiedDate":"2021-08-31"},{"lineNumber":75,"author":{"gitId":"mohamad-adam8991"},"content":"    private static void storeTasks(Task[] userLists, String userLineInput, int numOfTasks, String userCommand) {","lastModifiedDate":"2021-08-31"},{"lineNumber":76,"author":{"gitId":"mohamad-adam8991"},"content":"        if (userCommand.equals(\"event\")){","lastModifiedDate":"2021-08-31"},{"lineNumber":77,"author":{"gitId":"mohamad-adam8991"},"content":"            storeEvent(userLists, userLineInput, numOfTasks);","lastModifiedDate":"2021-08-31"},{"lineNumber":78,"author":{"gitId":"mohamad-adam8991"},"content":"        } else if(userCommand.equals(\"deadline\")) {","lastModifiedDate":"2021-08-31"},{"lineNumber":79,"author":{"gitId":"mohamad-adam8991"},"content":"            storeDeadline(userLists, userLineInput, numOfTasks);","lastModifiedDate":"2021-08-31"},{"lineNumber":80,"author":{"gitId":"mohamad-adam8991"},"content":"        } else {","lastModifiedDate":"2021-08-24"},{"lineNumber":81,"author":{"gitId":"mohamad-adam8991"},"content":"            storeToDo(userLists, userLineInput, numOfTasks);","lastModifiedDate":"2021-08-31"},{"lineNumber":82,"author":{"gitId":"mohamad-adam8991"},"content":"        }","lastModifiedDate":"2021-08-31"},{"lineNumber":83,"author":{"gitId":"mohamad-adam8991"},"content":"        System.out.println(TEXT_SPACER + \"Now you have \" + (numOfTasks + 1) + \" tasks in your list\");","lastModifiedDate":"2021-08-31"},{"lineNumber":84,"author":{"gitId":"mohamad-adam8991"},"content":"        printLineSpacer();","lastModifiedDate":"2021-08-31"},{"lineNumber":85,"author":{"gitId":"mohamad-adam8991"},"content":"    }","lastModifiedDate":"2021-08-23"},{"lineNumber":86,"author":{"gitId":"mohamad-adam8991"},"content":"","lastModifiedDate":"2021-08-31"},{"lineNumber":87,"author":{"gitId":"mohamad-adam8991"},"content":"    private static void storeToDo(Task[] userLists, String userLineInput, int numOfTasks) {","lastModifiedDate":"2021-08-31"},{"lineNumber":88,"author":{"gitId":"mohamad-adam8991"},"content":"        userLists[numOfTasks] \u003d new ToDo(userLineInput.substring(5));","lastModifiedDate":"2021-08-31"},{"lineNumber":89,"author":{"gitId":"mohamad-adam8991"},"content":"        System.out.println(TEXT_SPACER + \"Aight, I\u0027ve added the following task to your list:\");","lastModifiedDate":"2021-08-31"},{"lineNumber":90,"author":{"gitId":"mohamad-adam8991"},"content":"        System.out.println(TEXT_SPACER + userLists[numOfTasks].toString());","lastModifiedDate":"2021-08-31"},{"lineNumber":91,"author":{"gitId":"mohamad-adam8991"},"content":"    }","lastModifiedDate":"2021-08-23"},{"lineNumber":92,"author":{"gitId":"mohamad-adam8991"},"content":"","lastModifiedDate":"2021-08-31"},{"lineNumber":93,"author":{"gitId":"mohamad-adam8991"},"content":"    private static void storeDeadline(Task[] userLists, String userLineInput, int numOfTasks) {","lastModifiedDate":"2021-08-31"},{"lineNumber":94,"author":{"gitId":"mohamad-adam8991"},"content":"        int infoIndex \u003d userLineInput.indexOf(\"/\");","lastModifiedDate":"2021-08-31"},{"lineNumber":95,"author":{"gitId":"mohamad-adam8991"},"content":"        String taskDescription \u003d userLineInput.substring(9, infoIndex);","lastModifiedDate":"2021-08-31"},{"lineNumber":96,"author":{"gitId":"mohamad-adam8991"},"content":"        String dueDate \u003d userLineInput.substring(infoIndex + 3);","lastModifiedDate":"2021-08-31"},{"lineNumber":97,"author":{"gitId":"mohamad-adam8991"},"content":"        userLists[numOfTasks] \u003d new Deadline(taskDescription, dueDate);","lastModifiedDate":"2021-08-31"},{"lineNumber":98,"author":{"gitId":"mohamad-adam8991"},"content":"        System.out.println(TEXT_SPACER + userLists[numOfTasks].toString());","lastModifiedDate":"2021-08-31"},{"lineNumber":99,"author":{"gitId":"mohamad-adam8991"},"content":"    }","lastModifiedDate":"2021-08-24"},{"lineNumber":100,"author":{"gitId":"mohamad-adam8991"},"content":"","lastModifiedDate":"2021-08-24"},{"lineNumber":101,"author":{"gitId":"mohamad-adam8991"},"content":"    private static void storeEvent(Task[] userLists, String userLineInput, int numOfTasks) {","lastModifiedDate":"2021-08-31"},{"lineNumber":102,"author":{"gitId":"mohamad-adam8991"},"content":"        int infoIndex \u003d userLineInput.indexOf(\"/\");","lastModifiedDate":"2021-08-31"},{"lineNumber":103,"author":{"gitId":"mohamad-adam8991"},"content":"        String taskDescription \u003d userLineInput.substring(6, infoIndex);","lastModifiedDate":"2021-08-31"},{"lineNumber":104,"author":{"gitId":"mohamad-adam8991"},"content":"        String eventTime \u003d userLineInput.substring(infoIndex + 3);","lastModifiedDate":"2021-08-31"},{"lineNumber":105,"author":{"gitId":"mohamad-adam8991"},"content":"        userLists[numOfTasks] \u003d new Event(taskDescription, eventTime);","lastModifiedDate":"2021-08-31"},{"lineNumber":106,"author":{"gitId":"mohamad-adam8991"},"content":"        System.out.println(TEXT_SPACER + userLists[numOfTasks].toString());","lastModifiedDate":"2021-08-31"},{"lineNumber":107,"author":{"gitId":"mohamad-adam8991"},"content":"    }","lastModifiedDate":"2021-08-31"},{"lineNumber":108,"author":{"gitId":"mohamad-adam8991"},"content":"","lastModifiedDate":"2021-08-31"},{"lineNumber":109,"author":{"gitId":"mohamad-adam8991"},"content":"","lastModifiedDate":"2021-08-31"},{"lineNumber":110,"author":{"gitId":"mohamad-adam8991"},"content":"    private static void printLineSpacer() {","lastModifiedDate":"2021-08-31"},{"lineNumber":111,"author":{"gitId":"mohamad-adam8991"},"content":"        System.out.println(TEXT_SPACER + \"**************************************************\");","lastModifiedDate":"2021-08-31"},{"lineNumber":112,"author":{"gitId":"-"},"content":"    }","lastModifiedDate":"2019-07-29"},{"lineNumber":113,"author":{"gitId":"-"},"content":"}","lastModifiedDate":"2019-07-29"}],"authorContributionMap":{"mohamad-adam8991":103,"-":10}},{"path":"src/main/java/Event.java","fileType":"java","lines":[{"lineNumber":1,"author":{"gitId":"mohamad-adam8991"},"content":"public class Event extends Task{","lastModifiedDate":"2021-08-31"},{"lineNumber":2,"author":{"gitId":"mohamad-adam8991"},"content":"","lastModifiedDate":"2021-08-31"},{"lineNumber":3,"author":{"gitId":"mohamad-adam8991"},"content":"    protected String eventTime;","lastModifiedDate":"2021-08-31"},{"lineNumber":4,"author":{"gitId":"mohamad-adam8991"},"content":"","lastModifiedDate":"2021-08-31"},{"lineNumber":5,"author":{"gitId":"mohamad-adam8991"},"content":"    public Event(String description, String eventTime) {","lastModifiedDate":"2021-08-31"},{"lineNumber":6,"author":{"gitId":"mohamad-adam8991"},"content":"        super(description);","lastModifiedDate":"2021-08-31"},{"lineNumber":7,"author":{"gitId":"mohamad-adam8991"},"content":"        this.eventTime \u003d eventTime;","lastModifiedDate":"2021-08-31"},{"lineNumber":8,"author":{"gitId":"mohamad-adam8991"},"content":"    }","lastModifiedDate":"2021-08-31"},{"lineNumber":9,"author":{"gitId":"mohamad-adam8991"},"content":"","lastModifiedDate":"2021-08-31"},{"lineNumber":10,"author":{"gitId":"mohamad-adam8991"},"content":"    @Override","lastModifiedDate":"2021-08-31"},{"lineNumber":11,"author":{"gitId":"mohamad-adam8991"},"content":"    public String toString(){","lastModifiedDate":"2021-08-31"},{"lineNumber":12,"author":{"gitId":"mohamad-adam8991"},"content":"        return \"[E]\" + super.toString() + \" (at:\" + eventTime + \")\";","lastModifiedDate":"2021-08-31"},{"lineNumber":13,"author":{"gitId":"mohamad-adam8991"},"content":"    }","lastModifiedDate":"2021-08-31"},{"lineNumber":14,"author":{"gitId":"mohamad-adam8991"},"content":"}","lastModifiedDate":"2021-08-31"}],"authorContributionMap":{"mohamad-adam8991":14}},{"path":"src/main/java/Task.java","fileType":"java","lines":[{"lineNumber":1,"author":{"gitId":"mohamad-adam8991"},"content":"public class Task {","lastModifiedDate":"2021-08-24"},{"lineNumber":2,"author":{"gitId":"mohamad-adam8991"},"content":"    protected String description;","lastModifiedDate":"2021-08-24"},{"lineNumber":3,"author":{"gitId":"mohamad-adam8991"},"content":"    protected boolean isDone;","lastModifiedDate":"2021-08-24"},{"lineNumber":4,"author":{"gitId":"mohamad-adam8991"},"content":"","lastModifiedDate":"2021-08-24"},{"lineNumber":5,"author":{"gitId":"mohamad-adam8991"},"content":"    public Task(String description){","lastModifiedDate":"2021-08-24"},{"lineNumber":6,"author":{"gitId":"mohamad-adam8991"},"content":"        this.description \u003d description;","lastModifiedDate":"2021-08-24"},{"lineNumber":7,"author":{"gitId":"mohamad-adam8991"},"content":"        this.isDone \u003d false;","lastModifiedDate":"2021-08-24"},{"lineNumber":8,"author":{"gitId":"mohamad-adam8991"},"content":"    }","lastModifiedDate":"2021-08-24"},{"lineNumber":9,"author":{"gitId":"mohamad-adam8991"},"content":"","lastModifiedDate":"2021-08-24"},{"lineNumber":10,"author":{"gitId":"mohamad-adam8991"},"content":"    public String getStatusIcon(){","lastModifiedDate":"2021-08-24"},{"lineNumber":11,"author":{"gitId":"mohamad-adam8991"},"content":"        return (isDone ? \"[X] \" : \"[ ] \");","lastModifiedDate":"2021-08-31"},{"lineNumber":12,"author":{"gitId":"mohamad-adam8991"},"content":"    }","lastModifiedDate":"2021-08-24"},{"lineNumber":13,"author":{"gitId":"mohamad-adam8991"},"content":"","lastModifiedDate":"2021-08-24"},{"lineNumber":14,"author":{"gitId":"mohamad-adam8991"},"content":"    public void markAsDone(){","lastModifiedDate":"2021-08-24"},{"lineNumber":15,"author":{"gitId":"mohamad-adam8991"},"content":"        this.isDone \u003d true;","lastModifiedDate":"2021-08-24"},{"lineNumber":16,"author":{"gitId":"mohamad-adam8991"},"content":"    }","lastModifiedDate":"2021-08-24"},{"lineNumber":17,"author":{"gitId":"mohamad-adam8991"},"content":"","lastModifiedDate":"2021-08-24"},{"lineNumber":18,"author":{"gitId":"mohamad-adam8991"},"content":"    public String toString(){","lastModifiedDate":"2021-08-31"},{"lineNumber":19,"author":{"gitId":"mohamad-adam8991"},"content":"        return getStatusIcon() + this.description;","lastModifiedDate":"2021-08-31"},{"lineNumber":20,"author":{"gitId":"mohamad-adam8991"},"content":"    }","lastModifiedDate":"2021-08-24"},{"lineNumber":21,"author":{"gitId":"mohamad-adam8991"},"content":"}","lastModifiedDate":"2021-08-24"},{"lineNumber":22,"author":{"gitId":"mohamad-adam8991"},"content":"","lastModifiedDate":"2021-08-31"},{"lineNumber":23,"author":{"gitId":"mohamad-adam8991"},"content":"","lastModifiedDate":"2021-08-31"},{"lineNumber":24,"author":{"gitId":"mohamad-adam8991"},"content":"","lastModifiedDate":"2021-08-31"}],"authorContributionMap":{"mohamad-adam8991":24}},{"path":"src/main/java/ToDo.java","fileType":"java","lines":[{"lineNumber":1,"author":{"gitId":"mohamad-adam8991"},"content":"public class ToDo extends Task{","lastModifiedDate":"2021-08-31"},{"lineNumber":2,"author":{"gitId":"mohamad-adam8991"},"content":"","lastModifiedDate":"2021-08-31"},{"lineNumber":3,"author":{"gitId":"mohamad-adam8991"},"content":"    public ToDo(String description) {","lastModifiedDate":"2021-08-31"},{"lineNumber":4,"author":{"gitId":"mohamad-adam8991"},"content":"        super(description);","lastModifiedDate":"2021-08-31"},{"lineNumber":5,"author":{"gitId":"mohamad-adam8991"},"content":"    }","lastModifiedDate":"2021-08-31"},{"lineNumber":6,"author":{"gitId":"mohamad-adam8991"},"content":"","lastModifiedDate":"2021-08-31"},{"lineNumber":7,"author":{"gitId":"mohamad-adam8991"},"content":"    @Override","lastModifiedDate":"2021-08-31"},{"lineNumber":8,"author":{"gitId":"mohamad-adam8991"},"content":"    public String toString(){","lastModifiedDate":"2021-08-31"},{"lineNumber":9,"author":{"gitId":"mohamad-adam8991"},"content":"        return \"[T]\" + super.toString();","lastModifiedDate":"2021-08-31"},{"lineNumber":10,"author":{"gitId":"mohamad-adam8991"},"content":"    }","lastModifiedDate":"2021-08-31"},{"lineNumber":11,"author":{"gitId":"mohamad-adam8991"},"content":"}","lastModifiedDate":"2021-08-31"},{"lineNumber":12,"author":{"gitId":"mohamad-adam8991"},"content":"","lastModifiedDate":"2021-08-31"}],"authorContributionMap":{"mohamad-adam8991":12}},{"path":"text-ui-test/input.txt","fileType":"txt","lines":[{"lineNumber":1,"author":{"gitId":"mohamad-adam8991"},"content":"list","lastModifiedDate":"2021-08-31"},{"lineNumber":2,"author":{"gitId":"mohamad-adam8991"},"content":"todo Borrow book","lastModifiedDate":"2021-08-31"},{"lineNumber":3,"author":{"gitId":"mohamad-adam8991"},"content":"todo read book","lastModifiedDate":"2021-08-31"},{"lineNumber":4,"author":{"gitId":"mohamad-adam8991"},"content":"todo buy bread","lastModifiedDate":"2021-08-31"},{"lineNumber":5,"author":{"gitId":"mohamad-adam8991"},"content":"list","lastModifiedDate":"2021-08-31"},{"lineNumber":6,"author":{"gitId":"mohamad-adam8991"},"content":"done 1","lastModifiedDate":"2021-08-31"},{"lineNumber":7,"author":{"gitId":"mohamad-adam8991"},"content":"done 3","lastModifiedDate":"2021-08-31"},{"lineNumber":8,"author":{"gitId":"mohamad-adam8991"},"content":"deadline return book /by Sunday","lastModifiedDate":"2021-08-31"},{"lineNumber":9,"author":{"gitId":"mohamad-adam8991"},"content":"event project meeting /at Mon 2-4pm","lastModifiedDate":"2021-08-31"},{"lineNumber":10,"author":{"gitId":"mohamad-adam8991"},"content":"done 4","lastModifiedDate":"2021-08-31"},{"lineNumber":11,"author":{"gitId":"mohamad-adam8991"},"content":"list","lastModifiedDate":"2021-08-31"},{"lineNumber":12,"author":{"gitId":"mohamad-adam8991"},"content":"bye","lastModifiedDate":"2021-08-31"}],"authorContributionMap":{"mohamad-adam8991":12}}]
