{"authorDailyContributionsMap":{"haoyusimon":[{"date":"2021-08-21","commitResults":[{"hash":"ac0a03669db613641e7a699e995709d4d3364d57","messageTitle":"Level 0. Greet: Implement an initial skeletal version of the Duke that simply greets the user and exits.","messageBody":"","tags":["Level-0"],"fileTypesAndContributionMap":{"java":{"insertions":5,"deletions":6}}}]},{"date":"2021-08-26","commitResults":[{"hash":"9623e209ea10307c6d3df6c09ad476948667057e","messageTitle":"Level-1","messageBody":"Greet, Echo, Exit","tags":["Level-1"],"fileTypesAndContributionMap":{"java":{"insertions":24,"deletions":4}}},{"hash":"3d3c3257ffc3e28c7d1acd15a92a858e71d156f5","messageTitle":"Level-2","messageBody":"Add, List","tags":["Level-2"],"fileTypesAndContributionMap":{"java":{"insertions":22,"deletions":4}}},{"hash":"e411ec41e6dd227d40f7a656efaa87e6c2e6a872","messageTitle":"Level-3 (with A-Classes)","messageBody":"Mark as Done","tags":["Level-3","A-Classes"],"fileTypesAndContributionMap":{"java":{"insertions":51,"deletions":12}}},{"hash":"e3334a1ca192f2da5e181921e90e79d3f66fcf11","messageTitle":"A-CodingStandard","messageBody":"Modified the code to comply with the given coding standard","tags":["A-CodingStandard"],"fileTypesAndContributionMap":{"java":{"insertions":8,"deletions":7}}}]},{"date":"2021-09-01","commitResults":[{"hash":"47e9f0108a4f53c14dad9b2e11b63f08ee02f4df","messageTitle":"Standardise method","messageBody":"Changed method for improved readability","fileTypesAndContributionMap":{"java":{"insertions":11,"deletions":6}}}]},{"date":"2021-09-02","commitResults":[{"hash":"12d3ce5755823cdf78f26b0595282b45ef9e0406","messageTitle":"Level-4 (with A-Inheritance)","messageBody":"Add support for tracking three types of tasks: ToDos, Deadlines and Events. Implemented with A-Inheritance.","tags":["Level-4","A-Inheritance"],"fileTypesAndContributionMap":{"java":{"insertions":85,"deletions":29}}},{"hash":"8c307a32bc78595439f56604b0d0ddd82c24c0bc","messageTitle":"A-TextUiTesting","messageBody":"Added automated Text UI Testing","tags":["A-TextUiTesting"],"fileTypesAndContributionMap":{"txt":{"insertions":11,"deletions":0},"bat":{"insertions":2,"deletions":1}}},{"hash":"4e4ce33b95cd60e655b1d5ad2f513f703e97501a","messageTitle":"A-CodeQuality","messageBody":"Improved code quality \u0026 bugfix","tags":["A-CodeQuality"],"fileTypesAndContributionMap":{"java":{"insertions":34,"deletions":31}}}]},{"date":"2021-09-09","commitResults":[{"hash":"9b3e7c949c38867d679c4cc605351610ea14db21","messageTitle":"Level-5 (with A-Exceptions)","messageBody":"added error handling using exceptions","tags":["A-Exceptions"],"fileTypesAndContributionMap":{"java":{"insertions":74,"deletions":39}}},{"hash":"620607d212c427e605757ee9cf6a88b6da177d1e","messageTitle":"A-Packages","messageBody":"Organised the classes into suitable  ","tags":["A-Packages"],"fileTypesAndContributionMap":{"java":{"insertions":21,"deletions":0}}}]}]},"authorFileTypeContributionMap":{"haoyusimon":{"java":204,"md":0,"fxml":0,"sh":0,"bat":2,"gradle":0,"txt":11}},"authorContributionVariance":{"haoyusimon":302.69955},"authorDisplayNameMap":{"haoyusimon":"CS2113T-F11-4 ZHAN..AOYU"}}
