[{"path":"src/main/java/karlett/command/Duke.java","fileType":"java","lines":[{"lineNumber":1,"author":{"gitId":"WU-LUOYU-SERENA"},"content":"package karlett.command;","lastModifiedDate":"2021-09-07"},{"lineNumber":2,"author":{"gitId":"WU-LUOYU-SERENA"},"content":"","lastModifiedDate":"2021-09-07"},{"lineNumber":3,"author":{"gitId":"WU-LUOYU-SERENA"},"content":"import karlett.task.Deadline;","lastModifiedDate":"2021-09-07"},{"lineNumber":4,"author":{"gitId":"WU-LUOYU-SERENA"},"content":"import karlett.task.Event;","lastModifiedDate":"2021-09-07"},{"lineNumber":5,"author":{"gitId":"WU-LUOYU-SERENA"},"content":"import karlett.task.Task;","lastModifiedDate":"2021-09-07"},{"lineNumber":6,"author":{"gitId":"WU-LUOYU-SERENA"},"content":"","lastModifiedDate":"2021-09-07"},{"lineNumber":7,"author":{"gitId":"WU-LUOYU-SERENA"},"content":"import java.util.ArrayList;","lastModifiedDate":"2021-09-13"},{"lineNumber":8,"author":{"gitId":"WU-LUOYU-SERENA"},"content":"import java.io.File;","lastModifiedDate":"2021-09-13"},{"lineNumber":9,"author":{"gitId":"WU-LUOYU-SERENA"},"content":"import java.io.FileNotFoundException;","lastModifiedDate":"2021-09-13"},{"lineNumber":10,"author":{"gitId":"WU-LUOYU-SERENA"},"content":"import java.io.IOException;","lastModifiedDate":"2021-09-13"},{"lineNumber":11,"author":{"gitId":"WU-LUOYU-SERENA"},"content":"import java.util.Arrays;","lastModifiedDate":"2021-08-23"},{"lineNumber":12,"author":{"gitId":"WU-LUOYU-SERENA"},"content":"import java.util.Locale;","lastModifiedDate":"2021-08-31"},{"lineNumber":13,"author":{"gitId":"WU-LUOYU-SERENA"},"content":"import java.util.Scanner;","lastModifiedDate":"2021-08-23"},{"lineNumber":14,"author":{"gitId":"WU-LUOYU-SERENA"},"content":"","lastModifiedDate":"2021-08-23"},{"lineNumber":15,"author":{"gitId":"-"},"content":"public class Duke {","lastModifiedDate":"2019-07-29"},{"lineNumber":16,"author":{"gitId":"WU-LUOYU-SERENA"},"content":"","lastModifiedDate":"2021-09-13"},{"lineNumber":17,"author":{"gitId":"WU-LUOYU-SERENA"},"content":"    public static final char FILE_DELIMITER \u003d \u0027|\u0027;","lastModifiedDate":"2021-09-14"},{"lineNumber":18,"author":{"gitId":"WU-LUOYU-SERENA"},"content":"","lastModifiedDate":"2021-09-14"},{"lineNumber":19,"author":{"gitId":"WU-LUOYU-SERENA"},"content":"    public static ArrayList\u003cTask\u003e list \u003d new ArrayList\u003c\u003e();","lastModifiedDate":"2021-09-13"},{"lineNumber":20,"author":{"gitId":"WU-LUOYU-SERENA"},"content":"    public static String filePath \u003d \"./karlett.txt\";","lastModifiedDate":"2021-09-13"},{"lineNumber":21,"author":{"gitId":"WU-LUOYU-SERENA"},"content":"    public static File file \u003d new File(filePath);","lastModifiedDate":"2021-09-13"},{"lineNumber":22,"author":{"gitId":"WU-LUOYU-SERENA"},"content":"","lastModifiedDate":"2021-09-13"},{"lineNumber":23,"author":{"gitId":"WU-LUOYU-SERENA"},"content":"    public static void main(String[] args) throws IOException {","lastModifiedDate":"2021-09-13"},{"lineNumber":24,"author":{"gitId":"WU-LUOYU-SERENA"},"content":"","lastModifiedDate":"2021-09-13"},{"lineNumber":25,"author":{"gitId":"WU-LUOYU-SERENA"},"content":"        greet();","lastModifiedDate":"2021-08-31"},{"lineNumber":26,"author":{"gitId":"WU-LUOYU-SERENA"},"content":"        loadData();","lastModifiedDate":"2021-09-13"},{"lineNumber":27,"author":{"gitId":"WU-LUOYU-SERENA"},"content":"        Scanner in \u003d new Scanner(System.in);","lastModifiedDate":"2021-08-23"},{"lineNumber":28,"author":{"gitId":"WU-LUOYU-SERENA"},"content":"        while (true) {","lastModifiedDate":"2021-08-23"},{"lineNumber":29,"author":{"gitId":"WU-LUOYU-SERENA"},"content":"            String userInput \u003d in.nextLine();","lastModifiedDate":"2021-08-31"},{"lineNumber":30,"author":{"gitId":"WU-LUOYU-SERENA"},"content":"            Task.setFilePath(filePath);","lastModifiedDate":"2021-09-14"},{"lineNumber":31,"author":{"gitId":"WU-LUOYU-SERENA"},"content":"            processUserInput(userInput);","lastModifiedDate":"2021-09-13"},{"lineNumber":32,"author":{"gitId":"WU-LUOYU-SERENA"},"content":"        }","lastModifiedDate":"2021-08-31"},{"lineNumber":33,"author":{"gitId":"WU-LUOYU-SERENA"},"content":"    }","lastModifiedDate":"2021-08-31"},{"lineNumber":34,"author":{"gitId":"WU-LUOYU-SERENA"},"content":"","lastModifiedDate":"2021-08-31"},{"lineNumber":35,"author":{"gitId":"WU-LUOYU-SERENA"},"content":"    public static void greet() {","lastModifiedDate":"2021-09-13"},{"lineNumber":36,"author":{"gitId":"WU-LUOYU-SERENA"},"content":"        String logo \u003d \" /\\\\_/\\\\\\n\"","lastModifiedDate":"2021-09-13"},{"lineNumber":37,"author":{"gitId":"WU-LUOYU-SERENA"},"content":"                + \"( o.o )\\n\"","lastModifiedDate":"2021-09-13"},{"lineNumber":38,"author":{"gitId":"WU-LUOYU-SERENA"},"content":"                + \" \u003e ^ \u003c\";","lastModifiedDate":"2021-09-13"},{"lineNumber":39,"author":{"gitId":"WU-LUOYU-SERENA"},"content":"        System.out.println(logo);","lastModifiedDate":"2021-09-13"},{"lineNumber":40,"author":{"gitId":"WU-LUOYU-SERENA"},"content":"        System.out.println(\"Meow~ I\u0027m Karlett!(◕▿◕✿)\");","lastModifiedDate":"2021-09-13"},{"lineNumber":41,"author":{"gitId":"WU-LUOYU-SERENA"},"content":"    }","lastModifiedDate":"2021-09-13"},{"lineNumber":42,"author":{"gitId":"WU-LUOYU-SERENA"},"content":"","lastModifiedDate":"2021-09-13"},{"lineNumber":43,"author":{"gitId":"WU-LUOYU-SERENA"},"content":"    public static void loadData() throws IOException {","lastModifiedDate":"2021-09-13"},{"lineNumber":44,"author":{"gitId":"WU-LUOYU-SERENA"},"content":"        System.out.println(\"Please wait. I\u0027m loading the data now meow...\");","lastModifiedDate":"2021-09-13"},{"lineNumber":45,"author":{"gitId":"WU-LUOYU-SERENA"},"content":"        try {","lastModifiedDate":"2021-09-13"},{"lineNumber":46,"author":{"gitId":"WU-LUOYU-SERENA"},"content":"            Scanner s \u003d new Scanner(file);","lastModifiedDate":"2021-09-13"},{"lineNumber":47,"author":{"gitId":"WU-LUOYU-SERENA"},"content":"            while (s.hasNext()) {","lastModifiedDate":"2021-09-13"},{"lineNumber":48,"author":{"gitId":"WU-LUOYU-SERENA"},"content":"                String task \u003d s.nextLine();","lastModifiedDate":"2021-09-13"},{"lineNumber":49,"author":{"gitId":"WU-LUOYU-SERENA"},"content":"                processFileData(task);","lastModifiedDate":"2021-09-14"},{"lineNumber":50,"author":{"gitId":"WU-LUOYU-SERENA"},"content":"            }","lastModifiedDate":"2021-09-13"},{"lineNumber":51,"author":{"gitId":"WU-LUOYU-SERENA"},"content":"            printFinishLoadingDataMessage();","lastModifiedDate":"2021-09-13"},{"lineNumber":52,"author":{"gitId":"WU-LUOYU-SERENA"},"content":"        } catch (FileNotFoundException e) {","lastModifiedDate":"2021-09-13"},{"lineNumber":53,"author":{"gitId":"WU-LUOYU-SERENA"},"content":"            printFileNotFoundMessage();","lastModifiedDate":"2021-09-13"},{"lineNumber":54,"author":{"gitId":"WU-LUOYU-SERENA"},"content":"        }","lastModifiedDate":"2021-09-13"},{"lineNumber":55,"author":{"gitId":"WU-LUOYU-SERENA"},"content":"    }","lastModifiedDate":"2021-09-13"},{"lineNumber":56,"author":{"gitId":"WU-LUOYU-SERENA"},"content":"","lastModifiedDate":"2021-09-13"},{"lineNumber":57,"author":{"gitId":"WU-LUOYU-SERENA"},"content":"    private static void printFileNotFoundMessage() throws IOException {","lastModifiedDate":"2021-09-13"},{"lineNumber":58,"author":{"gitId":"WU-LUOYU-SERENA"},"content":"        System.out.print(\"Uh-oh...Karlett can\u0027t find the file in \" + filePath + \"(\u003dಠᆽಠ\u003d)\\n\");","lastModifiedDate":"2021-09-13"},{"lineNumber":59,"author":{"gitId":"WU-LUOYU-SERENA"},"content":"        printFileNotFoundInstructions();","lastModifiedDate":"2021-09-13"},{"lineNumber":60,"author":{"gitId":"WU-LUOYU-SERENA"},"content":"        Scanner in \u003d new Scanner(System.in);","lastModifiedDate":"2021-09-13"},{"lineNumber":61,"author":{"gitId":"WU-LUOYU-SERENA"},"content":"","lastModifiedDate":"2021-09-13"},{"lineNumber":62,"author":{"gitId":"WU-LUOYU-SERENA"},"content":"        String r \u003d in.next();","lastModifiedDate":"2021-09-13"},{"lineNumber":63,"author":{"gitId":"WU-LUOYU-SERENA"},"content":"        try {","lastModifiedDate":"2021-09-13"},{"lineNumber":64,"author":{"gitId":"WU-LUOYU-SERENA"},"content":"            int response \u003d Integer.parseInt(r);","lastModifiedDate":"2021-09-13"},{"lineNumber":65,"author":{"gitId":"WU-LUOYU-SERENA"},"content":"            switch (response) {","lastModifiedDate":"2021-09-13"},{"lineNumber":66,"author":{"gitId":"WU-LUOYU-SERENA"},"content":"            case 1:","lastModifiedDate":"2021-09-13"},{"lineNumber":67,"author":{"gitId":"WU-LUOYU-SERENA"},"content":"                file.createNewFile();","lastModifiedDate":"2021-09-13"},{"lineNumber":68,"author":{"gitId":"WU-LUOYU-SERENA"},"content":"                printNewFileCreatedMessage();","lastModifiedDate":"2021-09-13"},{"lineNumber":69,"author":{"gitId":"WU-LUOYU-SERENA"},"content":"                break;","lastModifiedDate":"2021-09-13"},{"lineNumber":70,"author":{"gitId":"WU-LUOYU-SERENA"},"content":"            case 2:","lastModifiedDate":"2021-09-13"},{"lineNumber":71,"author":{"gitId":"WU-LUOYU-SERENA"},"content":"                System.out.print(\"Please tell me the new file path meow: \");","lastModifiedDate":"2021-09-13"},{"lineNumber":72,"author":{"gitId":"WU-LUOYU-SERENA"},"content":"                filePath \u003d in.next();","lastModifiedDate":"2021-09-14"},{"lineNumber":73,"author":{"gitId":"WU-LUOYU-SERENA"},"content":"                loadData();","lastModifiedDate":"2021-09-13"},{"lineNumber":74,"author":{"gitId":"WU-LUOYU-SERENA"},"content":"                break;","lastModifiedDate":"2021-09-13"},{"lineNumber":75,"author":{"gitId":"WU-LUOYU-SERENA"},"content":"            case 3:","lastModifiedDate":"2021-09-13"},{"lineNumber":76,"author":{"gitId":"WU-LUOYU-SERENA"},"content":"                Task.exit();","lastModifiedDate":"2021-09-13"},{"lineNumber":77,"author":{"gitId":"WU-LUOYU-SERENA"},"content":"                // Fallthrough","lastModifiedDate":"2021-09-13"},{"lineNumber":78,"author":{"gitId":"WU-LUOYU-SERENA"},"content":"            default:","lastModifiedDate":"2021-09-13"},{"lineNumber":79,"author":{"gitId":"WU-LUOYU-SERENA"},"content":"                printFileNotFoundMessage();","lastModifiedDate":"2021-09-13"},{"lineNumber":80,"author":{"gitId":"WU-LUOYU-SERENA"},"content":"            }","lastModifiedDate":"2021-09-13"},{"lineNumber":81,"author":{"gitId":"WU-LUOYU-SERENA"},"content":"        } catch (NumberFormatException e) {","lastModifiedDate":"2021-09-13"},{"lineNumber":82,"author":{"gitId":"WU-LUOYU-SERENA"},"content":"            printFileNotFoundMessage();","lastModifiedDate":"2021-09-13"},{"lineNumber":83,"author":{"gitId":"WU-LUOYU-SERENA"},"content":"        }","lastModifiedDate":"2021-09-13"},{"lineNumber":84,"author":{"gitId":"WU-LUOYU-SERENA"},"content":"    }","lastModifiedDate":"2021-09-13"},{"lineNumber":85,"author":{"gitId":"WU-LUOYU-SERENA"},"content":"","lastModifiedDate":"2021-09-13"},{"lineNumber":86,"author":{"gitId":"WU-LUOYU-SERENA"},"content":"    private static void printNewFileCreatedMessage() {","lastModifiedDate":"2021-09-13"},{"lineNumber":87,"author":{"gitId":"WU-LUOYU-SERENA"},"content":"        System.out.print(\"Meow~ Karlett has created the new file here:\\n\" +","lastModifiedDate":"2021-09-13"},{"lineNumber":88,"author":{"gitId":"WU-LUOYU-SERENA"},"content":"                file.getAbsolutePath() +","lastModifiedDate":"2021-09-13"},{"lineNumber":89,"author":{"gitId":"WU-LUOYU-SERENA"},"content":"                \"\\nKarlett can start tracking your tasks now ಇ/ᐠ ̥ᵔ ̮ᵔ ̥ᐟ\\\\ಇ\\n\");","lastModifiedDate":"2021-09-13"},{"lineNumber":90,"author":{"gitId":"WU-LUOYU-SERENA"},"content":"    }","lastModifiedDate":"2021-09-13"},{"lineNumber":91,"author":{"gitId":"WU-LUOYU-SERENA"},"content":"","lastModifiedDate":"2021-09-13"},{"lineNumber":92,"author":{"gitId":"WU-LUOYU-SERENA"},"content":"    private static void printFileNotFoundInstructions() {","lastModifiedDate":"2021-09-13"},{"lineNumber":93,"author":{"gitId":"WU-LUOYU-SERENA"},"content":"        System.out.println(\"What can Karlett do for you meow? (Please key in 1/2/3)\\n\" +","lastModifiedDate":"2021-09-13"},{"lineNumber":94,"author":{"gitId":"WU-LUOYU-SERENA"},"content":"                \"  1 Create a new text file called \\\"karlett.txt\\\" for me please.\\n\" +","lastModifiedDate":"2021-09-13"},{"lineNumber":95,"author":{"gitId":"WU-LUOYU-SERENA"},"content":"                \"  2 Load data from another file path for me please.\\n\" +","lastModifiedDate":"2021-09-13"},{"lineNumber":96,"author":{"gitId":"WU-LUOYU-SERENA"},"content":"                \"  3 Exit the program now.\\n\");","lastModifiedDate":"2021-09-13"},{"lineNumber":97,"author":{"gitId":"WU-LUOYU-SERENA"},"content":"    }","lastModifiedDate":"2021-09-13"},{"lineNumber":98,"author":{"gitId":"WU-LUOYU-SERENA"},"content":"","lastModifiedDate":"2021-09-13"},{"lineNumber":99,"author":{"gitId":"WU-LUOYU-SERENA"},"content":"    private static void printFinishLoadingDataMessage() {","lastModifiedDate":"2021-09-13"},{"lineNumber":100,"author":{"gitId":"WU-LUOYU-SERENA"},"content":"        System.out.println(\"Karlett has finished loading data from the file ✧/ᐠ-ꞈ-ᐟ\\\\\");","lastModifiedDate":"2021-09-13"},{"lineNumber":101,"author":{"gitId":"WU-LUOYU-SERENA"},"content":"        if (list.size() \u003d\u003d 0) {","lastModifiedDate":"2021-09-14"},{"lineNumber":102,"author":{"gitId":"WU-LUOYU-SERENA"},"content":"            System.out.println(\"There was no task recorded yet.\");","lastModifiedDate":"2021-09-13"},{"lineNumber":103,"author":{"gitId":"WU-LUOYU-SERENA"},"content":"        } else {","lastModifiedDate":"2021-09-13"},{"lineNumber":104,"author":{"gitId":"WU-LUOYU-SERENA"},"content":"            System.out.println(\"Here are the tasks:\");","lastModifiedDate":"2021-09-13"},{"lineNumber":105,"author":{"gitId":"WU-LUOYU-SERENA"},"content":"            for (int i \u003d 0; i \u003c list.size(); i++) {","lastModifiedDate":"2021-09-14"},{"lineNumber":106,"author":{"gitId":"WU-LUOYU-SERENA"},"content":"                System.out.println(\"ฅ\" + (i + 1) + \" \" + list.get(i));","lastModifiedDate":"2021-09-14"},{"lineNumber":107,"author":{"gitId":"WU-LUOYU-SERENA"},"content":"            }","lastModifiedDate":"2021-09-13"},{"lineNumber":108,"author":{"gitId":"WU-LUOYU-SERENA"},"content":"            if (list.size() \u003d\u003d 1) {","lastModifiedDate":"2021-09-14"},{"lineNumber":109,"author":{"gitId":"WU-LUOYU-SERENA"},"content":"                System.out.println(\"You have 1 task in the list now meow (((;꒪ꈊ꒪;)))\");","lastModifiedDate":"2021-09-13"},{"lineNumber":110,"author":{"gitId":"WU-LUOYU-SERENA"},"content":"            } else {","lastModifiedDate":"2021-09-13"},{"lineNumber":111,"author":{"gitId":"WU-LUOYU-SERENA"},"content":"                System.out.println(\"You have \" + list.size() +","lastModifiedDate":"2021-09-14"},{"lineNumber":112,"author":{"gitId":"WU-LUOYU-SERENA"},"content":"                        \" tasks in the list now meow (((;꒪ꈊ꒪;)))\");","lastModifiedDate":"2021-09-13"},{"lineNumber":113,"author":{"gitId":"WU-LUOYU-SERENA"},"content":"            }","lastModifiedDate":"2021-09-13"},{"lineNumber":114,"author":{"gitId":"WU-LUOYU-SERENA"},"content":"        }","lastModifiedDate":"2021-09-13"},{"lineNumber":115,"author":{"gitId":"WU-LUOYU-SERENA"},"content":"        System.out.println(\"What can I do for you meow?\");","lastModifiedDate":"2021-09-13"},{"lineNumber":116,"author":{"gitId":"WU-LUOYU-SERENA"},"content":"    }","lastModifiedDate":"2021-09-13"},{"lineNumber":117,"author":{"gitId":"WU-LUOYU-SERENA"},"content":"","lastModifiedDate":"2021-09-13"},{"lineNumber":118,"author":{"gitId":"WU-LUOYU-SERENA"},"content":"    private static void processFileData(String task) throws IOException {","lastModifiedDate":"2021-09-14"},{"lineNumber":119,"author":{"gitId":"WU-LUOYU-SERENA"},"content":"        char taskType;","lastModifiedDate":"2021-09-13"},{"lineNumber":120,"author":{"gitId":"WU-LUOYU-SERENA"},"content":"        char taskStatus;","lastModifiedDate":"2021-09-14"},{"lineNumber":121,"author":{"gitId":"WU-LUOYU-SERENA"},"content":"        String taskDescription;","lastModifiedDate":"2021-09-13"},{"lineNumber":122,"author":{"gitId":"WU-LUOYU-SERENA"},"content":"        int indexOfDelimeter;","lastModifiedDate":"2021-09-13"},{"lineNumber":123,"author":{"gitId":"WU-LUOYU-SERENA"},"content":"        taskType \u003d task.charAt(0);","lastModifiedDate":"2021-09-13"},{"lineNumber":124,"author":{"gitId":"WU-LUOYU-SERENA"},"content":"        taskStatus \u003d task.charAt(4);","lastModifiedDate":"2021-09-13"},{"lineNumber":125,"author":{"gitId":"WU-LUOYU-SERENA"},"content":"        boolean isDone \u003d taskStatus \u003d\u003d \u00271\u0027;","lastModifiedDate":"2021-09-14"},{"lineNumber":126,"author":{"gitId":"WU-LUOYU-SERENA"},"content":"        if (taskType \u003d\u003d \u0027T\u0027) {","lastModifiedDate":"2021-09-13"},{"lineNumber":127,"author":{"gitId":"WU-LUOYU-SERENA"},"content":"            taskDescription \u003d task.substring(8).trim();","lastModifiedDate":"2021-09-13"},{"lineNumber":128,"author":{"gitId":"WU-LUOYU-SERENA"},"content":"            list.add(list.size(), new Task(taskDescription, isDone));","lastModifiedDate":"2021-09-14"},{"lineNumber":129,"author":{"gitId":"WU-LUOYU-SERENA"},"content":"        } else {","lastModifiedDate":"2021-09-13"},{"lineNumber":130,"author":{"gitId":"WU-LUOYU-SERENA"},"content":"            indexOfDelimeter \u003d task.indexOf(FILE_DELIMITER, 8);","lastModifiedDate":"2021-09-14"},{"lineNumber":131,"author":{"gitId":"WU-LUOYU-SERENA"},"content":"            taskDescription \u003d task.substring(8, indexOfDelimeter).trim();","lastModifiedDate":"2021-09-13"},{"lineNumber":132,"author":{"gitId":"WU-LUOYU-SERENA"},"content":"            String time \u003d task.substring(indexOfDelimeter + 1).trim();","lastModifiedDate":"2021-09-13"},{"lineNumber":133,"author":{"gitId":"WU-LUOYU-SERENA"},"content":"            if (taskType \u003d\u003d \u0027D\u0027) {","lastModifiedDate":"2021-09-13"},{"lineNumber":134,"author":{"gitId":"WU-LUOYU-SERENA"},"content":"                list.add(list.size(), new Deadline(taskDescription, time, isDone));","lastModifiedDate":"2021-09-14"},{"lineNumber":135,"author":{"gitId":"WU-LUOYU-SERENA"},"content":"            } else {","lastModifiedDate":"2021-09-13"},{"lineNumber":136,"author":{"gitId":"WU-LUOYU-SERENA"},"content":"                list.add(list.size(), new Event(taskDescription, time, isDone));","lastModifiedDate":"2021-09-14"},{"lineNumber":137,"author":{"gitId":"WU-LUOYU-SERENA"},"content":"            }","lastModifiedDate":"2021-09-13"},{"lineNumber":138,"author":{"gitId":"WU-LUOYU-SERENA"},"content":"        }","lastModifiedDate":"2021-09-13"},{"lineNumber":139,"author":{"gitId":"WU-LUOYU-SERENA"},"content":"    }","lastModifiedDate":"2021-09-13"},{"lineNumber":140,"author":{"gitId":"WU-LUOYU-SERENA"},"content":"","lastModifiedDate":"2021-09-13"},{"lineNumber":141,"author":{"gitId":"WU-LUOYU-SERENA"},"content":"    public static void processUserInput(String userInput) throws IOException {","lastModifiedDate":"2021-09-14"},{"lineNumber":142,"author":{"gitId":"WU-LUOYU-SERENA"},"content":"        Scanner in \u003d new Scanner(System.in);","lastModifiedDate":"2021-08-31"},{"lineNumber":143,"author":{"gitId":"WU-LUOYU-SERENA"},"content":"        userInput \u003d userInput.trim();","lastModifiedDate":"2021-08-31"},{"lineNumber":144,"author":{"gitId":"WU-LUOYU-SERENA"},"content":"        String[] userInputWords \u003d userInput.split(\" \");","lastModifiedDate":"2021-08-31"},{"lineNumber":145,"author":{"gitId":"WU-LUOYU-SERENA"},"content":"        String taskType \u003d userInputWords[0];","lastModifiedDate":"2021-09-13"},{"lineNumber":146,"author":{"gitId":"WU-LUOYU-SERENA"},"content":"        String[] taskContentWords \u003d {};","lastModifiedDate":"2021-08-31"},{"lineNumber":147,"author":{"gitId":"WU-LUOYU-SERENA"},"content":"        if (userInputWords.length \u003e 1) {","lastModifiedDate":"2021-08-31"},{"lineNumber":148,"author":{"gitId":"WU-LUOYU-SERENA"},"content":"            taskContentWords \u003d Arrays.copyOfRange(userInputWords, 1, userInputWords.length);","lastModifiedDate":"2021-08-31"},{"lineNumber":149,"author":{"gitId":"WU-LUOYU-SERENA"},"content":"        }","lastModifiedDate":"2021-08-31"},{"lineNumber":150,"author":{"gitId":"WU-LUOYU-SERENA"},"content":"        String taskDescription;","lastModifiedDate":"2021-09-14"},{"lineNumber":151,"author":{"gitId":"WU-LUOYU-SERENA"},"content":"        String[] taskDescriptionWords;","lastModifiedDate":"2021-08-31"},{"lineNumber":152,"author":{"gitId":"WU-LUOYU-SERENA"},"content":"","lastModifiedDate":"2021-08-31"},{"lineNumber":153,"author":{"gitId":"WU-LUOYU-SERENA"},"content":"        switch (taskType) {","lastModifiedDate":"2021-09-13"},{"lineNumber":154,"author":{"gitId":"WU-LUOYU-SERENA"},"content":"        case \"todo\":","lastModifiedDate":"2021-08-31"},{"lineNumber":155,"author":{"gitId":"WU-LUOYU-SERENA"},"content":"            if (taskContentWords.length \u003d\u003d 0) {","lastModifiedDate":"2021-08-31"},{"lineNumber":156,"author":{"gitId":"WU-LUOYU-SERENA"},"content":"                printEmptyTaskErrorMessage();","lastModifiedDate":"2021-08-31"},{"lineNumber":157,"author":{"gitId":"WU-LUOYU-SERENA"},"content":"                break;","lastModifiedDate":"2021-08-31"},{"lineNumber":158,"author":{"gitId":"WU-LUOYU-SERENA"},"content":"            }","lastModifiedDate":"2021-08-31"},{"lineNumber":159,"author":{"gitId":"WU-LUOYU-SERENA"},"content":"            taskDescription \u003d String.join(\" \", taskContentWords);","lastModifiedDate":"2021-08-31"},{"lineNumber":160,"author":{"gitId":"WU-LUOYU-SERENA"},"content":"            list.add(list.size(), new Task(taskDescription));","lastModifiedDate":"2021-09-14"},{"lineNumber":161,"author":{"gitId":"WU-LUOYU-SERENA"},"content":"            break;","lastModifiedDate":"2021-08-31"},{"lineNumber":162,"author":{"gitId":"WU-LUOYU-SERENA"},"content":"        case \"deadline\":","lastModifiedDate":"2021-08-31"},{"lineNumber":163,"author":{"gitId":"WU-LUOYU-SERENA"},"content":"            if (taskContentWords.length \u003d\u003d 0) {","lastModifiedDate":"2021-08-31"},{"lineNumber":164,"author":{"gitId":"WU-LUOYU-SERENA"},"content":"                printEmptyTaskErrorMessage();","lastModifiedDate":"2021-08-31"},{"lineNumber":165,"author":{"gitId":"WU-LUOYU-SERENA"},"content":"                break;","lastModifiedDate":"2021-08-31"},{"lineNumber":166,"author":{"gitId":"WU-LUOYU-SERENA"},"content":"            }","lastModifiedDate":"2021-08-31"},{"lineNumber":167,"author":{"gitId":"WU-LUOYU-SERENA"},"content":"            /*-------------locate keyword \"/by\" in the user input-------------*/","lastModifiedDate":"2021-09-01"},{"lineNumber":168,"author":{"gitId":"WU-LUOYU-SERENA"},"content":"            int indexOfBy \u003d -1;","lastModifiedDate":"2021-08-31"},{"lineNumber":169,"author":{"gitId":"WU-LUOYU-SERENA"},"content":"            for (int i \u003d 0; i \u003c taskContentWords.length; i++) {","lastModifiedDate":"2021-08-31"},{"lineNumber":170,"author":{"gitId":"WU-LUOYU-SERENA"},"content":"                if (taskContentWords[i].equals(\"/by\")) {","lastModifiedDate":"2021-08-31"},{"lineNumber":171,"author":{"gitId":"WU-LUOYU-SERENA"},"content":"                    indexOfBy \u003d i;","lastModifiedDate":"2021-08-31"},{"lineNumber":172,"author":{"gitId":"WU-LUOYU-SERENA"},"content":"                    break;","lastModifiedDate":"2021-08-31"},{"lineNumber":173,"author":{"gitId":"WU-LUOYU-SERENA"},"content":"                }","lastModifiedDate":"2021-08-31"},{"lineNumber":174,"author":{"gitId":"WU-LUOYU-SERENA"},"content":"            }","lastModifiedDate":"2021-08-31"},{"lineNumber":175,"author":{"gitId":"WU-LUOYU-SERENA"},"content":"            /*----------------------invalid input cases-----------------------*/","lastModifiedDate":"2021-09-01"},{"lineNumber":176,"author":{"gitId":"WU-LUOYU-SERENA"},"content":"            boolean hasNoTaskBeforeBy \u003d indexOfBy \u003d\u003d 0;","lastModifiedDate":"2021-09-01"},{"lineNumber":177,"author":{"gitId":"WU-LUOYU-SERENA"},"content":"            if (hasNoTaskBeforeBy) {","lastModifiedDate":"2021-09-01"},{"lineNumber":178,"author":{"gitId":"WU-LUOYU-SERENA"},"content":"                printEmptyTaskErrorMessage();","lastModifiedDate":"2021-09-01"},{"lineNumber":179,"author":{"gitId":"WU-LUOYU-SERENA"},"content":"                break;","lastModifiedDate":"2021-08-31"},{"lineNumber":180,"author":{"gitId":"WU-LUOYU-SERENA"},"content":"            }","lastModifiedDate":"2021-08-31"},{"lineNumber":181,"author":{"gitId":"WU-LUOYU-SERENA"},"content":"            boolean hasNoKeywordBy \u003d (indexOfBy \u003d\u003d -1);","lastModifiedDate":"2021-09-01"},{"lineNumber":182,"author":{"gitId":"WU-LUOYU-SERENA"},"content":"            boolean hasNoDeadlineAfterBy \u003d (indexOfBy \u003d\u003d taskContentWords.length - 1);","lastModifiedDate":"2021-09-01"},{"lineNumber":183,"author":{"gitId":"WU-LUOYU-SERENA"},"content":"            if (hasNoKeywordBy | hasNoDeadlineAfterBy) {","lastModifiedDate":"2021-09-01"},{"lineNumber":184,"author":{"gitId":"WU-LUOYU-SERENA"},"content":"                printMissingDeadlineErrorMessage();","lastModifiedDate":"2021-09-01"},{"lineNumber":185,"author":{"gitId":"WU-LUOYU-SERENA"},"content":"                break;","lastModifiedDate":"2021-08-31"},{"lineNumber":186,"author":{"gitId":"WU-LUOYU-SERENA"},"content":"            }","lastModifiedDate":"2021-08-31"},{"lineNumber":187,"author":{"gitId":"WU-LUOYU-SERENA"},"content":"            /*-----------------------valid input cases------------------------*/","lastModifiedDate":"2021-09-01"},{"lineNumber":188,"author":{"gitId":"WU-LUOYU-SERENA"},"content":"            taskDescriptionWords \u003d Arrays.copyOf(taskContentWords, indexOfBy);","lastModifiedDate":"2021-08-31"},{"lineNumber":189,"author":{"gitId":"WU-LUOYU-SERENA"},"content":"            taskDescription \u003d String.join(\" \", taskDescriptionWords);","lastModifiedDate":"2021-08-31"},{"lineNumber":190,"author":{"gitId":"WU-LUOYU-SERENA"},"content":"            String[] taskDeadlineWords \u003d Arrays.copyOfRange(taskContentWords,","lastModifiedDate":"2021-08-31"},{"lineNumber":191,"author":{"gitId":"WU-LUOYU-SERENA"},"content":"                    indexOfBy + 1, taskContentWords.length);","lastModifiedDate":"2021-08-31"},{"lineNumber":192,"author":{"gitId":"WU-LUOYU-SERENA"},"content":"            String taskDeadline \u003d String.join(\" \", taskDeadlineWords);","lastModifiedDate":"2021-08-31"},{"lineNumber":193,"author":{"gitId":"WU-LUOYU-SERENA"},"content":"            list.add(list.size(), new Deadline(taskDescription, taskDeadline));","lastModifiedDate":"2021-09-14"},{"lineNumber":194,"author":{"gitId":"WU-LUOYU-SERENA"},"content":"            break;","lastModifiedDate":"2021-08-31"},{"lineNumber":195,"author":{"gitId":"WU-LUOYU-SERENA"},"content":"        case \"event\":","lastModifiedDate":"2021-08-31"},{"lineNumber":196,"author":{"gitId":"WU-LUOYU-SERENA"},"content":"            if (taskContentWords.length \u003d\u003d 0) {","lastModifiedDate":"2021-08-31"},{"lineNumber":197,"author":{"gitId":"WU-LUOYU-SERENA"},"content":"                printEmptyTaskErrorMessage();","lastModifiedDate":"2021-08-31"},{"lineNumber":198,"author":{"gitId":"WU-LUOYU-SERENA"},"content":"                break;","lastModifiedDate":"2021-08-31"},{"lineNumber":199,"author":{"gitId":"WU-LUOYU-SERENA"},"content":"            }","lastModifiedDate":"2021-08-31"},{"lineNumber":200,"author":{"gitId":"WU-LUOYU-SERENA"},"content":"            /*-------------locate keyword \"/at\" in the user input-------------*/","lastModifiedDate":"2021-09-01"},{"lineNumber":201,"author":{"gitId":"WU-LUOYU-SERENA"},"content":"            int indexOfAt \u003d -1;","lastModifiedDate":"2021-08-31"},{"lineNumber":202,"author":{"gitId":"WU-LUOYU-SERENA"},"content":"            for (int i \u003d 0; i \u003c taskContentWords.length; i++) {","lastModifiedDate":"2021-08-31"},{"lineNumber":203,"author":{"gitId":"WU-LUOYU-SERENA"},"content":"                if (taskContentWords[i].equals(\"/at\")) {","lastModifiedDate":"2021-08-31"},{"lineNumber":204,"author":{"gitId":"WU-LUOYU-SERENA"},"content":"                    indexOfAt \u003d i;","lastModifiedDate":"2021-08-31"},{"lineNumber":205,"author":{"gitId":"WU-LUOYU-SERENA"},"content":"                    break;","lastModifiedDate":"2021-08-31"},{"lineNumber":206,"author":{"gitId":"WU-LUOYU-SERENA"},"content":"                }","lastModifiedDate":"2021-08-31"},{"lineNumber":207,"author":{"gitId":"WU-LUOYU-SERENA"},"content":"            }","lastModifiedDate":"2021-08-31"},{"lineNumber":208,"author":{"gitId":"WU-LUOYU-SERENA"},"content":"            /*----------------------invalid input cases-----------------------*/","lastModifiedDate":"2021-09-01"},{"lineNumber":209,"author":{"gitId":"WU-LUOYU-SERENA"},"content":"            boolean hasNoTaskBeforeAt \u003d (indexOfAt \u003d\u003d 0);","lastModifiedDate":"2021-09-01"},{"lineNumber":210,"author":{"gitId":"WU-LUOYU-SERENA"},"content":"            if (hasNoTaskBeforeAt) {","lastModifiedDate":"2021-09-01"},{"lineNumber":211,"author":{"gitId":"WU-LUOYU-SERENA"},"content":"                printEmptyTaskErrorMessage();","lastModifiedDate":"2021-09-01"},{"lineNumber":212,"author":{"gitId":"WU-LUOYU-SERENA"},"content":"                break;","lastModifiedDate":"2021-08-31"},{"lineNumber":213,"author":{"gitId":"WU-LUOYU-SERENA"},"content":"            }","lastModifiedDate":"2021-08-31"},{"lineNumber":214,"author":{"gitId":"WU-LUOYU-SERENA"},"content":"            boolean hasNoKeywordAt \u003d (indexOfAt \u003d\u003d -1);","lastModifiedDate":"2021-09-01"},{"lineNumber":215,"author":{"gitId":"WU-LUOYU-SERENA"},"content":"            boolean hasNoTimeAfterAt \u003d (indexOfAt \u003d\u003d taskContentWords.length - 1);","lastModifiedDate":"2021-09-01"},{"lineNumber":216,"author":{"gitId":"WU-LUOYU-SERENA"},"content":"            if (hasNoKeywordAt | hasNoTimeAfterAt) {","lastModifiedDate":"2021-09-01"},{"lineNumber":217,"author":{"gitId":"WU-LUOYU-SERENA"},"content":"                printMissingTimeErrorMessage();","lastModifiedDate":"2021-09-01"},{"lineNumber":218,"author":{"gitId":"WU-LUOYU-SERENA"},"content":"                break;","lastModifiedDate":"2021-08-31"},{"lineNumber":219,"author":{"gitId":"WU-LUOYU-SERENA"},"content":"            }","lastModifiedDate":"2021-08-31"},{"lineNumber":220,"author":{"gitId":"WU-LUOYU-SERENA"},"content":"            /*-----------------------valid input cases------------------------*/","lastModifiedDate":"2021-09-01"},{"lineNumber":221,"author":{"gitId":"WU-LUOYU-SERENA"},"content":"            taskDescriptionWords \u003d Arrays.copyOf(taskContentWords, indexOfAt);","lastModifiedDate":"2021-08-31"},{"lineNumber":222,"author":{"gitId":"WU-LUOYU-SERENA"},"content":"            taskDescription \u003d String.join(\" \", taskDescriptionWords);","lastModifiedDate":"2021-08-31"},{"lineNumber":223,"author":{"gitId":"WU-LUOYU-SERENA"},"content":"            String[] taskTimeWords \u003d Arrays.copyOfRange(taskContentWords,","lastModifiedDate":"2021-08-31"},{"lineNumber":224,"author":{"gitId":"WU-LUOYU-SERENA"},"content":"                    indexOfAt + 1, taskContentWords.length);","lastModifiedDate":"2021-08-31"},{"lineNumber":225,"author":{"gitId":"WU-LUOYU-SERENA"},"content":"            String taskTime \u003d String.join(\" \", taskTimeWords);","lastModifiedDate":"2021-08-31"},{"lineNumber":226,"author":{"gitId":"WU-LUOYU-SERENA"},"content":"            list.add(list.size(), new Event(taskDescription, taskTime));","lastModifiedDate":"2021-09-14"},{"lineNumber":227,"author":{"gitId":"WU-LUOYU-SERENA"},"content":"            break;","lastModifiedDate":"2021-08-31"},{"lineNumber":228,"author":{"gitId":"WU-LUOYU-SERENA"},"content":"        case \"list\":","lastModifiedDate":"2021-08-31"},{"lineNumber":229,"author":{"gitId":"WU-LUOYU-SERENA"},"content":"            if (taskContentWords.length \u003d\u003d 0) {","lastModifiedDate":"2021-08-31"},{"lineNumber":230,"author":{"gitId":"WU-LUOYU-SERENA"},"content":"                Task.printList(list);","lastModifiedDate":"2021-08-31"},{"lineNumber":231,"author":{"gitId":"WU-LUOYU-SERENA"},"content":"            } else {","lastModifiedDate":"2021-08-23"},{"lineNumber":232,"author":{"gitId":"WU-LUOYU-SERENA"},"content":"                printPendingConfirmationToListMessage();","lastModifiedDate":"2021-09-01"},{"lineNumber":233,"author":{"gitId":"WU-LUOYU-SERENA"},"content":"                String userConfirmation \u003d in.nextLine().toLowerCase(Locale.ROOT);","lastModifiedDate":"2021-08-31"},{"lineNumber":234,"author":{"gitId":"WU-LUOYU-SERENA"},"content":"                if (userConfirmation.equals(\"y\")) {","lastModifiedDate":"2021-08-31"},{"lineNumber":235,"author":{"gitId":"WU-LUOYU-SERENA"},"content":"                    Task.printList(list);","lastModifiedDate":"2021-08-31"},{"lineNumber":236,"author":{"gitId":"WU-LUOYU-SERENA"},"content":"                }","lastModifiedDate":"2021-08-23"},{"lineNumber":237,"author":{"gitId":"WU-LUOYU-SERENA"},"content":"            }","lastModifiedDate":"2021-08-23"},{"lineNumber":238,"author":{"gitId":"WU-LUOYU-SERENA"},"content":"            break;","lastModifiedDate":"2021-09-14"},{"lineNumber":239,"author":{"gitId":"WU-LUOYU-SERENA"},"content":"        case \"done\":","lastModifiedDate":"2021-08-31"},{"lineNumber":240,"author":{"gitId":"WU-LUOYU-SERENA"},"content":"            try {","lastModifiedDate":"2021-08-31"},{"lineNumber":241,"author":{"gitId":"WU-LUOYU-SERENA"},"content":"                int index \u003d Integer.parseInt(taskContentWords[0]);","lastModifiedDate":"2021-08-31"},{"lineNumber":242,"author":{"gitId":"WU-LUOYU-SERENA"},"content":"                list.get(index - 1).markAsDone(index - 1);","lastModifiedDate":"2021-09-14"},{"lineNumber":243,"author":{"gitId":"WU-LUOYU-SERENA"},"content":"                break;","lastModifiedDate":"2021-08-31"},{"lineNumber":244,"author":{"gitId":"WU-LUOYU-SERENA"},"content":"            } catch (NumberFormatException ex) {","lastModifiedDate":"2021-09-13"},{"lineNumber":245,"author":{"gitId":"WU-LUOYU-SERENA"},"content":"                printDoneFormatErrorMessage();","lastModifiedDate":"2021-08-31"},{"lineNumber":246,"author":{"gitId":"WU-LUOYU-SERENA"},"content":"                break;","lastModifiedDate":"2021-08-31"},{"lineNumber":247,"author":{"gitId":"WU-LUOYU-SERENA"},"content":"            } catch (IndexOutOfBoundsException ex) {","lastModifiedDate":"2021-09-13"},{"lineNumber":248,"author":{"gitId":"WU-LUOYU-SERENA"},"content":"                printOutOfBoundErrorMessage();","lastModifiedDate":"2021-08-31"},{"lineNumber":249,"author":{"gitId":"WU-LUOYU-SERENA"},"content":"                break;","lastModifiedDate":"2021-08-31"},{"lineNumber":250,"author":{"gitId":"WU-LUOYU-SERENA"},"content":"            }","lastModifiedDate":"2021-08-31"},{"lineNumber":251,"author":{"gitId":"WU-LUOYU-SERENA"},"content":"        case \"delete\":","lastModifiedDate":"2021-09-13"},{"lineNumber":252,"author":{"gitId":"WU-LUOYU-SERENA"},"content":"            try {","lastModifiedDate":"2021-09-13"},{"lineNumber":253,"author":{"gitId":"WU-LUOYU-SERENA"},"content":"                int index \u003d Integer.parseInt(taskContentWords[0]);","lastModifiedDate":"2021-09-13"},{"lineNumber":254,"author":{"gitId":"WU-LUOYU-SERENA"},"content":"                Task.remove(list, index);","lastModifiedDate":"2021-09-13"},{"lineNumber":255,"author":{"gitId":"WU-LUOYU-SERENA"},"content":"                break;","lastModifiedDate":"2021-09-13"},{"lineNumber":256,"author":{"gitId":"WU-LUOYU-SERENA"},"content":"            } catch (NumberFormatException ex) {","lastModifiedDate":"2021-09-13"},{"lineNumber":257,"author":{"gitId":"WU-LUOYU-SERENA"},"content":"                printDeleteFormatErrorMessage();","lastModifiedDate":"2021-09-13"},{"lineNumber":258,"author":{"gitId":"WU-LUOYU-SERENA"},"content":"                break;","lastModifiedDate":"2021-09-13"},{"lineNumber":259,"author":{"gitId":"WU-LUOYU-SERENA"},"content":"            } catch (IndexOutOfBoundsException ex) {","lastModifiedDate":"2021-09-13"},{"lineNumber":260,"author":{"gitId":"WU-LUOYU-SERENA"},"content":"                printOutOfBoundErrorMessage();","lastModifiedDate":"2021-09-13"},{"lineNumber":261,"author":{"gitId":"WU-LUOYU-SERENA"},"content":"                break;","lastModifiedDate":"2021-09-13"},{"lineNumber":262,"author":{"gitId":"WU-LUOYU-SERENA"},"content":"            }","lastModifiedDate":"2021-09-13"},{"lineNumber":263,"author":{"gitId":"WU-LUOYU-SERENA"},"content":"        case \"bye\":","lastModifiedDate":"2021-08-31"},{"lineNumber":264,"author":{"gitId":"WU-LUOYU-SERENA"},"content":"            Task.exit();","lastModifiedDate":"2021-08-31"},{"lineNumber":265,"author":{"gitId":"WU-LUOYU-SERENA"},"content":"        default:","lastModifiedDate":"2021-08-31"},{"lineNumber":266,"author":{"gitId":"WU-LUOYU-SERENA"},"content":"            printGeneralErrorMessage();","lastModifiedDate":"2021-08-31"},{"lineNumber":267,"author":{"gitId":"WU-LUOYU-SERENA"},"content":"        }","lastModifiedDate":"2021-08-31"},{"lineNumber":268,"author":{"gitId":"WU-LUOYU-SERENA"},"content":"    }","lastModifiedDate":"2021-08-31"},{"lineNumber":269,"author":{"gitId":"WU-LUOYU-SERENA"},"content":"","lastModifiedDate":"2021-08-31"},{"lineNumber":270,"author":{"gitId":"WU-LUOYU-SERENA"},"content":"    private static void printMissingTimeErrorMessage() {","lastModifiedDate":"2021-08-31"},{"lineNumber":271,"author":{"gitId":"WU-LUOYU-SERENA"},"content":"        Task.drawDivider();","lastModifiedDate":"2021-08-31"},{"lineNumber":272,"author":{"gitId":"WU-LUOYU-SERENA"},"content":"        System.out.println(\"Karlett needs to know the date/time for this event meow(๑•́ᆽ•̀๑✿)\");","lastModifiedDate":"2021-08-31"},{"lineNumber":273,"author":{"gitId":"WU-LUOYU-SERENA"},"content":"        Task.drawDivider();","lastModifiedDate":"2021-08-31"},{"lineNumber":274,"author":{"gitId":"WU-LUOYU-SERENA"},"content":"    }","lastModifiedDate":"2021-08-31"},{"lineNumber":275,"author":{"gitId":"WU-LUOYU-SERENA"},"content":"","lastModifiedDate":"2021-08-31"},{"lineNumber":276,"author":{"gitId":"WU-LUOYU-SERENA"},"content":"    private static void printMissingDeadlineErrorMessage() {","lastModifiedDate":"2021-08-31"},{"lineNumber":277,"author":{"gitId":"WU-LUOYU-SERENA"},"content":"        Task.drawDivider();","lastModifiedDate":"2021-08-31"},{"lineNumber":278,"author":{"gitId":"WU-LUOYU-SERENA"},"content":"        System.out.println(\"Karlett needs to know your deadline for this task meow(๑•́ᆽ•̀๑✿)\");","lastModifiedDate":"2021-08-31"},{"lineNumber":279,"author":{"gitId":"WU-LUOYU-SERENA"},"content":"        Task.drawDivider();","lastModifiedDate":"2021-08-31"},{"lineNumber":280,"author":{"gitId":"WU-LUOYU-SERENA"},"content":"    }","lastModifiedDate":"2021-08-31"},{"lineNumber":281,"author":{"gitId":"WU-LUOYU-SERENA"},"content":"","lastModifiedDate":"2021-08-31"},{"lineNumber":282,"author":{"gitId":"WU-LUOYU-SERENA"},"content":"    private static void printDoneFormatErrorMessage() {","lastModifiedDate":"2021-08-31"},{"lineNumber":283,"author":{"gitId":"WU-LUOYU-SERENA"},"content":"        Task.drawDivider();","lastModifiedDate":"2021-08-31"},{"lineNumber":284,"author":{"gitId":"WU-LUOYU-SERENA"},"content":"        System.out.println(\"Karlett was expecting an index after \\\"done\\\" meow(๑•́ᆽ•̀๑✿)\");","lastModifiedDate":"2021-08-31"},{"lineNumber":285,"author":{"gitId":"WU-LUOYU-SERENA"},"content":"        Task.drawDivider();","lastModifiedDate":"2021-08-31"},{"lineNumber":286,"author":{"gitId":"WU-LUOYU-SERENA"},"content":"    }","lastModifiedDate":"2021-08-23"},{"lineNumber":287,"author":{"gitId":"WU-LUOYU-SERENA"},"content":"","lastModifiedDate":"2021-08-23"},{"lineNumber":288,"author":{"gitId":"WU-LUOYU-SERENA"},"content":"    private static void printDeleteFormatErrorMessage() {","lastModifiedDate":"2021-09-13"},{"lineNumber":289,"author":{"gitId":"WU-LUOYU-SERENA"},"content":"        Task.drawDivider();","lastModifiedDate":"2021-09-13"},{"lineNumber":290,"author":{"gitId":"WU-LUOYU-SERENA"},"content":"        System.out.println(\"Karlett was expecting an index after \\\"delete\\\" meow(๑•́ᆽ•̀๑✿)\");","lastModifiedDate":"2021-09-13"},{"lineNumber":291,"author":{"gitId":"WU-LUOYU-SERENA"},"content":"        Task.drawDivider();","lastModifiedDate":"2021-09-13"},{"lineNumber":292,"author":{"gitId":"WU-LUOYU-SERENA"},"content":"    }","lastModifiedDate":"2021-09-13"},{"lineNumber":293,"author":{"gitId":"WU-LUOYU-SERENA"},"content":"","lastModifiedDate":"2021-09-13"},{"lineNumber":294,"author":{"gitId":"WU-LUOYU-SERENA"},"content":"    private static void printOutOfBoundErrorMessage() {","lastModifiedDate":"2021-08-31"},{"lineNumber":295,"author":{"gitId":"WU-LUOYU-SERENA"},"content":"        Task.drawDivider();","lastModifiedDate":"2021-08-31"},{"lineNumber":296,"author":{"gitId":"WU-LUOYU-SERENA"},"content":"        if (list.size() \u003d\u003d 0) {","lastModifiedDate":"2021-09-14"},{"lineNumber":297,"author":{"gitId":"WU-LUOYU-SERENA"},"content":"            System.out.println(\"You have done everything! Time to relax with Karlett meow ʕ♡ﻌ♡ʔ\");","lastModifiedDate":"2021-09-13"},{"lineNumber":298,"author":{"gitId":"WU-LUOYU-SERENA"},"content":"        } else {","lastModifiedDate":"2021-09-13"},{"lineNumber":299,"author":{"gitId":"WU-LUOYU-SERENA"},"content":"            System.out.println(\"Karlett can only remember \" + list.size() + \" tasks(๑•́ᆽ•̀๑✿)\");","lastModifiedDate":"2021-09-14"},{"lineNumber":300,"author":{"gitId":"WU-LUOYU-SERENA"},"content":"            System.out.println(\"Here they are meow:\");","lastModifiedDate":"2021-09-13"},{"lineNumber":301,"author":{"gitId":"WU-LUOYU-SERENA"},"content":"            for (int i \u003d 0; i \u003c list.size(); i++) {","lastModifiedDate":"2021-09-13"},{"lineNumber":302,"author":{"gitId":"WU-LUOYU-SERENA"},"content":"                System.out.println(\"ฅ\" + (i + 1) + \" \" + list.get(i));","lastModifiedDate":"2021-09-13"},{"lineNumber":303,"author":{"gitId":"WU-LUOYU-SERENA"},"content":"            }","lastModifiedDate":"2021-09-13"},{"lineNumber":304,"author":{"gitId":"WU-LUOYU-SERENA"},"content":"        }","lastModifiedDate":"2021-09-13"},{"lineNumber":305,"author":{"gitId":"WU-LUOYU-SERENA"},"content":"        Task.drawDivider();","lastModifiedDate":"2021-08-31"},{"lineNumber":306,"author":{"gitId":"WU-LUOYU-SERENA"},"content":"    }","lastModifiedDate":"2021-08-31"},{"lineNumber":307,"author":{"gitId":"WU-LUOYU-SERENA"},"content":"","lastModifiedDate":"2021-08-31"},{"lineNumber":308,"author":{"gitId":"WU-LUOYU-SERENA"},"content":"    private static void printGeneralErrorMessage() {","lastModifiedDate":"2021-08-31"},{"lineNumber":309,"author":{"gitId":"WU-LUOYU-SERENA"},"content":"        Task.drawDivider();","lastModifiedDate":"2021-08-31"},{"lineNumber":310,"author":{"gitId":"WU-LUOYU-SERENA"},"content":"        System.out.println(\"You are confusing Karlett meowwww(๑•́ᆽ•̀๑✿)\");","lastModifiedDate":"2021-08-31"},{"lineNumber":311,"author":{"gitId":"WU-LUOYU-SERENA"},"content":"        Task.drawDivider();","lastModifiedDate":"2021-08-31"},{"lineNumber":312,"author":{"gitId":"WU-LUOYU-SERENA"},"content":"    }","lastModifiedDate":"2021-08-31"},{"lineNumber":313,"author":{"gitId":"WU-LUOYU-SERENA"},"content":"","lastModifiedDate":"2021-08-31"},{"lineNumber":314,"author":{"gitId":"WU-LUOYU-SERENA"},"content":"    private static void printPendingConfirmationToListMessage() {","lastModifiedDate":"2021-09-01"},{"lineNumber":315,"author":{"gitId":"WU-LUOYU-SERENA"},"content":"        Task.drawDivider();","lastModifiedDate":"2021-08-31"},{"lineNumber":316,"author":{"gitId":"WU-LUOYU-SERENA"},"content":"        System.out.println(\"Do you want Karlett to list the tasks?(๑•́ᆽ•̀๑✿) [y/n]\");","lastModifiedDate":"2021-08-31"},{"lineNumber":317,"author":{"gitId":"WU-LUOYU-SERENA"},"content":"        Task.drawDivider();","lastModifiedDate":"2021-08-31"},{"lineNumber":318,"author":{"gitId":"WU-LUOYU-SERENA"},"content":"    }","lastModifiedDate":"2021-08-31"},{"lineNumber":319,"author":{"gitId":"WU-LUOYU-SERENA"},"content":"","lastModifiedDate":"2021-08-31"},{"lineNumber":320,"author":{"gitId":"WU-LUOYU-SERENA"},"content":"    private static void printEmptyTaskErrorMessage() {","lastModifiedDate":"2021-08-31"},{"lineNumber":321,"author":{"gitId":"WU-LUOYU-SERENA"},"content":"        Task.drawDivider();","lastModifiedDate":"2021-08-31"},{"lineNumber":322,"author":{"gitId":"WU-LUOYU-SERENA"},"content":"        System.out.println(\"Karlett doesn\u0027t know what you need to do meow?(๑•́ᆽ•̀๑✿)\");","lastModifiedDate":"2021-08-31"},{"lineNumber":323,"author":{"gitId":"WU-LUOYU-SERENA"},"content":"        Task.drawDivider();","lastModifiedDate":"2021-08-31"},{"lineNumber":324,"author":{"gitId":"WU-LUOYU-SERENA"},"content":"    }","lastModifiedDate":"2021-08-31"},{"lineNumber":325,"author":{"gitId":"-"},"content":"}","lastModifiedDate":"2019-07-29"}],"authorContributionMap":{"WU-LUOYU-SERENA":323,"-":2}},{"path":"src/main/java/karlett/task/Deadline.java","fileType":"java","lines":[{"lineNumber":1,"author":{"gitId":"WU-LUOYU-SERENA"},"content":"package karlett.task;","lastModifiedDate":"2021-09-07"},{"lineNumber":2,"author":{"gitId":"WU-LUOYU-SERENA"},"content":"","lastModifiedDate":"2021-09-07"},{"lineNumber":3,"author":{"gitId":"WU-LUOYU-SERENA"},"content":"import java.io.FileWriter;","lastModifiedDate":"2021-09-14"},{"lineNumber":4,"author":{"gitId":"WU-LUOYU-SERENA"},"content":"import java.io.IOException;","lastModifiedDate":"2021-09-14"},{"lineNumber":5,"author":{"gitId":"WU-LUOYU-SERENA"},"content":"","lastModifiedDate":"2021-09-14"},{"lineNumber":6,"author":{"gitId":"WU-LUOYU-SERENA"},"content":"public class Deadline extends Task {","lastModifiedDate":"2021-08-31"},{"lineNumber":7,"author":{"gitId":"WU-LUOYU-SERENA"},"content":"","lastModifiedDate":"2021-08-31"},{"lineNumber":8,"author":{"gitId":"WU-LUOYU-SERENA"},"content":"    protected String by;","lastModifiedDate":"2021-08-31"},{"lineNumber":9,"author":{"gitId":"WU-LUOYU-SERENA"},"content":"","lastModifiedDate":"2021-08-31"},{"lineNumber":10,"author":{"gitId":"WU-LUOYU-SERENA"},"content":"    /* constructor used for user input */","lastModifiedDate":"2021-09-14"},{"lineNumber":11,"author":{"gitId":"WU-LUOYU-SERENA"},"content":"    public Deadline(String description, String by) throws IOException {","lastModifiedDate":"2021-09-14"},{"lineNumber":12,"author":{"gitId":"WU-LUOYU-SERENA"},"content":"        this.description \u003d description;","lastModifiedDate":"2021-08-31"},{"lineNumber":13,"author":{"gitId":"WU-LUOYU-SERENA"},"content":"        this.isDone \u003d false;","lastModifiedDate":"2021-08-31"},{"lineNumber":14,"author":{"gitId":"WU-LUOYU-SERENA"},"content":"        this.by \u003d by;","lastModifiedDate":"2021-08-31"},{"lineNumber":15,"author":{"gitId":"WU-LUOYU-SERENA"},"content":"        increaseNumberOfTasks();","lastModifiedDate":"2021-09-07"},{"lineNumber":16,"author":{"gitId":"WU-LUOYU-SERENA"},"content":"        printNewTaskAddedMessage();","lastModifiedDate":"2021-08-31"},{"lineNumber":17,"author":{"gitId":"WU-LUOYU-SERENA"},"content":"        appendNewTaskToFile();","lastModifiedDate":"2021-09-14"},{"lineNumber":18,"author":{"gitId":"WU-LUOYU-SERENA"},"content":"    }","lastModifiedDate":"2021-09-14"},{"lineNumber":19,"author":{"gitId":"WU-LUOYU-SERENA"},"content":"","lastModifiedDate":"2021-09-14"},{"lineNumber":20,"author":{"gitId":"WU-LUOYU-SERENA"},"content":"    /* constructor used for loading file data */","lastModifiedDate":"2021-09-14"},{"lineNumber":21,"author":{"gitId":"WU-LUOYU-SERENA"},"content":"    public Deadline(String description, String by, boolean isDone) throws IOException {","lastModifiedDate":"2021-09-14"},{"lineNumber":22,"author":{"gitId":"WU-LUOYU-SERENA"},"content":"        this.description \u003d description;","lastModifiedDate":"2021-09-14"},{"lineNumber":23,"author":{"gitId":"WU-LUOYU-SERENA"},"content":"        this.isDone \u003d isDone;","lastModifiedDate":"2021-09-14"},{"lineNumber":24,"author":{"gitId":"WU-LUOYU-SERENA"},"content":"        this.by \u003d by;","lastModifiedDate":"2021-09-14"},{"lineNumber":25,"author":{"gitId":"WU-LUOYU-SERENA"},"content":"        increaseNumberOfTasks();","lastModifiedDate":"2021-09-14"},{"lineNumber":26,"author":{"gitId":"WU-LUOYU-SERENA"},"content":"    }","lastModifiedDate":"2021-08-31"},{"lineNumber":27,"author":{"gitId":"WU-LUOYU-SERENA"},"content":"","lastModifiedDate":"2021-09-14"},{"lineNumber":28,"author":{"gitId":"WU-LUOYU-SERENA"},"content":"    //@Override","lastModifiedDate":"2021-09-14"},{"lineNumber":29,"author":{"gitId":"WU-LUOYU-SERENA"},"content":"    private void appendNewTaskToFile() throws IOException {","lastModifiedDate":"2021-09-14"},{"lineNumber":30,"author":{"gitId":"WU-LUOYU-SERENA"},"content":"        FileWriter fw \u003d new FileWriter(filePath, true);","lastModifiedDate":"2021-09-14"},{"lineNumber":31,"author":{"gitId":"WU-LUOYU-SERENA"},"content":"        String textToAppend \u003d \"D | 0 | \" + description + \" | \" + by + \"\\n\";","lastModifiedDate":"2021-09-14"},{"lineNumber":32,"author":{"gitId":"WU-LUOYU-SERENA"},"content":"        fw.write(textToAppend);","lastModifiedDate":"2021-09-14"},{"lineNumber":33,"author":{"gitId":"WU-LUOYU-SERENA"},"content":"        fw.close();","lastModifiedDate":"2021-09-14"},{"lineNumber":34,"author":{"gitId":"WU-LUOYU-SERENA"},"content":"    }","lastModifiedDate":"2021-08-31"},{"lineNumber":35,"author":{"gitId":"WU-LUOYU-SERENA"},"content":"","lastModifiedDate":"2021-08-31"},{"lineNumber":36,"author":{"gitId":"WU-LUOYU-SERENA"},"content":"    @Override","lastModifiedDate":"2021-08-31"},{"lineNumber":37,"author":{"gitId":"WU-LUOYU-SERENA"},"content":"    public String toString() {","lastModifiedDate":"2021-08-31"},{"lineNumber":38,"author":{"gitId":"WU-LUOYU-SERENA"},"content":"        return \"[D] [\" + this.getStatusIcon() + \"] \" + this.getDescription() + \" (by: \" + by + \")\";","lastModifiedDate":"2021-08-31"},{"lineNumber":39,"author":{"gitId":"WU-LUOYU-SERENA"},"content":"    }","lastModifiedDate":"2021-08-31"},{"lineNumber":40,"author":{"gitId":"WU-LUOYU-SERENA"},"content":"}","lastModifiedDate":"2021-08-31"}],"authorContributionMap":{"WU-LUOYU-SERENA":40}},{"path":"src/main/java/karlett/task/Event.java","fileType":"java","lines":[{"lineNumber":1,"author":{"gitId":"WU-LUOYU-SERENA"},"content":"package karlett.task;","lastModifiedDate":"2021-09-07"},{"lineNumber":2,"author":{"gitId":"WU-LUOYU-SERENA"},"content":"","lastModifiedDate":"2021-09-07"},{"lineNumber":3,"author":{"gitId":"WU-LUOYU-SERENA"},"content":"import java.io.FileWriter;","lastModifiedDate":"2021-09-14"},{"lineNumber":4,"author":{"gitId":"WU-LUOYU-SERENA"},"content":"import java.io.IOException;","lastModifiedDate":"2021-09-14"},{"lineNumber":5,"author":{"gitId":"WU-LUOYU-SERENA"},"content":"","lastModifiedDate":"2021-09-14"},{"lineNumber":6,"author":{"gitId":"WU-LUOYU-SERENA"},"content":"public class Event extends Task {","lastModifiedDate":"2021-08-31"},{"lineNumber":7,"author":{"gitId":"WU-LUOYU-SERENA"},"content":"","lastModifiedDate":"2021-08-31"},{"lineNumber":8,"author":{"gitId":"WU-LUOYU-SERENA"},"content":"    protected String at;","lastModifiedDate":"2021-08-31"},{"lineNumber":9,"author":{"gitId":"WU-LUOYU-SERENA"},"content":"","lastModifiedDate":"2021-08-31"},{"lineNumber":10,"author":{"gitId":"WU-LUOYU-SERENA"},"content":"    /* constructor used for user input */","lastModifiedDate":"2021-09-14"},{"lineNumber":11,"author":{"gitId":"WU-LUOYU-SERENA"},"content":"    public Event(String description, String at) throws IOException {","lastModifiedDate":"2021-09-14"},{"lineNumber":12,"author":{"gitId":"WU-LUOYU-SERENA"},"content":"        this.description \u003d description;","lastModifiedDate":"2021-08-31"},{"lineNumber":13,"author":{"gitId":"WU-LUOYU-SERENA"},"content":"        this.isDone \u003d false;","lastModifiedDate":"2021-08-31"},{"lineNumber":14,"author":{"gitId":"WU-LUOYU-SERENA"},"content":"        this.at \u003d at;","lastModifiedDate":"2021-08-31"},{"lineNumber":15,"author":{"gitId":"WU-LUOYU-SERENA"},"content":"        increaseNumberOfTasks();","lastModifiedDate":"2021-09-07"},{"lineNumber":16,"author":{"gitId":"WU-LUOYU-SERENA"},"content":"        printNewTaskAddedMessage();","lastModifiedDate":"2021-08-31"},{"lineNumber":17,"author":{"gitId":"WU-LUOYU-SERENA"},"content":"        appendNewTaskToFile();","lastModifiedDate":"2021-09-14"},{"lineNumber":18,"author":{"gitId":"WU-LUOYU-SERENA"},"content":"    }","lastModifiedDate":"2021-08-31"},{"lineNumber":19,"author":{"gitId":"WU-LUOYU-SERENA"},"content":"","lastModifiedDate":"2021-09-14"},{"lineNumber":20,"author":{"gitId":"WU-LUOYU-SERENA"},"content":"    /* constructor used for loading file data */","lastModifiedDate":"2021-09-14"},{"lineNumber":21,"author":{"gitId":"WU-LUOYU-SERENA"},"content":"    public Event(String description, String at, boolean isDone) throws IOException {","lastModifiedDate":"2021-09-14"},{"lineNumber":22,"author":{"gitId":"WU-LUOYU-SERENA"},"content":"        this.description \u003d description;","lastModifiedDate":"2021-09-14"},{"lineNumber":23,"author":{"gitId":"WU-LUOYU-SERENA"},"content":"        this.isDone \u003d isDone;","lastModifiedDate":"2021-09-14"},{"lineNumber":24,"author":{"gitId":"WU-LUOYU-SERENA"},"content":"        this.at \u003d at;","lastModifiedDate":"2021-09-14"},{"lineNumber":25,"author":{"gitId":"WU-LUOYU-SERENA"},"content":"        increaseNumberOfTasks();","lastModifiedDate":"2021-09-14"},{"lineNumber":26,"author":{"gitId":"WU-LUOYU-SERENA"},"content":"    }","lastModifiedDate":"2021-09-14"},{"lineNumber":27,"author":{"gitId":"WU-LUOYU-SERENA"},"content":"","lastModifiedDate":"2021-09-14"},{"lineNumber":28,"author":{"gitId":"WU-LUOYU-SERENA"},"content":"    //@Override","lastModifiedDate":"2021-09-14"},{"lineNumber":29,"author":{"gitId":"WU-LUOYU-SERENA"},"content":"    private void appendNewTaskToFile() throws IOException {","lastModifiedDate":"2021-09-14"},{"lineNumber":30,"author":{"gitId":"WU-LUOYU-SERENA"},"content":"        FileWriter fw \u003d new FileWriter(filePath, true);","lastModifiedDate":"2021-09-14"},{"lineNumber":31,"author":{"gitId":"WU-LUOYU-SERENA"},"content":"        String textToAppend \u003d \"E | 0 | \" + description + \" | \" + at + \"\\n\";","lastModifiedDate":"2021-09-14"},{"lineNumber":32,"author":{"gitId":"WU-LUOYU-SERENA"},"content":"        fw.write(textToAppend);","lastModifiedDate":"2021-09-14"},{"lineNumber":33,"author":{"gitId":"WU-LUOYU-SERENA"},"content":"        fw.close();","lastModifiedDate":"2021-09-14"},{"lineNumber":34,"author":{"gitId":"WU-LUOYU-SERENA"},"content":"    }","lastModifiedDate":"2021-08-31"},{"lineNumber":35,"author":{"gitId":"WU-LUOYU-SERENA"},"content":"","lastModifiedDate":"2021-08-31"},{"lineNumber":36,"author":{"gitId":"WU-LUOYU-SERENA"},"content":"    @Override","lastModifiedDate":"2021-08-31"},{"lineNumber":37,"author":{"gitId":"WU-LUOYU-SERENA"},"content":"    public String toString() {","lastModifiedDate":"2021-08-31"},{"lineNumber":38,"author":{"gitId":"WU-LUOYU-SERENA"},"content":"        return \"[E] [\" + this.getStatusIcon() + \"] \" + this.getDescription() + \" (at: \" + at + \")\";","lastModifiedDate":"2021-08-31"},{"lineNumber":39,"author":{"gitId":"WU-LUOYU-SERENA"},"content":"    }","lastModifiedDate":"2021-08-31"},{"lineNumber":40,"author":{"gitId":"WU-LUOYU-SERENA"},"content":"}","lastModifiedDate":"2021-08-31"}],"authorContributionMap":{"WU-LUOYU-SERENA":40}},{"path":"src/main/java/karlett/task/Task.java","fileType":"java","lines":[{"lineNumber":1,"author":{"gitId":"WU-LUOYU-SERENA"},"content":"package karlett.task;","lastModifiedDate":"2021-09-07"},{"lineNumber":2,"author":{"gitId":"WU-LUOYU-SERENA"},"content":"","lastModifiedDate":"2021-09-07"},{"lineNumber":3,"author":{"gitId":"WU-LUOYU-SERENA"},"content":"import java.io.BufferedReader;","lastModifiedDate":"2021-09-14"},{"lineNumber":4,"author":{"gitId":"WU-LUOYU-SERENA"},"content":"import java.io.FileReader;","lastModifiedDate":"2021-09-14"},{"lineNumber":5,"author":{"gitId":"WU-LUOYU-SERENA"},"content":"import java.io.FileWriter;","lastModifiedDate":"2021-09-14"},{"lineNumber":6,"author":{"gitId":"WU-LUOYU-SERENA"},"content":"import java.io.IOException;","lastModifiedDate":"2021-09-14"},{"lineNumber":7,"author":{"gitId":"WU-LUOYU-SERENA"},"content":"import java.util.ArrayList;","lastModifiedDate":"2021-09-13"},{"lineNumber":8,"author":{"gitId":"WU-LUOYU-SERENA"},"content":"","lastModifiedDate":"2021-09-13"},{"lineNumber":9,"author":{"gitId":"WU-LUOYU-SERENA"},"content":"public class Task {","lastModifiedDate":"2021-08-23"},{"lineNumber":10,"author":{"gitId":"WU-LUOYU-SERENA"},"content":"","lastModifiedDate":"2021-08-31"},{"lineNumber":11,"author":{"gitId":"WU-LUOYU-SERENA"},"content":"    private static int numberOfTasks \u003d 0;","lastModifiedDate":"2021-08-31"},{"lineNumber":12,"author":{"gitId":"WU-LUOYU-SERENA"},"content":"","lastModifiedDate":"2021-08-31"},{"lineNumber":13,"author":{"gitId":"WU-LUOYU-SERENA"},"content":"    public static void setFilePath(String filePath) {","lastModifiedDate":"2021-09-14"},{"lineNumber":14,"author":{"gitId":"WU-LUOYU-SERENA"},"content":"        Task.filePath \u003d filePath;","lastModifiedDate":"2021-09-14"},{"lineNumber":15,"author":{"gitId":"WU-LUOYU-SERENA"},"content":"    }","lastModifiedDate":"2021-09-14"},{"lineNumber":16,"author":{"gitId":"WU-LUOYU-SERENA"},"content":"","lastModifiedDate":"2021-09-14"},{"lineNumber":17,"author":{"gitId":"WU-LUOYU-SERENA"},"content":"    protected static String filePath \u003d \"\";","lastModifiedDate":"2021-09-14"},{"lineNumber":18,"author":{"gitId":"WU-LUOYU-SERENA"},"content":"","lastModifiedDate":"2021-09-14"},{"lineNumber":19,"author":{"gitId":"WU-LUOYU-SERENA"},"content":"    protected String description;","lastModifiedDate":"2021-08-23"},{"lineNumber":20,"author":{"gitId":"WU-LUOYU-SERENA"},"content":"    protected boolean isDone;","lastModifiedDate":"2021-08-23"},{"lineNumber":21,"author":{"gitId":"WU-LUOYU-SERENA"},"content":"","lastModifiedDate":"2021-08-23"},{"lineNumber":22,"author":{"gitId":"WU-LUOYU-SERENA"},"content":"    /* constructor used for user input */","lastModifiedDate":"2021-09-14"},{"lineNumber":23,"author":{"gitId":"WU-LUOYU-SERENA"},"content":"    public Task(String description) throws IOException {","lastModifiedDate":"2021-09-14"},{"lineNumber":24,"author":{"gitId":"WU-LUOYU-SERENA"},"content":"        this.description \u003d description;","lastModifiedDate":"2021-08-23"},{"lineNumber":25,"author":{"gitId":"WU-LUOYU-SERENA"},"content":"        this.isDone \u003d false;","lastModifiedDate":"2021-08-23"},{"lineNumber":26,"author":{"gitId":"WU-LUOYU-SERENA"},"content":"        increaseNumberOfTasks();","lastModifiedDate":"2021-09-07"},{"lineNumber":27,"author":{"gitId":"WU-LUOYU-SERENA"},"content":"        appendNewTaskToFile();","lastModifiedDate":"2021-09-14"},{"lineNumber":28,"author":{"gitId":"WU-LUOYU-SERENA"},"content":"        printNewTaskAddedMessage();","lastModifiedDate":"2021-08-31"},{"lineNumber":29,"author":{"gitId":"WU-LUOYU-SERENA"},"content":"    }","lastModifiedDate":"2021-08-31"},{"lineNumber":30,"author":{"gitId":"WU-LUOYU-SERENA"},"content":"","lastModifiedDate":"2021-08-31"},{"lineNumber":31,"author":{"gitId":"WU-LUOYU-SERENA"},"content":"    /* constructor used for loading file data */","lastModifiedDate":"2021-09-14"},{"lineNumber":32,"author":{"gitId":"WU-LUOYU-SERENA"},"content":"    public Task(String description, boolean isDone) {","lastModifiedDate":"2021-09-14"},{"lineNumber":33,"author":{"gitId":"WU-LUOYU-SERENA"},"content":"        this.description \u003d description;","lastModifiedDate":"2021-09-14"},{"lineNumber":34,"author":{"gitId":"WU-LUOYU-SERENA"},"content":"        this.isDone \u003d isDone;","lastModifiedDate":"2021-09-14"},{"lineNumber":35,"author":{"gitId":"WU-LUOYU-SERENA"},"content":"        increaseNumberOfTasks();","lastModifiedDate":"2021-09-14"},{"lineNumber":36,"author":{"gitId":"WU-LUOYU-SERENA"},"content":"    }","lastModifiedDate":"2021-09-13"},{"lineNumber":37,"author":{"gitId":"WU-LUOYU-SERENA"},"content":"","lastModifiedDate":"2021-08-31"},{"lineNumber":38,"author":{"gitId":"WU-LUOYU-SERENA"},"content":"    public Task() {","lastModifiedDate":"2021-08-31"},{"lineNumber":39,"author":{"gitId":"WU-LUOYU-SERENA"},"content":"    }","lastModifiedDate":"2021-08-23"},{"lineNumber":40,"author":{"gitId":"WU-LUOYU-SERENA"},"content":"","lastModifiedDate":"2021-08-23"},{"lineNumber":41,"author":{"gitId":"WU-LUOYU-SERENA"},"content":"    protected void printNewTaskAddedMessage() {","lastModifiedDate":"2021-09-13"},{"lineNumber":42,"author":{"gitId":"WU-LUOYU-SERENA"},"content":"        drawDivider();","lastModifiedDate":"2021-09-13"},{"lineNumber":43,"author":{"gitId":"WU-LUOYU-SERENA"},"content":"        System.out.println(\"Karlett now remembers:\\n\" + \"  \" + this);","lastModifiedDate":"2021-09-13"},{"lineNumber":44,"author":{"gitId":"WU-LUOYU-SERENA"},"content":"        if (numberOfTasks \u003d\u003d 1) {","lastModifiedDate":"2021-09-13"},{"lineNumber":45,"author":{"gitId":"WU-LUOYU-SERENA"},"content":"            System.out.println(\"You have 1 task in the list now meow (((;꒪ꈊ꒪;)))\");","lastModifiedDate":"2021-09-13"},{"lineNumber":46,"author":{"gitId":"WU-LUOYU-SERENA"},"content":"        } else {","lastModifiedDate":"2021-09-13"},{"lineNumber":47,"author":{"gitId":"WU-LUOYU-SERENA"},"content":"            System.out.println(\"You have \" + numberOfTasks + \" tasks in the list now meow (((;꒪ꈊ꒪;)))\");","lastModifiedDate":"2021-09-13"},{"lineNumber":48,"author":{"gitId":"WU-LUOYU-SERENA"},"content":"        }","lastModifiedDate":"2021-09-13"},{"lineNumber":49,"author":{"gitId":"WU-LUOYU-SERENA"},"content":"        drawDivider();","lastModifiedDate":"2021-09-13"},{"lineNumber":50,"author":{"gitId":"WU-LUOYU-SERENA"},"content":"    }","lastModifiedDate":"2021-09-13"},{"lineNumber":51,"author":{"gitId":"WU-LUOYU-SERENA"},"content":"","lastModifiedDate":"2021-09-13"},{"lineNumber":52,"author":{"gitId":"WU-LUOYU-SERENA"},"content":"    private void appendNewTaskToFile() throws IOException {","lastModifiedDate":"2021-09-14"},{"lineNumber":53,"author":{"gitId":"WU-LUOYU-SERENA"},"content":"        FileWriter fw \u003d new FileWriter(filePath, true);","lastModifiedDate":"2021-09-14"},{"lineNumber":54,"author":{"gitId":"WU-LUOYU-SERENA"},"content":"        String textToAppend \u003d \"T | 0 | \" + description + \"\\n\";","lastModifiedDate":"2021-09-14"},{"lineNumber":55,"author":{"gitId":"WU-LUOYU-SERENA"},"content":"        fw.write(textToAppend);","lastModifiedDate":"2021-09-14"},{"lineNumber":56,"author":{"gitId":"WU-LUOYU-SERENA"},"content":"        fw.close();","lastModifiedDate":"2021-09-14"},{"lineNumber":57,"author":{"gitId":"WU-LUOYU-SERENA"},"content":"    }","lastModifiedDate":"2021-08-23"},{"lineNumber":58,"author":{"gitId":"WU-LUOYU-SERENA"},"content":"","lastModifiedDate":"2021-08-23"},{"lineNumber":59,"author":{"gitId":"WU-LUOYU-SERENA"},"content":"    public String getDescription() {","lastModifiedDate":"2021-08-23"},{"lineNumber":60,"author":{"gitId":"WU-LUOYU-SERENA"},"content":"        return description;","lastModifiedDate":"2021-08-23"},{"lineNumber":61,"author":{"gitId":"WU-LUOYU-SERENA"},"content":"    }","lastModifiedDate":"2021-08-23"},{"lineNumber":62,"author":{"gitId":"WU-LUOYU-SERENA"},"content":"","lastModifiedDate":"2021-08-23"},{"lineNumber":63,"author":{"gitId":"WU-LUOYU-SERENA"},"content":"    public String getStatusIcon() {","lastModifiedDate":"2021-08-23"},{"lineNumber":64,"author":{"gitId":"WU-LUOYU-SERENA"},"content":"        return (isDone ? \"V\" : \" \");  // mark done task with V","lastModifiedDate":"2021-08-23"},{"lineNumber":65,"author":{"gitId":"WU-LUOYU-SERENA"},"content":"    }","lastModifiedDate":"2021-08-23"},{"lineNumber":66,"author":{"gitId":"WU-LUOYU-SERENA"},"content":"","lastModifiedDate":"2021-08-23"},{"lineNumber":67,"author":{"gitId":"WU-LUOYU-SERENA"},"content":"    public static void increaseNumberOfTasks() {","lastModifiedDate":"2021-09-07"},{"lineNumber":68,"author":{"gitId":"WU-LUOYU-SERENA"},"content":"        Task.numberOfTasks++;","lastModifiedDate":"2021-08-31"},{"lineNumber":69,"author":{"gitId":"WU-LUOYU-SERENA"},"content":"    }","lastModifiedDate":"2021-08-31"},{"lineNumber":70,"author":{"gitId":"WU-LUOYU-SERENA"},"content":"","lastModifiedDate":"2021-08-31"},{"lineNumber":71,"author":{"gitId":"WU-LUOYU-SERENA"},"content":"    public void markAsDone(int index) throws IOException {","lastModifiedDate":"2021-09-14"},{"lineNumber":72,"author":{"gitId":"WU-LUOYU-SERENA"},"content":"        this.isDone \u003d true;","lastModifiedDate":"2021-08-23"},{"lineNumber":73,"author":{"gitId":"WU-LUOYU-SERENA"},"content":"        modifyTaskStatusInFile(index);","lastModifiedDate":"2021-09-14"},{"lineNumber":74,"author":{"gitId":"WU-LUOYU-SERENA"},"content":"        printMarkAsDoneMessage();","lastModifiedDate":"2021-08-31"},{"lineNumber":75,"author":{"gitId":"WU-LUOYU-SERENA"},"content":"    }","lastModifiedDate":"2021-08-31"},{"lineNumber":76,"author":{"gitId":"WU-LUOYU-SERENA"},"content":"","lastModifiedDate":"2021-08-31"},{"lineNumber":77,"author":{"gitId":"WU-LUOYU-SERENA"},"content":"    private void modifyTaskStatusInFile(int index) throws IOException {","lastModifiedDate":"2021-09-14"},{"lineNumber":78,"author":{"gitId":"WU-LUOYU-SERENA"},"content":"        String fileContent \u003d \"\";","lastModifiedDate":"2021-09-14"},{"lineNumber":79,"author":{"gitId":"WU-LUOYU-SERENA"},"content":"        String line \u003d \"\";","lastModifiedDate":"2021-09-14"},{"lineNumber":80,"author":{"gitId":"WU-LUOYU-SERENA"},"content":"        BufferedReader reader \u003d null;","lastModifiedDate":"2021-09-14"},{"lineNumber":81,"author":{"gitId":"WU-LUOYU-SERENA"},"content":"        FileWriter writer \u003d null;","lastModifiedDate":"2021-09-14"},{"lineNumber":82,"author":{"gitId":"WU-LUOYU-SERENA"},"content":"        reader \u003d new BufferedReader(new FileReader(filePath));","lastModifiedDate":"2021-09-14"},{"lineNumber":83,"author":{"gitId":"WU-LUOYU-SERENA"},"content":"        for (int i \u003d 0; i \u003c index; i++) {","lastModifiedDate":"2021-09-14"},{"lineNumber":84,"author":{"gitId":"WU-LUOYU-SERENA"},"content":"            line \u003d reader.readLine();","lastModifiedDate":"2021-09-14"},{"lineNumber":85,"author":{"gitId":"WU-LUOYU-SERENA"},"content":"            fileContent \u003d fileContent + line + System.lineSeparator();","lastModifiedDate":"2021-09-14"},{"lineNumber":86,"author":{"gitId":"WU-LUOYU-SERENA"},"content":"        }","lastModifiedDate":"2021-08-31"},{"lineNumber":87,"author":{"gitId":"WU-LUOYU-SERENA"},"content":"        line \u003d reader.readLine();","lastModifiedDate":"2021-09-14"},{"lineNumber":88,"author":{"gitId":"WU-LUOYU-SERENA"},"content":"        String updatedTask \u003d line.replaceFirst(\"0\", \"1\");","lastModifiedDate":"2021-09-14"},{"lineNumber":89,"author":{"gitId":"WU-LUOYU-SERENA"},"content":"        fileContent \u003d fileContent + updatedTask + System.lineSeparator();","lastModifiedDate":"2021-09-14"},{"lineNumber":90,"author":{"gitId":"WU-LUOYU-SERENA"},"content":"        for (int i \u003d index + 1; i \u003c numberOfTasks; i++) {","lastModifiedDate":"2021-09-14"},{"lineNumber":91,"author":{"gitId":"WU-LUOYU-SERENA"},"content":"            line \u003d reader.readLine();","lastModifiedDate":"2021-09-14"},{"lineNumber":92,"author":{"gitId":"WU-LUOYU-SERENA"},"content":"            fileContent \u003d fileContent + line + System.lineSeparator();","lastModifiedDate":"2021-09-14"},{"lineNumber":93,"author":{"gitId":"WU-LUOYU-SERENA"},"content":"        }","lastModifiedDate":"2021-09-14"},{"lineNumber":94,"author":{"gitId":"WU-LUOYU-SERENA"},"content":"        writer \u003d new FileWriter(filePath);","lastModifiedDate":"2021-09-14"},{"lineNumber":95,"author":{"gitId":"WU-LUOYU-SERENA"},"content":"        writer.write(fileContent);","lastModifiedDate":"2021-09-14"},{"lineNumber":96,"author":{"gitId":"WU-LUOYU-SERENA"},"content":"        reader.close();","lastModifiedDate":"2021-09-14"},{"lineNumber":97,"author":{"gitId":"WU-LUOYU-SERENA"},"content":"        writer.close();","lastModifiedDate":"2021-09-14"},{"lineNumber":98,"author":{"gitId":"WU-LUOYU-SERENA"},"content":"    }","lastModifiedDate":"2021-08-31"},{"lineNumber":99,"author":{"gitId":"WU-LUOYU-SERENA"},"content":"","lastModifiedDate":"2021-08-31"},{"lineNumber":100,"author":{"gitId":"WU-LUOYU-SERENA"},"content":"    private void printMarkAsDoneMessage() {","lastModifiedDate":"2021-09-13"},{"lineNumber":101,"author":{"gitId":"WU-LUOYU-SERENA"},"content":"        drawDivider();","lastModifiedDate":"2021-09-13"},{"lineNumber":102,"author":{"gitId":"WU-LUOYU-SERENA"},"content":"        System.out.println(\"Meow~ Karlett has marked this task as done:\\n\" +","lastModifiedDate":"2021-09-13"},{"lineNumber":103,"author":{"gitId":"WU-LUOYU-SERENA"},"content":"                \"  \" + this);","lastModifiedDate":"2021-09-13"},{"lineNumber":104,"author":{"gitId":"WU-LUOYU-SERENA"},"content":"        drawDivider();","lastModifiedDate":"2021-08-31"},{"lineNumber":105,"author":{"gitId":"WU-LUOYU-SERENA"},"content":"    }","lastModifiedDate":"2021-08-31"},{"lineNumber":106,"author":{"gitId":"WU-LUOYU-SERENA"},"content":"","lastModifiedDate":"2021-09-13"},{"lineNumber":107,"author":{"gitId":"WU-LUOYU-SERENA"},"content":"    public static void remove(ArrayList\u003cTask\u003e list, int index) throws IOException {","lastModifiedDate":"2021-09-14"},{"lineNumber":108,"author":{"gitId":"WU-LUOYU-SERENA"},"content":"        removeTaskInFile(index - 1);","lastModifiedDate":"2021-09-16"},{"lineNumber":109,"author":{"gitId":"WU-LUOYU-SERENA"},"content":"        Task t \u003d list.get(index - 1);","lastModifiedDate":"2021-09-13"},{"lineNumber":110,"author":{"gitId":"WU-LUOYU-SERENA"},"content":"        for (int i \u003d index; i \u003c list.size(); i++) {","lastModifiedDate":"2021-09-13"},{"lineNumber":111,"author":{"gitId":"WU-LUOYU-SERENA"},"content":"            list.set(i - 1, list.get(i));","lastModifiedDate":"2021-09-13"},{"lineNumber":112,"author":{"gitId":"WU-LUOYU-SERENA"},"content":"        }","lastModifiedDate":"2021-09-13"},{"lineNumber":113,"author":{"gitId":"WU-LUOYU-SERENA"},"content":"        list.trimToSize();","lastModifiedDate":"2021-09-13"},{"lineNumber":114,"author":{"gitId":"WU-LUOYU-SERENA"},"content":"        numberOfTasks--;","lastModifiedDate":"2021-09-13"},{"lineNumber":115,"author":{"gitId":"WU-LUOYU-SERENA"},"content":"        printTaskDeletedMessage(t);","lastModifiedDate":"2021-09-13"},{"lineNumber":116,"author":{"gitId":"WU-LUOYU-SERENA"},"content":"    }","lastModifiedDate":"2021-09-13"},{"lineNumber":117,"author":{"gitId":"WU-LUOYU-SERENA"},"content":"","lastModifiedDate":"2021-09-13"},{"lineNumber":118,"author":{"gitId":"WU-LUOYU-SERENA"},"content":"    private static void removeTaskInFile(int index) throws IOException {","lastModifiedDate":"2021-09-14"},{"lineNumber":119,"author":{"gitId":"WU-LUOYU-SERENA"},"content":"        String fileContent \u003d \"\";","lastModifiedDate":"2021-09-14"},{"lineNumber":120,"author":{"gitId":"WU-LUOYU-SERENA"},"content":"        String line \u003d \"\";","lastModifiedDate":"2021-09-14"},{"lineNumber":121,"author":{"gitId":"WU-LUOYU-SERENA"},"content":"        BufferedReader reader \u003d null;","lastModifiedDate":"2021-09-14"},{"lineNumber":122,"author":{"gitId":"WU-LUOYU-SERENA"},"content":"        FileWriter writer \u003d null;","lastModifiedDate":"2021-09-14"},{"lineNumber":123,"author":{"gitId":"WU-LUOYU-SERENA"},"content":"        reader \u003d new BufferedReader(new FileReader(filePath));","lastModifiedDate":"2021-09-14"},{"lineNumber":124,"author":{"gitId":"WU-LUOYU-SERENA"},"content":"        for (int i \u003d 0; i \u003c numberOfTasks; i++) {","lastModifiedDate":"2021-09-16"},{"lineNumber":125,"author":{"gitId":"WU-LUOYU-SERENA"},"content":"            line \u003d reader.readLine();","lastModifiedDate":"2021-09-14"},{"lineNumber":126,"author":{"gitId":"WU-LUOYU-SERENA"},"content":"            if (i \u003d\u003d index) {","lastModifiedDate":"2021-09-16"},{"lineNumber":127,"author":{"gitId":"WU-LUOYU-SERENA"},"content":"                continue;","lastModifiedDate":"2021-09-16"},{"lineNumber":128,"author":{"gitId":"WU-LUOYU-SERENA"},"content":"            }","lastModifiedDate":"2021-09-14"},{"lineNumber":129,"author":{"gitId":"WU-LUOYU-SERENA"},"content":"            fileContent \u003d fileContent + line + System.lineSeparator();","lastModifiedDate":"2021-09-14"},{"lineNumber":130,"author":{"gitId":"WU-LUOYU-SERENA"},"content":"        }","lastModifiedDate":"2021-09-14"},{"lineNumber":131,"author":{"gitId":"WU-LUOYU-SERENA"},"content":"        writer \u003d new FileWriter(filePath);","lastModifiedDate":"2021-09-14"},{"lineNumber":132,"author":{"gitId":"WU-LUOYU-SERENA"},"content":"        writer.write(fileContent);","lastModifiedDate":"2021-09-14"},{"lineNumber":133,"author":{"gitId":"WU-LUOYU-SERENA"},"content":"        reader.close();","lastModifiedDate":"2021-09-14"},{"lineNumber":134,"author":{"gitId":"WU-LUOYU-SERENA"},"content":"        writer.close();","lastModifiedDate":"2021-09-14"},{"lineNumber":135,"author":{"gitId":"WU-LUOYU-SERENA"},"content":"    }","lastModifiedDate":"2021-09-14"},{"lineNumber":136,"author":{"gitId":"WU-LUOYU-SERENA"},"content":"","lastModifiedDate":"2021-09-14"},{"lineNumber":137,"author":{"gitId":"WU-LUOYU-SERENA"},"content":"    private static void printTaskDeletedMessage(Task t) {","lastModifiedDate":"2021-09-13"},{"lineNumber":138,"author":{"gitId":"WU-LUOYU-SERENA"},"content":"        drawDivider();","lastModifiedDate":"2021-09-13"},{"lineNumber":139,"author":{"gitId":"WU-LUOYU-SERENA"},"content":"        System.out.println(\"Meow~ Karlett has deleted this task:\\n\" +","lastModifiedDate":"2021-09-13"},{"lineNumber":140,"author":{"gitId":"WU-LUOYU-SERENA"},"content":"                \"  \" + t + \"\\nYou have \" + numberOfTasks +","lastModifiedDate":"2021-09-13"},{"lineNumber":141,"author":{"gitId":"WU-LUOYU-SERENA"},"content":"                \" tasks in the list now meow (((;꒪ꈊ꒪;)))\");","lastModifiedDate":"2021-09-13"},{"lineNumber":142,"author":{"gitId":"WU-LUOYU-SERENA"},"content":"        drawDivider();","lastModifiedDate":"2021-08-31"},{"lineNumber":143,"author":{"gitId":"WU-LUOYU-SERENA"},"content":"    }","lastModifiedDate":"2021-08-31"},{"lineNumber":144,"author":{"gitId":"WU-LUOYU-SERENA"},"content":"","lastModifiedDate":"2021-08-31"},{"lineNumber":145,"author":{"gitId":"WU-LUOYU-SERENA"},"content":"    public static void printList(ArrayList\u003cTask\u003e list) {","lastModifiedDate":"2021-09-13"},{"lineNumber":146,"author":{"gitId":"WU-LUOYU-SERENA"},"content":"        drawDivider();","lastModifiedDate":"2021-08-31"},{"lineNumber":147,"author":{"gitId":"WU-LUOYU-SERENA"},"content":"        if (numberOfTasks \u003d\u003d 0) {","lastModifiedDate":"2021-08-31"},{"lineNumber":148,"author":{"gitId":"WU-LUOYU-SERENA"},"content":"            System.out.println(\"You have done everything! Time to relax with Karlett meow ʕ♡ﻌ♡ʔ\");","lastModifiedDate":"2021-08-31"},{"lineNumber":149,"author":{"gitId":"WU-LUOYU-SERENA"},"content":"        } else {","lastModifiedDate":"2021-08-31"},{"lineNumber":150,"author":{"gitId":"WU-LUOYU-SERENA"},"content":"            for (int i \u003d 0; i \u003c numberOfTasks; i++) {","lastModifiedDate":"2021-08-31"},{"lineNumber":151,"author":{"gitId":"WU-LUOYU-SERENA"},"content":"                System.out.println(\"ฅ\" + (i + 1) + \" \" + list.get(i));","lastModifiedDate":"2021-09-13"},{"lineNumber":152,"author":{"gitId":"WU-LUOYU-SERENA"},"content":"            }","lastModifiedDate":"2021-08-31"},{"lineNumber":153,"author":{"gitId":"WU-LUOYU-SERENA"},"content":"        }","lastModifiedDate":"2021-08-31"},{"lineNumber":154,"author":{"gitId":"WU-LUOYU-SERENA"},"content":"        drawDivider();","lastModifiedDate":"2021-08-31"},{"lineNumber":155,"author":{"gitId":"WU-LUOYU-SERENA"},"content":"    }","lastModifiedDate":"2021-08-31"},{"lineNumber":156,"author":{"gitId":"WU-LUOYU-SERENA"},"content":"","lastModifiedDate":"2021-08-31"},{"lineNumber":157,"author":{"gitId":"WU-LUOYU-SERENA"},"content":"    @Override","lastModifiedDate":"2021-08-31"},{"lineNumber":158,"author":{"gitId":"WU-LUOYU-SERENA"},"content":"    public String toString() {","lastModifiedDate":"2021-08-31"},{"lineNumber":159,"author":{"gitId":"WU-LUOYU-SERENA"},"content":"        return \"[T] [\" + this.getStatusIcon() + \"] \" + this.getDescription();","lastModifiedDate":"2021-08-31"},{"lineNumber":160,"author":{"gitId":"WU-LUOYU-SERENA"},"content":"    }","lastModifiedDate":"2021-08-31"},{"lineNumber":161,"author":{"gitId":"WU-LUOYU-SERENA"},"content":"","lastModifiedDate":"2021-08-31"},{"lineNumber":162,"author":{"gitId":"WU-LUOYU-SERENA"},"content":"    public static void exit() {","lastModifiedDate":"2021-08-31"},{"lineNumber":163,"author":{"gitId":"WU-LUOYU-SERENA"},"content":"        drawDivider();","lastModifiedDate":"2021-08-31"},{"lineNumber":164,"author":{"gitId":"WU-LUOYU-SERENA"},"content":"        System.out.println(\"Bye~Bye~ヾ(￣▽￣) Hope to see you again soon meow.\");","lastModifiedDate":"2021-08-31"},{"lineNumber":165,"author":{"gitId":"WU-LUOYU-SERENA"},"content":"        drawDivider();","lastModifiedDate":"2021-08-31"},{"lineNumber":166,"author":{"gitId":"WU-LUOYU-SERENA"},"content":"        System.exit(0);","lastModifiedDate":"2021-08-31"},{"lineNumber":167,"author":{"gitId":"WU-LUOYU-SERENA"},"content":"    }","lastModifiedDate":"2021-08-31"},{"lineNumber":168,"author":{"gitId":"WU-LUOYU-SERENA"},"content":"","lastModifiedDate":"2021-08-31"},{"lineNumber":169,"author":{"gitId":"WU-LUOYU-SERENA"},"content":"    public static void drawDivider() {","lastModifiedDate":"2021-08-31"},{"lineNumber":170,"author":{"gitId":"WU-LUOYU-SERENA"},"content":"        int n \u003d 4;","lastModifiedDate":"2021-08-31"},{"lineNumber":171,"author":{"gitId":"WU-LUOYU-SERENA"},"content":"        while (n \u003e 0) {","lastModifiedDate":"2021-08-31"},{"lineNumber":172,"author":{"gitId":"WU-LUOYU-SERENA"},"content":"            System.out.print(\"ﾟ･:*｡(ꈍᴗꈍ)ε｀*)~｡*:･ﾟ\");","lastModifiedDate":"2021-08-31"},{"lineNumber":173,"author":{"gitId":"WU-LUOYU-SERENA"},"content":"            n--;","lastModifiedDate":"2021-08-31"},{"lineNumber":174,"author":{"gitId":"WU-LUOYU-SERENA"},"content":"        }","lastModifiedDate":"2021-08-31"},{"lineNumber":175,"author":{"gitId":"WU-LUOYU-SERENA"},"content":"        System.out.println();","lastModifiedDate":"2021-08-31"},{"lineNumber":176,"author":{"gitId":"WU-LUOYU-SERENA"},"content":"    }","lastModifiedDate":"2021-08-23"},{"lineNumber":177,"author":{"gitId":"WU-LUOYU-SERENA"},"content":"}","lastModifiedDate":"2021-08-23"}],"authorContributionMap":{"WU-LUOYU-SERENA":177}},{"path":"text-ui-test/input.txt","fileType":"txt","lines":[{"lineNumber":1,"author":{"gitId":"WU-LUOYU-SERENA"},"content":"todo read book","lastModifiedDate":"2021-08-31"},{"lineNumber":2,"author":{"gitId":"WU-LUOYU-SERENA"},"content":"deadline return book /by June 6th","lastModifiedDate":"2021-08-31"},{"lineNumber":3,"author":{"gitId":"WU-LUOYU-SERENA"},"content":"event project meeting /at Aug 6th 2-4pm","lastModifiedDate":"2021-08-31"},{"lineNumber":4,"author":{"gitId":"WU-LUOYU-SERENA"},"content":"done 1","lastModifiedDate":"2021-08-31"},{"lineNumber":5,"author":{"gitId":"WU-LUOYU-SERENA"},"content":"list","lastModifiedDate":"2021-08-31"},{"lineNumber":6,"author":{"gitId":"WU-LUOYU-SERENA"},"content":"todo join sports club","lastModifiedDate":"2021-08-31"},{"lineNumber":7,"author":{"gitId":"WU-LUOYU-SERENA"},"content":"done 4","lastModifiedDate":"2021-08-31"},{"lineNumber":8,"author":{"gitId":"WU-LUOYU-SERENA"},"content":"todo borrow book","lastModifiedDate":"2021-08-31"},{"lineNumber":9,"author":{"gitId":"WU-LUOYU-SERENA"},"content":"list","lastModifiedDate":"2021-08-31"},{"lineNumber":10,"author":{"gitId":"WU-LUOYU-SERENA"},"content":"deadline return book /by Sunday","lastModifiedDate":"2021-08-31"},{"lineNumber":11,"author":{"gitId":"WU-LUOYU-SERENA"},"content":"event project meeting /at Mon 2-4pm","lastModifiedDate":"2021-08-31"},{"lineNumber":12,"author":{"gitId":"WU-LUOYU-SERENA"},"content":"bye","lastModifiedDate":"2021-08-31"}],"authorContributionMap":{"WU-LUOYU-SERENA":12}}]
