{"authorDailyContributionsMap":{"tlyi":[{"date":"2021-08-17","commitResults":[{"hash":"a9cfaab62d71a11905450bd287aabc29d5347c27","messageTitle":"Level 0: Implement Greet","messageBody":"","tags":["Level-0"],"fileTypesAndContributionMap":{"java":{"insertions":6,"deletions":6}}}]},{"date":"2021-08-24","commitResults":[{"hash":"5af2f9847028dff62a6009dd870488708bf1d54c","messageTitle":"Implement Greet, Echo, Exit (Level 1)","messageBody":"","tags":["Level-1"],"fileTypesAndContributionMap":{"java":{"insertions":34,"deletions":3}}},{"hash":"f4abe8bf747d03601f3fc4a5dbc7b842b14a1df7","messageTitle":"Add tasks to list and print list when requested","messageBody":"","tags":["Level-2"],"fileTypesAndContributionMap":{"java":{"insertions":41,"deletions":15}}},{"hash":"b38aa0665bdbbad72f906c77009cb38f5264a676","messageTitle":"Add Task class to handle tasks Add ability to mark tasks as done, with some error handling for invalid user input","messageBody":"","tags":["A-CodingStandard","A-Classes"],"fileTypesAndContributionMap":{"java":{"insertions":106,"deletions":20}}}]},{"date":"2021-08-25","commitResults":[{"hash":"8b09225b9841073a39d3b3ec7ceab247c4c6deec","messageTitle":"Integrate Echo and To-do List mode Allow users to select from the two modes","messageBody":"","tags":["Level-3"],"fileTypesAndContributionMap":{"java":{"insertions":78,"deletions":14}}}]},{"date":"2021-08-31","commitResults":[{"hash":"478759847708689e37538f9d2eae3c418c96bbe9","messageTitle":"Add Todo, Deadline, Event classes that inherit from Task class (not fully implemented) Extract constants","messageBody":"","fileTypesAndContributionMap":{"java":{"insertions":88,"deletions":4}}},{"hash":"c2b19f9b21a1208e100a8572b2ac570694140fa5","messageTitle":"Remove option for echo mode","messageBody":"","fileTypesAndContributionMap":{"java":{"insertions":23,"deletions":75}}},{"hash":"cd1de66a5c557bbc5b287e961079794d2e24a0c7","messageTitle":"Add functionality for tracking Todos, Events, Deadlines Add some error handling for inputs Refactor methods","messageBody":"","tags":["Level-4","A-Inheritance"],"fileTypesAndContributionMap":{"java":{"insertions":185,"deletions":90}}}]},{"date":"2021-09-02","commitResults":[{"hash":"01f2d1c59be73171123350d33668c387f4dd6366","messageTitle":"Update EXPECTED.txt for Automated Text UI Testing","messageBody":"","tags":["A-TextUiTesting"],"fileTypesAndContributionMap":{"txt":{"insertions":20,"deletions":0},"java":{"insertions":13,"deletions":10}}},{"hash":"4b6fcff58297a072aa8e1b6ce6c3f71835e2f41c","messageTitle":"Add Javadoc and comments for clarity","messageBody":"","tags":["A-CodeQuality"],"fileTypesAndContributionMap":{"java":{"insertions":103,"deletions":9}}}]},{"date":"2021-09-07","commitResults":[{"hash":"77134cc90f9a9c9dde97b9650393bc6739205b75","messageTitle":"Create and Implement InvalidCommandFormatException to handle invalid command input formats","messageBody":"","fileTypesAndContributionMap":{"java":{"insertions":66,"deletions":32}}},{"hash":"c67f38d5f462328da64b047c9d9c089ee4c76c3d","messageTitle":"Organise classes into packages Update automated UI testing file paths","messageBody":"","fileTypesAndContributionMap":{"java":{"insertions":18,"deletions":0},"bat":{"insertions":2,"deletions":2},"sh":{"insertions":2,"deletions":2}}}]},{"date":"2021-09-14","commitResults":[{"hash":"41a5a18a2ad0f1803411730c54bab4471262333f","messageTitle":"Convert \u0027tasks\u0027 Array to an Array List","messageBody":"","tags":["A-Collections"],"fileTypesAndContributionMap":{"java":{"insertions":13,"deletions":19}}},{"hash":"ef45b0ce4b5bf49f60093d35347acce2172e5356","messageTitle":"Add Delete function","messageBody":"","tags":["Level-6"],"fileTypesAndContributionMap":{"java":{"insertions":46,"deletions":5}}},{"hash":"80b0a4e16cf07278e5161bec68ca8dd60a323689","messageTitle":"Add functionality to save and load data Update .gitignore to ignore user data file","messageBody":"","tags":["Level-7"],"fileTypesAndContributionMap":{"java":{"insertions":201,"deletions":19}}}]},{"date":"2021-09-26","commitResults":[{"hash":"173db756382f51703276b0e2140c0f151c121413","messageTitle":"Extract most classes except Storage","messageBody":"","fileTypesAndContributionMap":{"java":{"insertions":1317,"deletions":537}}}]},{"date":"2021-09-27","commitResults":[{"hash":"65cf0f1dd1cd23fc6498169b67219beae6b5f11e","messageTitle":"Add Storage class, integrate all classes into Main class (deleted Duke class)","messageBody":"","tags":["A-MoreOOP"],"fileTypesAndContributionMap":{"java":{"insertions":342,"deletions":578}}}]},{"date":"2021-09-28","commitResults":[{"hash":"dd6da74be6b436e671a0ee81c0d4e0ea21fe4e14","messageTitle":"Add find/search task functionality","messageBody":"","tags":["Level-9"],"fileTypesAndContributionMap":{"java":{"insertions":101,"deletions":19}}}]},{"date":"2021-09-29","commitResults":[{"hash":"c9669d8a9e43f5d1f682b47e97c42c982229ba39","messageTitle":"Store date and time strings as LocalDateTime","messageBody":"","fileTypesAndContributionMap":{"java":{"insertions":90,"deletions":73}}},{"hash":"e9acae5f56f67243183a88a894931207fb2a6b3f","messageTitle":"Minor typo","messageBody":"","tags":["Level-8"],"fileTypesAndContributionMap":{"java":{"insertions":2,"deletions":2}}}]},{"date":"2021-09-30","commitResults":[{"hash":"e95e990ae8059796dca1cb0bb9391f3dc1ad7cb2","messageTitle":"Add JavaDoc to all public classes","messageBody":"","fileTypesAndContributionMap":{"java":{"insertions":253,"deletions":140}}},{"hash":"e0a2c39cebefc0a4230d7a82a7ab25eac0cc0843","messageTitle":"Clean code","messageBody":"","fileTypesAndContributionMap":{"java":{"insertions":19,"deletions":13}}},{"hash":"882e91d9f9107f0dbf11a927c7ca0b94bcea7e27","messageTitle":"Update README.md","messageBody":"","tags":["A-UserGuide"],"fileTypesAndContributionMap":{"java":{"insertions":8,"deletions":11},"md":{"insertions":164,"deletions":16}}},{"hash":"f387f9c1ea431b1f2ee49c80f6593e13fb09557c","messageTitle":"Minor changes to README and update _config,yml to enable emojis","messageBody":"","fileTypesAndContributionMap":{"md":{"insertions":4,"deletions":3}}},{"hash":"3417ef215f26318984bab93ecd56c097b1b6e579","messageTitle":"Update README.md","messageBody":"","fileTypesAndContributionMap":{"md":{"insertions":1,"deletions":1}}},{"hash":"6fa7433ee1bc78340ff5af8ddb2584b5df614002","messageTitle":"Update README.md","messageBody":"","fileTypesAndContributionMap":{"md":{"insertions":1,"deletions":1}}},{"hash":"b9156147d268c57d157bc318aedbd0854e208feb","messageTitle":"Make UI methods static","messageBody":"","tags":["A-Release"],"fileTypesAndContributionMap":{"java":{"insertions":17,"deletions":15}}},{"hash":"8200ff697322fca0962c7558cbcaeac1174f6891","messageTitle":"Minor bug fixes","messageBody":"","fileTypesAndContributionMap":{"java":{"insertions":24,"deletions":5}}}]}]},"authorFileTypeContributionMap":{"tlyi":{"java":1503,"md":162,"fxml":0,"sh":2,"bat":2,"gradle":0,"txt":20}},"authorContributionVariance":{"tlyi":19741.057},"authorDisplayNameMap":{"tlyi":"CS2113T-F14-2 TAN ..E YI"}}
