[{"path":"src/main/java/Deadline.java","fileType":"java","lines":[{"lineNumber":1,"author":{"gitId":"MaifengNg"},"content":"public class Deadline extends Task{","lastModifiedDate":"2021-09-01"},{"lineNumber":2,"author":{"gitId":"MaifengNg"},"content":"    private String deadlineDate;","lastModifiedDate":"2021-09-01"},{"lineNumber":3,"author":{"gitId":"MaifengNg"},"content":"    public Deadline (String description, String deadlineDate) {","lastModifiedDate":"2021-09-01"},{"lineNumber":4,"author":{"gitId":"MaifengNg"},"content":"        super(description);","lastModifiedDate":"2021-09-01"},{"lineNumber":5,"author":{"gitId":"MaifengNg"},"content":"        this.deadlineDate \u003d deadlineDate;","lastModifiedDate":"2021-09-01"},{"lineNumber":6,"author":{"gitId":"MaifengNg"},"content":"    }","lastModifiedDate":"2021-09-17"},{"lineNumber":7,"author":{"gitId":"MaifengNg"},"content":"","lastModifiedDate":"2021-09-17"},{"lineNumber":8,"author":{"gitId":"MaifengNg"},"content":"    public String getDeadlineDate() {","lastModifiedDate":"2021-09-17"},{"lineNumber":9,"author":{"gitId":"MaifengNg"},"content":"        return this.deadlineDate;","lastModifiedDate":"2021-09-17"},{"lineNumber":10,"author":{"gitId":"MaifengNg"},"content":"    }","lastModifiedDate":"2021-09-01"},{"lineNumber":11,"author":{"gitId":"MaifengNg"},"content":"","lastModifiedDate":"2021-09-01"},{"lineNumber":12,"author":{"gitId":"MaifengNg"},"content":"    @Override","lastModifiedDate":"2021-09-01"},{"lineNumber":13,"author":{"gitId":"MaifengNg"},"content":"    public String toString() {","lastModifiedDate":"2021-09-01"},{"lineNumber":14,"author":{"gitId":"MaifengNg"},"content":"        String str \u003d \"[D]\" + super.toString() +","lastModifiedDate":"2021-09-01"},{"lineNumber":15,"author":{"gitId":"MaifengNg"},"content":"                \"(by:\" + this.deadlineDate + \")\";","lastModifiedDate":"2021-09-01"},{"lineNumber":16,"author":{"gitId":"MaifengNg"},"content":"        return str;","lastModifiedDate":"2021-09-01"},{"lineNumber":17,"author":{"gitId":"MaifengNg"},"content":"    }","lastModifiedDate":"2021-09-01"},{"lineNumber":18,"author":{"gitId":"MaifengNg"},"content":"}","lastModifiedDate":"2021-09-01"}],"authorContributionMap":{"MaifengNg":18}},{"path":"src/main/java/Duke.java","fileType":"java","lines":[{"lineNumber":1,"author":{"gitId":"MaifengNg"},"content":"import java.util.ArrayList;","lastModifiedDate":"2021-09-13"},{"lineNumber":2,"author":{"gitId":"MaifengNg"},"content":"import java.util.Scanner;","lastModifiedDate":"2021-08-20"},{"lineNumber":3,"author":{"gitId":"MaifengNg"},"content":"import java.util.regex.Matcher;","lastModifiedDate":"2021-09-01"},{"lineNumber":4,"author":{"gitId":"MaifengNg"},"content":"import java.util.regex.Pattern;","lastModifiedDate":"2021-09-01"},{"lineNumber":5,"author":{"gitId":"MaifengNg"},"content":"","lastModifiedDate":"2021-08-20"},{"lineNumber":6,"author":{"gitId":"-"},"content":"public class Duke {","lastModifiedDate":"2019-07-29"},{"lineNumber":7,"author":{"gitId":"MaifengNg"},"content":"    private final static String DONE_TASK_INDICATOR \u003d \"^done \\\\d+\";","lastModifiedDate":"2021-09-06"},{"lineNumber":8,"author":{"gitId":"MaifengNg"},"content":"    private final static String DELETE_TASK_INDICATOR \u003d \"^delete \\\\d+\";","lastModifiedDate":"2021-09-13"},{"lineNumber":9,"author":{"gitId":"MaifengNg"},"content":"","lastModifiedDate":"2021-09-13"},{"lineNumber":10,"author":{"gitId":"MaifengNg"},"content":"    private final static String BYE_INDICATOR \u003d \"bye\";","lastModifiedDate":"2021-09-06"},{"lineNumber":11,"author":{"gitId":"MaifengNg"},"content":"    private final static String LIST_INDICATOR \u003d \"list\";","lastModifiedDate":"2021-09-06"},{"lineNumber":12,"author":{"gitId":"MaifengNg"},"content":"","lastModifiedDate":"2021-09-06"},{"lineNumber":13,"author":{"gitId":"MaifengNg"},"content":"    private final static String TASK_TYPE_TODO \u003d \"todo\";","lastModifiedDate":"2021-09-06"},{"lineNumber":14,"author":{"gitId":"MaifengNg"},"content":"    private final static String TASK_TYPE_EVENT \u003d \"event\";","lastModifiedDate":"2021-09-06"},{"lineNumber":15,"author":{"gitId":"MaifengNg"},"content":"    private final static String TASK_TYPE_DEADLINE \u003d \"deadline\";","lastModifiedDate":"2021-09-06"},{"lineNumber":16,"author":{"gitId":"MaifengNg"},"content":"","lastModifiedDate":"2021-09-06"},{"lineNumber":17,"author":{"gitId":"MaifengNg"},"content":"    private final static String EVENT_DATE_INDICATOR \u003d \"/at\";","lastModifiedDate":"2021-09-06"},{"lineNumber":18,"author":{"gitId":"MaifengNg"},"content":"    private final static String DEADLINE_DATE_INDICATOR \u003d \"/by\";","lastModifiedDate":"2021-09-06"},{"lineNumber":19,"author":{"gitId":"MaifengNg"},"content":"","lastModifiedDate":"2021-09-06"},{"lineNumber":20,"author":{"gitId":"MaifengNg"},"content":"    // We split the input given by the user with a single white space","lastModifiedDate":"2021-09-06"},{"lineNumber":21,"author":{"gitId":"MaifengNg"},"content":"    private final static String USER_INPUT_SPLITTER \u003d \" \";","lastModifiedDate":"2021-09-06"},{"lineNumber":22,"author":{"gitId":"MaifengNg"},"content":"","lastModifiedDate":"2021-09-06"},{"lineNumber":23,"author":{"gitId":"MaifengNg"},"content":"    private static ArrayList\u003cTask\u003e taskArrayList;","lastModifiedDate":"2021-09-17"},{"lineNumber":24,"author":{"gitId":"MaifengNg"},"content":"    ","lastModifiedDate":"2021-09-13"},{"lineNumber":25,"author":{"gitId":"MaifengNg"},"content":"    private static void welcomeMessage() {","lastModifiedDate":"2021-09-01"},{"lineNumber":26,"author":{"gitId":"MaifengNg"},"content":"        String greetings \u003d \"Hello! I\u0027m Duke\\n\"","lastModifiedDate":"2021-08-15"},{"lineNumber":27,"author":{"gitId":"MaifengNg"},"content":"                + \"What can I do for you?\\n\";","lastModifiedDate":"2021-08-20"},{"lineNumber":28,"author":{"gitId":"MaifengNg"},"content":"        System.out.println(greetings);","lastModifiedDate":"2021-08-15"},{"lineNumber":29,"author":{"gitId":"MaifengNg"},"content":"    }","lastModifiedDate":"2021-09-01"},{"lineNumber":30,"author":{"gitId":"MaifengNg"},"content":"","lastModifiedDate":"2021-08-20"},{"lineNumber":31,"author":{"gitId":"MaifengNg"},"content":"    private static void goodbyeMessage() {","lastModifiedDate":"2021-09-01"},{"lineNumber":32,"author":{"gitId":"MaifengNg"},"content":"        String goodbyeMessage \u003d \"Bye. Hope to see you again soon!\";","lastModifiedDate":"2021-09-01"},{"lineNumber":33,"author":{"gitId":"MaifengNg"},"content":"        System.out.println(goodbyeMessage);","lastModifiedDate":"2021-09-01"},{"lineNumber":34,"author":{"gitId":"MaifengNg"},"content":"    }","lastModifiedDate":"2021-09-01"},{"lineNumber":35,"author":{"gitId":"MaifengNg"},"content":"","lastModifiedDate":"2021-08-20"},{"lineNumber":36,"author":{"gitId":"MaifengNg"},"content":"    private static void printNumberOfTask() {","lastModifiedDate":"2021-09-13"},{"lineNumber":37,"author":{"gitId":"MaifengNg"},"content":"        int numberOfTasks \u003d taskArrayList.size();","lastModifiedDate":"2021-09-13"},{"lineNumber":38,"author":{"gitId":"MaifengNg"},"content":"        String taskNoun;","lastModifiedDate":"2021-09-06"},{"lineNumber":39,"author":{"gitId":"MaifengNg"},"content":"        if (numberOfTasks \u003d\u003d 1 || numberOfTasks \u003d\u003d 0) {","lastModifiedDate":"2021-09-13"},{"lineNumber":40,"author":{"gitId":"MaifengNg"},"content":"            taskNoun \u003d \"task\";","lastModifiedDate":"2021-09-06"},{"lineNumber":41,"author":{"gitId":"MaifengNg"},"content":"        } else {","lastModifiedDate":"2021-09-06"},{"lineNumber":42,"author":{"gitId":"MaifengNg"},"content":"            taskNoun \u003d \"tasks\";","lastModifiedDate":"2021-09-06"},{"lineNumber":43,"author":{"gitId":"MaifengNg"},"content":"        }","lastModifiedDate":"2021-09-06"},{"lineNumber":44,"author":{"gitId":"MaifengNg"},"content":"        System.out.println(\"Now you have \" + numberOfTasks + \" \" +","lastModifiedDate":"2021-09-13"},{"lineNumber":45,"author":{"gitId":"MaifengNg"},"content":"                taskNoun +\" in the list.\\n\");","lastModifiedDate":"2021-09-06"},{"lineNumber":46,"author":{"gitId":"MaifengNg"},"content":"    }","lastModifiedDate":"2021-09-06"},{"lineNumber":47,"author":{"gitId":"MaifengNg"},"content":"","lastModifiedDate":"2021-09-06"},{"lineNumber":48,"author":{"gitId":"MaifengNg"},"content":"    public static String getTaskType(String userInput) throws InvalidTaskTypeException {","lastModifiedDate":"2021-09-06"},{"lineNumber":49,"author":{"gitId":"MaifengNg"},"content":"        String[] userInputSplitArray \u003d userInput.split(USER_INPUT_SPLITTER);","lastModifiedDate":"2021-09-06"},{"lineNumber":50,"author":{"gitId":"MaifengNg"},"content":"        String taskType \u003d userInputSplitArray[0];","lastModifiedDate":"2021-09-01"},{"lineNumber":51,"author":{"gitId":"MaifengNg"},"content":"        if (taskType.equals(\"todo\") || taskType.equals(\"deadline\") || taskType.equals(\"event\")) {","lastModifiedDate":"2021-09-06"},{"lineNumber":52,"author":{"gitId":"MaifengNg"},"content":"            return taskType;","lastModifiedDate":"2021-09-06"},{"lineNumber":53,"author":{"gitId":"MaifengNg"},"content":"        } else {","lastModifiedDate":"2021-09-06"},{"lineNumber":54,"author":{"gitId":"MaifengNg"},"content":"            throw new InvalidTaskTypeException();","lastModifiedDate":"2021-09-06"},{"lineNumber":55,"author":{"gitId":"MaifengNg"},"content":"        }","lastModifiedDate":"2021-09-06"},{"lineNumber":56,"author":{"gitId":"MaifengNg"},"content":"    }","lastModifiedDate":"2021-09-06"},{"lineNumber":57,"author":{"gitId":"MaifengNg"},"content":"","lastModifiedDate":"2021-08-21"},{"lineNumber":58,"author":{"gitId":"MaifengNg"},"content":"    public static String getTaskDescriptor(String userInput) throws EmptyDescriptionException {","lastModifiedDate":"2021-09-06"},{"lineNumber":59,"author":{"gitId":"MaifengNg"},"content":"        String[] userInputSplitArray \u003d userInput.split(USER_INPUT_SPLITTER);","lastModifiedDate":"2021-09-06"},{"lineNumber":60,"author":{"gitId":"MaifengNg"},"content":"        if (userInputSplitArray.length \u003c 2) {","lastModifiedDate":"2021-09-06"},{"lineNumber":61,"author":{"gitId":"MaifengNg"},"content":"            String taskType \u003d userInputSplitArray[0];","lastModifiedDate":"2021-09-06"},{"lineNumber":62,"author":{"gitId":"MaifengNg"},"content":"            throw new EmptyDescriptionException(taskType);","lastModifiedDate":"2021-09-06"},{"lineNumber":63,"author":{"gitId":"MaifengNg"},"content":"        } else {","lastModifiedDate":"2021-09-06"},{"lineNumber":64,"author":{"gitId":"MaifengNg"},"content":"            String taskDescription \u003d \"\";","lastModifiedDate":"2021-09-01"},{"lineNumber":65,"author":{"gitId":"MaifengNg"},"content":"            // We split the user input using white spaces,","lastModifiedDate":"2021-09-07"},{"lineNumber":66,"author":{"gitId":"MaifengNg"},"content":"            // we then combind the userInputArray back into one string","lastModifiedDate":"2021-09-07"},{"lineNumber":67,"author":{"gitId":"MaifengNg"},"content":"            // starting from index 1 to get the task description","lastModifiedDate":"2021-09-07"},{"lineNumber":68,"author":{"gitId":"MaifengNg"},"content":"            for (int i \u003d 1; i \u003c userInputSplitArray.length; i++) {","lastModifiedDate":"2021-09-01"},{"lineNumber":69,"author":{"gitId":"MaifengNg"},"content":"                taskDescription \u003d taskDescription + \" \" + userInputSplitArray[i];","lastModifiedDate":"2021-09-01"},{"lineNumber":70,"author":{"gitId":"MaifengNg"},"content":"            }","lastModifiedDate":"2021-09-01"},{"lineNumber":71,"author":{"gitId":"MaifengNg"},"content":"            taskDescription \u003d taskDescription.stripLeading();","lastModifiedDate":"2021-09-01"},{"lineNumber":72,"author":{"gitId":"MaifengNg"},"content":"            return taskDescription;","lastModifiedDate":"2021-09-06"},{"lineNumber":73,"author":{"gitId":"MaifengNg"},"content":"        }","lastModifiedDate":"2021-09-06"},{"lineNumber":74,"author":{"gitId":"MaifengNg"},"content":"    }","lastModifiedDate":"2021-09-06"},{"lineNumber":75,"author":{"gitId":"MaifengNg"},"content":"","lastModifiedDate":"2021-08-22"},{"lineNumber":76,"author":{"gitId":"MaifengNg"},"content":"    public static String getTaskFromTaskDescription(String taskDescription, String dateIndicator)","lastModifiedDate":"2021-09-06"},{"lineNumber":77,"author":{"gitId":"MaifengNg"},"content":"            throws InvalidDateIndicatorException {","lastModifiedDate":"2021-09-06"},{"lineNumber":78,"author":{"gitId":"MaifengNg"},"content":"        String[] taskDescriptionSplitByDate \u003d taskDescription.split(dateIndicator);","lastModifiedDate":"2021-09-06"},{"lineNumber":79,"author":{"gitId":"MaifengNg"},"content":"","lastModifiedDate":"2021-09-07"},{"lineNumber":80,"author":{"gitId":"MaifengNg"},"content":"        // If the taskDescriptionSplitByDate has length less than 2,","lastModifiedDate":"2021-09-07"},{"lineNumber":81,"author":{"gitId":"MaifengNg"},"content":"        // it means that the date indicator is not present.","lastModifiedDate":"2021-09-07"},{"lineNumber":82,"author":{"gitId":"MaifengNg"},"content":"        // We throw the InvalidDateIndicatorException in this case.","lastModifiedDate":"2021-09-07"},{"lineNumber":83,"author":{"gitId":"MaifengNg"},"content":"        if (taskDescriptionSplitByDate.length \u003c 2) {","lastModifiedDate":"2021-09-06"},{"lineNumber":84,"author":{"gitId":"MaifengNg"},"content":"            throw new InvalidDateIndicatorException();","lastModifiedDate":"2021-09-06"},{"lineNumber":85,"author":{"gitId":"MaifengNg"},"content":"        } else {","lastModifiedDate":"2021-09-06"},{"lineNumber":86,"author":{"gitId":"MaifengNg"},"content":"            String task \u003d taskDescriptionSplitByDate[0];","lastModifiedDate":"2021-09-06"},{"lineNumber":87,"author":{"gitId":"MaifengNg"},"content":"            return task;","lastModifiedDate":"2021-09-06"},{"lineNumber":88,"author":{"gitId":"MaifengNg"},"content":"        }","lastModifiedDate":"2021-09-06"},{"lineNumber":89,"author":{"gitId":"MaifengNg"},"content":"    }","lastModifiedDate":"2021-09-06"},{"lineNumber":90,"author":{"gitId":"MaifengNg"},"content":"","lastModifiedDate":"2021-09-06"},{"lineNumber":91,"author":{"gitId":"MaifengNg"},"content":"    public static String getDateFromTaskDescription(String taskDescription, String dateIndicator)","lastModifiedDate":"2021-09-06"},{"lineNumber":92,"author":{"gitId":"MaifengNg"},"content":"            throws InvalidDateIndicatorException {","lastModifiedDate":"2021-09-06"},{"lineNumber":93,"author":{"gitId":"MaifengNg"},"content":"        String[] taskDescriptionSplitByDate \u003d taskDescription.split(dateIndicator);","lastModifiedDate":"2021-09-06"},{"lineNumber":94,"author":{"gitId":"MaifengNg"},"content":"        if (taskDescriptionSplitByDate.length \u003c 2) {","lastModifiedDate":"2021-09-06"},{"lineNumber":95,"author":{"gitId":"MaifengNg"},"content":"            throw new InvalidDateIndicatorException();","lastModifiedDate":"2021-09-06"},{"lineNumber":96,"author":{"gitId":"MaifengNg"},"content":"        } else {","lastModifiedDate":"2021-09-06"},{"lineNumber":97,"author":{"gitId":"MaifengNg"},"content":"            String date \u003d taskDescriptionSplitByDate[1];","lastModifiedDate":"2021-09-06"},{"lineNumber":98,"author":{"gitId":"MaifengNg"},"content":"            return date;","lastModifiedDate":"2021-09-06"},{"lineNumber":99,"author":{"gitId":"MaifengNg"},"content":"        }","lastModifiedDate":"2021-09-06"},{"lineNumber":100,"author":{"gitId":"MaifengNg"},"content":"    }","lastModifiedDate":"2021-09-06"},{"lineNumber":101,"author":{"gitId":"MaifengNg"},"content":"","lastModifiedDate":"2021-09-06"},{"lineNumber":102,"author":{"gitId":"MaifengNg"},"content":"    public static void addTaskToTaskArray(String userInput, ArrayList\u003cTask\u003e taskArrayList)","lastModifiedDate":"2021-09-13"},{"lineNumber":103,"author":{"gitId":"MaifengNg"},"content":"            throws InvalidTaskTypeException, EmptyDescriptionException, InvalidDateIndicatorException {","lastModifiedDate":"2021-09-06"},{"lineNumber":104,"author":{"gitId":"MaifengNg"},"content":"        String taskType \u003d getTaskType(userInput);","lastModifiedDate":"2021-09-06"},{"lineNumber":105,"author":{"gitId":"MaifengNg"},"content":"        String taskDescription \u003d getTaskDescriptor(userInput);","lastModifiedDate":"2021-09-06"},{"lineNumber":106,"author":{"gitId":"MaifengNg"},"content":"","lastModifiedDate":"2021-09-06"},{"lineNumber":107,"author":{"gitId":"MaifengNg"},"content":"        switch (taskType) {","lastModifiedDate":"2021-09-06"},{"lineNumber":108,"author":{"gitId":"MaifengNg"},"content":"            case TASK_TYPE_TODO:","lastModifiedDate":"2021-09-06"},{"lineNumber":109,"author":{"gitId":"MaifengNg"},"content":"                Todo todo \u003d new Todo(taskDescription);","lastModifiedDate":"2021-09-01"},{"lineNumber":110,"author":{"gitId":"MaifengNg"},"content":"                taskArrayList.add(todo);","lastModifiedDate":"2021-09-13"},{"lineNumber":111,"author":{"gitId":"MaifengNg"},"content":"                todo.printAddTaskMessage();","lastModifiedDate":"2021-09-17"},{"lineNumber":112,"author":{"gitId":"MaifengNg"},"content":"                break;","lastModifiedDate":"2021-09-06"},{"lineNumber":113,"author":{"gitId":"MaifengNg"},"content":"            case TASK_TYPE_DEADLINE:","lastModifiedDate":"2021-09-06"},{"lineNumber":114,"author":{"gitId":"MaifengNg"},"content":"                String deadlineTask \u003d getTaskFromTaskDescription(taskDescription, DEADLINE_DATE_INDICATOR);","lastModifiedDate":"2021-09-06"},{"lineNumber":115,"author":{"gitId":"MaifengNg"},"content":"                String deadlineDate \u003d getDateFromTaskDescription(taskDescription, DEADLINE_DATE_INDICATOR);","lastModifiedDate":"2021-09-06"},{"lineNumber":116,"author":{"gitId":"MaifengNg"},"content":"                Deadline deadline \u003d new Deadline(deadlineTask, deadlineDate);","lastModifiedDate":"2021-09-01"},{"lineNumber":117,"author":{"gitId":"MaifengNg"},"content":"                taskArrayList.add(deadline);","lastModifiedDate":"2021-09-13"},{"lineNumber":118,"author":{"gitId":"MaifengNg"},"content":"                deadline.printAddTaskMessage();","lastModifiedDate":"2021-09-17"},{"lineNumber":119,"author":{"gitId":"MaifengNg"},"content":"                break;","lastModifiedDate":"2021-09-06"},{"lineNumber":120,"author":{"gitId":"MaifengNg"},"content":"            case TASK_TYPE_EVENT:","lastModifiedDate":"2021-09-06"},{"lineNumber":121,"author":{"gitId":"MaifengNg"},"content":"                String eventTask \u003d getTaskFromTaskDescription(taskDescription, EVENT_DATE_INDICATOR);","lastModifiedDate":"2021-09-06"},{"lineNumber":122,"author":{"gitId":"MaifengNg"},"content":"                String eventDate \u003d getDateFromTaskDescription(taskDescription, EVENT_DATE_INDICATOR);","lastModifiedDate":"2021-09-06"},{"lineNumber":123,"author":{"gitId":"MaifengNg"},"content":"                Event event \u003d new Event(eventTask, eventDate);","lastModifiedDate":"2021-09-01"},{"lineNumber":124,"author":{"gitId":"MaifengNg"},"content":"                taskArrayList.add(event);","lastModifiedDate":"2021-09-13"},{"lineNumber":125,"author":{"gitId":"MaifengNg"},"content":"                event.printAddTaskMessage();","lastModifiedDate":"2021-09-17"},{"lineNumber":126,"author":{"gitId":"MaifengNg"},"content":"                break;","lastModifiedDate":"2021-09-06"},{"lineNumber":127,"author":{"gitId":"MaifengNg"},"content":"        }","lastModifiedDate":"2021-09-01"},{"lineNumber":128,"author":{"gitId":"MaifengNg"},"content":"        printNumberOfTask();","lastModifiedDate":"2021-09-13"},{"lineNumber":129,"author":{"gitId":"MaifengNg"},"content":"    }","lastModifiedDate":"2021-09-01"},{"lineNumber":130,"author":{"gitId":"MaifengNg"},"content":"","lastModifiedDate":"2021-08-22"},{"lineNumber":131,"author":{"gitId":"MaifengNg"},"content":"    public static void markTaskAsDone(String userInput, ArrayList\u003cTask\u003e taskArrayList) {","lastModifiedDate":"2021-09-13"},{"lineNumber":132,"author":{"gitId":"MaifengNg"},"content":"        String[] userInputArray \u003d userInput.split(USER_INPUT_SPLITTER);","lastModifiedDate":"2021-09-06"},{"lineNumber":133,"author":{"gitId":"MaifengNg"},"content":"        int doneTaskNumber \u003d Integer.parseInt(userInputArray[1]);","lastModifiedDate":"2021-09-01"},{"lineNumber":134,"author":{"gitId":"MaifengNg"},"content":"","lastModifiedDate":"2021-09-13"},{"lineNumber":135,"author":{"gitId":"MaifengNg"},"content":"        // We take doneTaskNumber and subtract 1 from it","lastModifiedDate":"2021-09-13"},{"lineNumber":136,"author":{"gitId":"MaifengNg"},"content":"        // since ArrayList\u0027s index starts from 1","lastModifiedDate":"2021-09-13"},{"lineNumber":137,"author":{"gitId":"MaifengNg"},"content":"        doneTaskNumber \u003d doneTaskNumber - 1;","lastModifiedDate":"2021-09-13"},{"lineNumber":138,"author":{"gitId":"MaifengNg"},"content":"        Task taskDone \u003d taskArrayList.get(doneTaskNumber);","lastModifiedDate":"2021-09-13"},{"lineNumber":139,"author":{"gitId":"MaifengNg"},"content":"        taskDone.setTaskAsDone();","lastModifiedDate":"2021-09-01"},{"lineNumber":140,"author":{"gitId":"MaifengNg"},"content":"        taskDone.printMarkTaskAsDone();","lastModifiedDate":"2021-09-17"},{"lineNumber":141,"author":{"gitId":"MaifengNg"},"content":"    }","lastModifiedDate":"2021-09-01"},{"lineNumber":142,"author":{"gitId":"MaifengNg"},"content":"","lastModifiedDate":"2021-09-01"},{"lineNumber":143,"author":{"gitId":"MaifengNg"},"content":"    public static void getAllTask(ArrayList\u003cTask\u003e taskArrayList) {","lastModifiedDate":"2021-09-13"},{"lineNumber":144,"author":{"gitId":"MaifengNg"},"content":"        System.out.println(\"Here are the tasks in your list:\");","lastModifiedDate":"2021-09-01"},{"lineNumber":145,"author":{"gitId":"MaifengNg"},"content":"        int taskNumber;","lastModifiedDate":"2021-09-13"},{"lineNumber":146,"author":{"gitId":"MaifengNg"},"content":"        for (int i \u003d 0; i \u003c taskArrayList.size(); i ++) {","lastModifiedDate":"2021-09-13"},{"lineNumber":147,"author":{"gitId":"MaifengNg"},"content":"            Task currentTask \u003d taskArrayList.get(i);","lastModifiedDate":"2021-09-13"},{"lineNumber":148,"author":{"gitId":"MaifengNg"},"content":"            taskNumber \u003d i + 1;","lastModifiedDate":"2021-09-13"},{"lineNumber":149,"author":{"gitId":"MaifengNg"},"content":"            System.out.println(taskNumber + \".\" + currentTask.toString());","lastModifiedDate":"2021-09-13"},{"lineNumber":150,"author":{"gitId":"MaifengNg"},"content":"        }","lastModifiedDate":"2021-08-21"},{"lineNumber":151,"author":{"gitId":"MaifengNg"},"content":"        System.out.println();","lastModifiedDate":"2021-08-21"},{"lineNumber":152,"author":{"gitId":"MaifengNg"},"content":"    }","lastModifiedDate":"2021-09-01"},{"lineNumber":153,"author":{"gitId":"MaifengNg"},"content":"","lastModifiedDate":"2021-08-22"},{"lineNumber":154,"author":{"gitId":"MaifengNg"},"content":"    public static void deleteTaskMessage(Task taskToDelete) {","lastModifiedDate":"2021-09-13"},{"lineNumber":155,"author":{"gitId":"MaifengNg"},"content":"        System.out.println(\"Noted. I\u0027ve removed this task:\\n\" +","lastModifiedDate":"2021-09-13"},{"lineNumber":156,"author":{"gitId":"MaifengNg"},"content":"                \"  \" + taskToDelete.toString());","lastModifiedDate":"2021-09-13"},{"lineNumber":157,"author":{"gitId":"MaifengNg"},"content":"    }","lastModifiedDate":"2021-09-13"},{"lineNumber":158,"author":{"gitId":"MaifengNg"},"content":"","lastModifiedDate":"2021-09-13"},{"lineNumber":159,"author":{"gitId":"MaifengNg"},"content":"    public static void deleteTask(String userInput, ArrayList\u003cTask\u003e taskArrayList) {","lastModifiedDate":"2021-09-13"},{"lineNumber":160,"author":{"gitId":"MaifengNg"},"content":"        String[] userInputArray \u003d userInput.split(USER_INPUT_SPLITTER);","lastModifiedDate":"2021-09-13"},{"lineNumber":161,"author":{"gitId":"MaifengNg"},"content":"        int deleteTaskNumber \u003d Integer.parseInt(userInputArray[1]);","lastModifiedDate":"2021-09-13"},{"lineNumber":162,"author":{"gitId":"MaifengNg"},"content":"        int indexOfTaskToDelete \u003d deleteTaskNumber - 1;","lastModifiedDate":"2021-09-13"},{"lineNumber":163,"author":{"gitId":"MaifengNg"},"content":"","lastModifiedDate":"2021-09-13"},{"lineNumber":164,"author":{"gitId":"MaifengNg"},"content":"        Task taskToDelete \u003d taskArrayList.get(indexOfTaskToDelete);","lastModifiedDate":"2021-09-13"},{"lineNumber":165,"author":{"gitId":"MaifengNg"},"content":"        taskArrayList.remove(indexOfTaskToDelete);","lastModifiedDate":"2021-09-13"},{"lineNumber":166,"author":{"gitId":"MaifengNg"},"content":"        deleteTaskMessage(taskToDelete);","lastModifiedDate":"2021-09-13"},{"lineNumber":167,"author":{"gitId":"MaifengNg"},"content":"        printNumberOfTask();","lastModifiedDate":"2021-09-13"},{"lineNumber":168,"author":{"gitId":"MaifengNg"},"content":"    }","lastModifiedDate":"2021-09-13"},{"lineNumber":169,"author":{"gitId":"MaifengNg"},"content":"","lastModifiedDate":"2021-09-13"},{"lineNumber":170,"author":{"gitId":"MaifengNg"},"content":"    public static void printInvalidTaskNumberProvided() {","lastModifiedDate":"2021-09-13"},{"lineNumber":171,"author":{"gitId":"MaifengNg"},"content":"        System.out.println(\"Task number provided does not exist!\\n\");","lastModifiedDate":"2021-09-13"},{"lineNumber":172,"author":{"gitId":"MaifengNg"},"content":"    }","lastModifiedDate":"2021-09-13"},{"lineNumber":173,"author":{"gitId":"MaifengNg"},"content":"","lastModifiedDate":"2021-09-13"},{"lineNumber":174,"author":{"gitId":"-"},"content":"    public static void main(String[] args) {","lastModifiedDate":"2021-09-01"},{"lineNumber":175,"author":{"gitId":"MaifengNg"},"content":"        welcomeMessage();","lastModifiedDate":"2021-09-01"},{"lineNumber":176,"author":{"gitId":"MaifengNg"},"content":"        Scanner scanner \u003d new Scanner(System.in);","lastModifiedDate":"2021-09-01"},{"lineNumber":177,"author":{"gitId":"MaifengNg"},"content":"        Pattern doneTaskPattern \u003d Pattern.compile(DONE_TASK_INDICATOR);","lastModifiedDate":"2021-09-06"},{"lineNumber":178,"author":{"gitId":"MaifengNg"},"content":"        Pattern deleteTaskPattern \u003d Pattern.compile(DELETE_TASK_INDICATOR);","lastModifiedDate":"2021-09-13"},{"lineNumber":179,"author":{"gitId":"MaifengNg"},"content":"        DukeStorage dukeTextFile \u003d new DukeStorage();","lastModifiedDate":"2021-09-17"},{"lineNumber":180,"author":{"gitId":"MaifengNg"},"content":"        taskArrayList \u003d dukeTextFile.getTaskArrayList();","lastModifiedDate":"2021-09-17"},{"lineNumber":181,"author":{"gitId":"MaifengNg"},"content":"","lastModifiedDate":"2021-08-22"},{"lineNumber":182,"author":{"gitId":"MaifengNg"},"content":"        while (true) {","lastModifiedDate":"2021-09-01"},{"lineNumber":183,"author":{"gitId":"MaifengNg"},"content":"            String userInput \u003d scanner.nextLine();","lastModifiedDate":"2021-09-01"},{"lineNumber":184,"author":{"gitId":"MaifengNg"},"content":"            Matcher doneMatcher \u003d doneTaskPattern.matcher(userInput);","lastModifiedDate":"2021-09-13"},{"lineNumber":185,"author":{"gitId":"MaifengNg"},"content":"            boolean taskIsDone \u003d doneMatcher.find();","lastModifiedDate":"2021-09-13"},{"lineNumber":186,"author":{"gitId":"MaifengNg"},"content":"","lastModifiedDate":"2021-09-13"},{"lineNumber":187,"author":{"gitId":"MaifengNg"},"content":"            Matcher deleteMatcher \u003d deleteTaskPattern.matcher(userInput);","lastModifiedDate":"2021-09-13"},{"lineNumber":188,"author":{"gitId":"MaifengNg"},"content":"            boolean deleteTask \u003d deleteMatcher.find();","lastModifiedDate":"2021-09-13"},{"lineNumber":189,"author":{"gitId":"MaifengNg"},"content":"","lastModifiedDate":"2021-09-01"},{"lineNumber":190,"author":{"gitId":"MaifengNg"},"content":"            if (userInput.equals(BYE_INDICATOR)) {","lastModifiedDate":"2021-09-06"},{"lineNumber":191,"author":{"gitId":"MaifengNg"},"content":"                break;","lastModifiedDate":"2021-09-01"},{"lineNumber":192,"author":{"gitId":"MaifengNg"},"content":"            } else if (userInput.equals(LIST_INDICATOR)) {","lastModifiedDate":"2021-09-06"},{"lineNumber":193,"author":{"gitId":"MaifengNg"},"content":"                getAllTask(taskArrayList);","lastModifiedDate":"2021-09-13"},{"lineNumber":194,"author":{"gitId":"MaifengNg"},"content":"            } else if (taskIsDone) {","lastModifiedDate":"2021-09-06"},{"lineNumber":195,"author":{"gitId":"MaifengNg"},"content":"                try {","lastModifiedDate":"2021-09-13"},{"lineNumber":196,"author":{"gitId":"MaifengNg"},"content":"                    markTaskAsDone(userInput, taskArrayList);","lastModifiedDate":"2021-09-13"},{"lineNumber":197,"author":{"gitId":"MaifengNg"},"content":"                    dukeTextFile.saveToDukeTextFile(taskArrayList);","lastModifiedDate":"2021-09-17"},{"lineNumber":198,"author":{"gitId":"MaifengNg"},"content":"                } catch (IndexOutOfBoundsException e) {","lastModifiedDate":"2021-09-13"},{"lineNumber":199,"author":{"gitId":"MaifengNg"},"content":"                    printInvalidTaskNumberProvided();","lastModifiedDate":"2021-09-13"},{"lineNumber":200,"author":{"gitId":"MaifengNg"},"content":"                }","lastModifiedDate":"2021-09-13"},{"lineNumber":201,"author":{"gitId":"MaifengNg"},"content":"            } else if (deleteTask) {","lastModifiedDate":"2021-09-13"},{"lineNumber":202,"author":{"gitId":"MaifengNg"},"content":"                try {","lastModifiedDate":"2021-09-13"},{"lineNumber":203,"author":{"gitId":"MaifengNg"},"content":"                    deleteTask(userInput, taskArrayList);","lastModifiedDate":"2021-09-13"},{"lineNumber":204,"author":{"gitId":"MaifengNg"},"content":"                    dukeTextFile.saveToDukeTextFile(taskArrayList);","lastModifiedDate":"2021-09-17"},{"lineNumber":205,"author":{"gitId":"MaifengNg"},"content":"                } catch (IndexOutOfBoundsException e) {","lastModifiedDate":"2021-09-13"},{"lineNumber":206,"author":{"gitId":"MaifengNg"},"content":"                    printInvalidTaskNumberProvided();","lastModifiedDate":"2021-09-13"},{"lineNumber":207,"author":{"gitId":"MaifengNg"},"content":"                }","lastModifiedDate":"2021-09-13"},{"lineNumber":208,"author":{"gitId":"MaifengNg"},"content":"            } else {","lastModifiedDate":"2021-08-21"},{"lineNumber":209,"author":{"gitId":"MaifengNg"},"content":"                try {","lastModifiedDate":"2021-09-06"},{"lineNumber":210,"author":{"gitId":"MaifengNg"},"content":"                    addTaskToTaskArray(userInput, taskArrayList);","lastModifiedDate":"2021-09-13"},{"lineNumber":211,"author":{"gitId":"MaifengNg"},"content":"                    dukeTextFile.saveToDukeTextFile(taskArrayList);","lastModifiedDate":"2021-09-17"},{"lineNumber":212,"author":{"gitId":"MaifengNg"},"content":"                } catch (EmptyDescriptionException e) {","lastModifiedDate":"2021-09-06"},{"lineNumber":213,"author":{"gitId":"MaifengNg"},"content":"                    e.printExceptionMessage();","lastModifiedDate":"2021-09-06"},{"lineNumber":214,"author":{"gitId":"MaifengNg"},"content":"                } catch (InvalidTaskTypeException e) {","lastModifiedDate":"2021-09-06"},{"lineNumber":215,"author":{"gitId":"MaifengNg"},"content":"                    e.printExceptionMessage();","lastModifiedDate":"2021-09-06"},{"lineNumber":216,"author":{"gitId":"MaifengNg"},"content":"                } catch (InvalidDateIndicatorException e) {","lastModifiedDate":"2021-09-06"},{"lineNumber":217,"author":{"gitId":"MaifengNg"},"content":"                    e.printExceptionMessage();","lastModifiedDate":"2021-09-06"},{"lineNumber":218,"author":{"gitId":"MaifengNg"},"content":"                }","lastModifiedDate":"2021-09-06"},{"lineNumber":219,"author":{"gitId":"MaifengNg"},"content":"            }","lastModifiedDate":"2021-08-22"},{"lineNumber":220,"author":{"gitId":"MaifengNg"},"content":"        }","lastModifiedDate":"2021-08-20"},{"lineNumber":221,"author":{"gitId":"MaifengNg"},"content":"        goodbyeMessage();","lastModifiedDate":"2021-09-01"},{"lineNumber":222,"author":{"gitId":"-"},"content":"    }","lastModifiedDate":"2019-07-29"},{"lineNumber":223,"author":{"gitId":"-"},"content":"}","lastModifiedDate":"2019-07-29"}],"authorContributionMap":{"MaifengNg":219,"-":4}},{"path":"src/main/java/DukeStorage.java","fileType":"java","lines":[{"lineNumber":1,"author":{"gitId":"MaifengNg"},"content":"import java.io.File;","lastModifiedDate":"2021-09-17"},{"lineNumber":2,"author":{"gitId":"MaifengNg"},"content":"import java.io.FileWriter;","lastModifiedDate":"2021-09-17"},{"lineNumber":3,"author":{"gitId":"MaifengNg"},"content":"import java.io.IOException;","lastModifiedDate":"2021-09-17"},{"lineNumber":4,"author":{"gitId":"MaifengNg"},"content":"import java.util.ArrayList;","lastModifiedDate":"2021-09-17"},{"lineNumber":5,"author":{"gitId":"MaifengNg"},"content":"import java.util.Scanner;","lastModifiedDate":"2021-09-17"},{"lineNumber":6,"author":{"gitId":"MaifengNg"},"content":"import java.io.FileNotFoundException;","lastModifiedDate":"2021-09-17"},{"lineNumber":7,"author":{"gitId":"MaifengNg"},"content":"","lastModifiedDate":"2021-09-17"},{"lineNumber":8,"author":{"gitId":"MaifengNg"},"content":"public class DukeStorage {","lastModifiedDate":"2021-09-17"},{"lineNumber":9,"author":{"gitId":"MaifengNg"},"content":"    private static final String TASK_IS_EVENT \u003d \"E\";","lastModifiedDate":"2021-09-17"},{"lineNumber":10,"author":{"gitId":"MaifengNg"},"content":"    private static final String TASK_IS_TODO \u003d \"T\";","lastModifiedDate":"2021-09-17"},{"lineNumber":11,"author":{"gitId":"MaifengNg"},"content":"    private static final String TASK_IS_DEADLINE \u003d \"D\";","lastModifiedDate":"2021-09-17"},{"lineNumber":12,"author":{"gitId":"MaifengNg"},"content":"    private static final String TASK_COMPLETED_INT \u003d \"1\";","lastModifiedDate":"2021-09-17"},{"lineNumber":13,"author":{"gitId":"MaifengNg"},"content":"    private static final String TASK_NOT_COMPLETED_INT \u003d \"0\";","lastModifiedDate":"2021-09-17"},{"lineNumber":14,"author":{"gitId":"MaifengNg"},"content":"","lastModifiedDate":"2021-09-17"},{"lineNumber":15,"author":{"gitId":"MaifengNg"},"content":"    private ArrayList\u003cTask\u003e taskArrayList \u003d new ArrayList\u003cTask\u003e();","lastModifiedDate":"2021-09-17"},{"lineNumber":16,"author":{"gitId":"MaifengNg"},"content":"","lastModifiedDate":"2021-09-17"},{"lineNumber":17,"author":{"gitId":"MaifengNg"},"content":"    public DukeStorage() {","lastModifiedDate":"2021-09-17"},{"lineNumber":18,"author":{"gitId":"MaifengNg"},"content":"        updateTaskListOnStartUp();","lastModifiedDate":"2021-09-17"},{"lineNumber":19,"author":{"gitId":"MaifengNg"},"content":"    }","lastModifiedDate":"2021-09-17"},{"lineNumber":20,"author":{"gitId":"MaifengNg"},"content":"","lastModifiedDate":"2021-09-17"},{"lineNumber":21,"author":{"gitId":"MaifengNg"},"content":"    private void updateTaskListOnStartUp() {","lastModifiedDate":"2021-09-17"},{"lineNumber":22,"author":{"gitId":"MaifengNg"},"content":"        try {","lastModifiedDate":"2021-09-17"},{"lineNumber":23,"author":{"gitId":"MaifengNg"},"content":"            File dukeTextFile \u003d new File(\"../data/duke.txt\");","lastModifiedDate":"2021-09-17"},{"lineNumber":24,"author":{"gitId":"MaifengNg"},"content":"            Scanner dukeTextFileReader \u003d new Scanner(dukeTextFile);","lastModifiedDate":"2021-09-17"},{"lineNumber":25,"author":{"gitId":"MaifengNg"},"content":"            while (dukeTextFileReader.hasNextLine()) {","lastModifiedDate":"2021-09-17"},{"lineNumber":26,"author":{"gitId":"MaifengNg"},"content":"                String currentTaskString \u003d dukeTextFileReader.nextLine();","lastModifiedDate":"2021-09-17"},{"lineNumber":27,"author":{"gitId":"MaifengNg"},"content":"                Task currentTask \u003d getTaskFromDatabase(currentTaskString);","lastModifiedDate":"2021-09-17"},{"lineNumber":28,"author":{"gitId":"MaifengNg"},"content":"                this.taskArrayList.add(currentTask);","lastModifiedDate":"2021-09-17"},{"lineNumber":29,"author":{"gitId":"MaifengNg"},"content":"            }","lastModifiedDate":"2021-09-17"},{"lineNumber":30,"author":{"gitId":"MaifengNg"},"content":"            dukeTextFileReader.close();","lastModifiedDate":"2021-09-17"},{"lineNumber":31,"author":{"gitId":"MaifengNg"},"content":"        } catch (FileNotFoundException e) {","lastModifiedDate":"2021-09-17"},{"lineNumber":32,"author":{"gitId":"MaifengNg"},"content":"            System.out.println(\"Duke text file not found. Creating a new duke text file.\");","lastModifiedDate":"2021-09-17"},{"lineNumber":33,"author":{"gitId":"MaifengNg"},"content":"            createNewDataDirectory();","lastModifiedDate":"2021-09-17"},{"lineNumber":34,"author":{"gitId":"MaifengNg"},"content":"        }","lastModifiedDate":"2021-09-17"},{"lineNumber":35,"author":{"gitId":"MaifengNg"},"content":"    }","lastModifiedDate":"2021-09-17"},{"lineNumber":36,"author":{"gitId":"MaifengNg"},"content":"","lastModifiedDate":"2021-09-17"},{"lineNumber":37,"author":{"gitId":"MaifengNg"},"content":"    public ArrayList\u003cTask\u003e getTaskArrayList() {","lastModifiedDate":"2021-09-17"},{"lineNumber":38,"author":{"gitId":"MaifengNg"},"content":"        return this.taskArrayList;","lastModifiedDate":"2021-09-17"},{"lineNumber":39,"author":{"gitId":"MaifengNg"},"content":"    }","lastModifiedDate":"2021-09-17"},{"lineNumber":40,"author":{"gitId":"MaifengNg"},"content":"","lastModifiedDate":"2021-09-17"},{"lineNumber":41,"author":{"gitId":"MaifengNg"},"content":"    private Task getTaskFromDatabase(String taskString) {","lastModifiedDate":"2021-09-17"},{"lineNumber":42,"author":{"gitId":"MaifengNg"},"content":"        String[] currentTaskSplit \u003d taskString.split(\" [|] \");","lastModifiedDate":"2021-09-17"},{"lineNumber":43,"author":{"gitId":"MaifengNg"},"content":"        String taskIndicator \u003d currentTaskSplit[0];","lastModifiedDate":"2021-09-17"},{"lineNumber":44,"author":{"gitId":"MaifengNg"},"content":"        String taskIsCompleted \u003d currentTaskSplit[1];","lastModifiedDate":"2021-09-17"},{"lineNumber":45,"author":{"gitId":"MaifengNg"},"content":"        String taskDescription \u003d currentTaskSplit[2];","lastModifiedDate":"2021-09-17"},{"lineNumber":46,"author":{"gitId":"MaifengNg"},"content":"","lastModifiedDate":"2021-09-17"},{"lineNumber":47,"author":{"gitId":"MaifengNg"},"content":"        switch (taskIndicator) {","lastModifiedDate":"2021-09-17"},{"lineNumber":48,"author":{"gitId":"MaifengNg"},"content":"            case TASK_IS_TODO:","lastModifiedDate":"2021-09-17"},{"lineNumber":49,"author":{"gitId":"MaifengNg"},"content":"                Todo todoReturn \u003d new Todo(taskDescription);","lastModifiedDate":"2021-09-17"},{"lineNumber":50,"author":{"gitId":"MaifengNg"},"content":"                if (taskIsCompleted.equals(TASK_COMPLETED_INT)) {","lastModifiedDate":"2021-09-17"},{"lineNumber":51,"author":{"gitId":"MaifengNg"},"content":"                    todoReturn.setTaskAsDone();","lastModifiedDate":"2021-09-17"},{"lineNumber":52,"author":{"gitId":"MaifengNg"},"content":"                }","lastModifiedDate":"2021-09-17"},{"lineNumber":53,"author":{"gitId":"MaifengNg"},"content":"                return todoReturn;","lastModifiedDate":"2021-09-17"},{"lineNumber":54,"author":{"gitId":"MaifengNg"},"content":"            case TASK_IS_DEADLINE:","lastModifiedDate":"2021-09-17"},{"lineNumber":55,"author":{"gitId":"MaifengNg"},"content":"                String deadlineDate \u003d currentTaskSplit[3];","lastModifiedDate":"2021-09-17"},{"lineNumber":56,"author":{"gitId":"MaifengNg"},"content":"                Deadline deadlineReturn \u003d new Deadline(taskDescription, deadlineDate);","lastModifiedDate":"2021-09-17"},{"lineNumber":57,"author":{"gitId":"MaifengNg"},"content":"                if (taskIsCompleted.equals(TASK_COMPLETED_INT)) {","lastModifiedDate":"2021-09-17"},{"lineNumber":58,"author":{"gitId":"MaifengNg"},"content":"                    deadlineReturn.setTaskAsDone();","lastModifiedDate":"2021-09-17"},{"lineNumber":59,"author":{"gitId":"MaifengNg"},"content":"                }","lastModifiedDate":"2021-09-17"},{"lineNumber":60,"author":{"gitId":"MaifengNg"},"content":"                return deadlineReturn;","lastModifiedDate":"2021-09-17"},{"lineNumber":61,"author":{"gitId":"MaifengNg"},"content":"            case TASK_IS_EVENT:","lastModifiedDate":"2021-09-17"},{"lineNumber":62,"author":{"gitId":"MaifengNg"},"content":"                String eventDate \u003d currentTaskSplit[3];","lastModifiedDate":"2021-09-17"},{"lineNumber":63,"author":{"gitId":"MaifengNg"},"content":"                Event eventReturn \u003d new Event(taskDescription, eventDate);","lastModifiedDate":"2021-09-17"},{"lineNumber":64,"author":{"gitId":"MaifengNg"},"content":"                if (taskIsCompleted.equals(TASK_COMPLETED_INT)) {","lastModifiedDate":"2021-09-17"},{"lineNumber":65,"author":{"gitId":"MaifengNg"},"content":"                    eventReturn.setTaskAsDone();","lastModifiedDate":"2021-09-17"},{"lineNumber":66,"author":{"gitId":"MaifengNg"},"content":"                }","lastModifiedDate":"2021-09-17"},{"lineNumber":67,"author":{"gitId":"MaifengNg"},"content":"                return eventReturn;","lastModifiedDate":"2021-09-17"},{"lineNumber":68,"author":{"gitId":"MaifengNg"},"content":"        }","lastModifiedDate":"2021-09-17"},{"lineNumber":69,"author":{"gitId":"MaifengNg"},"content":"        return null;","lastModifiedDate":"2021-09-17"},{"lineNumber":70,"author":{"gitId":"MaifengNg"},"content":"    }","lastModifiedDate":"2021-09-17"},{"lineNumber":71,"author":{"gitId":"MaifengNg"},"content":"","lastModifiedDate":"2021-09-17"},{"lineNumber":72,"author":{"gitId":"MaifengNg"},"content":"    private void createNewDataDirectory() {","lastModifiedDate":"2021-09-17"},{"lineNumber":73,"author":{"gitId":"MaifengNg"},"content":"        new File(\"../data\").mkdirs();","lastModifiedDate":"2021-09-17"},{"lineNumber":74,"author":{"gitId":"MaifengNg"},"content":"        try {","lastModifiedDate":"2021-09-17"},{"lineNumber":75,"author":{"gitId":"MaifengNg"},"content":"            new FileWriter(\"../data/duke.txt\");","lastModifiedDate":"2021-09-17"},{"lineNumber":76,"author":{"gitId":"MaifengNg"},"content":"        } catch (IOException e) {","lastModifiedDate":"2021-09-17"},{"lineNumber":77,"author":{"gitId":"MaifengNg"},"content":"            System.out.println(\"Unable to create duke.txt file in data directory\");","lastModifiedDate":"2021-09-17"},{"lineNumber":78,"author":{"gitId":"MaifengNg"},"content":"        }","lastModifiedDate":"2021-09-17"},{"lineNumber":79,"author":{"gitId":"MaifengNg"},"content":"    }","lastModifiedDate":"2021-09-17"},{"lineNumber":80,"author":{"gitId":"MaifengNg"},"content":"","lastModifiedDate":"2021-09-17"},{"lineNumber":81,"author":{"gitId":"MaifengNg"},"content":"    private String getTaskCompletionInInt(Task task) {","lastModifiedDate":"2021-09-17"},{"lineNumber":82,"author":{"gitId":"MaifengNg"},"content":"        String taskCompletionInteger;","lastModifiedDate":"2021-09-17"},{"lineNumber":83,"author":{"gitId":"MaifengNg"},"content":"        if (task.isCompleted()) {","lastModifiedDate":"2021-09-17"},{"lineNumber":84,"author":{"gitId":"MaifengNg"},"content":"            taskCompletionInteger \u003d TASK_COMPLETED_INT;","lastModifiedDate":"2021-09-17"},{"lineNumber":85,"author":{"gitId":"MaifengNg"},"content":"        } else {","lastModifiedDate":"2021-09-17"},{"lineNumber":86,"author":{"gitId":"MaifengNg"},"content":"            taskCompletionInteger \u003d TASK_NOT_COMPLETED_INT;","lastModifiedDate":"2021-09-17"},{"lineNumber":87,"author":{"gitId":"MaifengNg"},"content":"        }","lastModifiedDate":"2021-09-17"},{"lineNumber":88,"author":{"gitId":"MaifengNg"},"content":"        return taskCompletionInteger;","lastModifiedDate":"2021-09-17"},{"lineNumber":89,"author":{"gitId":"MaifengNg"},"content":"    }","lastModifiedDate":"2021-09-17"},{"lineNumber":90,"author":{"gitId":"MaifengNg"},"content":"","lastModifiedDate":"2021-09-17"},{"lineNumber":91,"author":{"gitId":"MaifengNg"},"content":"    private String cleanTaskToSave(Task task) {","lastModifiedDate":"2021-09-17"},{"lineNumber":92,"author":{"gitId":"MaifengNg"},"content":"        String taskStringToSave \u003d \"\";","lastModifiedDate":"2021-09-17"},{"lineNumber":93,"author":{"gitId":"MaifengNg"},"content":"        if (task instanceof Todo) {","lastModifiedDate":"2021-09-17"},{"lineNumber":94,"author":{"gitId":"MaifengNg"},"content":"            Todo taskTodo \u003d (Todo) task;","lastModifiedDate":"2021-09-17"},{"lineNumber":95,"author":{"gitId":"MaifengNg"},"content":"            taskStringToSave \u003d TASK_IS_TODO + \" | \" +","lastModifiedDate":"2021-09-17"},{"lineNumber":96,"author":{"gitId":"MaifengNg"},"content":"                    getTaskCompletionInInt(taskTodo) + \" | \" +","lastModifiedDate":"2021-09-17"},{"lineNumber":97,"author":{"gitId":"MaifengNg"},"content":"                    taskTodo.getTaskDescription();","lastModifiedDate":"2021-09-17"},{"lineNumber":98,"author":{"gitId":"MaifengNg"},"content":"        } else if (task instanceof Event) {","lastModifiedDate":"2021-09-17"},{"lineNumber":99,"author":{"gitId":"MaifengNg"},"content":"            Event taskEvent \u003d (Event) task;","lastModifiedDate":"2021-09-17"},{"lineNumber":100,"author":{"gitId":"MaifengNg"},"content":"            taskStringToSave \u003d TASK_IS_EVENT + \" | \" +","lastModifiedDate":"2021-09-17"},{"lineNumber":101,"author":{"gitId":"MaifengNg"},"content":"                    getTaskCompletionInInt(task) + \" | \" +","lastModifiedDate":"2021-09-17"},{"lineNumber":102,"author":{"gitId":"MaifengNg"},"content":"                    taskEvent.getTaskDescription() + \" | \" +","lastModifiedDate":"2021-09-17"},{"lineNumber":103,"author":{"gitId":"MaifengNg"},"content":"                    taskEvent.getEventDate();","lastModifiedDate":"2021-09-17"},{"lineNumber":104,"author":{"gitId":"MaifengNg"},"content":"        } else if (task instanceof Deadline) {","lastModifiedDate":"2021-09-17"},{"lineNumber":105,"author":{"gitId":"MaifengNg"},"content":"            Deadline taskDeadline \u003d (Deadline) task;","lastModifiedDate":"2021-09-17"},{"lineNumber":106,"author":{"gitId":"MaifengNg"},"content":"            taskStringToSave \u003d TASK_IS_DEADLINE + \" | \" +","lastModifiedDate":"2021-09-17"},{"lineNumber":107,"author":{"gitId":"MaifengNg"},"content":"                    getTaskCompletionInInt(task) + \" | \" +","lastModifiedDate":"2021-09-17"},{"lineNumber":108,"author":{"gitId":"MaifengNg"},"content":"                    taskDeadline.getTaskDescription() + \" | \" +","lastModifiedDate":"2021-09-17"},{"lineNumber":109,"author":{"gitId":"MaifengNg"},"content":"                    taskDeadline.getDeadlineDate();","lastModifiedDate":"2021-09-17"},{"lineNumber":110,"author":{"gitId":"MaifengNg"},"content":"        }","lastModifiedDate":"2021-09-17"},{"lineNumber":111,"author":{"gitId":"MaifengNg"},"content":"        return taskStringToSave;","lastModifiedDate":"2021-09-17"},{"lineNumber":112,"author":{"gitId":"MaifengNg"},"content":"    }","lastModifiedDate":"2021-09-17"},{"lineNumber":113,"author":{"gitId":"MaifengNg"},"content":"","lastModifiedDate":"2021-09-17"},{"lineNumber":114,"author":{"gitId":"MaifengNg"},"content":"    public void saveToDukeTextFile(ArrayList\u003cTask\u003e taskArrayList) {","lastModifiedDate":"2021-09-17"},{"lineNumber":115,"author":{"gitId":"MaifengNg"},"content":"        try {","lastModifiedDate":"2021-09-17"},{"lineNumber":116,"author":{"gitId":"MaifengNg"},"content":"            FileWriter dukeTextFile \u003d new FileWriter(\"../data/duke.txt\");","lastModifiedDate":"2021-09-17"},{"lineNumber":117,"author":{"gitId":"MaifengNg"},"content":"            for (int i \u003d 0; i \u003c taskArrayList.size(); i++) {","lastModifiedDate":"2021-09-17"},{"lineNumber":118,"author":{"gitId":"MaifengNg"},"content":"                Task currentTask \u003d taskArrayList.get(i);","lastModifiedDate":"2021-09-17"},{"lineNumber":119,"author":{"gitId":"MaifengNg"},"content":"                String taskString \u003d cleanTaskToSave(currentTask);","lastModifiedDate":"2021-09-17"},{"lineNumber":120,"author":{"gitId":"MaifengNg"},"content":"                dukeTextFile.write(taskString);","lastModifiedDate":"2021-09-17"},{"lineNumber":121,"author":{"gitId":"MaifengNg"},"content":"                dukeTextFile.write(\"\\n\");","lastModifiedDate":"2021-09-17"},{"lineNumber":122,"author":{"gitId":"MaifengNg"},"content":"            }","lastModifiedDate":"2021-09-17"},{"lineNumber":123,"author":{"gitId":"MaifengNg"},"content":"            dukeTextFile.close();","lastModifiedDate":"2021-09-17"},{"lineNumber":124,"author":{"gitId":"MaifengNg"},"content":"        } catch (IOException e) {","lastModifiedDate":"2021-09-17"},{"lineNumber":125,"author":{"gitId":"MaifengNg"},"content":"            System.out.println(\"Error saving into the duke text file. \" +","lastModifiedDate":"2021-09-17"},{"lineNumber":126,"author":{"gitId":"MaifengNg"},"content":"                    \"Data directory not found. \\n\" +","lastModifiedDate":"2021-09-17"},{"lineNumber":127,"author":{"gitId":"MaifengNg"},"content":"                    \"Creating a new data directory.\");","lastModifiedDate":"2021-09-17"},{"lineNumber":128,"author":{"gitId":"MaifengNg"},"content":"            createNewDataDirectory();","lastModifiedDate":"2021-09-17"},{"lineNumber":129,"author":{"gitId":"MaifengNg"},"content":"            System.out.println(\"Done creating new data directory.\\n\");","lastModifiedDate":"2021-09-17"},{"lineNumber":130,"author":{"gitId":"MaifengNg"},"content":"            saveToDukeTextFile(taskArrayList);","lastModifiedDate":"2021-09-17"},{"lineNumber":131,"author":{"gitId":"MaifengNg"},"content":"        }","lastModifiedDate":"2021-09-17"},{"lineNumber":132,"author":{"gitId":"MaifengNg"},"content":"    }","lastModifiedDate":"2021-09-17"},{"lineNumber":133,"author":{"gitId":"MaifengNg"},"content":"}","lastModifiedDate":"2021-09-17"}],"authorContributionMap":{"MaifengNg":133}},{"path":"src/main/java/EmptyDescriptionException.java","fileType":"java","lines":[{"lineNumber":1,"author":{"gitId":"MaifengNg"},"content":"public class EmptyDescriptionException extends Exception {","lastModifiedDate":"2021-09-06"},{"lineNumber":2,"author":{"gitId":"MaifengNg"},"content":"    private String taskType;","lastModifiedDate":"2021-09-06"},{"lineNumber":3,"author":{"gitId":"MaifengNg"},"content":"    public EmptyDescriptionException(String taskType) {","lastModifiedDate":"2021-09-06"},{"lineNumber":4,"author":{"gitId":"MaifengNg"},"content":"        this.taskType \u003d taskType;","lastModifiedDate":"2021-09-06"},{"lineNumber":5,"author":{"gitId":"MaifengNg"},"content":"    }","lastModifiedDate":"2021-09-06"},{"lineNumber":6,"author":{"gitId":"MaifengNg"},"content":"","lastModifiedDate":"2021-09-06"},{"lineNumber":7,"author":{"gitId":"MaifengNg"},"content":"    public void printExceptionMessage() {","lastModifiedDate":"2021-09-06"},{"lineNumber":8,"author":{"gitId":"MaifengNg"},"content":"        System.out.println(\"OOPS!!! The description of a \" +","lastModifiedDate":"2021-09-06"},{"lineNumber":9,"author":{"gitId":"MaifengNg"},"content":"                this.taskType + \" cannot be empty.\\n\");","lastModifiedDate":"2021-09-06"},{"lineNumber":10,"author":{"gitId":"MaifengNg"},"content":"    }","lastModifiedDate":"2021-09-06"},{"lineNumber":11,"author":{"gitId":"MaifengNg"},"content":"}","lastModifiedDate":"2021-09-06"}],"authorContributionMap":{"MaifengNg":11}},{"path":"src/main/java/Event.java","fileType":"java","lines":[{"lineNumber":1,"author":{"gitId":"MaifengNg"},"content":"public class Event extends Task{","lastModifiedDate":"2021-09-01"},{"lineNumber":2,"author":{"gitId":"MaifengNg"},"content":"    private String eventDate;","lastModifiedDate":"2021-09-01"},{"lineNumber":3,"author":{"gitId":"MaifengNg"},"content":"","lastModifiedDate":"2021-09-17"},{"lineNumber":4,"author":{"gitId":"MaifengNg"},"content":"    public Event (String description, String eventDate) {","lastModifiedDate":"2021-09-01"},{"lineNumber":5,"author":{"gitId":"MaifengNg"},"content":"        super(description);","lastModifiedDate":"2021-09-01"},{"lineNumber":6,"author":{"gitId":"MaifengNg"},"content":"        this.eventDate \u003d eventDate;","lastModifiedDate":"2021-09-01"},{"lineNumber":7,"author":{"gitId":"MaifengNg"},"content":"    }","lastModifiedDate":"2021-09-17"},{"lineNumber":8,"author":{"gitId":"MaifengNg"},"content":"","lastModifiedDate":"2021-09-17"},{"lineNumber":9,"author":{"gitId":"MaifengNg"},"content":"    public String getEventDate() {","lastModifiedDate":"2021-09-17"},{"lineNumber":10,"author":{"gitId":"MaifengNg"},"content":"        return this.eventDate;","lastModifiedDate":"2021-09-17"},{"lineNumber":11,"author":{"gitId":"MaifengNg"},"content":"    }","lastModifiedDate":"2021-09-01"},{"lineNumber":12,"author":{"gitId":"MaifengNg"},"content":"","lastModifiedDate":"2021-09-01"},{"lineNumber":13,"author":{"gitId":"MaifengNg"},"content":"    @Override","lastModifiedDate":"2021-09-01"},{"lineNumber":14,"author":{"gitId":"MaifengNg"},"content":"    public String toString() {","lastModifiedDate":"2021-09-01"},{"lineNumber":15,"author":{"gitId":"MaifengNg"},"content":"        String str \u003d \"[E]\" + super.toString() +","lastModifiedDate":"2021-09-01"},{"lineNumber":16,"author":{"gitId":"MaifengNg"},"content":"                \"(at:\" + this.eventDate + \")\";","lastModifiedDate":"2021-09-01"},{"lineNumber":17,"author":{"gitId":"MaifengNg"},"content":"        return str;","lastModifiedDate":"2021-09-01"},{"lineNumber":18,"author":{"gitId":"MaifengNg"},"content":"    }","lastModifiedDate":"2021-09-01"},{"lineNumber":19,"author":{"gitId":"MaifengNg"},"content":"}","lastModifiedDate":"2021-09-01"}],"authorContributionMap":{"MaifengNg":19}},{"path":"src/main/java/InvalidDateIndicatorException.java","fileType":"java","lines":[{"lineNumber":1,"author":{"gitId":"MaifengNg"},"content":"public class InvalidDateIndicatorException extends Exception {","lastModifiedDate":"2021-09-06"},{"lineNumber":2,"author":{"gitId":"MaifengNg"},"content":"    public void printExceptionMessage() {","lastModifiedDate":"2021-09-06"},{"lineNumber":3,"author":{"gitId":"MaifengNg"},"content":"        System.out.println(\"Please enter the correct date format!\\n\");","lastModifiedDate":"2021-09-06"},{"lineNumber":4,"author":{"gitId":"MaifengNg"},"content":"    }","lastModifiedDate":"2021-09-06"},{"lineNumber":5,"author":{"gitId":"MaifengNg"},"content":"}","lastModifiedDate":"2021-09-06"}],"authorContributionMap":{"MaifengNg":5}},{"path":"src/main/java/InvalidTaskTypeException.java","fileType":"java","lines":[{"lineNumber":1,"author":{"gitId":"MaifengNg"},"content":"public class InvalidTaskTypeException extends Exception {","lastModifiedDate":"2021-09-06"},{"lineNumber":2,"author":{"gitId":"MaifengNg"},"content":"    public void printExceptionMessage() {","lastModifiedDate":"2021-09-06"},{"lineNumber":3,"author":{"gitId":"MaifengNg"},"content":"        System.out.println(\"OOPS!!! I\u0027m sorry, \" +","lastModifiedDate":"2021-09-06"},{"lineNumber":4,"author":{"gitId":"MaifengNg"},"content":"                \"but I don\u0027t know what that means :-(\\n\");","lastModifiedDate":"2021-09-06"},{"lineNumber":5,"author":{"gitId":"MaifengNg"},"content":"    }","lastModifiedDate":"2021-09-06"},{"lineNumber":6,"author":{"gitId":"MaifengNg"},"content":"}","lastModifiedDate":"2021-09-06"}],"authorContributionMap":{"MaifengNg":6}},{"path":"src/main/java/Task.java","fileType":"java","lines":[{"lineNumber":1,"author":{"gitId":"MaifengNg"},"content":"public class Task {","lastModifiedDate":"2021-08-22"},{"lineNumber":2,"author":{"gitId":"MaifengNg"},"content":"    private boolean isCompleted \u003d false;","lastModifiedDate":"2021-09-01"},{"lineNumber":3,"author":{"gitId":"MaifengNg"},"content":"    private String taskDescription;","lastModifiedDate":"2021-09-01"},{"lineNumber":4,"author":{"gitId":"MaifengNg"},"content":"","lastModifiedDate":"2021-08-22"},{"lineNumber":5,"author":{"gitId":"MaifengNg"},"content":"    public Task(String taskDescription) {","lastModifiedDate":"2021-09-01"},{"lineNumber":6,"author":{"gitId":"MaifengNg"},"content":"        this.taskDescription \u003d taskDescription;","lastModifiedDate":"2021-09-01"},{"lineNumber":7,"author":{"gitId":"MaifengNg"},"content":"    }","lastModifiedDate":"2021-09-01"},{"lineNumber":8,"author":{"gitId":"MaifengNg"},"content":"","lastModifiedDate":"2021-09-01"},{"lineNumber":9,"author":{"gitId":"MaifengNg"},"content":"    public void setTaskAsDone() {","lastModifiedDate":"2021-08-22"},{"lineNumber":10,"author":{"gitId":"MaifengNg"},"content":"        this.isCompleted \u003d true;","lastModifiedDate":"2021-09-01"},{"lineNumber":11,"author":{"gitId":"MaifengNg"},"content":"    }","lastModifiedDate":"2021-09-17"},{"lineNumber":12,"author":{"gitId":"MaifengNg"},"content":"","lastModifiedDate":"2021-09-17"},{"lineNumber":13,"author":{"gitId":"MaifengNg"},"content":"    public boolean isCompleted() {","lastModifiedDate":"2021-09-17"},{"lineNumber":14,"author":{"gitId":"MaifengNg"},"content":"        return this.isCompleted;","lastModifiedDate":"2021-09-17"},{"lineNumber":15,"author":{"gitId":"MaifengNg"},"content":"    }","lastModifiedDate":"2021-09-17"},{"lineNumber":16,"author":{"gitId":"MaifengNg"},"content":"","lastModifiedDate":"2021-09-17"},{"lineNumber":17,"author":{"gitId":"MaifengNg"},"content":"    public String getTaskDescription() {","lastModifiedDate":"2021-09-17"},{"lineNumber":18,"author":{"gitId":"MaifengNg"},"content":"        return this.taskDescription;","lastModifiedDate":"2021-09-17"},{"lineNumber":19,"author":{"gitId":"MaifengNg"},"content":"    }","lastModifiedDate":"2021-09-17"},{"lineNumber":20,"author":{"gitId":"MaifengNg"},"content":"","lastModifiedDate":"2021-09-17"},{"lineNumber":21,"author":{"gitId":"MaifengNg"},"content":"    public void printAddTaskMessage() {","lastModifiedDate":"2021-09-17"},{"lineNumber":22,"author":{"gitId":"MaifengNg"},"content":"        System.out.println(\"Got it. I\u0027ve added this task: \");","lastModifiedDate":"2021-09-17"},{"lineNumber":23,"author":{"gitId":"MaifengNg"},"content":"        System.out.println(\"  \" + this.toString());","lastModifiedDate":"2021-09-17"},{"lineNumber":24,"author":{"gitId":"MaifengNg"},"content":"    }","lastModifiedDate":"2021-09-17"},{"lineNumber":25,"author":{"gitId":"MaifengNg"},"content":"","lastModifiedDate":"2021-09-17"},{"lineNumber":26,"author":{"gitId":"MaifengNg"},"content":"    public void printMarkTaskAsDone() {","lastModifiedDate":"2021-09-17"},{"lineNumber":27,"author":{"gitId":"MaifengNg"},"content":"        System.out.println(\"Nice! I\u0027ve marked this task as done: \");","lastModifiedDate":"2021-09-01"},{"lineNumber":28,"author":{"gitId":"MaifengNg"},"content":"        System.out.println(\"  \" + this.toString());","lastModifiedDate":"2021-08-22"},{"lineNumber":29,"author":{"gitId":"MaifengNg"},"content":"    }","lastModifiedDate":"2021-08-22"},{"lineNumber":30,"author":{"gitId":"MaifengNg"},"content":"","lastModifiedDate":"2021-08-22"},{"lineNumber":31,"author":{"gitId":"MaifengNg"},"content":"    @Override","lastModifiedDate":"2021-08-22"},{"lineNumber":32,"author":{"gitId":"MaifengNg"},"content":"    public String toString() {","lastModifiedDate":"2021-08-22"},{"lineNumber":33,"author":{"gitId":"MaifengNg"},"content":"        String taskCompleted \u003d \"\";","lastModifiedDate":"2021-09-01"},{"lineNumber":34,"author":{"gitId":"MaifengNg"},"content":"        if (this.isCompleted) {","lastModifiedDate":"2021-09-01"},{"lineNumber":35,"author":{"gitId":"MaifengNg"},"content":"            taskCompleted \u003d \"X\";","lastModifiedDate":"2021-09-01"},{"lineNumber":36,"author":{"gitId":"MaifengNg"},"content":"        } else {","lastModifiedDate":"2021-09-01"},{"lineNumber":37,"author":{"gitId":"MaifengNg"},"content":"            taskCompleted \u003d \" \";","lastModifiedDate":"2021-09-01"},{"lineNumber":38,"author":{"gitId":"MaifengNg"},"content":"        }","lastModifiedDate":"2021-09-01"},{"lineNumber":39,"author":{"gitId":"MaifengNg"},"content":"        String string \u003d \"[\" + taskCompleted + \"] \" + this.taskDescription;","lastModifiedDate":"2021-09-01"},{"lineNumber":40,"author":{"gitId":"MaifengNg"},"content":"        return string;","lastModifiedDate":"2021-08-22"},{"lineNumber":41,"author":{"gitId":"MaifengNg"},"content":"    }","lastModifiedDate":"2021-08-22"},{"lineNumber":42,"author":{"gitId":"MaifengNg"},"content":"}","lastModifiedDate":"2021-08-22"}],"authorContributionMap":{"MaifengNg":42}},{"path":"src/main/java/Todo.java","fileType":"java","lines":[{"lineNumber":1,"author":{"gitId":"MaifengNg"},"content":"public class Todo extends Task{","lastModifiedDate":"2021-09-01"},{"lineNumber":2,"author":{"gitId":"MaifengNg"},"content":"","lastModifiedDate":"2021-09-01"},{"lineNumber":3,"author":{"gitId":"MaifengNg"},"content":"    public Todo (String description) {","lastModifiedDate":"2021-09-01"},{"lineNumber":4,"author":{"gitId":"MaifengNg"},"content":"        super(description);","lastModifiedDate":"2021-09-01"},{"lineNumber":5,"author":{"gitId":"MaifengNg"},"content":"    }","lastModifiedDate":"2021-09-01"},{"lineNumber":6,"author":{"gitId":"MaifengNg"},"content":"","lastModifiedDate":"2021-09-01"},{"lineNumber":7,"author":{"gitId":"MaifengNg"},"content":"    @Override","lastModifiedDate":"2021-09-01"},{"lineNumber":8,"author":{"gitId":"MaifengNg"},"content":"    public String toString() {","lastModifiedDate":"2021-09-01"},{"lineNumber":9,"author":{"gitId":"MaifengNg"},"content":"        String str \u003d \"[T]\" + super.toString();","lastModifiedDate":"2021-09-01"},{"lineNumber":10,"author":{"gitId":"MaifengNg"},"content":"        return str;","lastModifiedDate":"2021-09-01"},{"lineNumber":11,"author":{"gitId":"MaifengNg"},"content":"    }","lastModifiedDate":"2021-09-01"},{"lineNumber":12,"author":{"gitId":"MaifengNg"},"content":"}","lastModifiedDate":"2021-09-01"}],"authorContributionMap":{"MaifengNg":12}}]
