{"authorDailyContributionsMap":{"MaifengNg":[{"date":"2021-08-15","commitResults":[{"hash":"8556b919a9c15ee48ae2308f040c1d076d4f9dac","messageTitle":"Add greetings","messageBody":"","fileTypesAndContributionMap":{"java":{"insertions":5,"deletions":6}}}]},{"date":"2021-08-20","commitResults":[{"hash":"00f862b2cf9761b3cd724a8176aa5bd0b28eeb0b","messageTitle":"Add chatbot echos input by user until user says bye","messageBody":"","tags":["Level-1"],"fileTypesAndContributionMap":{"java":{"insertions":19,"deletions":3}}}]},{"date":"2021-08-21","commitResults":[{"hash":"a60b1322c218132627052ff93f5e828930ea375a","messageTitle":"Add storing text from user and displaying list","messageBody":"","tags":["Level-2"],"fileTypesAndContributionMap":{"java":{"insertions":20,"deletions":4}}}]},{"date":"2021-08-22","commitResults":[{"hash":"fcfc2bf0b65741a01ceaa777e2e6ccd169312bbd","messageTitle":"Add Task class and mark as done feature","messageBody":"","tags":["Level-3"],"fileTypesAndContributionMap":{"java":{"insertions":58,"deletions":15}}}]},{"date":"2021-08-25","commitResults":[{"hash":"158f2ad2f6ec06326a036e71b2e4a37dfea04514","messageTitle":"Update fixed virable name","messageBody":"","tags":["A-CodingStandard"],"fileTypesAndContributionMap":{"java":{"insertions":2,"deletions":2}}}]}]},"authorFileTypeContributionMap":{"MaifengNg":{"java":80,"md":0,"fxml":0,"sh":0,"bat":0,"gradle":0,"txt":0}},"authorContributionVariance":{"MaifengNg":28.903494},"authorDisplayNameMap":{"MaifengNg":"CS2113-T14-1 NG M..FENG"}}
