[{"path":"src/main/java/Deadline.java","fileType":"java","lines":[{"lineNumber":1,"author":{"gitId":"gavienwz"},"content":"public class Deadline extends Task{","lastModifiedDate":"2021-08-29"},{"lineNumber":2,"author":{"gitId":"gavienwz"},"content":"    protected String endDate;","lastModifiedDate":"2021-08-29"},{"lineNumber":3,"author":{"gitId":"gavienwz"},"content":"","lastModifiedDate":"2021-08-29"},{"lineNumber":4,"author":{"gitId":"gavienwz"},"content":"    public Deadline(String description, String endDate) {","lastModifiedDate":"2021-08-29"},{"lineNumber":5,"author":{"gitId":"gavienwz"},"content":"        super(description);","lastModifiedDate":"2021-08-29"},{"lineNumber":6,"author":{"gitId":"gavienwz"},"content":"        this.endDate \u003d endDate;","lastModifiedDate":"2021-08-29"},{"lineNumber":7,"author":{"gitId":"gavienwz"},"content":"    }","lastModifiedDate":"2021-08-29"},{"lineNumber":8,"author":{"gitId":"gavienwz"},"content":"","lastModifiedDate":"2021-08-29"},{"lineNumber":9,"author":{"gitId":"gavienwz"},"content":"    public String listTask() {","lastModifiedDate":"2021-08-29"},{"lineNumber":10,"author":{"gitId":"gavienwz"},"content":"        return \"[D]\" + super.listTask() + \" (by: \" + endDate + \")\";","lastModifiedDate":"2021-08-29"},{"lineNumber":11,"author":{"gitId":"gavienwz"},"content":"    }","lastModifiedDate":"2021-08-29"},{"lineNumber":12,"author":{"gitId":"gavienwz"},"content":"}","lastModifiedDate":"2021-08-29"}],"authorContributionMap":{"gavienwz":12}},{"path":"src/main/java/Duke.java","fileType":"java","lines":[{"lineNumber":1,"author":{"gitId":"gavienwz"},"content":"import java.util.Scanner;","lastModifiedDate":"2021-08-24"},{"lineNumber":2,"author":{"gitId":"gavienwz"},"content":"","lastModifiedDate":"2021-08-24"},{"lineNumber":3,"author":{"gitId":"-"},"content":"public class Duke {","lastModifiedDate":"2019-07-29"},{"lineNumber":4,"author":{"gitId":"-"},"content":"    public static void main(String[] args) {","lastModifiedDate":"2019-07-29"},{"lineNumber":5,"author":{"gitId":"gavienwz"},"content":"        UI.printWelcomeMessage();","lastModifiedDate":"2021-09-01"},{"lineNumber":6,"author":{"gitId":"gavienwz"},"content":"        TaskManager t1 \u003d new TaskManager();","lastModifiedDate":"2021-08-31"},{"lineNumber":7,"author":{"gitId":"gavienwz"},"content":"        String input;","lastModifiedDate":"2021-08-29"},{"lineNumber":8,"author":{"gitId":"gavienwz"},"content":"        String[] inputWords;","lastModifiedDate":"2021-08-31"},{"lineNumber":9,"author":{"gitId":"gavienwz"},"content":"        String command;","lastModifiedDate":"2021-08-24"},{"lineNumber":10,"author":{"gitId":"gavienwz"},"content":"        Scanner in \u003d new Scanner(System.in);","lastModifiedDate":"2021-08-24"},{"lineNumber":11,"author":{"gitId":"gavienwz"},"content":"        do {","lastModifiedDate":"2021-08-24"},{"lineNumber":12,"author":{"gitId":"gavienwz"},"content":"            input \u003d in.nextLine();","lastModifiedDate":"2021-08-29"},{"lineNumber":13,"author":{"gitId":"gavienwz"},"content":"            inputWords \u003d t1.decodeInput(input);","lastModifiedDate":"2021-08-31"},{"lineNumber":14,"author":{"gitId":"gavienwz"},"content":"            command \u003d inputWords[0];","lastModifiedDate":"2021-08-29"},{"lineNumber":15,"author":{"gitId":"gavienwz"},"content":"            switch (command) {","lastModifiedDate":"2021-08-29"},{"lineNumber":16,"author":{"gitId":"gavienwz"},"content":"            case \"todo\":","lastModifiedDate":"2021-08-29"},{"lineNumber":17,"author":{"gitId":"gavienwz"},"content":"            case \"deadline\":","lastModifiedDate":"2021-08-29"},{"lineNumber":18,"author":{"gitId":"gavienwz"},"content":"            case \"event\":","lastModifiedDate":"2021-08-29"},{"lineNumber":19,"author":{"gitId":"gavienwz"},"content":"                t1.addTask(input, inputWords, command);","lastModifiedDate":"2021-09-01"},{"lineNumber":20,"author":{"gitId":"gavienwz"},"content":"                break;","lastModifiedDate":"2021-09-01"},{"lineNumber":21,"author":{"gitId":"gavienwz"},"content":"            case \"done\":","lastModifiedDate":"2021-09-01"},{"lineNumber":22,"author":{"gitId":"gavienwz"},"content":"                t1.crossOff(inputWords);","lastModifiedDate":"2021-09-01"},{"lineNumber":23,"author":{"gitId":"gavienwz"},"content":"                break;","lastModifiedDate":"2021-08-29"},{"lineNumber":24,"author":{"gitId":"gavienwz"},"content":"            case \"list\":","lastModifiedDate":"2021-08-29"},{"lineNumber":25,"author":{"gitId":"gavienwz"},"content":"                t1.printList();","lastModifiedDate":"2021-08-31"},{"lineNumber":26,"author":{"gitId":"gavienwz"},"content":"                break;","lastModifiedDate":"2021-08-29"},{"lineNumber":27,"author":{"gitId":"gavienwz"},"content":"            default:","lastModifiedDate":"2021-08-29"},{"lineNumber":28,"author":{"gitId":"gavienwz"},"content":"                UI.printInvalidMessage();","lastModifiedDate":"2021-09-01"},{"lineNumber":29,"author":{"gitId":"gavienwz"},"content":"                break;","lastModifiedDate":"2021-08-29"},{"lineNumber":30,"author":{"gitId":"gavienwz"},"content":"            }","lastModifiedDate":"2021-08-24"},{"lineNumber":31,"author":{"gitId":"gavienwz"},"content":"        } while (!command.equals(\"bye\"));","lastModifiedDate":"2021-08-24"},{"lineNumber":32,"author":{"gitId":"gavienwz"},"content":"        UI.printEndMessage();","lastModifiedDate":"2021-09-01"},{"lineNumber":33,"author":{"gitId":"-"},"content":"    }","lastModifiedDate":"2019-07-29"},{"lineNumber":34,"author":{"gitId":"-"},"content":"}","lastModifiedDate":"2019-07-29"}],"authorContributionMap":{"gavienwz":30,"-":4}},{"path":"src/main/java/Event.java","fileType":"java","lines":[{"lineNumber":1,"author":{"gitId":"gavienwz"},"content":"public class Event extends Task{","lastModifiedDate":"2021-08-29"},{"lineNumber":2,"author":{"gitId":"gavienwz"},"content":"    protected String startEndTime;","lastModifiedDate":"2021-08-29"},{"lineNumber":3,"author":{"gitId":"gavienwz"},"content":"","lastModifiedDate":"2021-08-29"},{"lineNumber":4,"author":{"gitId":"gavienwz"},"content":"    public Event(String description, String startEndTime) {","lastModifiedDate":"2021-08-29"},{"lineNumber":5,"author":{"gitId":"gavienwz"},"content":"        super(description);","lastModifiedDate":"2021-08-29"},{"lineNumber":6,"author":{"gitId":"gavienwz"},"content":"        this.startEndTime \u003d startEndTime;","lastModifiedDate":"2021-08-29"},{"lineNumber":7,"author":{"gitId":"gavienwz"},"content":"    }","lastModifiedDate":"2021-08-29"},{"lineNumber":8,"author":{"gitId":"gavienwz"},"content":"","lastModifiedDate":"2021-08-29"},{"lineNumber":9,"author":{"gitId":"gavienwz"},"content":"    public String listTask() {","lastModifiedDate":"2021-08-29"},{"lineNumber":10,"author":{"gitId":"gavienwz"},"content":"        return \"[E]\" + super.listTask() + \" (at: \" + startEndTime + \")\";","lastModifiedDate":"2021-08-29"},{"lineNumber":11,"author":{"gitId":"gavienwz"},"content":"    }","lastModifiedDate":"2021-08-29"},{"lineNumber":12,"author":{"gitId":"gavienwz"},"content":"}","lastModifiedDate":"2021-08-29"}],"authorContributionMap":{"gavienwz":12}},{"path":"src/main/java/Task.java","fileType":"java","lines":[{"lineNumber":1,"author":{"gitId":"gavienwz"},"content":"public class Task {","lastModifiedDate":"2021-08-24"},{"lineNumber":2,"author":{"gitId":"gavienwz"},"content":"    protected String description;","lastModifiedDate":"2021-08-24"},{"lineNumber":3,"author":{"gitId":"gavienwz"},"content":"    protected boolean isDone;","lastModifiedDate":"2021-08-24"},{"lineNumber":4,"author":{"gitId":"gavienwz"},"content":"","lastModifiedDate":"2021-08-24"},{"lineNumber":5,"author":{"gitId":"gavienwz"},"content":"    public Task(String description) {","lastModifiedDate":"2021-08-24"},{"lineNumber":6,"author":{"gitId":"gavienwz"},"content":"        this.description \u003d description;","lastModifiedDate":"2021-08-24"},{"lineNumber":7,"author":{"gitId":"gavienwz"},"content":"        this.isDone \u003d false;","lastModifiedDate":"2021-08-24"},{"lineNumber":8,"author":{"gitId":"gavienwz"},"content":"    }","lastModifiedDate":"2021-08-24"},{"lineNumber":9,"author":{"gitId":"gavienwz"},"content":"","lastModifiedDate":"2021-08-24"},{"lineNumber":10,"author":{"gitId":"gavienwz"},"content":"    public void setDone() {","lastModifiedDate":"2021-08-24"},{"lineNumber":11,"author":{"gitId":"gavienwz"},"content":"        this.isDone \u003d true;","lastModifiedDate":"2021-08-24"},{"lineNumber":12,"author":{"gitId":"gavienwz"},"content":"    }","lastModifiedDate":"2021-08-24"},{"lineNumber":13,"author":{"gitId":"gavienwz"},"content":"","lastModifiedDate":"2021-08-24"},{"lineNumber":14,"author":{"gitId":"gavienwz"},"content":"    public String getStatusIcon() {","lastModifiedDate":"2021-08-24"},{"lineNumber":15,"author":{"gitId":"gavienwz"},"content":"        return (isDone ? \"X\" : \" \");","lastModifiedDate":"2021-08-29"},{"lineNumber":16,"author":{"gitId":"gavienwz"},"content":"    }","lastModifiedDate":"2021-08-29"},{"lineNumber":17,"author":{"gitId":"gavienwz"},"content":"","lastModifiedDate":"2021-08-29"},{"lineNumber":18,"author":{"gitId":"gavienwz"},"content":"    public String listTask() {","lastModifiedDate":"2021-08-29"},{"lineNumber":19,"author":{"gitId":"gavienwz"},"content":"        return \"[\" + getStatusIcon() + \"] \" + description;","lastModifiedDate":"2021-08-29"},{"lineNumber":20,"author":{"gitId":"gavienwz"},"content":"    }","lastModifiedDate":"2021-08-24"},{"lineNumber":21,"author":{"gitId":"gavienwz"},"content":"}","lastModifiedDate":"2021-08-24"}],"authorContributionMap":{"gavienwz":21}},{"path":"src/main/java/TaskManager.java","fileType":"java","lines":[{"lineNumber":1,"author":{"gitId":"gavienwz"},"content":"public class TaskManager {","lastModifiedDate":"2021-08-31"},{"lineNumber":2,"author":{"gitId":"gavienwz"},"content":"    private final Task[] tasks \u003d new Task[100];","lastModifiedDate":"2021-08-31"},{"lineNumber":3,"author":{"gitId":"gavienwz"},"content":"    private int taskCount \u003d 0;","lastModifiedDate":"2021-08-31"},{"lineNumber":4,"author":{"gitId":"gavienwz"},"content":"","lastModifiedDate":"2021-08-31"},{"lineNumber":5,"author":{"gitId":"gavienwz"},"content":"    public void printList() {","lastModifiedDate":"2021-08-31"},{"lineNumber":6,"author":{"gitId":"gavienwz"},"content":"        if (taskCount \u003d\u003d 0) {","lastModifiedDate":"2021-09-01"},{"lineNumber":7,"author":{"gitId":"gavienwz"},"content":"            UI.printEmptyListMessage();","lastModifiedDate":"2021-09-01"},{"lineNumber":8,"author":{"gitId":"gavienwz"},"content":"        } else {","lastModifiedDate":"2021-09-01"},{"lineNumber":9,"author":{"gitId":"gavienwz"},"content":"            UI.printList(tasks);","lastModifiedDate":"2021-09-01"},{"lineNumber":10,"author":{"gitId":"gavienwz"},"content":"        }","lastModifiedDate":"2021-08-31"},{"lineNumber":11,"author":{"gitId":"gavienwz"},"content":"    }","lastModifiedDate":"2021-08-31"},{"lineNumber":12,"author":{"gitId":"gavienwz"},"content":"","lastModifiedDate":"2021-08-31"},{"lineNumber":13,"author":{"gitId":"gavienwz"},"content":"    public String[] decodeInput(String input) {","lastModifiedDate":"2021-08-31"},{"lineNumber":14,"author":{"gitId":"gavienwz"},"content":"        return input.split(\" \");","lastModifiedDate":"2021-08-31"},{"lineNumber":15,"author":{"gitId":"gavienwz"},"content":"    }","lastModifiedDate":"2021-08-31"},{"lineNumber":16,"author":{"gitId":"gavienwz"},"content":"","lastModifiedDate":"2021-08-31"},{"lineNumber":17,"author":{"gitId":"gavienwz"},"content":"    public void crossOff(String[] inputWords) {","lastModifiedDate":"2021-08-31"},{"lineNumber":18,"author":{"gitId":"gavienwz"},"content":"        if (inputWords.length !\u003d 2) {","lastModifiedDate":"2021-08-31"},{"lineNumber":19,"author":{"gitId":"gavienwz"},"content":"            UI.printInvalidMessage();","lastModifiedDate":"2021-09-01"},{"lineNumber":20,"author":{"gitId":"gavienwz"},"content":"            return;","lastModifiedDate":"2021-08-31"},{"lineNumber":21,"author":{"gitId":"gavienwz"},"content":"        }","lastModifiedDate":"2021-08-31"},{"lineNumber":22,"author":{"gitId":"gavienwz"},"content":"        int taskIndex \u003d Integer.parseInt(inputWords[1]) - 1;","lastModifiedDate":"2021-08-31"},{"lineNumber":23,"author":{"gitId":"gavienwz"},"content":"        if (taskIndex \u003e\u003d taskCount) {","lastModifiedDate":"2021-08-31"},{"lineNumber":24,"author":{"gitId":"gavienwz"},"content":"            UI.printInvalidMessage();","lastModifiedDate":"2021-09-01"},{"lineNumber":25,"author":{"gitId":"gavienwz"},"content":"            return;","lastModifiedDate":"2021-08-31"},{"lineNumber":26,"author":{"gitId":"gavienwz"},"content":"        }","lastModifiedDate":"2021-08-31"},{"lineNumber":27,"author":{"gitId":"gavienwz"},"content":"        tasks[taskIndex].setDone();","lastModifiedDate":"2021-08-31"},{"lineNumber":28,"author":{"gitId":"gavienwz"},"content":"        UI.printDoneMessage(tasks[taskIndex]);","lastModifiedDate":"2021-09-01"},{"lineNumber":29,"author":{"gitId":"gavienwz"},"content":"    }","lastModifiedDate":"2021-08-31"},{"lineNumber":30,"author":{"gitId":"gavienwz"},"content":"","lastModifiedDate":"2021-08-31"},{"lineNumber":31,"author":{"gitId":"gavienwz"},"content":"    public void addTask(String input, String[] inputWords, String command) {","lastModifiedDate":"2021-09-01"},{"lineNumber":32,"author":{"gitId":"gavienwz"},"content":"        String description;","lastModifiedDate":"2021-08-31"},{"lineNumber":33,"author":{"gitId":"gavienwz"},"content":"        switch (command) {","lastModifiedDate":"2021-09-01"},{"lineNumber":34,"author":{"gitId":"gavienwz"},"content":"        case \"todo\":","lastModifiedDate":"2021-09-01"},{"lineNumber":35,"author":{"gitId":"gavienwz"},"content":"            if (inputWords.length \u003c\u003d 1) {","lastModifiedDate":"2021-08-31"},{"lineNumber":36,"author":{"gitId":"gavienwz"},"content":"                UI.printInvalidMessage();","lastModifiedDate":"2021-09-01"},{"lineNumber":37,"author":{"gitId":"gavienwz"},"content":"                return;","lastModifiedDate":"2021-08-31"},{"lineNumber":38,"author":{"gitId":"gavienwz"},"content":"            }","lastModifiedDate":"2021-08-31"},{"lineNumber":39,"author":{"gitId":"gavienwz"},"content":"            description \u003d input.substring(5);","lastModifiedDate":"2021-08-31"},{"lineNumber":40,"author":{"gitId":"gavienwz"},"content":"            tasks[taskCount] \u003d new ToDo(description);","lastModifiedDate":"2021-08-31"},{"lineNumber":41,"author":{"gitId":"gavienwz"},"content":"            break;","lastModifiedDate":"2021-09-01"},{"lineNumber":42,"author":{"gitId":"gavienwz"},"content":"        case \"deadline\":","lastModifiedDate":"2021-09-01"},{"lineNumber":43,"author":{"gitId":"gavienwz"},"content":"            if (!input.contains(\"/by\") || input.endsWith(\"/by\")) {","lastModifiedDate":"2021-08-31"},{"lineNumber":44,"author":{"gitId":"gavienwz"},"content":"                UI.printInvalidMessage();","lastModifiedDate":"2021-09-01"},{"lineNumber":45,"author":{"gitId":"gavienwz"},"content":"                return;","lastModifiedDate":"2021-08-31"},{"lineNumber":46,"author":{"gitId":"gavienwz"},"content":"            }","lastModifiedDate":"2021-08-31"},{"lineNumber":47,"author":{"gitId":"gavienwz"},"content":"            String endDate;","lastModifiedDate":"2021-08-31"},{"lineNumber":48,"author":{"gitId":"gavienwz"},"content":"            description \u003d input.substring(9, input.indexOf(\"/by\") - 1);","lastModifiedDate":"2021-08-31"},{"lineNumber":49,"author":{"gitId":"gavienwz"},"content":"            endDate \u003d input.substring(input.indexOf(\"/by\") + 4);","lastModifiedDate":"2021-08-31"},{"lineNumber":50,"author":{"gitId":"gavienwz"},"content":"            tasks[taskCount] \u003d new Deadline(description, endDate);","lastModifiedDate":"2021-08-31"},{"lineNumber":51,"author":{"gitId":"gavienwz"},"content":"            break;","lastModifiedDate":"2021-09-01"},{"lineNumber":52,"author":{"gitId":"gavienwz"},"content":"        case \"event\":","lastModifiedDate":"2021-09-01"},{"lineNumber":53,"author":{"gitId":"gavienwz"},"content":"            if (!input.contains(\"/at\") || input.endsWith(\"/at\")) {","lastModifiedDate":"2021-08-31"},{"lineNumber":54,"author":{"gitId":"gavienwz"},"content":"                UI.printInvalidMessage();","lastModifiedDate":"2021-09-01"},{"lineNumber":55,"author":{"gitId":"gavienwz"},"content":"                return;","lastModifiedDate":"2021-08-31"},{"lineNumber":56,"author":{"gitId":"gavienwz"},"content":"            }","lastModifiedDate":"2021-08-31"},{"lineNumber":57,"author":{"gitId":"gavienwz"},"content":"            String startEndTime;","lastModifiedDate":"2021-08-31"},{"lineNumber":58,"author":{"gitId":"gavienwz"},"content":"            description \u003d input.substring(6, input.indexOf(\"/at\") - 1);","lastModifiedDate":"2021-08-31"},{"lineNumber":59,"author":{"gitId":"gavienwz"},"content":"            startEndTime \u003d input.substring(input.indexOf(\"/at\") + 4);","lastModifiedDate":"2021-08-31"},{"lineNumber":60,"author":{"gitId":"gavienwz"},"content":"            tasks[taskCount] \u003d new Event(description, startEndTime);","lastModifiedDate":"2021-08-31"},{"lineNumber":61,"author":{"gitId":"gavienwz"},"content":"            break;","lastModifiedDate":"2021-09-01"},{"lineNumber":62,"author":{"gitId":"gavienwz"},"content":"        default:","lastModifiedDate":"2021-09-01"},{"lineNumber":63,"author":{"gitId":"gavienwz"},"content":"            break;","lastModifiedDate":"2021-09-01"},{"lineNumber":64,"author":{"gitId":"gavienwz"},"content":"        }","lastModifiedDate":"2021-09-01"},{"lineNumber":65,"author":{"gitId":"gavienwz"},"content":"        taskCount \u003d taskCount + 1;","lastModifiedDate":"2021-08-31"},{"lineNumber":66,"author":{"gitId":"gavienwz"},"content":"        UI.printAdditionMessage(tasks[taskCount - 1], taskCount);","lastModifiedDate":"2021-09-01"},{"lineNumber":67,"author":{"gitId":"gavienwz"},"content":"    }","lastModifiedDate":"2021-08-31"},{"lineNumber":68,"author":{"gitId":"gavienwz"},"content":"}","lastModifiedDate":"2021-08-31"}],"authorContributionMap":{"gavienwz":68}},{"path":"src/main/java/ToDo.java","fileType":"java","lines":[{"lineNumber":1,"author":{"gitId":"gavienwz"},"content":"public class ToDo extends Task{","lastModifiedDate":"2021-08-29"},{"lineNumber":2,"author":{"gitId":"gavienwz"},"content":"    public ToDo(String description) {","lastModifiedDate":"2021-08-29"},{"lineNumber":3,"author":{"gitId":"gavienwz"},"content":"        super(description);","lastModifiedDate":"2021-08-29"},{"lineNumber":4,"author":{"gitId":"gavienwz"},"content":"    }","lastModifiedDate":"2021-08-29"},{"lineNumber":5,"author":{"gitId":"gavienwz"},"content":"","lastModifiedDate":"2021-08-29"},{"lineNumber":6,"author":{"gitId":"gavienwz"},"content":"    public String listTask() {","lastModifiedDate":"2021-08-29"},{"lineNumber":7,"author":{"gitId":"gavienwz"},"content":"        return \"[T]\" + super.listTask();","lastModifiedDate":"2021-08-29"},{"lineNumber":8,"author":{"gitId":"gavienwz"},"content":"    }","lastModifiedDate":"2021-08-29"},{"lineNumber":9,"author":{"gitId":"gavienwz"},"content":"}","lastModifiedDate":"2021-08-29"}],"authorContributionMap":{"gavienwz":9}},{"path":"src/main/java/UI.java","fileType":"java","lines":[{"lineNumber":1,"author":{"gitId":"gavienwz"},"content":"public class UI{","lastModifiedDate":"2021-09-01"},{"lineNumber":2,"author":{"gitId":"gavienwz"},"content":"    private static final String bufferLine \u003d \"____________________________________________________________\\n\";","lastModifiedDate":"2021-09-01"},{"lineNumber":3,"author":{"gitId":"gavienwz"},"content":"    private static final String invalidInput \u003d bufferLine","lastModifiedDate":"2021-09-01"},{"lineNumber":4,"author":{"gitId":"gavienwz"},"content":"            + \" Oops! Looks like I can\u0027t read that yet! Please input a valid command.\\n\"","lastModifiedDate":"2021-09-01"},{"lineNumber":5,"author":{"gitId":"gavienwz"},"content":"            + bufferLine;","lastModifiedDate":"2021-09-01"},{"lineNumber":6,"author":{"gitId":"gavienwz"},"content":"","lastModifiedDate":"2021-09-01"},{"lineNumber":7,"author":{"gitId":"gavienwz"},"content":"    public static void printWelcomeMessage() {","lastModifiedDate":"2021-09-01"},{"lineNumber":8,"author":{"gitId":"gavienwz"},"content":"        System.out.println(bufferLine);","lastModifiedDate":"2021-09-01"},{"lineNumber":9,"author":{"gitId":"gavienwz"},"content":"        String logo \u003d \" ____        _        \\n\"","lastModifiedDate":"2021-09-01"},{"lineNumber":10,"author":{"gitId":"gavienwz"},"content":"                + \"|  _ \\\\ _   _| | _____ \\n\"","lastModifiedDate":"2021-09-01"},{"lineNumber":11,"author":{"gitId":"gavienwz"},"content":"                + \"| | | | | | | |/ / _ \\\\\\n\"","lastModifiedDate":"2021-09-01"},{"lineNumber":12,"author":{"gitId":"gavienwz"},"content":"                + \"| |_| | |_| |   \u003c  __/\\n\"","lastModifiedDate":"2021-09-01"},{"lineNumber":13,"author":{"gitId":"gavienwz"},"content":"                + \"|____/ \\\\__,_|_|\\\\_\\\\___|\\n\";","lastModifiedDate":"2021-09-01"},{"lineNumber":14,"author":{"gitId":"gavienwz"},"content":"        System.out.println(\"Hello from\\n\" + logo);","lastModifiedDate":"2021-09-01"},{"lineNumber":15,"author":{"gitId":"gavienwz"},"content":"        String greeting \u003d bufferLine","lastModifiedDate":"2021-09-01"},{"lineNumber":16,"author":{"gitId":"gavienwz"},"content":"                + \" Hello! I\u0027m Duke\\n\"","lastModifiedDate":"2021-09-01"},{"lineNumber":17,"author":{"gitId":"gavienwz"},"content":"                + \" What can I do for you?\\n\"","lastModifiedDate":"2021-09-01"},{"lineNumber":18,"author":{"gitId":"gavienwz"},"content":"                + bufferLine;","lastModifiedDate":"2021-09-01"},{"lineNumber":19,"author":{"gitId":"gavienwz"},"content":"        System.out.println(greeting);","lastModifiedDate":"2021-09-01"},{"lineNumber":20,"author":{"gitId":"gavienwz"},"content":"    }","lastModifiedDate":"2021-09-01"},{"lineNumber":21,"author":{"gitId":"gavienwz"},"content":"","lastModifiedDate":"2021-09-01"},{"lineNumber":22,"author":{"gitId":"gavienwz"},"content":"    public static void printEndMessage() {","lastModifiedDate":"2021-09-01"},{"lineNumber":23,"author":{"gitId":"gavienwz"},"content":"        String byeMessage \u003d bufferLine","lastModifiedDate":"2021-09-01"},{"lineNumber":24,"author":{"gitId":"gavienwz"},"content":"                + \" Bye. Hope to see you again soon!\\n\"","lastModifiedDate":"2021-09-01"},{"lineNumber":25,"author":{"gitId":"gavienwz"},"content":"                + bufferLine;","lastModifiedDate":"2021-09-01"},{"lineNumber":26,"author":{"gitId":"gavienwz"},"content":"        System.out.println(byeMessage);","lastModifiedDate":"2021-09-01"},{"lineNumber":27,"author":{"gitId":"gavienwz"},"content":"    }","lastModifiedDate":"2021-09-01"},{"lineNumber":28,"author":{"gitId":"gavienwz"},"content":"","lastModifiedDate":"2021-09-01"},{"lineNumber":29,"author":{"gitId":"gavienwz"},"content":"    public static void printInvalidMessage() {","lastModifiedDate":"2021-09-01"},{"lineNumber":30,"author":{"gitId":"gavienwz"},"content":"        System.out.println(invalidInput);","lastModifiedDate":"2021-09-01"},{"lineNumber":31,"author":{"gitId":"gavienwz"},"content":"    }","lastModifiedDate":"2021-09-01"},{"lineNumber":32,"author":{"gitId":"gavienwz"},"content":"","lastModifiedDate":"2021-09-01"},{"lineNumber":33,"author":{"gitId":"gavienwz"},"content":"    public static void printAdditionMessage(Task current, int taskCount) {","lastModifiedDate":"2021-09-01"},{"lineNumber":34,"author":{"gitId":"gavienwz"},"content":"        String addition \u003d bufferLine","lastModifiedDate":"2021-09-01"},{"lineNumber":35,"author":{"gitId":"gavienwz"},"content":"                + \" Gotcha! I\u0027ve added this task: \\n\"","lastModifiedDate":"2021-09-01"},{"lineNumber":36,"author":{"gitId":"gavienwz"},"content":"                + \"    \" + current.listTask() + \"\\n\"","lastModifiedDate":"2021-09-01"},{"lineNumber":37,"author":{"gitId":"gavienwz"},"content":"                + \" Now you have \" + taskCount + \" tasks in the list.\\n\"","lastModifiedDate":"2021-09-01"},{"lineNumber":38,"author":{"gitId":"gavienwz"},"content":"                + bufferLine;","lastModifiedDate":"2021-09-01"},{"lineNumber":39,"author":{"gitId":"gavienwz"},"content":"        System.out.println(addition);","lastModifiedDate":"2021-09-01"},{"lineNumber":40,"author":{"gitId":"gavienwz"},"content":"    }","lastModifiedDate":"2021-09-01"},{"lineNumber":41,"author":{"gitId":"gavienwz"},"content":"","lastModifiedDate":"2021-09-01"},{"lineNumber":42,"author":{"gitId":"gavienwz"},"content":"    public static void printDoneMessage(Task current) {","lastModifiedDate":"2021-09-01"},{"lineNumber":43,"author":{"gitId":"gavienwz"},"content":"        String doneMessage \u003d bufferLine","lastModifiedDate":"2021-09-01"},{"lineNumber":44,"author":{"gitId":"gavienwz"},"content":"                + \" Nice! I\u0027ve marked this task as done: \\n\"","lastModifiedDate":"2021-09-01"},{"lineNumber":45,"author":{"gitId":"gavienwz"},"content":"                + \"    \" + current.listTask() + \"\\n\"","lastModifiedDate":"2021-09-01"},{"lineNumber":46,"author":{"gitId":"gavienwz"},"content":"                + bufferLine;","lastModifiedDate":"2021-09-01"},{"lineNumber":47,"author":{"gitId":"gavienwz"},"content":"        System.out.println(doneMessage);","lastModifiedDate":"2021-09-01"},{"lineNumber":48,"author":{"gitId":"gavienwz"},"content":"    }","lastModifiedDate":"2021-09-01"},{"lineNumber":49,"author":{"gitId":"gavienwz"},"content":"","lastModifiedDate":"2021-09-01"},{"lineNumber":50,"author":{"gitId":"gavienwz"},"content":"    public static void printList(Task[] tasks) {","lastModifiedDate":"2021-09-01"},{"lineNumber":51,"author":{"gitId":"gavienwz"},"content":"        System.out.println(bufferLine);","lastModifiedDate":"2021-09-01"},{"lineNumber":52,"author":{"gitId":"gavienwz"},"content":"        System.out.println(\" Here are the tasks in your list:\");","lastModifiedDate":"2021-09-01"},{"lineNumber":53,"author":{"gitId":"gavienwz"},"content":"        int i \u003d 1;","lastModifiedDate":"2021-09-01"},{"lineNumber":54,"author":{"gitId":"gavienwz"},"content":"        for (Task task : tasks) {","lastModifiedDate":"2021-09-01"},{"lineNumber":55,"author":{"gitId":"gavienwz"},"content":"            if (task \u003d\u003d null) {","lastModifiedDate":"2021-09-01"},{"lineNumber":56,"author":{"gitId":"gavienwz"},"content":"                break;","lastModifiedDate":"2021-09-01"},{"lineNumber":57,"author":{"gitId":"gavienwz"},"content":"            }","lastModifiedDate":"2021-09-01"},{"lineNumber":58,"author":{"gitId":"gavienwz"},"content":"            System.out.println(\" \" + i + \". \" + task.listTask());","lastModifiedDate":"2021-09-01"},{"lineNumber":59,"author":{"gitId":"gavienwz"},"content":"            i \u003d i + 1;","lastModifiedDate":"2021-09-01"},{"lineNumber":60,"author":{"gitId":"gavienwz"},"content":"        }","lastModifiedDate":"2021-09-01"},{"lineNumber":61,"author":{"gitId":"gavienwz"},"content":"        System.out.println(bufferLine);","lastModifiedDate":"2021-09-01"},{"lineNumber":62,"author":{"gitId":"gavienwz"},"content":"    }","lastModifiedDate":"2021-09-01"},{"lineNumber":63,"author":{"gitId":"gavienwz"},"content":"","lastModifiedDate":"2021-09-01"},{"lineNumber":64,"author":{"gitId":"gavienwz"},"content":"    public static void printEmptyListMessage() {","lastModifiedDate":"2021-09-01"},{"lineNumber":65,"author":{"gitId":"gavienwz"},"content":"        String emptyListMessage \u003d bufferLine","lastModifiedDate":"2021-09-01"},{"lineNumber":66,"author":{"gitId":"gavienwz"},"content":"                + \"You have 0 tasks in your list!\\n\"","lastModifiedDate":"2021-09-01"},{"lineNumber":67,"author":{"gitId":"gavienwz"},"content":"                + bufferLine;","lastModifiedDate":"2021-09-01"},{"lineNumber":68,"author":{"gitId":"gavienwz"},"content":"        System.out.println(emptyListMessage);","lastModifiedDate":"2021-09-01"},{"lineNumber":69,"author":{"gitId":"gavienwz"},"content":"    }","lastModifiedDate":"2021-09-01"},{"lineNumber":70,"author":{"gitId":"gavienwz"},"content":"}","lastModifiedDate":"2021-09-01"}],"authorContributionMap":{"gavienwz":70}}]
