{"authorDailyContributionsMap":{"gavienwz":[{"date":"2021-08-20","commitResults":[{"hash":"4114ff4e2c8339e3621b42516debb0616f38582e","messageTitle":"Add Increment : Level-0 Greet","messageBody":"","tags":["Level-0"],"fileTypesAndContributionMap":{"java":{"insertions":7,"deletions":0}}}]},{"date":"2021-08-24","commitResults":[{"hash":"5a68149eeb84d7c21c567f675ad3f09319c0f816","messageTitle":"Add Level-1 Echo, Exit","messageBody":"Echo: Duke echoes any input given\nExit: Duke exits when input is \"bye\"\n","tags":["Level-1"],"fileTypesAndContributionMap":{"java":{"insertions":17,"deletions":2}}},{"hash":"9e66b8e1d415f9eb4a3b3cf80742d2867a7d0da0","messageTitle":"Add Level-2 Add, List, Task Class","messageBody":"Add: Inputs will add a Task to a fixed size array\nList: Lists Tasks in input order\nTask class: Contains string description of task\n","tags":["Level-2"],"fileTypesAndContributionMap":{"java":{"insertions":43,"deletions":9}}},{"hash":"ecdc1fbe5b42ec26eb40d487e1e58821af4154f6","messageTitle":"Add Level-3 Done Update Task class, List","messageBody":"Done: Mark tasks as done with input : \"done \u0027task number\u0027 \".\nTask class: Contains status of task (done/not done).\nList: Shows status of task.\n","tags":["Level-3"],"fileTypesAndContributionMap":{"java":{"insertions":40,"deletions":14}}},{"hash":"aafa0649115c28e7dc78c211cedfaee3bad07e1c","messageTitle":"Fix coding standard and tidying of code","messageBody":"","tags":["A-CodingStandard"],"fileTypesAndContributionMap":{"java":{"insertions":6,"deletions":15}}}]}]},"authorFileTypeContributionMap":{"gavienwz":{"java":73,"md":0,"fxml":0,"sh":0,"bat":0,"gradle":0,"txt":0}},"authorContributionVariance":{"gavienwz":95.76375},"authorDisplayNameMap":{"gavienwz":"GAVI..ZHUO"}}
