{"authorDailyContributionsMap":{"fansxx":[{"date":"2021-08-21","commitResults":[{"hash":"a29b0dbb71a5e7dc8af4e010acc5a59f6f002697","messageTitle":"Add greet user feature","messageBody":"","tags":["Level-0"],"fileTypesAndContributionMap":{"java":{"insertions":10,"deletions":1}}}]},{"date":"2021-08-23","commitResults":[{"hash":"78b989e0591eb573db77446a0b84eca725c2f32a","messageTitle":"Add echo function","messageBody":"","tags":["Level-1"],"fileTypesAndContributionMap":{"java":{"insertions":21,"deletions":4}}}]},{"date":"2021-08-24","commitResults":[{"hash":"ec8a039afa641ac022f0994308e41b9aa56e4b5c","messageTitle":"Add add and list features","messageBody":"","tags":["Level-2"],"fileTypesAndContributionMap":{"java":{"insertions":18,"deletions":4}}},{"hash":"6eb321c5f6c7e2fb42281d32dfdb50c83defaaf9","messageTitle":"Add mark as done feature","messageBody":"","tags":["Level-3"],"fileTypesAndContributionMap":{"java":{"insertions":48,"deletions":11}}}]},{"date":"2021-08-30","commitResults":[{"hash":"d5442d7d847f12cf5e49f25616c3e1b043c68654","messageTitle":"Edit to fit coding standard","messageBody":"","tags":["A-CodingStandard"],"fileTypesAndContributionMap":{"java":{"insertions":18,"deletions":18}}}]},{"date":"2021-08-31","commitResults":[{"hash":"f7c0f1fc076c37171ec44af49ac1f4b7646301cd","messageTitle":"Add different task types Add error catching","messageBody":"","fileTypesAndContributionMap":{"java":{"insertions":201,"deletions":33}}},{"hash":"e0510a9adf645696522299881cc8448b9f787b9d","messageTitle":"Use inheritance for task class","messageBody":"","tags":["Level-4","A-Inheritance"],"fileTypesAndContributionMap":{"java":{"insertions":48,"deletions":30}}}]},{"date":"2021-09-01","commitResults":[{"hash":"22580eaa1eec269aee0c714b3f86ef73e2d68c38","messageTitle":"Improve code quality","messageBody":"","tags":["A-CodeQuality"],"fileTypesAndContributionMap":{"java":{"insertions":41,"deletions":15}}}]},{"date":"2021-09-06","commitResults":[{"hash":"cd7ccbb3a23174790227a1dda8bbdcaf4596ed3c","messageTitle":"Improve code quality","messageBody":"","fileTypesAndContributionMap":{"java":{"insertions":60,"deletions":31}}},{"hash":"836da885609984e57e3e7a2ea3d01125318cc8c0","messageTitle":"Added exception handling Created duke package and duke.tasks package","messageBody":"","tags":["branch-A-Packages","A-Packages"],"fileTypesAndContributionMap":{"java":{"insertions":97,"deletions":77}}},{"hash":"76019354d4df0a63d3990ba4eb6e49c82bbc6f59","messageTitle":"Add more exceptions","messageBody":"","tags":["A-Exceptions"],"fileTypesAndContributionMap":{"txt":{"insertions":11,"deletions":0},"java":{"insertions":55,"deletions":16}}}]},{"date":"2021-09-07","commitResults":[{"hash":"3048b5b41f5eab5dd82c0d322168e37503297455","messageTitle":"Refactor code Fix bugs","messageBody":"","fileTypesAndContributionMap":{"java":{"insertions":32,"deletions":6}}},{"hash":"22ea91597ed3b765823c8466006e4b8dea9d07a6","messageTitle":"Change text UI testing input","messageBody":"","tags":["A-TextUiTesting"],"fileTypesAndContributionMap":{"txt":{"insertions":4,"deletions":1}}}]},{"date":"2021-09-13","commitResults":[{"hash":"124e8c29c93f4ac763295d8e4c7534dd971dc9c4","messageTitle":"Add delete function Edit the messages duke output","messageBody":"","tags":["A-Collections"],"fileTypesAndContributionMap":{"java":{"insertions":46,"deletions":22}}},{"hash":"881bcd88052920f4588869fdabfd407ffc3b6575","messageTitle":"Add exceptions for delete function","messageBody":"","tags":["Level-6"],"fileTypesAndContributionMap":{"java":{"insertions":9,"deletions":1}}}]},{"date":"2021-09-14","commitResults":[{"hash":"79c1a5196c0a0c311ecf5f4afff668cf11e9e1da","messageTitle":"Refactor code","messageBody":"","fileTypesAndContributionMap":{"java":{"insertions":14,"deletions":8}}}]},{"date":"2021-09-15","commitResults":[{"hash":"76f9b6090ec44630146161bf34f2feca690e4383","messageTitle":"Add save to file function Add retrieve file function","messageBody":"","fileTypesAndContributionMap":{"java":{"insertions":53,"deletions":16}}},{"hash":"bc65da6fefbdb1235f5d9cd94e6178e6de74e9ee","messageTitle":"Add FileManager class that I forgot to commit in branch-Level-7 Resolve bugs","messageBody":"","fileTypesAndContributionMap":{"java":{"insertions":178,"deletions":0}}},{"hash":"414cecd3eeaaac52c326af42adadb4215c4c5421","messageTitle":"Refactor code","messageBody":"","tags":["Level-7","A-Jar"],"fileTypesAndContributionMap":{"java":{"insertions":32,"deletions":38}}}]},{"date":"2021-09-22","commitResults":[{"hash":"442ce5c1d3ab7ab9a0b452fa632cb72922e12048","messageTitle":"Add isDate function in task classes","messageBody":"","fileTypesAndContributionMap":{"java":{"insertions":34,"deletions":2}}},{"hash":"1f38b5a6da72b2b87e93b86f95216f2fcc0c4ae5","messageTitle":"Add function to save date in task class constructor","messageBody":"","fileTypesAndContributionMap":{"java":{"insertions":14,"deletions":0}}},{"hash":"c26c15ee0638aa6f6086ca856276bffbb63d98c5","messageTitle":"Edit the trimming of time when data file is read","messageBody":"","fileTypesAndContributionMap":{"java":{"insertions":2,"deletions":2}}},{"hash":"1dceb00bf74b2056c4d6d75bc42f76d286a05d15","messageTitle":"Add findTask function to TaskManager class","messageBody":"","fileTypesAndContributionMap":{"java":{"insertions":8,"deletions":0}}},{"hash":"5b30fd83b179a28ecefcde1948c4ed48b961f81c","messageTitle":"Add find command for duke","messageBody":"","tags":["Level-9"],"fileTypesAndContributionMap":{"java":{"insertions":17,"deletions":0}}}]},{"date":"2021-09-23","commitResults":[{"hash":"7c7c62c4c5a8f2b885ba0c80ec2b0e4f186988b4","messageTitle":"Add function to read time and dateTime in event Change implementation of date and time functions","messageBody":"","fileTypesAndContributionMap":{"java":{"insertions":73,"deletions":5}}},{"hash":"9c9bf3b6fe22cf18c11768d40a8364335e9686ae","messageTitle":"Add function to read time and dateTime in deadline Change implementation of date and time functions","messageBody":"","fileTypesAndContributionMap":{"java":{"insertions":77,"deletions":5}}},{"hash":"379df16751223c21814bf7782de04efb12538afa","messageTitle":"Add trimming of input in addDeadline and addEvent functions","messageBody":"","fileTypesAndContributionMap":{"java":{"insertions":2,"deletions":5}}},{"hash":"b81424e5502ecbe5c93494720932dbd930b6f562","messageTitle":"Delete commented-out code","messageBody":"","tags":["Level-8"],"fileTypesAndContributionMap":{"java":{"insertions":0,"deletions":82}}},{"hash":"a7bb63df7229f9f9f3fe1e3bb4bc2ab7ab6c7c88","messageTitle":"Add JavaDoc comments to findTask function","messageBody":"","fileTypesAndContributionMap":{"java":{"insertions":6,"deletions":0}}}]},{"date":"2021-09-25","commitResults":[{"hash":"34ab9cae693b4039264d91fd5a769f157983b743","messageTitle":"Add exception catching for one exception case","messageBody":"","fileTypesAndContributionMap":{"java":{"insertions":4,"deletions":0}}},{"hash":"00ae404a5c68161f05039fc8edfcc3aa27298388","messageTitle":"Add JavaDoc comment for Duke class","messageBody":"","fileTypesAndContributionMap":{"java":{"insertions":5,"deletions":0}}},{"hash":"53017fd2f76e5b433842418f3e06fa4ebcc3a6b1","messageTitle":"Add JavaDoc comments for Deadline and Event classes","messageBody":"","fileTypesAndContributionMap":{"java":{"insertions":14,"deletions":0}}},{"hash":"43089b6f158fd92c97739412f42a76482ec89b53","messageTitle":"Add and edit JavaDoc comments for TaskManager class","messageBody":"","fileTypesAndContributionMap":{"java":{"insertions":7,"deletions":1}}},{"hash":"665abea78828543aef13da0a2d3ca3d61a2b969b","messageTitle":"Add Parser class","messageBody":"","fileTypesAndContributionMap":{"java":{"insertions":109,"deletions":0}}},{"hash":"47f5132e8e5f9943c59d25ee81cbc5614c414a92","messageTitle":"Refactor and delete code that is now in Parser class","messageBody":"","fileTypesAndContributionMap":{"java":{"insertions":19,"deletions":122}}},{"hash":"59af597249f6500bdaa2f70a51debe27be4819a2","messageTitle":"Add Ui class","messageBody":"","fileTypesAndContributionMap":{"java":{"insertions":84,"deletions":0}}},{"hash":"2460b91c7e5ce3623af27b809249a673aa90d8e5","messageTitle":"Refactor and delete code that is now in Ui class","messageBody":"","tags":["A-MoreOOP"],"fileTypesAndContributionMap":{"java":{"insertions":13,"deletions":48}}},{"hash":"557be6b777669967f18636bc926fea91cd95fa11","messageTitle":"Credit methods in Deadline and Event classes","messageBody":"","fileTypesAndContributionMap":{"java":{"insertions":8,"deletions":0}}}]},{"date":"2021-09-26","commitResults":[{"hash":"3170f6ff3a0a02237b09b86f343e21af95a7cfde","messageTitle":"Edit readme to show user guide","messageBody":"","fileTypesAndContributionMap":{"md":{"insertions":99,"deletions":14}}},{"hash":"b299bd2abeffe1204303fb2f31a180078fb313a2","messageTitle":"Update formatting of user guide","messageBody":"","tags":["A-UserGuide"],"fileTypesAndContributionMap":{"md":{"insertions":10,"deletions":2}}},{"hash":"f11fc388310c92dfed96d956b4d1d35be810a981","messageTitle":"Correct a mistake in user guide","messageBody":"","fileTypesAndContributionMap":{"md":{"insertions":1,"deletions":1}}},{"hash":"fd4547c77a5db63a6d72cd42ee1f379610d9a911","messageTitle":"Refactor code for handling commands in executeCommand method","messageBody":"","fileTypesAndContributionMap":{"java":{"insertions":77,"deletions":37}}},{"hash":"087a21de2053e37fecb2945f70bb0143a5289154","messageTitle":"Create new method to print farewell message","messageBody":"","fileTypesAndContributionMap":{"java":{"insertions":7,"deletions":3}}},{"hash":"cd95e2c17cf67b89d763f2e8f41a2b844668bc20","messageTitle":"Write JavaDoc comments for functions in Duke","messageBody":"","fileTypesAndContributionMap":{"java":{"insertions":44,"deletions":0}}},{"hash":"e00dfa0fde28c2eed9dde97e58b8ba6fdd4f40a3","messageTitle":"Write JavaDoc comments for functions in Ui class","messageBody":"","tags":["A-JavaDoc"],"fileTypesAndContributionMap":{"java":{"insertions":5,"deletions":1}}}]}]},"authorFileTypeContributionMap":{"fansxx":{"java":893,"md":100,"fxml":0,"sh":0,"bat":0,"gradle":0,"txt":14}},"authorContributionVariance":{"fansxx":2612.115},"authorDisplayNameMap":{"fansxx":"CS2113T-W13-4 FAN ..HIXI"}}
