{"authorDailyContributionsMap":{"yanjia1777":[{"date":"2021-08-23","commitResults":[{"hash":"3d353251aa86b83d89f169ff40f617f9fe81fee1","messageTitle":"test","messageBody":"","fileTypesAndContributionMap":{"txt":{"insertions":0,"deletions":0}}},{"hash":"cb1dce3a611223a5531ab4b56b2c3131302413b2","messageTitle":"test","messageBody":"","fileTypesAndContributionMap":{"txt":{"insertions":0,"deletions":0}}},{"hash":"327b2cff4bd6f1c329ec9ad0e5a040110e273ef4","messageTitle":"Level 0","messageBody":"","tags":["Level-2","Level-1"],"fileTypesAndContributionMap":{"java":{"insertions":3,"deletions":6}}},{"hash":"88fb6e8548a6968fb0a14d28c8c09694172af855","messageTitle":"Level 1","messageBody":"","tags":["Level-1"],"fileTypesAndContributionMap":{"java":{"insertions":10,"deletions":0}}}]},{"date":"2021-08-24","commitResults":[{"hash":"e3f4ef3805f777c5bafb6700d9c8bfbb18c6f892","messageTitle":"Level 1","messageBody":"","tags":["Level-2"],"fileTypesAndContributionMap":{"java":{"insertions":1,"deletions":0}}},{"hash":"4c1cbccbd36f872dd2b74f36f7b8ca4db5dd4798","messageTitle":"Level 2","messageBody":"","tags":["Level-3"],"fileTypesAndContributionMap":{"java":{"insertions":15,"deletions":1}}},{"hash":"32831d0a607b9776c0c38a97934d6fa24d8fc5ff","messageTitle":"Level 3","messageBody":"","tags":["A-CodingStandard"],"fileTypesAndContributionMap":{"java":{"insertions":54,"deletions":14}}},{"hash":"c9e1ccaa829d10b13d218a26c45f326f22c5b0ab","messageTitle":"Level 3","messageBody":"","fileTypesAndContributionMap":{"java":{"insertions":0,"deletions":1}}}]},{"date":"2021-08-25","commitResults":[{"hash":"06f91ccb13f4ea3ba5b1fbe282675d267aeb2b3e","messageTitle":"Level 3","messageBody":"","fileTypesAndContributionMap":{"java":{"insertions":0,"deletions":1}}}]}]},"authorFileTypeContributionMap":{"yanjia1777":{"java":66,"md":0,"fxml":0,"sh":0,"bat":0,"gradle":0,"txt":0}},"authorContributionVariance":{"yanjia1777":34.563293},"authorDisplayNameMap":{"yanjia1777":"CS2113T-W11-2 PENG..NJIA"}}
