{"authorDailyContributionsMap":{"Rakesh12000":[{"date":"2021-08-30","commitResults":[{"hash":"cc7f958542132be111d799fdc322e68be1261c2c","messageTitle":"Level 0. Greet","messageBody":"","tags":["Level-0"],"fileTypesAndContributionMap":{"java":{"insertions":3,"deletions":6}}},{"hash":"90cd506da6be3d2c5fb6bbbec613aa41da7bde32","messageTitle":"Level 1. Greet, Echo, Exit","messageBody":"","tags":["Level-1"],"fileTypesAndContributionMap":{"java":{"insertions":23,"deletions":1}}},{"hash":"33e3f95c36e3714b1991bb709cf4f4818c136bcf","messageTitle":"Level 2. Add, List","messageBody":"","tags":["Level-2"],"fileTypesAndContributionMap":{"java":{"insertions":28,"deletions":10}}}]}]},"authorFileTypeContributionMap":{"Rakesh12000":{"java":42,"md":0,"fxml":0,"sh":0,"bat":0,"gradle":0,"txt":0}},"authorContributionVariance":{"Rakesh12000":22.012678},"authorDisplayNameMap":{"Rakesh12000":"CS2113T-W11-4 RAVI..KESH"}}
