{"authorDailyContributionsMap":{"Rakesh12000":[{"date":"2021-08-30","commitResults":[{"hash":"cc7f958542132be111d799fdc322e68be1261c2c","messageTitle":"Level 0. Greet","messageBody":"","tags":["Level-0"],"fileTypesAndContributionMap":{"java":{"insertions":3,"deletions":6}}},{"hash":"90cd506da6be3d2c5fb6bbbec613aa41da7bde32","messageTitle":"Level 1. Greet, Echo, Exit","messageBody":"","tags":["Level-1"],"fileTypesAndContributionMap":{"java":{"insertions":23,"deletions":1}}},{"hash":"33e3f95c36e3714b1991bb709cf4f4818c136bcf","messageTitle":"Level 2. Add, List","messageBody":"","tags":["Level-2"],"fileTypesAndContributionMap":{"java":{"insertions":28,"deletions":10}}},{"hash":"5587c5f529328f173d1e80195074d4d7e5a3cd20","messageTitle":"Level 3. Mark As Done","messageBody":"","tags":["Level-3"],"fileTypesAndContributionMap":{"java":{"insertions":21,"deletions":4}}}]},{"date":"2021-08-31","commitResults":[{"hash":"35c951fe421dc33d819574bd1af9bc722c84c31f","messageTitle":"Level 4. ToDos, Events, Deadlines","messageBody":"","tags":["Level-4"],"fileTypesAndContributionMap":{"java":{"insertions":37,"deletions":15}}}]},{"date":"2021-09-02","commitResults":[{"hash":"224dca67ce5f58cb4d9a38b29c5a63d1c3a3192e","messageTitle":"changing Count to count and tidiying up Boolean Methods","messageBody":"","fileTypesAndContributionMap":{"java":{"insertions":15,"deletions":15}}}]},{"date":"2021-09-07","commitResults":[{"hash":"72535a14bfaa5b60b7c59f6f83074fcc0b4a708d","messageTitle":"DukeException","messageBody":"","tags":["Level-5"],"fileTypesAndContributionMap":{"java":{"insertions":97,"deletions":27}}}]},{"date":"2021-09-14","commitResults":[{"hash":"0a2574e52bca094c9d5e5333440ff7a048237813","messageTitle":"Array implemented","messageBody":"","fileTypesAndContributionMap":{"java":{"insertions":200,"deletions":8}}},{"hash":"1cfcfdd7d41634e303e0a178c929832a83ee9aca","messageTitle":"Delete implemented","messageBody":"","fileTypesAndContributionMap":{"java":{"insertions":44,"deletions":0}}},{"hash":"9d151232310ac1f94416a3649a2d83edff09943a","messageTitle":"Save implemented","messageBody":"","fileTypesAndContributionMap":{"txt":{"insertions":1,"deletions":0},"java":{"insertions":49,"deletions":0}}},{"hash":"8bf30e9be79708713a657e37fb8df3ae0ec6ca18","messageTitle":"JAR created","messageBody":"","fileTypesAndContributionMap":{"java":{"insertions":8,"deletions":1}}},{"hash":"82962083072963455c555670ee23643e7266c8b8","messageTitle":"Read Data Implemented","messageBody":"","fileTypesAndContributionMap":{"java":{"insertions":54,"deletions":9}}},{"hash":"45aaf793d5dc57b333c079756f5ddf6cbcc16e47","messageTitle":"Minor edits","messageBody":"","tags":["v1.0","Level-7"],"fileTypesAndContributionMap":{"java":{"insertions":6,"deletions":4}}}]},{"date":"2021-09-26","commitResults":[{"hash":"16f04bf19829056cabb4d7a19b4ac5a43577da9d","messageTitle":"A-MoreOOP","messageBody":"","tags":["A-MoreOOP"],"fileTypesAndContributionMap":{"java":{"insertions":338,"deletions":244}}}]},{"date":"2021-09-27","commitResults":[{"hash":"a2700851e613284454d4caf77ebd05fe0205897a","messageTitle":"Date and Time implemented","messageBody":"","tags":["Level-8"],"fileTypesAndContributionMap":{"java":{"insertions":121,"deletions":13}}},{"hash":"1660754ad1d56daf009fb295c088b38ad6c162ed","messageTitle":"Level 9 - find implemented","messageBody":"","tags":["Level-9"],"fileTypesAndContributionMap":{"java":{"insertions":61,"deletions":18}}}]}]},"authorFileTypeContributionMap":{"Rakesh12000":{"java":733,"md":0,"fxml":0,"sh":0,"bat":0,"gradle":0,"txt":1}},"authorContributionVariance":{"Rakesh12000":2153.036},"authorDisplayNameMap":{"Rakesh12000":"CS2113T-W11-4 RAVI..KESH"}}
