[{"path":"src/main/java/Duke.java","fileType":"java","lines":[{"lineNumber":1,"author":{"gitId":"Woolicious98"},"content":"import java.util.Scanner;","lastModifiedDate":"2021-08-22"},{"lineNumber":2,"author":{"gitId":"Woolicious98"},"content":"","lastModifiedDate":"2021-08-14"},{"lineNumber":3,"author":{"gitId":"-"},"content":"public class Duke {","lastModifiedDate":"2019-07-29"},{"lineNumber":4,"author":{"gitId":"Woolicious98"},"content":"","lastModifiedDate":"2021-08-22"},{"lineNumber":5,"author":{"gitId":"Woolicious98"},"content":"    /**","lastModifiedDate":"2021-08-25"},{"lineNumber":6,"author":{"gitId":"Woolicious98"},"content":"     * A string to append before and after a print message.","lastModifiedDate":"2021-08-25"},{"lineNumber":7,"author":{"gitId":"Woolicious98"},"content":"     */","lastModifiedDate":"2021-08-25"},{"lineNumber":8,"author":{"gitId":"Woolicious98"},"content":"    final static String LINE \u003d \"____________________________________________________________\";","lastModifiedDate":"2021-08-22"},{"lineNumber":9,"author":{"gitId":"Woolicious98"},"content":"","lastModifiedDate":"2021-08-22"},{"lineNumber":10,"author":{"gitId":"Woolicious98"},"content":"    /**","lastModifiedDate":"2021-08-25"},{"lineNumber":11,"author":{"gitId":"Woolicious98"},"content":"     * Main function to run the bot.","lastModifiedDate":"2021-08-25"},{"lineNumber":12,"author":{"gitId":"Woolicious98"},"content":"     *","lastModifiedDate":"2021-08-25"},{"lineNumber":13,"author":{"gitId":"Woolicious98"},"content":"     * @param args Arguments from console input","lastModifiedDate":"2021-08-25"},{"lineNumber":14,"author":{"gitId":"Woolicious98"},"content":"     */","lastModifiedDate":"2021-08-25"},{"lineNumber":15,"author":{"gitId":"-"},"content":"    public static void main(String[] args) {","lastModifiedDate":"2019-07-29"},{"lineNumber":16,"author":{"gitId":"Woolicious98"},"content":"        System.out.println(LINE);","lastModifiedDate":"2021-08-22"},{"lineNumber":17,"author":{"gitId":"Woolicious98"},"content":"        printWelcomeMesage();","lastModifiedDate":"2021-08-14"},{"lineNumber":18,"author":{"gitId":"Woolicious98"},"content":"        getMenu();","lastModifiedDate":"2021-08-22"},{"lineNumber":19,"author":{"gitId":"Woolicious98"},"content":"    }","lastModifiedDate":"2021-08-14"},{"lineNumber":20,"author":{"gitId":"Woolicious98"},"content":"","lastModifiedDate":"2021-08-22"},{"lineNumber":21,"author":{"gitId":"Woolicious98"},"content":"    /**","lastModifiedDate":"2021-08-25"},{"lineNumber":22,"author":{"gitId":"Woolicious98"},"content":"     * Prints the exit message when user quits the program.","lastModifiedDate":"2021-08-25"},{"lineNumber":23,"author":{"gitId":"Woolicious98"},"content":"     */","lastModifiedDate":"2021-08-25"},{"lineNumber":24,"author":{"gitId":"Woolicious98"},"content":"    public static void printExitMessage() {","lastModifiedDate":"2021-08-14"},{"lineNumber":25,"author":{"gitId":"Woolicious98"},"content":"        System.out.println(LINE);","lastModifiedDate":"2021-08-22"},{"lineNumber":26,"author":{"gitId":"Woolicious98"},"content":"        System.out.println(\"Bye. Hope to see you again soon!\");","lastModifiedDate":"2021-08-14"},{"lineNumber":27,"author":{"gitId":"Woolicious98"},"content":"        System.out.println(LINE);","lastModifiedDate":"2021-08-22"},{"lineNumber":28,"author":{"gitId":"Woolicious98"},"content":"    }","lastModifiedDate":"2021-08-14"},{"lineNumber":29,"author":{"gitId":"Woolicious98"},"content":"","lastModifiedDate":"2021-08-22"},{"lineNumber":30,"author":{"gitId":"Woolicious98"},"content":"    /**","lastModifiedDate":"2021-08-25"},{"lineNumber":31,"author":{"gitId":"Woolicious98"},"content":"     * Prints the welcome message when user first runs the program.","lastModifiedDate":"2021-08-25"},{"lineNumber":32,"author":{"gitId":"Woolicious98"},"content":"     */","lastModifiedDate":"2021-08-25"},{"lineNumber":33,"author":{"gitId":"Woolicious98"},"content":"    public static void printWelcomeMesage() {","lastModifiedDate":"2021-08-14"},{"lineNumber":34,"author":{"gitId":"Woolicious98"},"content":"        System.out.println(\"Hello! I\u0027m Duke\");","lastModifiedDate":"2021-08-14"},{"lineNumber":35,"author":{"gitId":"Woolicious98"},"content":"        System.out.println(\"What can I do for you?\");","lastModifiedDate":"2021-08-14"},{"lineNumber":36,"author":{"gitId":"Woolicious98"},"content":"        System.out.println(LINE);","lastModifiedDate":"2021-08-22"},{"lineNumber":37,"author":{"gitId":"Woolicious98"},"content":"    }","lastModifiedDate":"2021-08-14"},{"lineNumber":38,"author":{"gitId":"Woolicious98"},"content":"","lastModifiedDate":"2021-08-22"},{"lineNumber":39,"author":{"gitId":"Woolicious98"},"content":"    /**","lastModifiedDate":"2021-08-25"},{"lineNumber":40,"author":{"gitId":"Woolicious98"},"content":"     * Prints the logo of the bot.","lastModifiedDate":"2021-08-25"},{"lineNumber":41,"author":{"gitId":"Woolicious98"},"content":"     */","lastModifiedDate":"2021-08-25"},{"lineNumber":42,"author":{"gitId":"Woolicious98"},"content":"    public static void printLogoMessage() {","lastModifiedDate":"2021-08-14"},{"lineNumber":43,"author":{"gitId":"-"},"content":"        String logo \u003d \" ____        _        \\n\"","lastModifiedDate":"2019-07-29"},{"lineNumber":44,"author":{"gitId":"-"},"content":"                + \"|  _ \\\\ _   _| | _____ \\n\"","lastModifiedDate":"2019-07-29"},{"lineNumber":45,"author":{"gitId":"-"},"content":"                + \"| | | | | | | |/ / _ \\\\\\n\"","lastModifiedDate":"2019-07-29"},{"lineNumber":46,"author":{"gitId":"-"},"content":"                + \"| |_| | |_| |   \u003c  __/\\n\"","lastModifiedDate":"2019-07-29"},{"lineNumber":47,"author":{"gitId":"-"},"content":"                + \"|____/ \\\\__,_|_|\\\\_\\\\___|\\n\";","lastModifiedDate":"2019-07-29"},{"lineNumber":48,"author":{"gitId":"Woolicious98"},"content":"        System.out.println(LINE);","lastModifiedDate":"2021-08-22"},{"lineNumber":49,"author":{"gitId":"-"},"content":"    }","lastModifiedDate":"2019-07-29"},{"lineNumber":50,"author":{"gitId":"Woolicious98"},"content":"","lastModifiedDate":"2021-08-22"},{"lineNumber":51,"author":{"gitId":"Woolicious98"},"content":"    /**","lastModifiedDate":"2021-08-25"},{"lineNumber":52,"author":{"gitId":"Woolicious98"},"content":"     * A generic print method that appends a line before and after the message.","lastModifiedDate":"2021-08-25"},{"lineNumber":53,"author":{"gitId":"Woolicious98"},"content":"     *","lastModifiedDate":"2021-08-25"},{"lineNumber":54,"author":{"gitId":"Woolicious98"},"content":"     * @param message Message to be printed out.","lastModifiedDate":"2021-08-25"},{"lineNumber":55,"author":{"gitId":"Woolicious98"},"content":"     */","lastModifiedDate":"2021-08-25"},{"lineNumber":56,"author":{"gitId":"Woolicious98"},"content":"    public static void printMessage(String message) {","lastModifiedDate":"2021-08-22"},{"lineNumber":57,"author":{"gitId":"Woolicious98"},"content":"        System.out.println(LINE);","lastModifiedDate":"2021-08-22"},{"lineNumber":58,"author":{"gitId":"Woolicious98"},"content":"        System.out.println(message);","lastModifiedDate":"2021-08-22"},{"lineNumber":59,"author":{"gitId":"Woolicious98"},"content":"        System.out.println(LINE);","lastModifiedDate":"2021-08-22"},{"lineNumber":60,"author":{"gitId":"Woolicious98"},"content":"    }","lastModifiedDate":"2021-08-22"},{"lineNumber":61,"author":{"gitId":"Woolicious98"},"content":"","lastModifiedDate":"2021-08-22"},{"lineNumber":62,"author":{"gitId":"Woolicious98"},"content":"    /**","lastModifiedDate":"2021-08-25"},{"lineNumber":63,"author":{"gitId":"Woolicious98"},"content":"     * Prints the status of all tasks in a given tasks array.","lastModifiedDate":"2021-08-25"},{"lineNumber":64,"author":{"gitId":"Woolicious98"},"content":"     *","lastModifiedDate":"2021-08-25"},{"lineNumber":65,"author":{"gitId":"Woolicious98"},"content":"     * @param tasksList Array of task objects.","lastModifiedDate":"2021-08-25"},{"lineNumber":66,"author":{"gitId":"Woolicious98"},"content":"     */","lastModifiedDate":"2021-08-25"},{"lineNumber":67,"author":{"gitId":"Woolicious98"},"content":"    public static void printTasksList(Task[] tasksList) {","lastModifiedDate":"2021-08-22"},{"lineNumber":68,"author":{"gitId":"Woolicious98"},"content":"        if (tasksList \u003d\u003d null) {","lastModifiedDate":"2021-08-22"},{"lineNumber":69,"author":{"gitId":"Woolicious98"},"content":"            System.out.println(\"There is currently 0 tasks in your list.\");","lastModifiedDate":"2021-08-22"},{"lineNumber":70,"author":{"gitId":"Woolicious98"},"content":"            return;","lastModifiedDate":"2021-08-22"},{"lineNumber":71,"author":{"gitId":"Woolicious98"},"content":"        }","lastModifiedDate":"2021-08-22"},{"lineNumber":72,"author":{"gitId":"Woolicious98"},"content":"        int i \u003d 1;","lastModifiedDate":"2021-08-22"},{"lineNumber":73,"author":{"gitId":"Woolicious98"},"content":"        System.out.println(\"Here are the tasks in your list:\");","lastModifiedDate":"2021-08-22"},{"lineNumber":74,"author":{"gitId":"Woolicious98"},"content":"        for (Task task : tasksList) {","lastModifiedDate":"2021-08-22"},{"lineNumber":75,"author":{"gitId":"Woolicious98"},"content":"            System.out.printf(\"%d. \", i);","lastModifiedDate":"2021-08-22"},{"lineNumber":76,"author":{"gitId":"Woolicious98"},"content":"            task.printStatus();","lastModifiedDate":"2021-08-22"},{"lineNumber":77,"author":{"gitId":"Woolicious98"},"content":"            i++;","lastModifiedDate":"2021-08-22"},{"lineNumber":78,"author":{"gitId":"Woolicious98"},"content":"        }","lastModifiedDate":"2021-08-22"},{"lineNumber":79,"author":{"gitId":"Woolicious98"},"content":"    }","lastModifiedDate":"2021-08-22"},{"lineNumber":80,"author":{"gitId":"Woolicious98"},"content":"","lastModifiedDate":"2021-08-22"},{"lineNumber":81,"author":{"gitId":"Woolicious98"},"content":"    /**","lastModifiedDate":"2021-08-25"},{"lineNumber":82,"author":{"gitId":"Woolicious98"},"content":"     * Changes the status of a specified task to be mark as done. The format of the userInputs should be \"done X\" where","lastModifiedDate":"2021-08-25"},{"lineNumber":83,"author":{"gitId":"Woolicious98"},"content":"     * X is an index within the taskList.","lastModifiedDate":"2021-08-25"},{"lineNumber":84,"author":{"gitId":"Woolicious98"},"content":"     *","lastModifiedDate":"2021-08-25"},{"lineNumber":85,"author":{"gitId":"Woolicious98"},"content":"     * @param tasksList  Array of task objects.","lastModifiedDate":"2021-08-25"},{"lineNumber":86,"author":{"gitId":"Woolicious98"},"content":"     * @param userInputs User command input determining which task to be marked as done.","lastModifiedDate":"2021-08-25"},{"lineNumber":87,"author":{"gitId":"Woolicious98"},"content":"     */","lastModifiedDate":"2021-08-25"},{"lineNumber":88,"author":{"gitId":"Woolicious98"},"content":"    public static void setDone(Task[] tasksList, String userInputs) {","lastModifiedDate":"2021-08-22"},{"lineNumber":89,"author":{"gitId":"Woolicious98"},"content":"        if (tasksList \u003d\u003d null) {","lastModifiedDate":"2021-08-22"},{"lineNumber":90,"author":{"gitId":"Woolicious98"},"content":"            System.out.println(\"Error: No tasks in list.\");","lastModifiedDate":"2021-08-22"},{"lineNumber":91,"author":{"gitId":"Woolicious98"},"content":"            return;","lastModifiedDate":"2021-08-22"},{"lineNumber":92,"author":{"gitId":"Woolicious98"},"content":"        }","lastModifiedDate":"2021-08-22"},{"lineNumber":93,"author":{"gitId":"Woolicious98"},"content":"        try {","lastModifiedDate":"2021-08-22"},{"lineNumber":94,"author":{"gitId":"Woolicious98"},"content":"            int index \u003d Integer.parseInt(userInputs.split(\" \")[1]);","lastModifiedDate":"2021-08-22"},{"lineNumber":95,"author":{"gitId":"Woolicious98"},"content":"            index \u003d index - 1;","lastModifiedDate":"2021-08-22"},{"lineNumber":96,"author":{"gitId":"Woolicious98"},"content":"            if (index \u003e\u003d 0 \u0026\u0026 index \u003c tasksList.length) {","lastModifiedDate":"2021-08-22"},{"lineNumber":97,"author":{"gitId":"Woolicious98"},"content":"                tasksList[index].setDone(true);","lastModifiedDate":"2021-08-22"},{"lineNumber":98,"author":{"gitId":"Woolicious98"},"content":"                tasksList[index].printStatus();","lastModifiedDate":"2021-08-22"},{"lineNumber":99,"author":{"gitId":"Woolicious98"},"content":"            } else {","lastModifiedDate":"2021-08-22"},{"lineNumber":100,"author":{"gitId":"Woolicious98"},"content":"                System.out.println(\"Error: task not found.\");","lastModifiedDate":"2021-08-22"},{"lineNumber":101,"author":{"gitId":"Woolicious98"},"content":"            }","lastModifiedDate":"2021-08-22"},{"lineNumber":102,"author":{"gitId":"Woolicious98"},"content":"        } catch (Exception e) {","lastModifiedDate":"2021-08-22"},{"lineNumber":103,"author":{"gitId":"Woolicious98"},"content":"            System.out.println(\"Error: Incorrect format.\");","lastModifiedDate":"2021-08-22"},{"lineNumber":104,"author":{"gitId":"Woolicious98"},"content":"            return;","lastModifiedDate":"2021-08-22"},{"lineNumber":105,"author":{"gitId":"Woolicious98"},"content":"        }","lastModifiedDate":"2021-08-22"},{"lineNumber":106,"author":{"gitId":"Woolicious98"},"content":"","lastModifiedDate":"2021-08-22"},{"lineNumber":107,"author":{"gitId":"Woolicious98"},"content":"","lastModifiedDate":"2021-08-22"},{"lineNumber":108,"author":{"gitId":"Woolicious98"},"content":"    }","lastModifiedDate":"2021-08-22"},{"lineNumber":109,"author":{"gitId":"Woolicious98"},"content":"","lastModifiedDate":"2021-08-22"},{"lineNumber":110,"author":{"gitId":"Woolicious98"},"content":"    /**","lastModifiedDate":"2021-08-25"},{"lineNumber":111,"author":{"gitId":"Woolicious98"},"content":"     * Add task into tasks array and returns the tasks array.","lastModifiedDate":"2021-08-25"},{"lineNumber":112,"author":{"gitId":"Woolicious98"},"content":"     *","lastModifiedDate":"2021-08-25"},{"lineNumber":113,"author":{"gitId":"Woolicious98"},"content":"     * @param tasksList Array of task objects.","lastModifiedDate":"2021-08-25"},{"lineNumber":114,"author":{"gitId":"Woolicious98"},"content":"     * @param taskName  Task name for the new task object.","lastModifiedDate":"2021-08-25"},{"lineNumber":115,"author":{"gitId":"Woolicious98"},"content":"     * @return An array of task objects.","lastModifiedDate":"2021-08-25"},{"lineNumber":116,"author":{"gitId":"Woolicious98"},"content":"     */","lastModifiedDate":"2021-08-25"},{"lineNumber":117,"author":{"gitId":"Woolicious98"},"content":"    public static Task[] addTaskToList(Task[] tasksList, String taskName) {","lastModifiedDate":"2021-08-25"},{"lineNumber":118,"author":{"gitId":"Woolicious98"},"content":"        if (tasksList \u003d\u003d null) {","lastModifiedDate":"2021-08-22"},{"lineNumber":119,"author":{"gitId":"Woolicious98"},"content":"            Task task \u003d new Task(taskName);","lastModifiedDate":"2021-08-25"},{"lineNumber":120,"author":{"gitId":"Woolicious98"},"content":"            tasksList \u003d new Task[1];","lastModifiedDate":"2021-08-22"},{"lineNumber":121,"author":{"gitId":"Woolicious98"},"content":"            tasksList[0] \u003d task;","lastModifiedDate":"2021-08-22"},{"lineNumber":122,"author":{"gitId":"Woolicious98"},"content":"            return tasksList;","lastModifiedDate":"2021-08-22"},{"lineNumber":123,"author":{"gitId":"Woolicious98"},"content":"        }","lastModifiedDate":"2021-08-22"},{"lineNumber":124,"author":{"gitId":"Woolicious98"},"content":"        Task[] newItemsList \u003d new Task[tasksList.length + 1];","lastModifiedDate":"2021-08-22"},{"lineNumber":125,"author":{"gitId":"Woolicious98"},"content":"        for (int i \u003d 0; i \u003c tasksList.length; i++) {","lastModifiedDate":"2021-08-22"},{"lineNumber":126,"author":{"gitId":"Woolicious98"},"content":"            newItemsList[i] \u003d tasksList[i];","lastModifiedDate":"2021-08-22"},{"lineNumber":127,"author":{"gitId":"Woolicious98"},"content":"        }","lastModifiedDate":"2021-08-22"},{"lineNumber":128,"author":{"gitId":"Woolicious98"},"content":"        newItemsList[tasksList.length] \u003d new Task(taskName);","lastModifiedDate":"2021-08-25"},{"lineNumber":129,"author":{"gitId":"Woolicious98"},"content":"        return newItemsList;","lastModifiedDate":"2021-08-22"},{"lineNumber":130,"author":{"gitId":"Woolicious98"},"content":"    }","lastModifiedDate":"2021-08-22"},{"lineNumber":131,"author":{"gitId":"Woolicious98"},"content":"","lastModifiedDate":"2021-08-22"},{"lineNumber":132,"author":{"gitId":"Woolicious98"},"content":"    /**","lastModifiedDate":"2021-08-25"},{"lineNumber":133,"author":{"gitId":"Woolicious98"},"content":"     * Get the menu for user to input commands for the bot to perform.","lastModifiedDate":"2021-08-25"},{"lineNumber":134,"author":{"gitId":"Woolicious98"},"content":"     */","lastModifiedDate":"2021-08-25"},{"lineNumber":135,"author":{"gitId":"Woolicious98"},"content":"    public static void getMenu() {","lastModifiedDate":"2021-08-22"},{"lineNumber":136,"author":{"gitId":"Woolicious98"},"content":"        Scanner in \u003d new Scanner(System.in);","lastModifiedDate":"2021-08-22"},{"lineNumber":137,"author":{"gitId":"Woolicious98"},"content":"        String userInputs \u003d in.nextLine();","lastModifiedDate":"2021-08-22"},{"lineNumber":138,"author":{"gitId":"Woolicious98"},"content":"        Task[] tasksList \u003d null;","lastModifiedDate":"2021-08-22"},{"lineNumber":139,"author":{"gitId":"Woolicious98"},"content":"        menuLoop:","lastModifiedDate":"2021-08-22"},{"lineNumber":140,"author":{"gitId":"Woolicious98"},"content":"        while (true) {","lastModifiedDate":"2021-08-22"},{"lineNumber":141,"author":{"gitId":"Woolicious98"},"content":"            switch (userInputs.split(\" \")[0]) {","lastModifiedDate":"2021-08-22"},{"lineNumber":142,"author":{"gitId":"Woolicious98"},"content":"            case \"\":","lastModifiedDate":"2021-08-22"},{"lineNumber":143,"author":{"gitId":"Woolicious98"},"content":"                break;","lastModifiedDate":"2021-08-22"},{"lineNumber":144,"author":{"gitId":"Woolicious98"},"content":"            case \"done\":","lastModifiedDate":"2021-08-22"},{"lineNumber":145,"author":{"gitId":"Woolicious98"},"content":"                System.out.println(LINE);","lastModifiedDate":"2021-08-22"},{"lineNumber":146,"author":{"gitId":"Woolicious98"},"content":"                setDone(tasksList, userInputs);","lastModifiedDate":"2021-08-22"},{"lineNumber":147,"author":{"gitId":"Woolicious98"},"content":"                System.out.println(LINE);","lastModifiedDate":"2021-08-22"},{"lineNumber":148,"author":{"gitId":"Woolicious98"},"content":"                break;","lastModifiedDate":"2021-08-22"},{"lineNumber":149,"author":{"gitId":"Woolicious98"},"content":"            case \"list\":","lastModifiedDate":"2021-08-22"},{"lineNumber":150,"author":{"gitId":"Woolicious98"},"content":"                System.out.println(LINE);","lastModifiedDate":"2021-08-22"},{"lineNumber":151,"author":{"gitId":"Woolicious98"},"content":"                printTasksList(tasksList);","lastModifiedDate":"2021-08-22"},{"lineNumber":152,"author":{"gitId":"Woolicious98"},"content":"                System.out.println(LINE);","lastModifiedDate":"2021-08-22"},{"lineNumber":153,"author":{"gitId":"Woolicious98"},"content":"                break;","lastModifiedDate":"2021-08-22"},{"lineNumber":154,"author":{"gitId":"Woolicious98"},"content":"            case \"bye\":","lastModifiedDate":"2021-08-22"},{"lineNumber":155,"author":{"gitId":"Woolicious98"},"content":"                printExitMessage();","lastModifiedDate":"2021-08-22"},{"lineNumber":156,"author":{"gitId":"Woolicious98"},"content":"                break menuLoop;","lastModifiedDate":"2021-08-22"},{"lineNumber":157,"author":{"gitId":"Woolicious98"},"content":"            default:","lastModifiedDate":"2021-08-22"},{"lineNumber":158,"author":{"gitId":"Woolicious98"},"content":"                tasksList \u003d addTaskToList(tasksList, userInputs);","lastModifiedDate":"2021-08-22"},{"lineNumber":159,"author":{"gitId":"Woolicious98"},"content":"                printMessage(\"added: \" + userInputs);","lastModifiedDate":"2021-08-22"},{"lineNumber":160,"author":{"gitId":"Woolicious98"},"content":"                break;","lastModifiedDate":"2021-08-22"},{"lineNumber":161,"author":{"gitId":"Woolicious98"},"content":"            }","lastModifiedDate":"2021-08-22"},{"lineNumber":162,"author":{"gitId":"Woolicious98"},"content":"            userInputs \u003d in.nextLine();","lastModifiedDate":"2021-08-22"},{"lineNumber":163,"author":{"gitId":"Woolicious98"},"content":"        }","lastModifiedDate":"2021-08-22"},{"lineNumber":164,"author":{"gitId":"-"},"content":"    }","lastModifiedDate":"2021-08-22"},{"lineNumber":165,"author":{"gitId":"-"},"content":"}","lastModifiedDate":"2019-07-29"}],"authorContributionMap":{"Woolicious98":155,"-":10}},{"path":"src/main/java/Task.java","fileType":"java","lines":[{"lineNumber":1,"author":{"gitId":"Woolicious98"},"content":"public class Task {","lastModifiedDate":"2021-08-22"},{"lineNumber":2,"author":{"gitId":"Woolicious98"},"content":"","lastModifiedDate":"2021-08-22"},{"lineNumber":3,"author":{"gitId":"Woolicious98"},"content":"    /**","lastModifiedDate":"2021-08-25"},{"lineNumber":4,"author":{"gitId":"Woolicious98"},"content":"     * Status of whether the task is completed","lastModifiedDate":"2021-08-25"},{"lineNumber":5,"author":{"gitId":"Woolicious98"},"content":"     */","lastModifiedDate":"2021-08-25"},{"lineNumber":6,"author":{"gitId":"Woolicious98"},"content":"    private boolean isDone;","lastModifiedDate":"2021-08-22"},{"lineNumber":7,"author":{"gitId":"Woolicious98"},"content":"    private String name;","lastModifiedDate":"2021-08-22"},{"lineNumber":8,"author":{"gitId":"Woolicious98"},"content":"","lastModifiedDate":"2021-08-22"},{"lineNumber":9,"author":{"gitId":"Woolicious98"},"content":"","lastModifiedDate":"2021-08-22"},{"lineNumber":10,"author":{"gitId":"Woolicious98"},"content":"    public Task(String name) {","lastModifiedDate":"2021-08-22"},{"lineNumber":11,"author":{"gitId":"Woolicious98"},"content":"        this.name \u003d name;","lastModifiedDate":"2021-08-22"},{"lineNumber":12,"author":{"gitId":"Woolicious98"},"content":"        isDone \u003d false;","lastModifiedDate":"2021-08-25"},{"lineNumber":13,"author":{"gitId":"Woolicious98"},"content":"    }","lastModifiedDate":"2021-08-22"},{"lineNumber":14,"author":{"gitId":"Woolicious98"},"content":"","lastModifiedDate":"2021-08-22"},{"lineNumber":15,"author":{"gitId":"Woolicious98"},"content":"    public boolean isDone() {","lastModifiedDate":"2021-08-22"},{"lineNumber":16,"author":{"gitId":"Woolicious98"},"content":"        return isDone;","lastModifiedDate":"2021-08-22"},{"lineNumber":17,"author":{"gitId":"Woolicious98"},"content":"    }","lastModifiedDate":"2021-08-22"},{"lineNumber":18,"author":{"gitId":"Woolicious98"},"content":"","lastModifiedDate":"2021-08-22"},{"lineNumber":19,"author":{"gitId":"Woolicious98"},"content":"    public void setDone(boolean isDone) {","lastModifiedDate":"2021-08-25"},{"lineNumber":20,"author":{"gitId":"Woolicious98"},"content":"        this.isDone \u003d isDone;","lastModifiedDate":"2021-08-25"},{"lineNumber":21,"author":{"gitId":"Woolicious98"},"content":"        if (this.isDone) {","lastModifiedDate":"2021-08-25"},{"lineNumber":22,"author":{"gitId":"Woolicious98"},"content":"            System.out.println(\"Nice! I\u0027ve marked this task as done:\");","lastModifiedDate":"2021-08-22"},{"lineNumber":23,"author":{"gitId":"Woolicious98"},"content":"        }","lastModifiedDate":"2021-08-22"},{"lineNumber":24,"author":{"gitId":"Woolicious98"},"content":"    }","lastModifiedDate":"2021-08-22"},{"lineNumber":25,"author":{"gitId":"Woolicious98"},"content":"","lastModifiedDate":"2021-08-22"},{"lineNumber":26,"author":{"gitId":"Woolicious98"},"content":"    public String getName() {","lastModifiedDate":"2021-08-22"},{"lineNumber":27,"author":{"gitId":"Woolicious98"},"content":"        return name;","lastModifiedDate":"2021-08-22"},{"lineNumber":28,"author":{"gitId":"Woolicious98"},"content":"    }","lastModifiedDate":"2021-08-22"},{"lineNumber":29,"author":{"gitId":"Woolicious98"},"content":"","lastModifiedDate":"2021-08-22"},{"lineNumber":30,"author":{"gitId":"Woolicious98"},"content":"    public void setName(String name) {","lastModifiedDate":"2021-08-22"},{"lineNumber":31,"author":{"gitId":"Woolicious98"},"content":"        this.name \u003d name;","lastModifiedDate":"2021-08-22"},{"lineNumber":32,"author":{"gitId":"Woolicious98"},"content":"    }","lastModifiedDate":"2021-08-22"},{"lineNumber":33,"author":{"gitId":"Woolicious98"},"content":"","lastModifiedDate":"2021-08-22"},{"lineNumber":34,"author":{"gitId":"Woolicious98"},"content":"    /**","lastModifiedDate":"2021-08-25"},{"lineNumber":35,"author":{"gitId":"Woolicious98"},"content":"     * Returns a string depending of the isDone status. If the task isDone is true, \"X\" is return. Else \" \" is return.","lastModifiedDate":"2021-08-25"},{"lineNumber":36,"author":{"gitId":"Woolicious98"},"content":"     *","lastModifiedDate":"2021-08-25"},{"lineNumber":37,"author":{"gitId":"Woolicious98"},"content":"     * @return isDone status icon","lastModifiedDate":"2021-08-25"},{"lineNumber":38,"author":{"gitId":"Woolicious98"},"content":"     */","lastModifiedDate":"2021-08-25"},{"lineNumber":39,"author":{"gitId":"Woolicious98"},"content":"    public String getStatusIcon() {","lastModifiedDate":"2021-08-25"},{"lineNumber":40,"author":{"gitId":"Woolicious98"},"content":"        String isDoneFlag \u003d \" \";","lastModifiedDate":"2021-08-22"},{"lineNumber":41,"author":{"gitId":"Woolicious98"},"content":"        if (isDone) {","lastModifiedDate":"2021-08-25"},{"lineNumber":42,"author":{"gitId":"Woolicious98"},"content":"            isDoneFlag \u003d \"X\";","lastModifiedDate":"2021-08-22"},{"lineNumber":43,"author":{"gitId":"Woolicious98"},"content":"        }","lastModifiedDate":"2021-08-22"},{"lineNumber":44,"author":{"gitId":"Woolicious98"},"content":"        return isDoneFlag;","lastModifiedDate":"2021-08-25"},{"lineNumber":45,"author":{"gitId":"Woolicious98"},"content":"    }","lastModifiedDate":"2021-08-25"},{"lineNumber":46,"author":{"gitId":"Woolicious98"},"content":"","lastModifiedDate":"2021-08-25"},{"lineNumber":47,"author":{"gitId":"Woolicious98"},"content":"    /**","lastModifiedDate":"2021-08-25"},{"lineNumber":48,"author":{"gitId":"Woolicious98"},"content":"     * Prints the status of the task in a given format. The format is \"[ ]TaskName\".","lastModifiedDate":"2021-08-25"},{"lineNumber":49,"author":{"gitId":"Woolicious98"},"content":"     */","lastModifiedDate":"2021-08-25"},{"lineNumber":50,"author":{"gitId":"Woolicious98"},"content":"    public void printStatus() {","lastModifiedDate":"2021-08-25"},{"lineNumber":51,"author":{"gitId":"Woolicious98"},"content":"        System.out.printf(\"[%s] %s\\n\", getStatusIcon(), getName());","lastModifiedDate":"2021-08-25"},{"lineNumber":52,"author":{"gitId":"Woolicious98"},"content":"    }","lastModifiedDate":"2021-08-22"},{"lineNumber":53,"author":{"gitId":"Woolicious98"},"content":"}","lastModifiedDate":"2021-08-22"}],"authorContributionMap":{"Woolicious98":53}}]
