[{"path":"src/main/java/Deadline.java","fileType":"java","lines":[{"lineNumber":1,"author":{"gitId":"rebchua39"},"content":"public class Deadline extends Task {","lastModifiedDate":"2021-08-30"},{"lineNumber":2,"author":{"gitId":"rebchua39"},"content":"","lastModifiedDate":"2021-08-30"},{"lineNumber":3,"author":{"gitId":"rebchua39"},"content":"    protected String by;","lastModifiedDate":"2021-08-30"},{"lineNumber":4,"author":{"gitId":"rebchua39"},"content":"","lastModifiedDate":"2021-08-30"},{"lineNumber":5,"author":{"gitId":"rebchua39"},"content":"    public Deadline(String description, String by) {","lastModifiedDate":"2021-08-30"},{"lineNumber":6,"author":{"gitId":"rebchua39"},"content":"        super(description);","lastModifiedDate":"2021-08-30"},{"lineNumber":7,"author":{"gitId":"rebchua39"},"content":"        this.by \u003d by;","lastModifiedDate":"2021-08-30"},{"lineNumber":8,"author":{"gitId":"rebchua39"},"content":"    }","lastModifiedDate":"2021-08-30"},{"lineNumber":9,"author":{"gitId":"rebchua39"},"content":"","lastModifiedDate":"2021-08-30"},{"lineNumber":10,"author":{"gitId":"rebchua39"},"content":"    public void setBy(String by) {","lastModifiedDate":"2021-08-30"},{"lineNumber":11,"author":{"gitId":"rebchua39"},"content":"        this.by \u003d by;","lastModifiedDate":"2021-08-30"},{"lineNumber":12,"author":{"gitId":"rebchua39"},"content":"    }","lastModifiedDate":"2021-08-30"},{"lineNumber":13,"author":{"gitId":"rebchua39"},"content":"","lastModifiedDate":"2021-08-30"},{"lineNumber":14,"author":{"gitId":"rebchua39"},"content":"    @Override","lastModifiedDate":"2021-08-30"},{"lineNumber":15,"author":{"gitId":"rebchua39"},"content":"    public String toString() {","lastModifiedDate":"2021-08-30"},{"lineNumber":16,"author":{"gitId":"rebchua39"},"content":"        return \"[D]\" + super.toString() + \" (by: \" + by + \")\";","lastModifiedDate":"2021-08-30"},{"lineNumber":17,"author":{"gitId":"rebchua39"},"content":"    }","lastModifiedDate":"2021-08-30"},{"lineNumber":18,"author":{"gitId":"rebchua39"},"content":"}","lastModifiedDate":"2021-08-30"}],"authorContributionMap":{"rebchua39":18}},{"path":"src/main/java/Duke.java","fileType":"java","lines":[{"lineNumber":1,"author":{"gitId":"rebchua39"},"content":"import java.util.Scanner;","lastModifiedDate":"2021-08-23"},{"lineNumber":2,"author":{"gitId":"rebchua39"},"content":"","lastModifiedDate":"2021-08-23"},{"lineNumber":3,"author":{"gitId":"-"},"content":"public class Duke {","lastModifiedDate":"2019-07-29"},{"lineNumber":4,"author":{"gitId":"rebchua39"},"content":"","lastModifiedDate":"2021-08-31"},{"lineNumber":5,"author":{"gitId":"rebchua39"},"content":"    public static final int MAX_NUMBER_OF_TASKS \u003d 100;","lastModifiedDate":"2021-08-31"},{"lineNumber":6,"author":{"gitId":"rebchua39"},"content":"    public static final int TASK_ARGUMENT \u003d 1;","lastModifiedDate":"2021-08-31"},{"lineNumber":7,"author":{"gitId":"rebchua39"},"content":"    public static final String TASK_SEPARATOR \u003d \" \";","lastModifiedDate":"2021-08-31"},{"lineNumber":8,"author":{"gitId":"rebchua39"},"content":"    public static final String DEADLINE_SEPARATOR \u003d \"/by \";","lastModifiedDate":"2021-08-31"},{"lineNumber":9,"author":{"gitId":"rebchua39"},"content":"    public static final String EVENT_SEPARATOR \u003d \"/at \";","lastModifiedDate":"2021-08-31"},{"lineNumber":10,"author":{"gitId":"rebchua39"},"content":"    public static final String TASK_PADDING \u003d \"   \";","lastModifiedDate":"2021-08-31"},{"lineNumber":11,"author":{"gitId":"rebchua39"},"content":"    public static final String NUMBER_LIST_SEPARATOR \u003d \". \";","lastModifiedDate":"2021-08-31"},{"lineNumber":12,"author":{"gitId":"rebchua39"},"content":"    public static final String LIST_COMMAND \u003d \"list\";","lastModifiedDate":"2021-08-31"},{"lineNumber":13,"author":{"gitId":"rebchua39"},"content":"    public static final String ADD_TODO_COMMAND \u003d \"todo \";","lastModifiedDate":"2021-08-31"},{"lineNumber":14,"author":{"gitId":"rebchua39"},"content":"    public static final String ADD_DEADLINE_COMMAND \u003d \"deadline \";","lastModifiedDate":"2021-08-31"},{"lineNumber":15,"author":{"gitId":"rebchua39"},"content":"    public static final String ADD_EVENT_COMMAND \u003d \"event \";","lastModifiedDate":"2021-08-31"},{"lineNumber":16,"author":{"gitId":"rebchua39"},"content":"    public static final String MARK_AS_DONE_COMMAND \u003d \"done \";","lastModifiedDate":"2021-08-31"},{"lineNumber":17,"author":{"gitId":"rebchua39"},"content":"    public static final String HELP_COMMAND \u003d \"help\";","lastModifiedDate":"2021-08-31"},{"lineNumber":18,"author":{"gitId":"rebchua39"},"content":"    public static final String GREETING_COMMAND \u003d \"hello\";","lastModifiedDate":"2021-08-31"},{"lineNumber":19,"author":{"gitId":"rebchua39"},"content":"    public static final String EXIT_COMMAND_1 \u003d \"bye\";","lastModifiedDate":"2021-08-31"},{"lineNumber":20,"author":{"gitId":"rebchua39"},"content":"    public static final String EXIT_COMMAND_2 \u003d \"exit\";","lastModifiedDate":"2021-08-31"},{"lineNumber":21,"author":{"gitId":"rebchua39"},"content":"","lastModifiedDate":"2021-08-31"},{"lineNumber":22,"author":{"gitId":"-"},"content":"    public static void main(String[] args) {","lastModifiedDate":"2019-07-29"},{"lineNumber":23,"author":{"gitId":"rebchua39"},"content":"","lastModifiedDate":"2021-08-23"},{"lineNumber":24,"author":{"gitId":"rebchua39"},"content":"        printWelcomeMessage();","lastModifiedDate":"2021-08-31"},{"lineNumber":25,"author":{"gitId":"rebchua39"},"content":"","lastModifiedDate":"2021-08-31"},{"lineNumber":26,"author":{"gitId":"rebchua39"},"content":"        Task[] list \u003d new Task[MAX_NUMBER_OF_TASKS];","lastModifiedDate":"2021-08-31"},{"lineNumber":27,"author":{"gitId":"rebchua39"},"content":"        int listItemCount \u003d 0; //track number of tasks in the list","lastModifiedDate":"2021-08-24"},{"lineNumber":28,"author":{"gitId":"rebchua39"},"content":"","lastModifiedDate":"2021-08-23"},{"lineNumber":29,"author":{"gitId":"rebchua39"},"content":"        Scanner in \u003d new Scanner(System.in);","lastModifiedDate":"2021-08-24"},{"lineNumber":30,"author":{"gitId":"rebchua39"},"content":"        String input \u003d in.nextLine(); //read input","lastModifiedDate":"2021-08-24"},{"lineNumber":31,"author":{"gitId":"rebchua39"},"content":"","lastModifiedDate":"2021-08-23"},{"lineNumber":32,"author":{"gitId":"rebchua39"},"content":"        //run program as long as exit command is not given","lastModifiedDate":"2021-08-31"},{"lineNumber":33,"author":{"gitId":"rebchua39"},"content":"        while (!input.equals(EXIT_COMMAND_1) \u0026\u0026 !input.equals(EXIT_COMMAND_2)) {","lastModifiedDate":"2021-08-31"},{"lineNumber":34,"author":{"gitId":"rebchua39"},"content":"","lastModifiedDate":"2021-08-31"},{"lineNumber":35,"author":{"gitId":"rebchua39"},"content":"            if (input.equals(LIST_COMMAND)) {","lastModifiedDate":"2021-08-31"},{"lineNumber":36,"author":{"gitId":"rebchua39"},"content":"                //TODO replace with exception handling in week 5","lastModifiedDate":"2021-08-31"},{"lineNumber":37,"author":{"gitId":"rebchua39"},"content":"                if (listItemCount \u003d\u003d 0) {","lastModifiedDate":"2021-08-31"},{"lineNumber":38,"author":{"gitId":"rebchua39"},"content":"                    printNoTasksInListMessage();","lastModifiedDate":"2021-08-31"},{"lineNumber":39,"author":{"gitId":"rebchua39"},"content":"                } else {","lastModifiedDate":"2021-08-31"},{"lineNumber":40,"author":{"gitId":"rebchua39"},"content":"                    listTasks(list, listItemCount);","lastModifiedDate":"2021-08-31"},{"lineNumber":41,"author":{"gitId":"rebchua39"},"content":"                }","lastModifiedDate":"2021-08-23"},{"lineNumber":42,"author":{"gitId":"rebchua39"},"content":"","lastModifiedDate":"2021-08-30"},{"lineNumber":43,"author":{"gitId":"rebchua39"},"content":"            } else if (input.startsWith(MARK_AS_DONE_COMMAND)) {","lastModifiedDate":"2021-08-31"},{"lineNumber":44,"author":{"gitId":"rebchua39"},"content":"                ","lastModifiedDate":"2021-08-24"},{"lineNumber":45,"author":{"gitId":"rebchua39"},"content":"                String[] substrings \u003d input.split(TASK_SEPARATOR); //get all the words in the input","lastModifiedDate":"2021-08-31"},{"lineNumber":46,"author":{"gitId":"rebchua39"},"content":"                //extract 1-indexed task number and convert to 0-index","lastModifiedDate":"2021-08-31"},{"lineNumber":47,"author":{"gitId":"rebchua39"},"content":"                int taskNum \u003d Integer.parseInt(substrings[TASK_ARGUMENT]) - 1;","lastModifiedDate":"2021-08-31"},{"lineNumber":48,"author":{"gitId":"rebchua39"},"content":"                //check if task number is valid","lastModifiedDate":"2021-08-31"},{"lineNumber":49,"author":{"gitId":"rebchua39"},"content":"                if (taskNum \u003e\u003d 0 \u0026\u0026 taskNum \u003c\u003d listItemCount) {","lastModifiedDate":"2021-09-01"},{"lineNumber":50,"author":{"gitId":"rebchua39"},"content":"                    if (list[taskNum].isDone) {","lastModifiedDate":"2021-08-31"},{"lineNumber":51,"author":{"gitId":"rebchua39"},"content":"                        printTaskAlreadyDoneMessage();","lastModifiedDate":"2021-08-31"},{"lineNumber":52,"author":{"gitId":"rebchua39"},"content":"                    } else {","lastModifiedDate":"2021-08-31"},{"lineNumber":53,"author":{"gitId":"rebchua39"},"content":"                        markTaskAsDone(list[taskNum]);","lastModifiedDate":"2021-08-31"},{"lineNumber":54,"author":{"gitId":"rebchua39"},"content":"                    }","lastModifiedDate":"2021-08-31"},{"lineNumber":55,"author":{"gitId":"rebchua39"},"content":"                } else {","lastModifiedDate":"2021-08-31"},{"lineNumber":56,"author":{"gitId":"rebchua39"},"content":"                    //TODO exception handling (same as above)","lastModifiedDate":"2021-08-31"},{"lineNumber":57,"author":{"gitId":"rebchua39"},"content":"                    printInvalidTaskNumberMessage();","lastModifiedDate":"2021-08-31"},{"lineNumber":58,"author":{"gitId":"rebchua39"},"content":"                }","lastModifiedDate":"2021-08-31"},{"lineNumber":59,"author":{"gitId":"rebchua39"},"content":"","lastModifiedDate":"2021-08-31"},{"lineNumber":60,"author":{"gitId":"rebchua39"},"content":"            } else if (input.startsWith(ADD_TODO_COMMAND)){","lastModifiedDate":"2021-08-31"},{"lineNumber":61,"author":{"gitId":"rebchua39"},"content":"","lastModifiedDate":"2021-08-31"},{"lineNumber":62,"author":{"gitId":"rebchua39"},"content":"                int indexOfTask \u003d input.indexOf(TASK_SEPARATOR);","lastModifiedDate":"2021-08-31"},{"lineNumber":63,"author":{"gitId":"rebchua39"},"content":"                String task \u003d getTrimmedSubstring(input, indexOfTask, input.length());","lastModifiedDate":"2021-08-31"},{"lineNumber":64,"author":{"gitId":"rebchua39"},"content":"                if (task.isBlank()) {","lastModifiedDate":"2021-08-31"},{"lineNumber":65,"author":{"gitId":"rebchua39"},"content":"                    //TODO exception handling","lastModifiedDate":"2021-08-31"},{"lineNumber":66,"author":{"gitId":"rebchua39"},"content":"                    printNoTaskErrorMessage();","lastModifiedDate":"2021-08-31"},{"lineNumber":67,"author":{"gitId":"rebchua39"},"content":"                } else {","lastModifiedDate":"2021-08-31"},{"lineNumber":68,"author":{"gitId":"rebchua39"},"content":"                    list[listItemCount] \u003d new Todo(task);","lastModifiedDate":"2021-08-30"},{"lineNumber":69,"author":{"gitId":"rebchua39"},"content":"                    listItemCount \u003d updateTaskListNumber(list, listItemCount);","lastModifiedDate":"2021-08-31"},{"lineNumber":70,"author":{"gitId":"rebchua39"},"content":"                }","lastModifiedDate":"2021-08-31"},{"lineNumber":71,"author":{"gitId":"rebchua39"},"content":"","lastModifiedDate":"2021-08-31"},{"lineNumber":72,"author":{"gitId":"rebchua39"},"content":"            } else if (input.startsWith(ADD_DEADLINE_COMMAND)){","lastModifiedDate":"2021-08-31"},{"lineNumber":73,"author":{"gitId":"rebchua39"},"content":"                //TODO exception handling","lastModifiedDate":"2021-08-31"},{"lineNumber":74,"author":{"gitId":"rebchua39"},"content":"                String arguments \u003d input.substring(ADD_DEADLINE_COMMAND.length());","lastModifiedDate":"2021-08-31"},{"lineNumber":75,"author":{"gitId":"rebchua39"},"content":"                if (arguments.isBlank()) {","lastModifiedDate":"2021-08-31"},{"lineNumber":76,"author":{"gitId":"rebchua39"},"content":"                    printNoTaskErrorMessage();","lastModifiedDate":"2021-08-31"},{"lineNumber":77,"author":{"gitId":"rebchua39"},"content":"                } else if (!input.contains(DEADLINE_SEPARATOR)) {","lastModifiedDate":"2021-08-31"},{"lineNumber":78,"author":{"gitId":"rebchua39"},"content":"                    printNoDueDateErrorMessage();","lastModifiedDate":"2021-08-31"},{"lineNumber":79,"author":{"gitId":"rebchua39"},"content":"                } else {","lastModifiedDate":"2021-08-31"},{"lineNumber":80,"author":{"gitId":"rebchua39"},"content":"                    int indexOfTask \u003d input.indexOf(TASK_SEPARATOR);","lastModifiedDate":"2021-08-31"},{"lineNumber":81,"author":{"gitId":"rebchua39"},"content":"                    int indexOfDeadline \u003d input.indexOf(DEADLINE_SEPARATOR);","lastModifiedDate":"2021-08-31"},{"lineNumber":82,"author":{"gitId":"rebchua39"},"content":"                    //extract task and due date","lastModifiedDate":"2021-08-31"},{"lineNumber":83,"author":{"gitId":"rebchua39"},"content":"                    String task \u003d getTrimmedSubstring(input, indexOfTask, indexOfDeadline);","lastModifiedDate":"2021-08-31"},{"lineNumber":84,"author":{"gitId":"rebchua39"},"content":"                    String by \u003d getTrimmedSubstring(input, indexOfDeadline + DEADLINE_SEPARATOR.length(),","lastModifiedDate":"2021-08-31"},{"lineNumber":85,"author":{"gitId":"rebchua39"},"content":"                            input.length());","lastModifiedDate":"2021-08-31"},{"lineNumber":86,"author":{"gitId":"rebchua39"},"content":"                    //TODO exception handling","lastModifiedDate":"2021-08-31"},{"lineNumber":87,"author":{"gitId":"rebchua39"},"content":"                    if (task.isBlank()) {","lastModifiedDate":"2021-08-31"},{"lineNumber":88,"author":{"gitId":"rebchua39"},"content":"                        printNoTaskErrorMessage();","lastModifiedDate":"2021-08-31"},{"lineNumber":89,"author":{"gitId":"rebchua39"},"content":"                    } else if (by.isBlank()) {","lastModifiedDate":"2021-08-31"},{"lineNumber":90,"author":{"gitId":"rebchua39"},"content":"                        printNoDueDateErrorMessage();","lastModifiedDate":"2021-08-31"},{"lineNumber":91,"author":{"gitId":"rebchua39"},"content":"                    } else {","lastModifiedDate":"2021-08-31"},{"lineNumber":92,"author":{"gitId":"rebchua39"},"content":"                        list[listItemCount] \u003d new Deadline(task, by);","lastModifiedDate":"2021-08-30"},{"lineNumber":93,"author":{"gitId":"rebchua39"},"content":"                        listItemCount \u003d updateTaskListNumber(list, listItemCount);","lastModifiedDate":"2021-08-31"},{"lineNumber":94,"author":{"gitId":"rebchua39"},"content":"                    }","lastModifiedDate":"2021-08-31"},{"lineNumber":95,"author":{"gitId":"rebchua39"},"content":"                }","lastModifiedDate":"2021-08-31"},{"lineNumber":96,"author":{"gitId":"rebchua39"},"content":"","lastModifiedDate":"2021-08-31"},{"lineNumber":97,"author":{"gitId":"rebchua39"},"content":"            } else if (input.startsWith(ADD_EVENT_COMMAND)){","lastModifiedDate":"2021-08-31"},{"lineNumber":98,"author":{"gitId":"rebchua39"},"content":"                //TODO exception handling","lastModifiedDate":"2021-08-31"},{"lineNumber":99,"author":{"gitId":"rebchua39"},"content":"                String arguments \u003d input.substring(ADD_EVENT_COMMAND.length());","lastModifiedDate":"2021-08-31"},{"lineNumber":100,"author":{"gitId":"rebchua39"},"content":"                if (arguments.isBlank()) {","lastModifiedDate":"2021-08-31"},{"lineNumber":101,"author":{"gitId":"rebchua39"},"content":"                    printNoEventErrorMessage();","lastModifiedDate":"2021-08-31"},{"lineNumber":102,"author":{"gitId":"rebchua39"},"content":"                } else if (!input.contains(EVENT_SEPARATOR)) {","lastModifiedDate":"2021-08-31"},{"lineNumber":103,"author":{"gitId":"rebchua39"},"content":"                    printNoEventDateErrorMessage();","lastModifiedDate":"2021-08-31"},{"lineNumber":104,"author":{"gitId":"rebchua39"},"content":"                } else {","lastModifiedDate":"2021-08-31"},{"lineNumber":105,"author":{"gitId":"rebchua39"},"content":"                    int indexOfTask \u003d input.indexOf(TASK_SEPARATOR);","lastModifiedDate":"2021-08-31"},{"lineNumber":106,"author":{"gitId":"rebchua39"},"content":"                    int indexOfEvent \u003d input.indexOf(EVENT_SEPARATOR);","lastModifiedDate":"2021-08-31"},{"lineNumber":107,"author":{"gitId":"rebchua39"},"content":"                    //extract task and event date","lastModifiedDate":"2021-08-31"},{"lineNumber":108,"author":{"gitId":"rebchua39"},"content":"                    String task \u003d getTrimmedSubstring(input, indexOfTask, indexOfEvent);","lastModifiedDate":"2021-08-31"},{"lineNumber":109,"author":{"gitId":"rebchua39"},"content":"                    String at \u003d getTrimmedSubstring(input, indexOfEvent + EVENT_SEPARATOR.length(),","lastModifiedDate":"2021-08-31"},{"lineNumber":110,"author":{"gitId":"rebchua39"},"content":"                            input.length());","lastModifiedDate":"2021-08-31"},{"lineNumber":111,"author":{"gitId":"rebchua39"},"content":"                    //TODO exception handling","lastModifiedDate":"2021-08-31"},{"lineNumber":112,"author":{"gitId":"rebchua39"},"content":"                    if (task.isBlank()) {","lastModifiedDate":"2021-08-31"},{"lineNumber":113,"author":{"gitId":"rebchua39"},"content":"                        printNoEventErrorMessage();","lastModifiedDate":"2021-08-31"},{"lineNumber":114,"author":{"gitId":"rebchua39"},"content":"                    } else if (at.isBlank()) {","lastModifiedDate":"2021-08-31"},{"lineNumber":115,"author":{"gitId":"rebchua39"},"content":"                        printNoEventDateErrorMessage();","lastModifiedDate":"2021-08-31"},{"lineNumber":116,"author":{"gitId":"rebchua39"},"content":"                    } else {","lastModifiedDate":"2021-08-31"},{"lineNumber":117,"author":{"gitId":"rebchua39"},"content":"                        list[listItemCount] \u003d new Event(task, at);","lastModifiedDate":"2021-08-30"},{"lineNumber":118,"author":{"gitId":"rebchua39"},"content":"                        listItemCount \u003d updateTaskListNumber(list, listItemCount);","lastModifiedDate":"2021-08-31"},{"lineNumber":119,"author":{"gitId":"rebchua39"},"content":"                    }","lastModifiedDate":"2021-08-31"},{"lineNumber":120,"author":{"gitId":"rebchua39"},"content":"                }","lastModifiedDate":"2021-08-31"},{"lineNumber":121,"author":{"gitId":"rebchua39"},"content":"","lastModifiedDate":"2021-08-31"},{"lineNumber":122,"author":{"gitId":"rebchua39"},"content":"            } else if (input.equals(HELP_COMMAND)){","lastModifiedDate":"2021-08-31"},{"lineNumber":123,"author":{"gitId":"rebchua39"},"content":"","lastModifiedDate":"2021-08-31"},{"lineNumber":124,"author":{"gitId":"rebchua39"},"content":"                printHelpMessage();","lastModifiedDate":"2021-08-31"},{"lineNumber":125,"author":{"gitId":"rebchua39"},"content":"","lastModifiedDate":"2021-08-31"},{"lineNumber":126,"author":{"gitId":"rebchua39"},"content":"            } else if (input.equals(GREETING_COMMAND)){","lastModifiedDate":"2021-08-31"},{"lineNumber":127,"author":{"gitId":"rebchua39"},"content":"","lastModifiedDate":"2021-08-31"},{"lineNumber":128,"author":{"gitId":"rebchua39"},"content":"                printGreetingMessage();","lastModifiedDate":"2021-08-31"},{"lineNumber":129,"author":{"gitId":"rebchua39"},"content":"","lastModifiedDate":"2021-08-31"},{"lineNumber":130,"author":{"gitId":"rebchua39"},"content":"            } else {","lastModifiedDate":"2021-08-31"},{"lineNumber":131,"author":{"gitId":"rebchua39"},"content":"                //default","lastModifiedDate":"2021-08-31"},{"lineNumber":132,"author":{"gitId":"rebchua39"},"content":"                printInvalidCommandMessage();","lastModifiedDate":"2021-08-31"},{"lineNumber":133,"author":{"gitId":"rebchua39"},"content":"","lastModifiedDate":"2021-08-31"},{"lineNumber":134,"author":{"gitId":"rebchua39"},"content":"            }","lastModifiedDate":"2021-08-31"},{"lineNumber":135,"author":{"gitId":"rebchua39"},"content":"","lastModifiedDate":"2021-08-31"},{"lineNumber":136,"author":{"gitId":"rebchua39"},"content":"            //clear the buffer when reading input","lastModifiedDate":"2021-08-31"},{"lineNumber":137,"author":{"gitId":"rebchua39"},"content":"            input \u003d in.nextLine();","lastModifiedDate":"2021-08-31"},{"lineNumber":138,"author":{"gitId":"rebchua39"},"content":"","lastModifiedDate":"2021-08-31"},{"lineNumber":139,"author":{"gitId":"rebchua39"},"content":"        }","lastModifiedDate":"2021-08-31"},{"lineNumber":140,"author":{"gitId":"rebchua39"},"content":"","lastModifiedDate":"2021-08-31"},{"lineNumber":141,"author":{"gitId":"rebchua39"},"content":"        //show exit message when given exit command","lastModifiedDate":"2021-08-31"},{"lineNumber":142,"author":{"gitId":"rebchua39"},"content":"        printExitMessage();","lastModifiedDate":"2021-08-31"},{"lineNumber":143,"author":{"gitId":"rebchua39"},"content":"","lastModifiedDate":"2021-08-31"},{"lineNumber":144,"author":{"gitId":"rebchua39"},"content":"    }","lastModifiedDate":"2021-08-31"},{"lineNumber":145,"author":{"gitId":"rebchua39"},"content":"","lastModifiedDate":"2021-08-31"},{"lineNumber":146,"author":{"gitId":"rebchua39"},"content":"    // ---------------------------------------------------","lastModifiedDate":"2021-08-31"},{"lineNumber":147,"author":{"gitId":"rebchua39"},"content":"    // MAIN METHODS","lastModifiedDate":"2021-08-31"},{"lineNumber":148,"author":{"gitId":"rebchua39"},"content":"    // ---------------------------------------------------","lastModifiedDate":"2021-08-31"},{"lineNumber":149,"author":{"gitId":"rebchua39"},"content":"","lastModifiedDate":"2021-08-31"},{"lineNumber":150,"author":{"gitId":"rebchua39"},"content":"    /**","lastModifiedDate":"2021-08-31"},{"lineNumber":151,"author":{"gitId":"rebchua39"},"content":"     * Mark a task as done.","lastModifiedDate":"2021-08-31"},{"lineNumber":152,"author":{"gitId":"rebchua39"},"content":"     * @param task The task to be marked as done","lastModifiedDate":"2021-08-31"},{"lineNumber":153,"author":{"gitId":"rebchua39"},"content":"     */","lastModifiedDate":"2021-08-31"},{"lineNumber":154,"author":{"gitId":"rebchua39"},"content":"    private static void markTaskAsDone(Task task) {","lastModifiedDate":"2021-08-31"},{"lineNumber":155,"author":{"gitId":"rebchua39"},"content":"        task.markAsDone(); //use zero indexing","lastModifiedDate":"2021-08-31"},{"lineNumber":156,"author":{"gitId":"rebchua39"},"content":"        System.out.println(\"Nice! I\u0027ve marked the following task as done: \");","lastModifiedDate":"2021-08-31"},{"lineNumber":157,"author":{"gitId":"rebchua39"},"content":"        System.out.println(TASK_PADDING + task);","lastModifiedDate":"2021-08-31"},{"lineNumber":158,"author":{"gitId":"rebchua39"},"content":"    }","lastModifiedDate":"2021-08-31"},{"lineNumber":159,"author":{"gitId":"rebchua39"},"content":"","lastModifiedDate":"2021-08-31"},{"lineNumber":160,"author":{"gitId":"rebchua39"},"content":"    /**","lastModifiedDate":"2021-08-31"},{"lineNumber":161,"author":{"gitId":"rebchua39"},"content":"     * Print the task added, then updates and prints the number of tasks in the list","lastModifiedDate":"2021-08-31"},{"lineNumber":162,"author":{"gitId":"rebchua39"},"content":"     * @param list The list of tasks","lastModifiedDate":"2021-08-31"},{"lineNumber":163,"author":{"gitId":"rebchua39"},"content":"     * @param listItemCount The number of tasks in the list","lastModifiedDate":"2021-08-31"},{"lineNumber":164,"author":{"gitId":"rebchua39"},"content":"     * @return The updated number of tasks in the list","lastModifiedDate":"2021-08-31"},{"lineNumber":165,"author":{"gitId":"rebchua39"},"content":"     */","lastModifiedDate":"2021-08-31"},{"lineNumber":166,"author":{"gitId":"rebchua39"},"content":"    private static int updateTaskListNumber(Task[] list, int listItemCount) {","lastModifiedDate":"2021-08-31"},{"lineNumber":167,"author":{"gitId":"rebchua39"},"content":"        System.out.println(\"Got it. I\u0027ve added this task:\");","lastModifiedDate":"2021-08-30"},{"lineNumber":168,"author":{"gitId":"rebchua39"},"content":"        System.out.println(TASK_PADDING + list[listItemCount]);","lastModifiedDate":"2021-08-31"},{"lineNumber":169,"author":{"gitId":"rebchua39"},"content":"        listItemCount +\u003d 1;","lastModifiedDate":"2021-08-30"},{"lineNumber":170,"author":{"gitId":"rebchua39"},"content":"        System.out.println(\"Now you have \" + listItemCount + \" items in the list.\");","lastModifiedDate":"2021-08-30"},{"lineNumber":171,"author":{"gitId":"rebchua39"},"content":"        return listItemCount;","lastModifiedDate":"2021-08-31"},{"lineNumber":172,"author":{"gitId":"rebchua39"},"content":"    }","lastModifiedDate":"2021-08-31"},{"lineNumber":173,"author":{"gitId":"rebchua39"},"content":"","lastModifiedDate":"2021-08-30"},{"lineNumber":174,"author":{"gitId":"rebchua39"},"content":"    /**","lastModifiedDate":"2021-08-31"},{"lineNumber":175,"author":{"gitId":"rebchua39"},"content":"     * Get the substring of a string with leading and trailing spaces removed.","lastModifiedDate":"2021-08-31"},{"lineNumber":176,"author":{"gitId":"rebchua39"},"content":"     * @param input The input string","lastModifiedDate":"2021-08-31"},{"lineNumber":177,"author":{"gitId":"rebchua39"},"content":"     * @param startingIndex Starting index of substring","lastModifiedDate":"2021-08-31"},{"lineNumber":178,"author":{"gitId":"rebchua39"},"content":"     * @param endingIndex Ending index of substring","lastModifiedDate":"2021-08-31"},{"lineNumber":179,"author":{"gitId":"rebchua39"},"content":"     * @return The trimmed substring","lastModifiedDate":"2021-08-31"},{"lineNumber":180,"author":{"gitId":"rebchua39"},"content":"     */","lastModifiedDate":"2021-08-31"},{"lineNumber":181,"author":{"gitId":"rebchua39"},"content":"    private static String getTrimmedSubstring(String input, int startingIndex, int endingIndex) {","lastModifiedDate":"2021-08-31"},{"lineNumber":182,"author":{"gitId":"rebchua39"},"content":"        return input.substring(startingIndex, endingIndex).trim();","lastModifiedDate":"2021-08-31"},{"lineNumber":183,"author":{"gitId":"rebchua39"},"content":"    }","lastModifiedDate":"2021-08-23"},{"lineNumber":184,"author":{"gitId":"rebchua39"},"content":"","lastModifiedDate":"2021-08-24"},{"lineNumber":185,"author":{"gitId":"rebchua39"},"content":"    /**","lastModifiedDate":"2021-08-31"},{"lineNumber":186,"author":{"gitId":"rebchua39"},"content":"     * Print the tasks currently in the list.","lastModifiedDate":"2021-08-31"},{"lineNumber":187,"author":{"gitId":"rebchua39"},"content":"     * @param list The list of tasks","lastModifiedDate":"2021-08-31"},{"lineNumber":188,"author":{"gitId":"rebchua39"},"content":"     * @param listItemCount The number of tasks in the list","lastModifiedDate":"2021-08-31"},{"lineNumber":189,"author":{"gitId":"rebchua39"},"content":"     */","lastModifiedDate":"2021-08-31"},{"lineNumber":190,"author":{"gitId":"rebchua39"},"content":"    private static void listTasks(Task[] list, int listItemCount) {","lastModifiedDate":"2021-08-31"},{"lineNumber":191,"author":{"gitId":"rebchua39"},"content":"        System.out.println(\"Here are the tasks in your list: \");","lastModifiedDate":"2021-08-31"},{"lineNumber":192,"author":{"gitId":"rebchua39"},"content":"        for (int i \u003d 0; i \u003c listItemCount; i +\u003d 1) {","lastModifiedDate":"2021-08-31"},{"lineNumber":193,"author":{"gitId":"rebchua39"},"content":"            System.out.println((i + 1) + NUMBER_LIST_SEPARATOR + list[i]);","lastModifiedDate":"2021-08-31"},{"lineNumber":194,"author":{"gitId":"rebchua39"},"content":"        }","lastModifiedDate":"2021-08-31"},{"lineNumber":195,"author":{"gitId":"rebchua39"},"content":"    }","lastModifiedDate":"2021-08-31"},{"lineNumber":196,"author":{"gitId":"rebchua39"},"content":"","lastModifiedDate":"2021-08-31"},{"lineNumber":197,"author":{"gitId":"rebchua39"},"content":"    // ---------------------------------------------------","lastModifiedDate":"2021-08-31"},{"lineNumber":198,"author":{"gitId":"rebchua39"},"content":"    // PRINTED MESSAGES","lastModifiedDate":"2021-08-31"},{"lineNumber":199,"author":{"gitId":"rebchua39"},"content":"    // ---------------------------------------------------","lastModifiedDate":"2021-08-31"},{"lineNumber":200,"author":{"gitId":"rebchua39"},"content":"","lastModifiedDate":"2021-08-31"},{"lineNumber":201,"author":{"gitId":"rebchua39"},"content":"    /**","lastModifiedDate":"2021-08-31"},{"lineNumber":202,"author":{"gitId":"rebchua39"},"content":"     * Print an error message when input matches none of the commands.","lastModifiedDate":"2021-08-31"},{"lineNumber":203,"author":{"gitId":"rebchua39"},"content":"     */","lastModifiedDate":"2021-08-31"},{"lineNumber":204,"author":{"gitId":"rebchua39"},"content":"    private static void printInvalidCommandMessage() {","lastModifiedDate":"2021-08-31"},{"lineNumber":205,"author":{"gitId":"rebchua39"},"content":"        System.out.println(\"I\u0027m not sure what you want to do. Check if you\u0027ve spelled correctly! \" +","lastModifiedDate":"2021-08-31"},{"lineNumber":206,"author":{"gitId":"rebchua39"},"content":"                \"Type help for a list of commands.\");","lastModifiedDate":"2021-08-31"},{"lineNumber":207,"author":{"gitId":"rebchua39"},"content":"    }","lastModifiedDate":"2021-08-31"},{"lineNumber":208,"author":{"gitId":"rebchua39"},"content":"","lastModifiedDate":"2021-08-31"},{"lineNumber":209,"author":{"gitId":"rebchua39"},"content":"    /**","lastModifiedDate":"2021-08-31"},{"lineNumber":210,"author":{"gitId":"rebchua39"},"content":"     * Print a message when there are no tasks in a list.","lastModifiedDate":"2021-08-31"},{"lineNumber":211,"author":{"gitId":"rebchua39"},"content":"     */","lastModifiedDate":"2021-08-31"},{"lineNumber":212,"author":{"gitId":"rebchua39"},"content":"    private static void printNoTasksInListMessage() {","lastModifiedDate":"2021-08-31"},{"lineNumber":213,"author":{"gitId":"rebchua39"},"content":"        System.out.println(\"There are no tasks in the list!\");","lastModifiedDate":"2021-08-31"},{"lineNumber":214,"author":{"gitId":"rebchua39"},"content":"    }","lastModifiedDate":"2021-08-31"},{"lineNumber":215,"author":{"gitId":"rebchua39"},"content":"","lastModifiedDate":"2021-08-31"},{"lineNumber":216,"author":{"gitId":"rebchua39"},"content":"    /**","lastModifiedDate":"2021-08-31"},{"lineNumber":217,"author":{"gitId":"rebchua39"},"content":"     * Prints a message when attempting to mark an already completed task as done.","lastModifiedDate":"2021-08-31"},{"lineNumber":218,"author":{"gitId":"rebchua39"},"content":"     */","lastModifiedDate":"2021-08-31"},{"lineNumber":219,"author":{"gitId":"rebchua39"},"content":"    private static void printTaskAlreadyDoneMessage() {","lastModifiedDate":"2021-08-31"},{"lineNumber":220,"author":{"gitId":"rebchua39"},"content":"        System.out.println(\"This task has been completed!\");","lastModifiedDate":"2021-08-31"},{"lineNumber":221,"author":{"gitId":"rebchua39"},"content":"    }","lastModifiedDate":"2021-08-31"},{"lineNumber":222,"author":{"gitId":"rebchua39"},"content":"","lastModifiedDate":"2021-08-31"},{"lineNumber":223,"author":{"gitId":"rebchua39"},"content":"    /**","lastModifiedDate":"2021-08-31"},{"lineNumber":224,"author":{"gitId":"rebchua39"},"content":"     * Print an error message when attempting to mark a task not on the list as done.","lastModifiedDate":"2021-08-31"},{"lineNumber":225,"author":{"gitId":"rebchua39"},"content":"     */","lastModifiedDate":"2021-08-31"},{"lineNumber":226,"author":{"gitId":"rebchua39"},"content":"    private static void printInvalidTaskNumberMessage() {","lastModifiedDate":"2021-08-31"},{"lineNumber":227,"author":{"gitId":"rebchua39"},"content":"        System.out.println(\"I can\u0027t find that task in the list!\");","lastModifiedDate":"2021-08-31"},{"lineNumber":228,"author":{"gitId":"rebchua39"},"content":"    }","lastModifiedDate":"2021-08-31"},{"lineNumber":229,"author":{"gitId":"rebchua39"},"content":"","lastModifiedDate":"2021-08-31"},{"lineNumber":230,"author":{"gitId":"rebchua39"},"content":"    /**","lastModifiedDate":"2021-08-31"},{"lineNumber":231,"author":{"gitId":"rebchua39"},"content":"     * Print an error message when no event date is given.","lastModifiedDate":"2021-08-31"},{"lineNumber":232,"author":{"gitId":"rebchua39"},"content":"     */","lastModifiedDate":"2021-08-31"},{"lineNumber":233,"author":{"gitId":"rebchua39"},"content":"    private static void printNoEventDateErrorMessage() {","lastModifiedDate":"2021-08-31"},{"lineNumber":234,"author":{"gitId":"rebchua39"},"content":"        System.out.println(\"Please tell me when the event is happening.\");","lastModifiedDate":"2021-08-31"},{"lineNumber":235,"author":{"gitId":"rebchua39"},"content":"    }","lastModifiedDate":"2021-08-31"},{"lineNumber":236,"author":{"gitId":"rebchua39"},"content":"","lastModifiedDate":"2021-08-31"},{"lineNumber":237,"author":{"gitId":"rebchua39"},"content":"    /**","lastModifiedDate":"2021-08-31"},{"lineNumber":238,"author":{"gitId":"rebchua39"},"content":"     * Print an error message when no date is given for a deadline.","lastModifiedDate":"2021-08-31"},{"lineNumber":239,"author":{"gitId":"rebchua39"},"content":"     */","lastModifiedDate":"2021-08-31"},{"lineNumber":240,"author":{"gitId":"rebchua39"},"content":"    private static void printNoDueDateErrorMessage() {","lastModifiedDate":"2021-08-31"},{"lineNumber":241,"author":{"gitId":"rebchua39"},"content":"        System.out.println(\"Please tell me when the task is due.\");","lastModifiedDate":"2021-08-31"},{"lineNumber":242,"author":{"gitId":"rebchua39"},"content":"    }","lastModifiedDate":"2021-08-31"},{"lineNumber":243,"author":{"gitId":"rebchua39"},"content":"","lastModifiedDate":"2021-08-31"},{"lineNumber":244,"author":{"gitId":"rebchua39"},"content":"    /**","lastModifiedDate":"2021-08-31"},{"lineNumber":245,"author":{"gitId":"rebchua39"},"content":"     * Print an error message when no task name is given.","lastModifiedDate":"2021-08-31"},{"lineNumber":246,"author":{"gitId":"rebchua39"},"content":"     */","lastModifiedDate":"2021-08-31"},{"lineNumber":247,"author":{"gitId":"rebchua39"},"content":"    private static void printNoTaskErrorMessage() {","lastModifiedDate":"2021-08-31"},{"lineNumber":248,"author":{"gitId":"rebchua39"},"content":"        System.out.println(\"Please tell me the name of the task.\");","lastModifiedDate":"2021-08-31"},{"lineNumber":249,"author":{"gitId":"rebchua39"},"content":"    }","lastModifiedDate":"2021-08-31"},{"lineNumber":250,"author":{"gitId":"rebchua39"},"content":"","lastModifiedDate":"2021-08-31"},{"lineNumber":251,"author":{"gitId":"rebchua39"},"content":"    /**","lastModifiedDate":"2021-08-31"},{"lineNumber":252,"author":{"gitId":"rebchua39"},"content":"     * Print an error message when no event name is given.","lastModifiedDate":"2021-08-31"},{"lineNumber":253,"author":{"gitId":"rebchua39"},"content":"     */","lastModifiedDate":"2021-08-31"},{"lineNumber":254,"author":{"gitId":"rebchua39"},"content":"    private static void printNoEventErrorMessage() {","lastModifiedDate":"2021-08-31"},{"lineNumber":255,"author":{"gitId":"rebchua39"},"content":"        System.out.println(\"Please tell me the name of the event.\");","lastModifiedDate":"2021-08-31"},{"lineNumber":256,"author":{"gitId":"rebchua39"},"content":"    }","lastModifiedDate":"2021-08-31"},{"lineNumber":257,"author":{"gitId":"rebchua39"},"content":"","lastModifiedDate":"2021-08-31"},{"lineNumber":258,"author":{"gitId":"rebchua39"},"content":"    /**","lastModifiedDate":"2021-08-31"},{"lineNumber":259,"author":{"gitId":"rebchua39"},"content":"     * Print a welcome message when starting the program.","lastModifiedDate":"2021-08-31"},{"lineNumber":260,"author":{"gitId":"rebchua39"},"content":"     */","lastModifiedDate":"2021-08-31"},{"lineNumber":261,"author":{"gitId":"rebchua39"},"content":"    private static void printWelcomeMessage() {","lastModifiedDate":"2021-08-31"},{"lineNumber":262,"author":{"gitId":"rebchua39"},"content":"        System.out.println(\"Hello! I\u0027m Duke, your personal task assistant.\");","lastModifiedDate":"2021-08-31"},{"lineNumber":263,"author":{"gitId":"rebchua39"},"content":"        System.out.println(\"Type help to see what I can do.\");","lastModifiedDate":"2021-08-31"},{"lineNumber":264,"author":{"gitId":"rebchua39"},"content":"    }","lastModifiedDate":"2021-08-23"},{"lineNumber":265,"author":{"gitId":"rebchua39"},"content":"","lastModifiedDate":"2021-08-23"},{"lineNumber":266,"author":{"gitId":"rebchua39"},"content":"    /**","lastModifiedDate":"2021-08-31"},{"lineNumber":267,"author":{"gitId":"rebchua39"},"content":"     * Print a message when exiting the program.","lastModifiedDate":"2021-08-31"},{"lineNumber":268,"author":{"gitId":"rebchua39"},"content":"     */","lastModifiedDate":"2021-08-31"},{"lineNumber":269,"author":{"gitId":"rebchua39"},"content":"    private static void printExitMessage() {","lastModifiedDate":"2021-08-31"},{"lineNumber":270,"author":{"gitId":"rebchua39"},"content":"        System.out.println(\"Bye. Hope to see you again soon!\");","lastModifiedDate":"2021-08-16"},{"lineNumber":271,"author":{"gitId":"-"},"content":"    }","lastModifiedDate":"2019-07-29"},{"lineNumber":272,"author":{"gitId":"rebchua39"},"content":"","lastModifiedDate":"2021-08-31"},{"lineNumber":273,"author":{"gitId":"rebchua39"},"content":"    /**","lastModifiedDate":"2021-08-31"},{"lineNumber":274,"author":{"gitId":"rebchua39"},"content":"     * Prints a message greeting the user.","lastModifiedDate":"2021-08-31"},{"lineNumber":275,"author":{"gitId":"rebchua39"},"content":"     */","lastModifiedDate":"2021-08-31"},{"lineNumber":276,"author":{"gitId":"rebchua39"},"content":"    private static void printGreetingMessage() {","lastModifiedDate":"2021-08-31"},{"lineNumber":277,"author":{"gitId":"rebchua39"},"content":"        System.out.println(\"Hello! What can I do for you?\");","lastModifiedDate":"2021-08-31"},{"lineNumber":278,"author":{"gitId":"rebchua39"},"content":"    }","lastModifiedDate":"2021-08-31"},{"lineNumber":279,"author":{"gitId":"rebchua39"},"content":"","lastModifiedDate":"2021-08-31"},{"lineNumber":280,"author":{"gitId":"rebchua39"},"content":"    /**","lastModifiedDate":"2021-08-31"},{"lineNumber":281,"author":{"gitId":"rebchua39"},"content":"     * Prints the help message, which lists all commands.","lastModifiedDate":"2021-08-31"},{"lineNumber":282,"author":{"gitId":"rebchua39"},"content":"     */","lastModifiedDate":"2021-08-31"},{"lineNumber":283,"author":{"gitId":"rebchua39"},"content":"    private static void printHelpMessage() {","lastModifiedDate":"2021-08-31"},{"lineNumber":284,"author":{"gitId":"rebchua39"},"content":"        printWithNewLine(\"Here are a list of commands:\");","lastModifiedDate":"2021-08-31"},{"lineNumber":285,"author":{"gitId":"rebchua39"},"content":"        printWithNewLine(\"list - lists all tasks\");","lastModifiedDate":"2021-08-31"},{"lineNumber":286,"author":{"gitId":"rebchua39"},"content":"        System.out.println(\"done - marks a task as done\");","lastModifiedDate":"2021-08-31"},{"lineNumber":287,"author":{"gitId":"rebchua39"},"content":"        printWithNewLine(\"usage: done [task number]\");","lastModifiedDate":"2021-08-31"},{"lineNumber":288,"author":{"gitId":"rebchua39"},"content":"        System.out.println(\"todo - adds a new to-do task\");","lastModifiedDate":"2021-08-31"},{"lineNumber":289,"author":{"gitId":"rebchua39"},"content":"        printWithNewLine(\"usage: todo [task description]\");","lastModifiedDate":"2021-08-31"},{"lineNumber":290,"author":{"gitId":"rebchua39"},"content":"        System.out.println(\"deadline - adds a new task with a due date\");","lastModifiedDate":"2021-08-31"},{"lineNumber":291,"author":{"gitId":"rebchua39"},"content":"        printWithNewLine(\"usage: deadline [task description] /by [due date]\");","lastModifiedDate":"2021-08-31"},{"lineNumber":292,"author":{"gitId":"rebchua39"},"content":"        printWithNewLine(\"help - lists all commands\");","lastModifiedDate":"2021-08-31"},{"lineNumber":293,"author":{"gitId":"rebchua39"},"content":"    }","lastModifiedDate":"2021-08-31"},{"lineNumber":294,"author":{"gitId":"rebchua39"},"content":"","lastModifiedDate":"2021-08-31"},{"lineNumber":295,"author":{"gitId":"rebchua39"},"content":"    /**","lastModifiedDate":"2021-08-31"},{"lineNumber":296,"author":{"gitId":"rebchua39"},"content":"     * Prints a string with a new line","lastModifiedDate":"2021-08-31"},{"lineNumber":297,"author":{"gitId":"rebchua39"},"content":"     * @param s The string to be printed","lastModifiedDate":"2021-08-31"},{"lineNumber":298,"author":{"gitId":"rebchua39"},"content":"     */","lastModifiedDate":"2021-08-31"},{"lineNumber":299,"author":{"gitId":"rebchua39"},"content":"    private static void printWithNewLine(String s) {","lastModifiedDate":"2021-08-31"},{"lineNumber":300,"author":{"gitId":"rebchua39"},"content":"        System.out.println(s);","lastModifiedDate":"2021-08-31"},{"lineNumber":301,"author":{"gitId":"rebchua39"},"content":"        System.out.println();","lastModifiedDate":"2021-08-31"},{"lineNumber":302,"author":{"gitId":"-"},"content":"    }","lastModifiedDate":"2021-08-31"},{"lineNumber":303,"author":{"gitId":"-"},"content":"}","lastModifiedDate":"2019-07-29"}],"authorContributionMap":{"rebchua39":298,"-":5}},{"path":"src/main/java/Event.java","fileType":"java","lines":[{"lineNumber":1,"author":{"gitId":"rebchua39"},"content":"public class Event extends Task {","lastModifiedDate":"2021-08-30"},{"lineNumber":2,"author":{"gitId":"rebchua39"},"content":"    //maybe inherit from deadline?","lastModifiedDate":"2021-08-30"},{"lineNumber":3,"author":{"gitId":"rebchua39"},"content":"    protected String at;","lastModifiedDate":"2021-08-30"},{"lineNumber":4,"author":{"gitId":"rebchua39"},"content":"","lastModifiedDate":"2021-08-30"},{"lineNumber":5,"author":{"gitId":"rebchua39"},"content":"    public Event(String description, String at) {","lastModifiedDate":"2021-08-30"},{"lineNumber":6,"author":{"gitId":"rebchua39"},"content":"        super(description);","lastModifiedDate":"2021-08-30"},{"lineNumber":7,"author":{"gitId":"rebchua39"},"content":"        this.at \u003d at;","lastModifiedDate":"2021-08-30"},{"lineNumber":8,"author":{"gitId":"rebchua39"},"content":"    }","lastModifiedDate":"2021-08-30"},{"lineNumber":9,"author":{"gitId":"rebchua39"},"content":"","lastModifiedDate":"2021-08-30"},{"lineNumber":10,"author":{"gitId":"rebchua39"},"content":"    public void setAt(String at) {","lastModifiedDate":"2021-08-30"},{"lineNumber":11,"author":{"gitId":"rebchua39"},"content":"        this.at \u003d at;","lastModifiedDate":"2021-08-30"},{"lineNumber":12,"author":{"gitId":"rebchua39"},"content":"    }","lastModifiedDate":"2021-08-30"},{"lineNumber":13,"author":{"gitId":"rebchua39"},"content":"","lastModifiedDate":"2021-08-30"},{"lineNumber":14,"author":{"gitId":"rebchua39"},"content":"    @Override","lastModifiedDate":"2021-08-30"},{"lineNumber":15,"author":{"gitId":"rebchua39"},"content":"    public String toString() {","lastModifiedDate":"2021-08-30"},{"lineNumber":16,"author":{"gitId":"rebchua39"},"content":"        return \"[E]\" + super.toString() + \" (at: \" + at + \")\";","lastModifiedDate":"2021-08-30"},{"lineNumber":17,"author":{"gitId":"rebchua39"},"content":"    }","lastModifiedDate":"2021-08-30"},{"lineNumber":18,"author":{"gitId":"rebchua39"},"content":"}","lastModifiedDate":"2021-08-30"}],"authorContributionMap":{"rebchua39":18}},{"path":"src/main/java/Task.java","fileType":"java","lines":[{"lineNumber":1,"author":{"gitId":"rebchua39"},"content":"public class Task {","lastModifiedDate":"2021-08-24"},{"lineNumber":2,"author":{"gitId":"rebchua39"},"content":"    protected String description;","lastModifiedDate":"2021-08-24"},{"lineNumber":3,"author":{"gitId":"rebchua39"},"content":"    protected boolean isDone;","lastModifiedDate":"2021-08-24"},{"lineNumber":4,"author":{"gitId":"rebchua39"},"content":"","lastModifiedDate":"2021-08-24"},{"lineNumber":5,"author":{"gitId":"rebchua39"},"content":"    public Task(String description) {","lastModifiedDate":"2021-08-24"},{"lineNumber":6,"author":{"gitId":"rebchua39"},"content":"        this.description \u003d description;","lastModifiedDate":"2021-08-24"},{"lineNumber":7,"author":{"gitId":"rebchua39"},"content":"        this.isDone \u003d false;","lastModifiedDate":"2021-08-24"},{"lineNumber":8,"author":{"gitId":"rebchua39"},"content":"    }","lastModifiedDate":"2021-08-24"},{"lineNumber":9,"author":{"gitId":"rebchua39"},"content":"","lastModifiedDate":"2021-08-24"},{"lineNumber":10,"author":{"gitId":"rebchua39"},"content":"    public String getStatusIcon() {","lastModifiedDate":"2021-08-24"},{"lineNumber":11,"author":{"gitId":"rebchua39"},"content":"        return (isDone ? \"X\" : \" \"); //mark done task with X","lastModifiedDate":"2021-08-24"},{"lineNumber":12,"author":{"gitId":"rebchua39"},"content":"    }","lastModifiedDate":"2021-08-24"},{"lineNumber":13,"author":{"gitId":"rebchua39"},"content":"","lastModifiedDate":"2021-08-24"},{"lineNumber":14,"author":{"gitId":"rebchua39"},"content":"    public String getDescription() {","lastModifiedDate":"2021-08-24"},{"lineNumber":15,"author":{"gitId":"rebchua39"},"content":"        return this.description;","lastModifiedDate":"2021-08-24"},{"lineNumber":16,"author":{"gitId":"rebchua39"},"content":"    }","lastModifiedDate":"2021-08-24"},{"lineNumber":17,"author":{"gitId":"rebchua39"},"content":"","lastModifiedDate":"2021-08-24"},{"lineNumber":18,"author":{"gitId":"rebchua39"},"content":"    public void markAsDone() {","lastModifiedDate":"2021-08-24"},{"lineNumber":19,"author":{"gitId":"rebchua39"},"content":"        this.isDone \u003d true;","lastModifiedDate":"2021-08-24"},{"lineNumber":20,"author":{"gitId":"rebchua39"},"content":"    }","lastModifiedDate":"2021-08-24"},{"lineNumber":21,"author":{"gitId":"rebchua39"},"content":"","lastModifiedDate":"2021-08-30"},{"lineNumber":22,"author":{"gitId":"rebchua39"},"content":"    @Override","lastModifiedDate":"2021-08-30"},{"lineNumber":23,"author":{"gitId":"rebchua39"},"content":"    public String toString() {","lastModifiedDate":"2021-08-30"},{"lineNumber":24,"author":{"gitId":"rebchua39"},"content":"        if (isDone) {","lastModifiedDate":"2021-08-30"},{"lineNumber":25,"author":{"gitId":"rebchua39"},"content":"            return \"[X] \" + description;","lastModifiedDate":"2021-08-30"},{"lineNumber":26,"author":{"gitId":"rebchua39"},"content":"        }","lastModifiedDate":"2021-08-30"},{"lineNumber":27,"author":{"gitId":"rebchua39"},"content":"        return \"[ ] \" + description;","lastModifiedDate":"2021-08-30"},{"lineNumber":28,"author":{"gitId":"rebchua39"},"content":"    }","lastModifiedDate":"2021-08-30"},{"lineNumber":29,"author":{"gitId":"rebchua39"},"content":"}","lastModifiedDate":"2021-08-24"}],"authorContributionMap":{"rebchua39":29}},{"path":"src/main/java/Todo.java","fileType":"java","lines":[{"lineNumber":1,"author":{"gitId":"rebchua39"},"content":"public class Todo extends Task{","lastModifiedDate":"2021-08-30"},{"lineNumber":2,"author":{"gitId":"rebchua39"},"content":"    //...","lastModifiedDate":"2021-08-30"},{"lineNumber":3,"author":{"gitId":"rebchua39"},"content":"    public Todo(String description) {","lastModifiedDate":"2021-08-30"},{"lineNumber":4,"author":{"gitId":"rebchua39"},"content":"        super(description);","lastModifiedDate":"2021-08-30"},{"lineNumber":5,"author":{"gitId":"rebchua39"},"content":"    }","lastModifiedDate":"2021-08-30"},{"lineNumber":6,"author":{"gitId":"rebchua39"},"content":"","lastModifiedDate":"2021-08-30"},{"lineNumber":7,"author":{"gitId":"rebchua39"},"content":"    @Override","lastModifiedDate":"2021-08-30"},{"lineNumber":8,"author":{"gitId":"rebchua39"},"content":"    public String toString() {","lastModifiedDate":"2021-08-30"},{"lineNumber":9,"author":{"gitId":"rebchua39"},"content":"        return \"[T]\" + super.toString();","lastModifiedDate":"2021-08-30"},{"lineNumber":10,"author":{"gitId":"rebchua39"},"content":"    }","lastModifiedDate":"2021-08-30"},{"lineNumber":11,"author":{"gitId":"rebchua39"},"content":"}","lastModifiedDate":"2021-08-30"}],"authorContributionMap":{"rebchua39":11}}]
