[{"path":"src/main/java/Duke.java","fileType":"java","lines":[{"lineNumber":1,"author":{"gitId":"KZQ1999"},"content":"import java.util.Scanner;","lastModifiedDate":"2021-08-21"},{"lineNumber":2,"author":{"gitId":"KZQ1999"},"content":"import java.util.Arrays;","lastModifiedDate":"2021-08-21"},{"lineNumber":3,"author":{"gitId":"KZQ1999"},"content":"","lastModifiedDate":"2021-08-21"},{"lineNumber":4,"author":{"gitId":"-"},"content":"public class Duke {","lastModifiedDate":"2019-07-29"},{"lineNumber":5,"author":{"gitId":"KZQ1999"},"content":"","lastModifiedDate":"2021-08-14"},{"lineNumber":6,"author":{"gitId":"KZQ1999"},"content":"    public static void printLine() {","lastModifiedDate":"2021-08-21"},{"lineNumber":7,"author":{"gitId":"KZQ1999"},"content":"        for(int i \u003d0;i \u003c\u003d 50;i++) {","lastModifiedDate":"2021-08-22"},{"lineNumber":8,"author":{"gitId":"KZQ1999"},"content":"            System.out.print(\"~\");","lastModifiedDate":"2021-08-21"},{"lineNumber":9,"author":{"gitId":"KZQ1999"},"content":"        }","lastModifiedDate":"2021-08-14"},{"lineNumber":10,"author":{"gitId":"KZQ1999"},"content":"        System.out.println(\" \");","lastModifiedDate":"2021-08-14"},{"lineNumber":11,"author":{"gitId":"KZQ1999"},"content":"    }","lastModifiedDate":"2021-08-14"},{"lineNumber":12,"author":{"gitId":"KZQ1999"},"content":"","lastModifiedDate":"2021-08-14"},{"lineNumber":13,"author":{"gitId":"KZQ1999"},"content":"    public static void echoMessage(String line) {","lastModifiedDate":"2021-08-22"},{"lineNumber":14,"author":{"gitId":"KZQ1999"},"content":"        System.out.println(\"Owl: I\u0027ve remembered that!\\nOwl: You said this: \" + line);","lastModifiedDate":"2021-08-21"},{"lineNumber":15,"author":{"gitId":"KZQ1999"},"content":"    }","lastModifiedDate":"2021-08-21"},{"lineNumber":16,"author":{"gitId":"KZQ1999"},"content":"","lastModifiedDate":"2021-08-21"},{"lineNumber":17,"author":{"gitId":"KZQ1999"},"content":"    public static void listTask(Task[] taskList) {","lastModifiedDate":"2021-08-22"},{"lineNumber":18,"author":{"gitId":"KZQ1999"},"content":"        int taskIndex \u003d 0;","lastModifiedDate":"2021-08-22"},{"lineNumber":19,"author":{"gitId":"KZQ1999"},"content":"        int index \u003d 1;","lastModifiedDate":"2021-08-21"},{"lineNumber":20,"author":{"gitId":"KZQ1999"},"content":"        printLine();","lastModifiedDate":"2021-08-22"},{"lineNumber":21,"author":{"gitId":"KZQ1999"},"content":"        System.out.println(\"This are all the things I\u0027ve remembered for you:\");","lastModifiedDate":"2021-08-22"},{"lineNumber":22,"author":{"gitId":"KZQ1999"},"content":"        printLine();","lastModifiedDate":"2021-08-22"},{"lineNumber":23,"author":{"gitId":"KZQ1999"},"content":"        for(Task task:taskList) {","lastModifiedDate":"2021-08-22"},{"lineNumber":24,"author":{"gitId":"KZQ1999"},"content":"            Task theTask \u003d taskList[taskIndex];","lastModifiedDate":"2021-08-22"},{"lineNumber":25,"author":{"gitId":"KZQ1999"},"content":"            System.out.println(index + \".[\" + (theTask.getStatus()) + \"] \"+ theTask.getDescription());","lastModifiedDate":"2021-08-22"},{"lineNumber":26,"author":{"gitId":"KZQ1999"},"content":"            index++;","lastModifiedDate":"2021-08-21"},{"lineNumber":27,"author":{"gitId":"KZQ1999"},"content":"            taskIndex++;","lastModifiedDate":"2021-08-22"},{"lineNumber":28,"author":{"gitId":"KZQ1999"},"content":"        }","lastModifiedDate":"2021-08-21"},{"lineNumber":29,"author":{"gitId":"KZQ1999"},"content":"        printLine();","lastModifiedDate":"2021-08-22"},{"lineNumber":30,"author":{"gitId":"KZQ1999"},"content":"    }","lastModifiedDate":"2021-08-21"},{"lineNumber":31,"author":{"gitId":"KZQ1999"},"content":"","lastModifiedDate":"2021-08-14"},{"lineNumber":32,"author":{"gitId":"-"},"content":"    public static void main(String[] args) {","lastModifiedDate":"2019-07-29"},{"lineNumber":33,"author":{"gitId":"KZQ1999"},"content":"","lastModifiedDate":"2021-08-21"},{"lineNumber":34,"author":{"gitId":"KZQ1999"},"content":"        String LOGO \u003d \" ______   _       _   _\\n\"","lastModifiedDate":"2021-08-22"},{"lineNumber":35,"author":{"gitId":"KZQ1999"},"content":"                + \"|  __  | | | ___ | | | | \\n\"","lastModifiedDate":"2021-08-21"},{"lineNumber":36,"author":{"gitId":"KZQ1999"},"content":"                + \"| |  | | | |/   \\\\| | | | \\n\"","lastModifiedDate":"2021-08-21"},{"lineNumber":37,"author":{"gitId":"KZQ1999"},"content":"                + \"| |__| | |   / \\\\   | | |____\\n\"","lastModifiedDate":"2021-08-21"},{"lineNumber":38,"author":{"gitId":"KZQ1999"},"content":"                + \"|______| |__/   \\\\__| |______|\\n\";","lastModifiedDate":"2021-08-21"},{"lineNumber":39,"author":{"gitId":"KZQ1999"},"content":"        System.out.println(LOGO);","lastModifiedDate":"2021-08-22"},{"lineNumber":40,"author":{"gitId":"KZQ1999"},"content":"        printLine();","lastModifiedDate":"2021-08-21"},{"lineNumber":41,"author":{"gitId":"KZQ1999"},"content":"","lastModifiedDate":"2021-08-21"},{"lineNumber":42,"author":{"gitId":"KZQ1999"},"content":"        Scanner in \u003d new Scanner(System.in);","lastModifiedDate":"2021-08-21"},{"lineNumber":43,"author":{"gitId":"KZQ1999"},"content":"","lastModifiedDate":"2021-08-21"},{"lineNumber":44,"author":{"gitId":"KZQ1999"},"content":"        System.out.println(\"SQUAWK!!!\");","lastModifiedDate":"2021-08-21"},{"lineNumber":45,"author":{"gitId":"KZQ1999"},"content":"        System.out.println(\"How can I help you?\");","lastModifiedDate":"2021-08-21"},{"lineNumber":46,"author":{"gitId":"KZQ1999"},"content":"        printLine();","lastModifiedDate":"2021-08-21"},{"lineNumber":47,"author":{"gitId":"KZQ1999"},"content":"","lastModifiedDate":"2021-08-21"},{"lineNumber":48,"author":{"gitId":"KZQ1999"},"content":"        Task[] taskList \u003d new Task[100];","lastModifiedDate":"2021-08-22"},{"lineNumber":49,"author":{"gitId":"KZQ1999"},"content":"        int taskIndex \u003d 0;","lastModifiedDate":"2021-08-22"},{"lineNumber":50,"author":{"gitId":"KZQ1999"},"content":"","lastModifiedDate":"2021-08-22"},{"lineNumber":51,"author":{"gitId":"KZQ1999"},"content":"        String command;","lastModifiedDate":"2021-08-22"},{"lineNumber":52,"author":{"gitId":"KZQ1999"},"content":"        command \u003d in.nextLine();","lastModifiedDate":"2021-08-22"},{"lineNumber":53,"author":{"gitId":"KZQ1999"},"content":"        boolean isFinish \u003d false;","lastModifiedDate":"2021-08-22"},{"lineNumber":54,"author":{"gitId":"KZQ1999"},"content":"","lastModifiedDate":"2021-08-22"},{"lineNumber":55,"author":{"gitId":"KZQ1999"},"content":"        //while the command is not bye it keeps asking for more","lastModifiedDate":"2021-08-22"},{"lineNumber":56,"author":{"gitId":"KZQ1999"},"content":"        while(!command.equals(\"bye\")) {","lastModifiedDate":"2021-08-22"},{"lineNumber":57,"author":{"gitId":"KZQ1999"},"content":"            String[] breakDown \u003d command.split(\" \");","lastModifiedDate":"2021-08-22"},{"lineNumber":58,"author":{"gitId":"KZQ1999"},"content":"            int size \u003d breakDown.length;","lastModifiedDate":"2021-08-22"},{"lineNumber":59,"author":{"gitId":"KZQ1999"},"content":"            //If its a 2 part command and first is done second is digit","lastModifiedDate":"2021-08-22"},{"lineNumber":60,"author":{"gitId":"KZQ1999"},"content":"            if(size \u003d\u003d 2 \u0026\u0026 breakDown[0].equals(\"done\")) {","lastModifiedDate":"2021-08-22"},{"lineNumber":61,"author":{"gitId":"KZQ1999"},"content":"                int taskNumber \u003d Integer.parseInt(breakDown[1]);","lastModifiedDate":"2021-08-22"},{"lineNumber":62,"author":{"gitId":"KZQ1999"},"content":"                int arrayIndex \u003d taskNumber-1;","lastModifiedDate":"2021-08-22"},{"lineNumber":63,"author":{"gitId":"KZQ1999"},"content":"                taskList[arrayIndex].markDone();","lastModifiedDate":"2021-08-22"},{"lineNumber":64,"author":{"gitId":"KZQ1999"},"content":"                printLine();","lastModifiedDate":"2021-08-22"},{"lineNumber":65,"author":{"gitId":"KZQ1999"},"content":"                System.out.println(\"Oooh I see you\u0027ve done task \" + taskNumber);","lastModifiedDate":"2021-08-22"},{"lineNumber":66,"author":{"gitId":"KZQ1999"},"content":"                printLine();","lastModifiedDate":"2021-08-22"},{"lineNumber":67,"author":{"gitId":"KZQ1999"},"content":"                isFinish \u003d true;","lastModifiedDate":"2021-08-22"},{"lineNumber":68,"author":{"gitId":"KZQ1999"},"content":"            }","lastModifiedDate":"2021-08-22"},{"lineNumber":69,"author":{"gitId":"KZQ1999"},"content":"","lastModifiedDate":"2021-08-22"},{"lineNumber":70,"author":{"gitId":"KZQ1999"},"content":"            if(command.equals(\"list\")) {","lastModifiedDate":"2021-08-22"},{"lineNumber":71,"author":{"gitId":"KZQ1999"},"content":"                if(taskIndex \u003e 0) {","lastModifiedDate":"2021-08-22"},{"lineNumber":72,"author":{"gitId":"KZQ1999"},"content":"                    listTask(Arrays.copyOf(taskList,taskIndex));","lastModifiedDate":"2021-08-22"},{"lineNumber":73,"author":{"gitId":"KZQ1999"},"content":"                }","lastModifiedDate":"2021-08-21"},{"lineNumber":74,"author":{"gitId":"KZQ1999"},"content":"                isFinish \u003d true;","lastModifiedDate":"2021-08-22"},{"lineNumber":75,"author":{"gitId":"KZQ1999"},"content":"            }","lastModifiedDate":"2021-08-21"},{"lineNumber":76,"author":{"gitId":"KZQ1999"},"content":"","lastModifiedDate":"2021-08-22"},{"lineNumber":77,"author":{"gitId":"KZQ1999"},"content":"            if(!command.isEmpty() \u0026\u0026 !isFinish) {","lastModifiedDate":"2021-08-22"},{"lineNumber":78,"author":{"gitId":"KZQ1999"},"content":"                taskList[taskIndex] \u003d new Task(command);","lastModifiedDate":"2021-08-22"},{"lineNumber":79,"author":{"gitId":"KZQ1999"},"content":"                taskIndex++;","lastModifiedDate":"2021-08-22"},{"lineNumber":80,"author":{"gitId":"KZQ1999"},"content":"                printLine();","lastModifiedDate":"2021-08-21"},{"lineNumber":81,"author":{"gitId":"KZQ1999"},"content":"                echoMessage(command);","lastModifiedDate":"2021-08-22"},{"lineNumber":82,"author":{"gitId":"KZQ1999"},"content":"                printLine();","lastModifiedDate":"2021-08-21"},{"lineNumber":83,"author":{"gitId":"KZQ1999"},"content":"            }","lastModifiedDate":"2021-08-21"},{"lineNumber":84,"author":{"gitId":"KZQ1999"},"content":"            command \u003d in.nextLine();","lastModifiedDate":"2021-08-22"},{"lineNumber":85,"author":{"gitId":"KZQ1999"},"content":"            isFinish \u003d false;","lastModifiedDate":"2021-08-22"},{"lineNumber":86,"author":{"gitId":"KZQ1999"},"content":"        }","lastModifiedDate":"2021-08-21"},{"lineNumber":87,"author":{"gitId":"KZQ1999"},"content":"","lastModifiedDate":"2021-08-22"},{"lineNumber":88,"author":{"gitId":"KZQ1999"},"content":"        //If command is bye","lastModifiedDate":"2021-08-22"},{"lineNumber":89,"author":{"gitId":"KZQ1999"},"content":"        printLine();","lastModifiedDate":"2021-08-21"},{"lineNumber":90,"author":{"gitId":"KZQ1999"},"content":"        System.out.println(\"SQUAWK! See you next time! :)\");","lastModifiedDate":"2021-08-21"},{"lineNumber":91,"author":{"gitId":"KZQ1999"},"content":"        printLine();","lastModifiedDate":"2021-08-21"},{"lineNumber":92,"author":{"gitId":"-"},"content":"    }","lastModifiedDate":"2019-07-29"},{"lineNumber":93,"author":{"gitId":"-"},"content":"}","lastModifiedDate":"2019-07-29"},{"lineNumber":94,"author":{"gitId":"KZQ1999"},"content":"","lastModifiedDate":"2021-08-22"}],"authorContributionMap":{"KZQ1999":90,"-":4}},{"path":"src/main/java/Task.java","fileType":"java","lines":[{"lineNumber":1,"author":{"gitId":"KZQ1999"},"content":"public class Task {","lastModifiedDate":"2021-08-22"},{"lineNumber":2,"author":{"gitId":"KZQ1999"},"content":"    protected String description;","lastModifiedDate":"2021-08-22"},{"lineNumber":3,"author":{"gitId":"KZQ1999"},"content":"    protected boolean isDone;","lastModifiedDate":"2021-08-22"},{"lineNumber":4,"author":{"gitId":"KZQ1999"},"content":"","lastModifiedDate":"2021-08-22"},{"lineNumber":5,"author":{"gitId":"KZQ1999"},"content":"    public Task(String description) {","lastModifiedDate":"2021-08-22"},{"lineNumber":6,"author":{"gitId":"KZQ1999"},"content":"        this.description \u003d description;","lastModifiedDate":"2021-08-22"},{"lineNumber":7,"author":{"gitId":"KZQ1999"},"content":"        this.isDone \u003d false;","lastModifiedDate":"2021-08-22"},{"lineNumber":8,"author":{"gitId":"KZQ1999"},"content":"    }","lastModifiedDate":"2021-08-22"},{"lineNumber":9,"author":{"gitId":"KZQ1999"},"content":"","lastModifiedDate":"2021-08-22"},{"lineNumber":10,"author":{"gitId":"KZQ1999"},"content":"    public String getStatus(){","lastModifiedDate":"2021-08-22"},{"lineNumber":11,"author":{"gitId":"KZQ1999"},"content":"        return (isDone ? \"X\" : \" \");","lastModifiedDate":"2021-08-22"},{"lineNumber":12,"author":{"gitId":"KZQ1999"},"content":"    }","lastModifiedDate":"2021-08-22"},{"lineNumber":13,"author":{"gitId":"KZQ1999"},"content":"","lastModifiedDate":"2021-08-22"},{"lineNumber":14,"author":{"gitId":"KZQ1999"},"content":"    public String getDescription() {","lastModifiedDate":"2021-08-22"},{"lineNumber":15,"author":{"gitId":"KZQ1999"},"content":"        return description;","lastModifiedDate":"2021-08-22"},{"lineNumber":16,"author":{"gitId":"KZQ1999"},"content":"    }","lastModifiedDate":"2021-08-22"},{"lineNumber":17,"author":{"gitId":"KZQ1999"},"content":"","lastModifiedDate":"2021-08-22"},{"lineNumber":18,"author":{"gitId":"KZQ1999"},"content":"","lastModifiedDate":"2021-08-22"},{"lineNumber":19,"author":{"gitId":"KZQ1999"},"content":"    public void markDone(){","lastModifiedDate":"2021-08-22"},{"lineNumber":20,"author":{"gitId":"KZQ1999"},"content":"        this.isDone \u003d true;","lastModifiedDate":"2021-08-22"},{"lineNumber":21,"author":{"gitId":"KZQ1999"},"content":"    }","lastModifiedDate":"2021-08-22"},{"lineNumber":22,"author":{"gitId":"KZQ1999"},"content":"}","lastModifiedDate":"2021-08-22"}],"authorContributionMap":{"KZQ1999":22}}]
