[{"path":"src/main/java/duke/DataManager.java","fileType":"java","lines":[{"lineNumber":1,"author":{"gitId":"Yitching"},"content":"package duke;","lastModifiedDate":"2021-09-14"},{"lineNumber":2,"author":{"gitId":"Yitching"},"content":"","lastModifiedDate":"2021-09-14"},{"lineNumber":3,"author":{"gitId":"Yitching"},"content":"import duke.actions.Task;","lastModifiedDate":"2021-09-14"},{"lineNumber":4,"author":{"gitId":"Yitching"},"content":"import duke.exceptions.DukeException;","lastModifiedDate":"2021-09-14"},{"lineNumber":5,"author":{"gitId":"Yitching"},"content":"","lastModifiedDate":"2021-09-14"},{"lineNumber":6,"author":{"gitId":"Yitching"},"content":"import java.io.*;","lastModifiedDate":"2021-09-14"},{"lineNumber":7,"author":{"gitId":"Yitching"},"content":"import java.lang.reflect.Array;","lastModifiedDate":"2021-09-14"},{"lineNumber":8,"author":{"gitId":"Yitching"},"content":"import java.util.ArrayList;","lastModifiedDate":"2021-09-14"},{"lineNumber":9,"author":{"gitId":"Yitching"},"content":"import java.util.Scanner;","lastModifiedDate":"2021-09-14"},{"lineNumber":10,"author":{"gitId":"Yitching"},"content":"","lastModifiedDate":"2021-09-14"},{"lineNumber":11,"author":{"gitId":"Yitching"},"content":"public class DataManager {","lastModifiedDate":"2021-09-14"},{"lineNumber":12,"author":{"gitId":"Yitching"},"content":"","lastModifiedDate":"2021-09-14"},{"lineNumber":13,"author":{"gitId":"Yitching"},"content":"    public static void appendToFile(String filePath, ArrayList\u003cTask\u003e taskList) throws IOException {","lastModifiedDate":"2021-09-14"},{"lineNumber":14,"author":{"gitId":"Yitching"},"content":"        FileWriter fw \u003d new FileWriter(filePath, true);","lastModifiedDate":"2021-09-14"},{"lineNumber":15,"author":{"gitId":"Yitching"},"content":"        // Format of duke.txt file: D|run|2pm|","lastModifiedDate":"2021-09-14"},{"lineNumber":16,"author":{"gitId":"Yitching"},"content":"        for (Task task : taskList) {","lastModifiedDate":"2021-09-14"},{"lineNumber":17,"author":{"gitId":"Yitching"},"content":"            fw.write(task.getTaskType() + \"|\" + task.getDescription() + \"|\" + task.getDeadline() + \"|\" + task.getStatusIcon() + System.lineSeparator());","lastModifiedDate":"2021-09-14"},{"lineNumber":18,"author":{"gitId":"Yitching"},"content":"        }","lastModifiedDate":"2021-09-14"},{"lineNumber":19,"author":{"gitId":"Yitching"},"content":"        fw.close();","lastModifiedDate":"2021-09-14"},{"lineNumber":20,"author":{"gitId":"Yitching"},"content":"    }","lastModifiedDate":"2021-09-14"},{"lineNumber":21,"author":{"gitId":"Yitching"},"content":"","lastModifiedDate":"2021-09-14"},{"lineNumber":22,"author":{"gitId":"Yitching"},"content":"    public static void readFileContents(String filePath, ArrayList\u003cTask\u003e taskList) throws FileNotFoundException, DukeException {","lastModifiedDate":"2021-09-14"},{"lineNumber":23,"author":{"gitId":"Yitching"},"content":"        File f \u003d new File(filePath); // create a File for the given file path","lastModifiedDate":"2021-09-14"},{"lineNumber":24,"author":{"gitId":"Yitching"},"content":"        Scanner s \u003d new Scanner(f); // create a Scanner using the File as the source","lastModifiedDate":"2021-09-14"},{"lineNumber":25,"author":{"gitId":"Yitching"},"content":"        int currentIndex \u003d 0;","lastModifiedDate":"2021-09-14"},{"lineNumber":26,"author":{"gitId":"Yitching"},"content":"        while (s.hasNext()) {","lastModifiedDate":"2021-09-14"},{"lineNumber":27,"author":{"gitId":"Yitching"},"content":"            String line \u003d s.nextLine();","lastModifiedDate":"2021-09-14"},{"lineNumber":28,"author":{"gitId":"Yitching"},"content":"            String[] params \u003d line.split(\"\\\\|\");","lastModifiedDate":"2021-09-14"},{"lineNumber":29,"author":{"gitId":"Yitching"},"content":"            switch (params[0]) {","lastModifiedDate":"2021-09-14"},{"lineNumber":30,"author":{"gitId":"Yitching"},"content":"            case \"T\":","lastModifiedDate":"2021-09-14"},{"lineNumber":31,"author":{"gitId":"Yitching"},"content":"                TaskManager.addTaskAsToDo(taskList, params[1], true);","lastModifiedDate":"2021-09-14"},{"lineNumber":32,"author":{"gitId":"Yitching"},"content":"                break;","lastModifiedDate":"2021-09-14"},{"lineNumber":33,"author":{"gitId":"Yitching"},"content":"            case \"D\":","lastModifiedDate":"2021-09-14"},{"lineNumber":34,"author":{"gitId":"Yitching"},"content":"                TaskManager.addTaskAsDeadline(taskList, \"deadline \" + params[1] + \"/by\" + params[2], true);","lastModifiedDate":"2021-09-14"},{"lineNumber":35,"author":{"gitId":"Yitching"},"content":"                break;","lastModifiedDate":"2021-09-14"},{"lineNumber":36,"author":{"gitId":"Yitching"},"content":"            case \"E\":","lastModifiedDate":"2021-09-14"},{"lineNumber":37,"author":{"gitId":"Yitching"},"content":"                TaskManager.addTaskAsEvent(taskList, \"event \" + params[1] + \"/at\" + params[2], true);","lastModifiedDate":"2021-09-14"},{"lineNumber":38,"author":{"gitId":"Yitching"},"content":"                break;","lastModifiedDate":"2021-09-14"},{"lineNumber":39,"author":{"gitId":"Yitching"},"content":"            }","lastModifiedDate":"2021-09-14"},{"lineNumber":40,"author":{"gitId":"Yitching"},"content":"            if (params[3].equals(\"X\")) {","lastModifiedDate":"2021-09-14"},{"lineNumber":41,"author":{"gitId":"Yitching"},"content":"                taskList.get(currentIndex).updateIsDone();","lastModifiedDate":"2021-09-14"},{"lineNumber":42,"author":{"gitId":"Yitching"},"content":"            }","lastModifiedDate":"2021-09-14"},{"lineNumber":43,"author":{"gitId":"Yitching"},"content":"            currentIndex++;","lastModifiedDate":"2021-09-14"},{"lineNumber":44,"author":{"gitId":"Yitching"},"content":"        }","lastModifiedDate":"2021-09-14"},{"lineNumber":45,"author":{"gitId":"Yitching"},"content":"    }","lastModifiedDate":"2021-09-14"},{"lineNumber":46,"author":{"gitId":"Yitching"},"content":"","lastModifiedDate":"2021-09-14"},{"lineNumber":47,"author":{"gitId":"Yitching"},"content":"    public static void printPreviousFileContents(String filePath, ArrayList\u003cTask\u003e taskList) {","lastModifiedDate":"2021-09-14"},{"lineNumber":48,"author":{"gitId":"Yitching"},"content":"        try {","lastModifiedDate":"2021-09-14"},{"lineNumber":49,"author":{"gitId":"Yitching"},"content":"            DataManager.readFileContents(filePath, taskList);","lastModifiedDate":"2021-09-14"},{"lineNumber":50,"author":{"gitId":"Yitching"},"content":"        } catch (FileNotFoundException e) {","lastModifiedDate":"2021-09-14"},{"lineNumber":51,"author":{"gitId":"Yitching"},"content":"            System.out.println(\"No data detected! I see you are a new user...Starting afresh!\");","lastModifiedDate":"2021-09-14"},{"lineNumber":52,"author":{"gitId":"Yitching"},"content":"        } catch (DukeException e) {","lastModifiedDate":"2021-09-14"},{"lineNumber":53,"author":{"gitId":"Yitching"},"content":"            System.out.println(\"Duke Exception thrown!\");","lastModifiedDate":"2021-09-14"},{"lineNumber":54,"author":{"gitId":"Yitching"},"content":"        }","lastModifiedDate":"2021-09-14"},{"lineNumber":55,"author":{"gitId":"Yitching"},"content":"    }","lastModifiedDate":"2021-09-14"},{"lineNumber":56,"author":{"gitId":"Yitching"},"content":"","lastModifiedDate":"2021-09-14"},{"lineNumber":57,"author":{"gitId":"Yitching"},"content":"    public static void storeCurrentList(String filePath, ArrayList\u003cTask\u003e taskList) {","lastModifiedDate":"2021-09-14"},{"lineNumber":58,"author":{"gitId":"Yitching"},"content":"        try {","lastModifiedDate":"2021-09-14"},{"lineNumber":59,"author":{"gitId":"Yitching"},"content":"            PrintWriter pw \u003d new PrintWriter(filePath);","lastModifiedDate":"2021-09-14"},{"lineNumber":60,"author":{"gitId":"Yitching"},"content":"            pw.write(\"\");","lastModifiedDate":"2021-09-14"},{"lineNumber":61,"author":{"gitId":"Yitching"},"content":"            pw.flush();","lastModifiedDate":"2021-09-14"},{"lineNumber":62,"author":{"gitId":"Yitching"},"content":"            pw.close();","lastModifiedDate":"2021-09-14"},{"lineNumber":63,"author":{"gitId":"Yitching"},"content":"            DataManager.appendToFile(filePath, taskList);","lastModifiedDate":"2021-09-14"},{"lineNumber":64,"author":{"gitId":"Yitching"},"content":"        } catch (IOException e) {","lastModifiedDate":"2021-09-14"},{"lineNumber":65,"author":{"gitId":"Yitching"},"content":"            e.printStackTrace();","lastModifiedDate":"2021-09-14"},{"lineNumber":66,"author":{"gitId":"Yitching"},"content":"        }","lastModifiedDate":"2021-09-14"},{"lineNumber":67,"author":{"gitId":"Yitching"},"content":"    }","lastModifiedDate":"2021-09-14"},{"lineNumber":68,"author":{"gitId":"Yitching"},"content":"}","lastModifiedDate":"2021-09-14"}],"authorContributionMap":{"Yitching":68}},{"path":"src/main/java/duke/Duke.java","fileType":"java","lines":[{"lineNumber":1,"author":{"gitId":"Yitching"},"content":"package duke;","lastModifiedDate":"2021-09-05"},{"lineNumber":2,"author":{"gitId":"Yitching"},"content":"","lastModifiedDate":"2021-09-05"},{"lineNumber":3,"author":{"gitId":"Yitching"},"content":"import duke.actions.Task;","lastModifiedDate":"2021-09-05"},{"lineNumber":4,"author":{"gitId":"Yitching"},"content":"import duke.exceptions.DukeException;","lastModifiedDate":"2021-09-05"},{"lineNumber":5,"author":{"gitId":"Yitching"},"content":"","lastModifiedDate":"2021-09-05"},{"lineNumber":6,"author":{"gitId":"Yitching"},"content":"import javax.xml.crypto.Data;","lastModifiedDate":"2021-09-14"},{"lineNumber":7,"author":{"gitId":"Yitching"},"content":"import java.io.File;","lastModifiedDate":"2021-09-14"},{"lineNumber":8,"author":{"gitId":"Yitching"},"content":"import java.io.IOException;","lastModifiedDate":"2021-09-14"},{"lineNumber":9,"author":{"gitId":"Yitching"},"content":"import java.io.PrintWriter;","lastModifiedDate":"2021-09-14"},{"lineNumber":10,"author":{"gitId":"Yitching"},"content":"import java.util.ArrayList;","lastModifiedDate":"2021-08-20"},{"lineNumber":11,"author":{"gitId":"Yitching"},"content":"import java.util.Scanner;","lastModifiedDate":"2021-08-20"},{"lineNumber":12,"author":{"gitId":"Yitching"},"content":"","lastModifiedDate":"2021-08-20"},{"lineNumber":13,"author":{"gitId":"Yitching"},"content":"public class Duke extends TaskManager {","lastModifiedDate":"2021-09-06"},{"lineNumber":14,"author":{"gitId":"Yitching"},"content":"","lastModifiedDate":"2021-08-29"},{"lineNumber":15,"author":{"gitId":"Yitching"},"content":"    public static final String FILE_PATH \u003d \"duke.txt\";","lastModifiedDate":"2021-09-14"},{"lineNumber":16,"author":{"gitId":"Yitching"},"content":"","lastModifiedDate":"2021-09-14"},{"lineNumber":17,"author":{"gitId":"Yitching"},"content":"    public static void main(String[] args) {","lastModifiedDate":"2021-08-29"},{"lineNumber":18,"author":{"gitId":"Yitching"},"content":"        Scanner in \u003d new Scanner(System.in);","lastModifiedDate":"2021-08-29"},{"lineNumber":19,"author":{"gitId":"Yitching"},"content":"        ArrayList\u003cTask\u003e taskList \u003d new ArrayList\u003c\u003e();","lastModifiedDate":"2021-08-29"},{"lineNumber":20,"author":{"gitId":"Yitching"},"content":"        String userInput \u003d \"\";","lastModifiedDate":"2021-08-20"},{"lineNumber":21,"author":{"gitId":"Yitching"},"content":"        printIntro();","lastModifiedDate":"2021-09-06"},{"lineNumber":22,"author":{"gitId":"Yitching"},"content":"        DataManager.printPreviousFileContents(FILE_PATH, taskList);","lastModifiedDate":"2021-09-14"},{"lineNumber":23,"author":{"gitId":"Yitching"},"content":"        while (!userInput.startsWith(\"bye\")) {","lastModifiedDate":"2021-08-31"},{"lineNumber":24,"author":{"gitId":"Yitching"},"content":"            userInput \u003d in.nextLine().toLowerCase();","lastModifiedDate":"2021-08-24"},{"lineNumber":25,"author":{"gitId":"Yitching"},"content":"            try {","lastModifiedDate":"2021-09-06"},{"lineNumber":26,"author":{"gitId":"Yitching"},"content":"                if (userInput.contains(\"help\")) {","lastModifiedDate":"2021-08-28"},{"lineNumber":27,"author":{"gitId":"Yitching"},"content":"                    printHelpList();","lastModifiedDate":"2021-08-29"},{"lineNumber":28,"author":{"gitId":"Yitching"},"content":"                } else if (userInput.startsWith(\"to do \")) {","lastModifiedDate":"2021-08-31"},{"lineNumber":29,"author":{"gitId":"Yitching"},"content":"                    addTaskAsToDo(taskList, userInput, false);","lastModifiedDate":"2021-09-14"},{"lineNumber":30,"author":{"gitId":"Yitching"},"content":"                } else if (userInput.startsWith(\"deadline \")) {","lastModifiedDate":"2021-08-31"},{"lineNumber":31,"author":{"gitId":"Yitching"},"content":"                    addTaskAsDeadline(taskList, userInput, false);","lastModifiedDate":"2021-09-14"},{"lineNumber":32,"author":{"gitId":"Yitching"},"content":"                } else if (userInput.startsWith(\"event \")) {","lastModifiedDate":"2021-08-31"},{"lineNumber":33,"author":{"gitId":"Yitching"},"content":"                    addTaskAsEvent(taskList, userInput, false);","lastModifiedDate":"2021-09-14"},{"lineNumber":34,"author":{"gitId":"Yitching"},"content":"                } else if (userInput.startsWith(\"list\")) {","lastModifiedDate":"2021-08-31"},{"lineNumber":35,"author":{"gitId":"Yitching"},"content":"                    printTaskList(taskList);","lastModifiedDate":"2021-08-29"},{"lineNumber":36,"author":{"gitId":"Yitching"},"content":"                } else if (userInput.startsWith(\"delete\")) {","lastModifiedDate":"2021-09-14"},{"lineNumber":37,"author":{"gitId":"Yitching"},"content":"                    deleteTaskFromToDo(taskList, userInput);","lastModifiedDate":"2021-09-14"},{"lineNumber":38,"author":{"gitId":"Yitching"},"content":"                } else if (userInput.startsWith(\"done \")) {","lastModifiedDate":"2021-08-31"},{"lineNumber":39,"author":{"gitId":"Yitching"},"content":"                    markTaskAsDone(taskList, userInput);","lastModifiedDate":"2021-08-28"},{"lineNumber":40,"author":{"gitId":"Yitching"},"content":"                } else if (userInput.startsWith(\"bye\")) {","lastModifiedDate":"2021-08-31"},{"lineNumber":41,"author":{"gitId":"Yitching"},"content":"                    break;","lastModifiedDate":"2021-08-31"},{"lineNumber":42,"author":{"gitId":"Yitching"},"content":"                } else {","lastModifiedDate":"2021-08-31"},{"lineNumber":43,"author":{"gitId":"Yitching"},"content":"                    printErrorForInvalidCommand(userInput);","lastModifiedDate":"2021-09-06"},{"lineNumber":44,"author":{"gitId":"Yitching"},"content":"                }","lastModifiedDate":"2021-08-24"},{"lineNumber":45,"author":{"gitId":"Yitching"},"content":"            } catch (DukeException | IndexOutOfBoundsException e) {","lastModifiedDate":"2021-09-06"},{"lineNumber":46,"author":{"gitId":"Yitching"},"content":"                System.out.println(e.getMessage());","lastModifiedDate":"2021-09-06"},{"lineNumber":47,"author":{"gitId":"Yitching"},"content":"            }","lastModifiedDate":"2021-08-20"},{"lineNumber":48,"author":{"gitId":"Yitching"},"content":"        }","lastModifiedDate":"2021-08-28"},{"lineNumber":49,"author":{"gitId":"Yitching"},"content":"        DataManager.storeCurrentList(FILE_PATH, taskList);","lastModifiedDate":"2021-09-14"},{"lineNumber":50,"author":{"gitId":"Yitching"},"content":"        printOutro();","lastModifiedDate":"2021-09-06"},{"lineNumber":51,"author":{"gitId":"-"},"content":"    }","lastModifiedDate":"2019-07-29"},{"lineNumber":52,"author":{"gitId":"-"},"content":"}","lastModifiedDate":"2019-07-29"}],"authorContributionMap":{"Yitching":50,"-":2}},{"path":"src/main/java/duke/GeneralMethods.java","fileType":"java","lines":[{"lineNumber":1,"author":{"gitId":"Yitching"},"content":"package duke;","lastModifiedDate":"2021-09-06"},{"lineNumber":2,"author":{"gitId":"Yitching"},"content":"","lastModifiedDate":"2021-09-06"},{"lineNumber":3,"author":{"gitId":"Yitching"},"content":"import duke.actions.Task;","lastModifiedDate":"2021-09-06"},{"lineNumber":4,"author":{"gitId":"Yitching"},"content":"","lastModifiedDate":"2021-09-06"},{"lineNumber":5,"author":{"gitId":"Yitching"},"content":"import java.io.File;","lastModifiedDate":"2021-09-14"},{"lineNumber":6,"author":{"gitId":"Yitching"},"content":"import java.io.FileNotFoundException;","lastModifiedDate":"2021-09-14"},{"lineNumber":7,"author":{"gitId":"Yitching"},"content":"import java.io.FileWriter;","lastModifiedDate":"2021-09-14"},{"lineNumber":8,"author":{"gitId":"Yitching"},"content":"import java.io.IOException;","lastModifiedDate":"2021-09-14"},{"lineNumber":9,"author":{"gitId":"Yitching"},"content":"import java.util.ArrayList;","lastModifiedDate":"2021-09-06"},{"lineNumber":10,"author":{"gitId":"Yitching"},"content":"import java.util.Scanner;","lastModifiedDate":"2021-09-14"},{"lineNumber":11,"author":{"gitId":"Yitching"},"content":"","lastModifiedDate":"2021-09-06"},{"lineNumber":12,"author":{"gitId":"Yitching"},"content":"public class GeneralMethods {","lastModifiedDate":"2021-09-06"},{"lineNumber":13,"author":{"gitId":"Yitching"},"content":"","lastModifiedDate":"2021-09-06"},{"lineNumber":14,"author":{"gitId":"Yitching"},"content":"    public static final String HORIZONTAL_LINE \u003d \"------------------------------------------------------\";","lastModifiedDate":"2021-09-06"},{"lineNumber":15,"author":{"gitId":"Yitching"},"content":"    public static final String HELP_LIST \u003d","lastModifiedDate":"2021-09-06"},{"lineNumber":16,"author":{"gitId":"Yitching"},"content":"            \"Use the following commands!\\n\" +","lastModifiedDate":"2021-09-06"},{"lineNumber":17,"author":{"gitId":"Yitching"},"content":"            \"To add a task without deadline: to do [taskName]\\n\" +","lastModifiedDate":"2021-09-06"},{"lineNumber":18,"author":{"gitId":"Yitching"},"content":"            \"To add a task with a deadline: deadline [deadlineName] /by [deadline]\\n\" +","lastModifiedDate":"2021-09-06"},{"lineNumber":19,"author":{"gitId":"Yitching"},"content":"            \"To add an event: event [eventName] /at [eventTime]\\n\" +","lastModifiedDate":"2021-09-06"},{"lineNumber":20,"author":{"gitId":"Yitching"},"content":"            \"To mark a task as done: done [taskNumber]\\n\" +","lastModifiedDate":"2021-09-06"},{"lineNumber":21,"author":{"gitId":"Yitching"},"content":"            \"To view your current task list, simply type: list\\n\" +","lastModifiedDate":"2021-09-06"},{"lineNumber":22,"author":{"gitId":"Yitching"},"content":"            \"To end your chat with me, simply type: bye\\n\" +","lastModifiedDate":"2021-09-06"},{"lineNumber":23,"author":{"gitId":"Yitching"},"content":"            HORIZONTAL_LINE;","lastModifiedDate":"2021-09-06"},{"lineNumber":24,"author":{"gitId":"Yitching"},"content":"    public static final String STRING_LOGO \u003d","lastModifiedDate":"2021-09-06"},{"lineNumber":25,"author":{"gitId":"Yitching"},"content":"            \" ____        _        \\n\"","lastModifiedDate":"2021-09-06"},{"lineNumber":26,"author":{"gitId":"Yitching"},"content":"            + \"|  _ \\\\ _   _| | _____ \\n\"","lastModifiedDate":"2021-09-06"},{"lineNumber":27,"author":{"gitId":"Yitching"},"content":"            + \"| | | | | | | |/ / _ \\\\\\n\"","lastModifiedDate":"2021-09-06"},{"lineNumber":28,"author":{"gitId":"Yitching"},"content":"            + \"| |_| | |_| |   \u003c  __/\\n\"","lastModifiedDate":"2021-09-06"},{"lineNumber":29,"author":{"gitId":"Yitching"},"content":"            + \"|____/ \\\\__,_|_|\\\\_\\\\___|\\n\";","lastModifiedDate":"2021-09-06"},{"lineNumber":30,"author":{"gitId":"Yitching"},"content":"    public static final String INTRODUCTION_MESSAGE \u003d","lastModifiedDate":"2021-09-06"},{"lineNumber":31,"author":{"gitId":"Yitching"},"content":"            \"Hello! I\u0027m Duke!\\n\"","lastModifiedDate":"2021-09-06"},{"lineNumber":32,"author":{"gitId":"Yitching"},"content":"            + \"So far, I can create a simple task list for you.\\n\"","lastModifiedDate":"2021-09-06"},{"lineNumber":33,"author":{"gitId":"Yitching"},"content":"            + \"What can I do for you?\\n\";","lastModifiedDate":"2021-09-06"},{"lineNumber":34,"author":{"gitId":"Yitching"},"content":"","lastModifiedDate":"2021-09-06"},{"lineNumber":35,"author":{"gitId":"Yitching"},"content":"    public static void printIntro() {","lastModifiedDate":"2021-09-06"},{"lineNumber":36,"author":{"gitId":"Yitching"},"content":"        System.out.println(\"Hello from\\n\" + STRING_LOGO);","lastModifiedDate":"2021-09-06"},{"lineNumber":37,"author":{"gitId":"Yitching"},"content":"        System.out.println(HORIZONTAL_LINE);","lastModifiedDate":"2021-09-06"},{"lineNumber":38,"author":{"gitId":"Yitching"},"content":"        System.out.println(INTRODUCTION_MESSAGE);","lastModifiedDate":"2021-09-06"},{"lineNumber":39,"author":{"gitId":"Yitching"},"content":"    }","lastModifiedDate":"2021-09-06"},{"lineNumber":40,"author":{"gitId":"Yitching"},"content":"","lastModifiedDate":"2021-09-06"},{"lineNumber":41,"author":{"gitId":"Yitching"},"content":"    public static void printOutro(){","lastModifiedDate":"2021-09-06"},{"lineNumber":42,"author":{"gitId":"Yitching"},"content":"        System.out.println(\"Bye! Hope to see you again soon!\");","lastModifiedDate":"2021-09-06"},{"lineNumber":43,"author":{"gitId":"Yitching"},"content":"        System.out.println(HORIZONTAL_LINE);","lastModifiedDate":"2021-09-06"},{"lineNumber":44,"author":{"gitId":"Yitching"},"content":"    }","lastModifiedDate":"2021-09-06"},{"lineNumber":45,"author":{"gitId":"Yitching"},"content":"","lastModifiedDate":"2021-09-06"},{"lineNumber":46,"author":{"gitId":"Yitching"},"content":"    public static void printTaskMarkAsDone(ArrayList\u003cTask\u003e taskList, int taskNumber) {","lastModifiedDate":"2021-09-06"},{"lineNumber":47,"author":{"gitId":"Yitching"},"content":"        Task taskUpdated \u003d taskList.get(taskNumber);","lastModifiedDate":"2021-09-06"},{"lineNumber":48,"author":{"gitId":"Yitching"},"content":"        taskUpdated.updateIsDone();","lastModifiedDate":"2021-09-06"},{"lineNumber":49,"author":{"gitId":"Yitching"},"content":"        taskUpdated.printMarkAsDoneMessage(taskNumber);","lastModifiedDate":"2021-09-06"},{"lineNumber":50,"author":{"gitId":"Yitching"},"content":"    }","lastModifiedDate":"2021-09-06"},{"lineNumber":51,"author":{"gitId":"Yitching"},"content":"","lastModifiedDate":"2021-09-06"},{"lineNumber":52,"author":{"gitId":"Yitching"},"content":"    public static void printTaskList(ArrayList\u003cTask\u003e taskList) {","lastModifiedDate":"2021-09-06"},{"lineNumber":53,"author":{"gitId":"Yitching"},"content":"        int listIndex \u003d 1;","lastModifiedDate":"2021-09-06"},{"lineNumber":54,"author":{"gitId":"Yitching"},"content":"        System.out.println(HORIZONTAL_LINE);","lastModifiedDate":"2021-09-06"},{"lineNumber":55,"author":{"gitId":"Yitching"},"content":"        for (Task task : taskList) {","lastModifiedDate":"2021-09-06"},{"lineNumber":56,"author":{"gitId":"Yitching"},"content":"            task.printTaskList(listIndex);","lastModifiedDate":"2021-09-06"},{"lineNumber":57,"author":{"gitId":"Yitching"},"content":"            listIndex++;","lastModifiedDate":"2021-09-06"},{"lineNumber":58,"author":{"gitId":"Yitching"},"content":"        }","lastModifiedDate":"2021-09-06"},{"lineNumber":59,"author":{"gitId":"Yitching"},"content":"        System.out.println(HORIZONTAL_LINE);","lastModifiedDate":"2021-09-06"},{"lineNumber":60,"author":{"gitId":"Yitching"},"content":"    }","lastModifiedDate":"2021-09-06"},{"lineNumber":61,"author":{"gitId":"Yitching"},"content":"","lastModifiedDate":"2021-09-06"},{"lineNumber":62,"author":{"gitId":"Yitching"},"content":"    public static void printTaskAddedConfirmation(Task taskAdded) {","lastModifiedDate":"2021-09-06"},{"lineNumber":63,"author":{"gitId":"Yitching"},"content":"        System.out.println(HORIZONTAL_LINE);","lastModifiedDate":"2021-09-06"},{"lineNumber":64,"author":{"gitId":"Yitching"},"content":"        taskAdded.printTaskAddedMessage();","lastModifiedDate":"2021-09-06"},{"lineNumber":65,"author":{"gitId":"Yitching"},"content":"        System.out.println(HORIZONTAL_LINE);","lastModifiedDate":"2021-09-06"},{"lineNumber":66,"author":{"gitId":"Yitching"},"content":"    }","lastModifiedDate":"2021-09-06"},{"lineNumber":67,"author":{"gitId":"Yitching"},"content":"","lastModifiedDate":"2021-09-06"},{"lineNumber":68,"author":{"gitId":"Yitching"},"content":"    public static void printHelpList() {","lastModifiedDate":"2021-09-06"},{"lineNumber":69,"author":{"gitId":"Yitching"},"content":"        System.out.println(HELP_LIST);","lastModifiedDate":"2021-09-06"},{"lineNumber":70,"author":{"gitId":"Yitching"},"content":"    }","lastModifiedDate":"2021-09-06"},{"lineNumber":71,"author":{"gitId":"Yitching"},"content":"","lastModifiedDate":"2021-09-06"},{"lineNumber":72,"author":{"gitId":"Yitching"},"content":"    public static void printErrorForInvalidCommand(String userInput) {","lastModifiedDate":"2021-09-06"},{"lineNumber":73,"author":{"gitId":"Yitching"},"content":"        System.out.println(\"Aw man! I am unable to \" + userInput + \" yet! Please specify a different function! :D\");","lastModifiedDate":"2021-09-06"},{"lineNumber":74,"author":{"gitId":"Yitching"},"content":"    }","lastModifiedDate":"2021-09-06"},{"lineNumber":75,"author":{"gitId":"Yitching"},"content":"    public static void printTaskDeletedConfirmation(Task taskAdded, int index) {","lastModifiedDate":"2021-09-14"},{"lineNumber":76,"author":{"gitId":"Yitching"},"content":"        System.out.println(HORIZONTAL_LINE);","lastModifiedDate":"2021-09-14"},{"lineNumber":77,"author":{"gitId":"Yitching"},"content":"        taskAdded.printTaskDeletedMessage(index);","lastModifiedDate":"2021-09-14"},{"lineNumber":78,"author":{"gitId":"Yitching"},"content":"        System.out.println(HORIZONTAL_LINE);","lastModifiedDate":"2021-09-14"},{"lineNumber":79,"author":{"gitId":"Yitching"},"content":"    }","lastModifiedDate":"2021-09-14"},{"lineNumber":80,"author":{"gitId":"Yitching"},"content":"","lastModifiedDate":"2021-09-06"},{"lineNumber":81,"author":{"gitId":"Yitching"},"content":"    public static boolean isValidNumber(String strNum) {","lastModifiedDate":"2021-09-06"},{"lineNumber":82,"author":{"gitId":"Yitching"},"content":"        if (strNum \u003d\u003d null) {","lastModifiedDate":"2021-09-06"},{"lineNumber":83,"author":{"gitId":"Yitching"},"content":"            return false;","lastModifiedDate":"2021-09-06"},{"lineNumber":84,"author":{"gitId":"Yitching"},"content":"        }","lastModifiedDate":"2021-09-06"},{"lineNumber":85,"author":{"gitId":"Yitching"},"content":"        try {","lastModifiedDate":"2021-09-06"},{"lineNumber":86,"author":{"gitId":"Yitching"},"content":"            int d \u003d Integer.parseInt(strNum);","lastModifiedDate":"2021-09-06"},{"lineNumber":87,"author":{"gitId":"Yitching"},"content":"        } catch (NumberFormatException nfe) {","lastModifiedDate":"2021-09-06"},{"lineNumber":88,"author":{"gitId":"Yitching"},"content":"            return false;","lastModifiedDate":"2021-09-06"},{"lineNumber":89,"author":{"gitId":"Yitching"},"content":"        }","lastModifiedDate":"2021-09-06"},{"lineNumber":90,"author":{"gitId":"Yitching"},"content":"        return true;","lastModifiedDate":"2021-09-06"},{"lineNumber":91,"author":{"gitId":"Yitching"},"content":"    }","lastModifiedDate":"2021-09-06"},{"lineNumber":92,"author":{"gitId":"Yitching"},"content":"}","lastModifiedDate":"2021-09-06"}],"authorContributionMap":{"Yitching":92}},{"path":"src/main/java/duke/TaskManager.java","fileType":"java","lines":[{"lineNumber":1,"author":{"gitId":"Yitching"},"content":"package duke;","lastModifiedDate":"2021-09-06"},{"lineNumber":2,"author":{"gitId":"Yitching"},"content":"","lastModifiedDate":"2021-09-06"},{"lineNumber":3,"author":{"gitId":"Yitching"},"content":"import duke.actions.Deadline;","lastModifiedDate":"2021-09-06"},{"lineNumber":4,"author":{"gitId":"Yitching"},"content":"import duke.actions.Event;","lastModifiedDate":"2021-09-06"},{"lineNumber":5,"author":{"gitId":"Yitching"},"content":"import duke.actions.Task;","lastModifiedDate":"2021-09-06"},{"lineNumber":6,"author":{"gitId":"Yitching"},"content":"import duke.actions.Todo;","lastModifiedDate":"2021-09-06"},{"lineNumber":7,"author":{"gitId":"Yitching"},"content":"import duke.exceptions.DukeException;","lastModifiedDate":"2021-09-06"},{"lineNumber":8,"author":{"gitId":"Yitching"},"content":"","lastModifiedDate":"2021-09-06"},{"lineNumber":9,"author":{"gitId":"Yitching"},"content":"import java.util.ArrayList;","lastModifiedDate":"2021-09-06"},{"lineNumber":10,"author":{"gitId":"Yitching"},"content":"","lastModifiedDate":"2021-09-06"},{"lineNumber":11,"author":{"gitId":"Yitching"},"content":"public class TaskManager extends GeneralMethods {","lastModifiedDate":"2021-09-06"},{"lineNumber":12,"author":{"gitId":"Yitching"},"content":"","lastModifiedDate":"2021-09-06"},{"lineNumber":13,"author":{"gitId":"Yitching"},"content":"    public static final String INCORRECT_TASK_COMMAND \u003d \"Please specify a task to be added!\";","lastModifiedDate":"2021-09-06"},{"lineNumber":14,"author":{"gitId":"Yitching"},"content":"    public static final String INCORRECT_DEADLINE_COMMAND \u003d \"Please specify a task/deadline of completion!\";","lastModifiedDate":"2021-09-06"},{"lineNumber":15,"author":{"gitId":"Yitching"},"content":"    public static final String INCORRECT_EVENT_COMMAND \u003d \"Please specify an event/time of the event!\";","lastModifiedDate":"2021-09-06"},{"lineNumber":16,"author":{"gitId":"Yitching"},"content":"    public static final String INCORRECT_DONE_COMMAND \u003d \"Please specify the number of the task to be marked as done!\";","lastModifiedDate":"2021-09-06"},{"lineNumber":17,"author":{"gitId":"Yitching"},"content":"    public static final String INCORRECT_DELETE_COMMAND \u003d \"Please specify a valid number of the task to be deleted!\";","lastModifiedDate":"2021-09-14"},{"lineNumber":18,"author":{"gitId":"Yitching"},"content":"    public static final String INVALID_INDEX \u003d \"No number or Invalid number specified! Please specify the number on the list of the task you have completed!\";","lastModifiedDate":"2021-09-06"},{"lineNumber":19,"author":{"gitId":"Yitching"},"content":"","lastModifiedDate":"2021-09-06"},{"lineNumber":20,"author":{"gitId":"Yitching"},"content":"    public TaskManager() {","lastModifiedDate":"2021-09-06"},{"lineNumber":21,"author":{"gitId":"Yitching"},"content":"","lastModifiedDate":"2021-09-06"},{"lineNumber":22,"author":{"gitId":"Yitching"},"content":"    }","lastModifiedDate":"2021-09-06"},{"lineNumber":23,"author":{"gitId":"Yitching"},"content":"","lastModifiedDate":"2021-09-06"},{"lineNumber":24,"author":{"gitId":"Yitching"},"content":"    public static void addTaskAsEvent(ArrayList\u003cTask\u003e taskList, String userInput, Boolean isPrintingPreviousList) throws DukeException {","lastModifiedDate":"2021-09-14"},{"lineNumber":25,"author":{"gitId":"Yitching"},"content":"        if (userInput.contains(\"/at\")) {","lastModifiedDate":"2021-09-06"},{"lineNumber":26,"author":{"gitId":"Yitching"},"content":"            Task taskAdded \u003d new Event(userInput);","lastModifiedDate":"2021-09-06"},{"lineNumber":27,"author":{"gitId":"Yitching"},"content":"            if (!taskAdded.toString().equals(\"\") \u0026\u0026 !taskAdded.getDeadline().equals(\"\")) {","lastModifiedDate":"2021-09-06"},{"lineNumber":28,"author":{"gitId":"Yitching"},"content":"                taskList.add(taskAdded);","lastModifiedDate":"2021-09-06"},{"lineNumber":29,"author":{"gitId":"Yitching"},"content":"                if(!isPrintingPreviousList) {","lastModifiedDate":"2021-09-14"},{"lineNumber":30,"author":{"gitId":"Yitching"},"content":"                    printTaskAddedConfirmation(taskAdded);","lastModifiedDate":"2021-09-06"},{"lineNumber":31,"author":{"gitId":"Yitching"},"content":"                }","lastModifiedDate":"2021-09-14"},{"lineNumber":32,"author":{"gitId":"Yitching"},"content":"            } else {","lastModifiedDate":"2021-09-06"},{"lineNumber":33,"author":{"gitId":"Yitching"},"content":"                throw new DukeException(INCORRECT_EVENT_COMMAND);","lastModifiedDate":"2021-09-06"},{"lineNumber":34,"author":{"gitId":"Yitching"},"content":"            }","lastModifiedDate":"2021-09-06"},{"lineNumber":35,"author":{"gitId":"Yitching"},"content":"        } else {","lastModifiedDate":"2021-09-06"},{"lineNumber":36,"author":{"gitId":"Yitching"},"content":"            throw new DukeException(INCORRECT_EVENT_COMMAND);","lastModifiedDate":"2021-09-06"},{"lineNumber":37,"author":{"gitId":"Yitching"},"content":"        }","lastModifiedDate":"2021-09-06"},{"lineNumber":38,"author":{"gitId":"Yitching"},"content":"    }","lastModifiedDate":"2021-09-06"},{"lineNumber":39,"author":{"gitId":"Yitching"},"content":"","lastModifiedDate":"2021-09-06"},{"lineNumber":40,"author":{"gitId":"Yitching"},"content":"    public static void addTaskAsDeadline(ArrayList\u003cTask\u003e taskList, String userInput, Boolean isPrintingPreviousList) throws DukeException {","lastModifiedDate":"2021-09-14"},{"lineNumber":41,"author":{"gitId":"Yitching"},"content":"        if (userInput.contains(\"/by\")) {","lastModifiedDate":"2021-09-06"},{"lineNumber":42,"author":{"gitId":"Yitching"},"content":"            Task taskAdded \u003d new Deadline(userInput);","lastModifiedDate":"2021-09-06"},{"lineNumber":43,"author":{"gitId":"Yitching"},"content":"            if (!taskAdded.toString().equals(\"\") \u0026\u0026 !taskAdded.getDeadline().equals(\"\")) {","lastModifiedDate":"2021-09-06"},{"lineNumber":44,"author":{"gitId":"Yitching"},"content":"                taskList.add(taskAdded);","lastModifiedDate":"2021-09-06"},{"lineNumber":45,"author":{"gitId":"Yitching"},"content":"                if(!isPrintingPreviousList) {","lastModifiedDate":"2021-09-14"},{"lineNumber":46,"author":{"gitId":"Yitching"},"content":"                    printTaskAddedConfirmation(taskAdded);","lastModifiedDate":"2021-09-06"},{"lineNumber":47,"author":{"gitId":"Yitching"},"content":"                }","lastModifiedDate":"2021-09-14"},{"lineNumber":48,"author":{"gitId":"Yitching"},"content":"            } else {","lastModifiedDate":"2021-09-06"},{"lineNumber":49,"author":{"gitId":"Yitching"},"content":"                throw new DukeException(INCORRECT_DEADLINE_COMMAND);","lastModifiedDate":"2021-09-06"},{"lineNumber":50,"author":{"gitId":"Yitching"},"content":"            }","lastModifiedDate":"2021-09-06"},{"lineNumber":51,"author":{"gitId":"Yitching"},"content":"        } else {","lastModifiedDate":"2021-09-06"},{"lineNumber":52,"author":{"gitId":"Yitching"},"content":"            throw new DukeException(INCORRECT_DEADLINE_COMMAND);","lastModifiedDate":"2021-09-06"},{"lineNumber":53,"author":{"gitId":"Yitching"},"content":"        }","lastModifiedDate":"2021-09-06"},{"lineNumber":54,"author":{"gitId":"Yitching"},"content":"    }","lastModifiedDate":"2021-09-06"},{"lineNumber":55,"author":{"gitId":"Yitching"},"content":"","lastModifiedDate":"2021-09-06"},{"lineNumber":56,"author":{"gitId":"Yitching"},"content":"    public static void addTaskAsToDo(ArrayList\u003cTask\u003e taskList, String userInput, Boolean isPrintingPreviousList) throws DukeException {","lastModifiedDate":"2021-09-14"},{"lineNumber":57,"author":{"gitId":"Yitching"},"content":"        String task \u003d userInput.replace(\"to do \", \"\").trim();","lastModifiedDate":"2021-09-06"},{"lineNumber":58,"author":{"gitId":"Yitching"},"content":"        Task taskAdded \u003d new Todo(task);","lastModifiedDate":"2021-09-06"},{"lineNumber":59,"author":{"gitId":"Yitching"},"content":"        if (!task.equals(\"\")) {","lastModifiedDate":"2021-09-06"},{"lineNumber":60,"author":{"gitId":"Yitching"},"content":"            taskList.add(taskAdded);","lastModifiedDate":"2021-09-06"},{"lineNumber":61,"author":{"gitId":"Yitching"},"content":"            if(!isPrintingPreviousList) {","lastModifiedDate":"2021-09-14"},{"lineNumber":62,"author":{"gitId":"Yitching"},"content":"                printTaskAddedConfirmation(taskAdded);","lastModifiedDate":"2021-09-06"},{"lineNumber":63,"author":{"gitId":"Yitching"},"content":"            }","lastModifiedDate":"2021-09-14"},{"lineNumber":64,"author":{"gitId":"Yitching"},"content":"        } else {","lastModifiedDate":"2021-09-06"},{"lineNumber":65,"author":{"gitId":"Yitching"},"content":"            throw new DukeException(INCORRECT_TASK_COMMAND);","lastModifiedDate":"2021-09-06"},{"lineNumber":66,"author":{"gitId":"Yitching"},"content":"        }","lastModifiedDate":"2021-09-06"},{"lineNumber":67,"author":{"gitId":"Yitching"},"content":"    }","lastModifiedDate":"2021-09-06"},{"lineNumber":68,"author":{"gitId":"Yitching"},"content":"","lastModifiedDate":"2021-09-06"},{"lineNumber":69,"author":{"gitId":"Yitching"},"content":"    public static void deleteTaskFromToDo(ArrayList\u003cTask\u003e taskList, String userInput) throws DukeException {","lastModifiedDate":"2021-09-14"},{"lineNumber":70,"author":{"gitId":"Yitching"},"content":"        int wordIndex \u003d 0;","lastModifiedDate":"2021-09-14"},{"lineNumber":71,"author":{"gitId":"Yitching"},"content":"        boolean numberExists \u003d false;","lastModifiedDate":"2021-09-14"},{"lineNumber":72,"author":{"gitId":"Yitching"},"content":"        String[] splitTask \u003d userInput.replaceAll(\"[\\\\p{Alpha}, [\\\\p{Punct}\u0026\u0026[^-]]+]\", \" \").trim().split(\" \");","lastModifiedDate":"2021-09-14"},{"lineNumber":73,"author":{"gitId":"Yitching"},"content":"        for (String word : splitTask) {","lastModifiedDate":"2021-09-14"},{"lineNumber":74,"author":{"gitId":"Yitching"},"content":"            if (isValidNumber(word)) {","lastModifiedDate":"2021-09-14"},{"lineNumber":75,"author":{"gitId":"Yitching"},"content":"                numberExists \u003d true;","lastModifiedDate":"2021-09-14"},{"lineNumber":76,"author":{"gitId":"Yitching"},"content":"                int taskNumber \u003d (Integer.parseInt(splitTask[wordIndex])) - 1;","lastModifiedDate":"2021-09-14"},{"lineNumber":77,"author":{"gitId":"Yitching"},"content":"                try {","lastModifiedDate":"2021-09-14"},{"lineNumber":78,"author":{"gitId":"Yitching"},"content":"                    printTaskDeletedConfirmation(taskList.get(taskNumber), taskNumber);","lastModifiedDate":"2021-09-14"},{"lineNumber":79,"author":{"gitId":"Yitching"},"content":"                    taskList.remove(taskNumber);","lastModifiedDate":"2021-09-14"},{"lineNumber":80,"author":{"gitId":"Yitching"},"content":"                } catch (IndexOutOfBoundsException e) {","lastModifiedDate":"2021-09-14"},{"lineNumber":81,"author":{"gitId":"Yitching"},"content":"                    System.out.println(INCORRECT_DELETE_COMMAND);","lastModifiedDate":"2021-09-14"},{"lineNumber":82,"author":{"gitId":"Yitching"},"content":"                }","lastModifiedDate":"2021-09-14"},{"lineNumber":83,"author":{"gitId":"Yitching"},"content":"            }","lastModifiedDate":"2021-09-14"},{"lineNumber":84,"author":{"gitId":"Yitching"},"content":"            wordIndex++;","lastModifiedDate":"2021-09-14"},{"lineNumber":85,"author":{"gitId":"Yitching"},"content":"        }","lastModifiedDate":"2021-09-14"},{"lineNumber":86,"author":{"gitId":"Yitching"},"content":"        if (!numberExists) {","lastModifiedDate":"2021-09-14"},{"lineNumber":87,"author":{"gitId":"Yitching"},"content":"            throw new DukeException(INCORRECT_DELETE_COMMAND);","lastModifiedDate":"2021-09-14"},{"lineNumber":88,"author":{"gitId":"Yitching"},"content":"        }","lastModifiedDate":"2021-09-14"},{"lineNumber":89,"author":{"gitId":"Yitching"},"content":"    }","lastModifiedDate":"2021-09-14"},{"lineNumber":90,"author":{"gitId":"Yitching"},"content":"","lastModifiedDate":"2021-09-14"},{"lineNumber":91,"author":{"gitId":"Yitching"},"content":"    public static void markTaskAsDone(ArrayList\u003cTask\u003e taskList, String userInput) throws DukeException {","lastModifiedDate":"2021-09-06"},{"lineNumber":92,"author":{"gitId":"Yitching"},"content":"        int wordIndex \u003d 0;","lastModifiedDate":"2021-09-06"},{"lineNumber":93,"author":{"gitId":"Yitching"},"content":"        boolean numberExists \u003d false;","lastModifiedDate":"2021-09-06"},{"lineNumber":94,"author":{"gitId":"Yitching"},"content":"        String[] splitTask \u003d userInput.replaceAll(\"[\\\\p{Alpha}, [\\\\p{Punct}\u0026\u0026[^-]]+]\", \" \").trim().split(\" \");","lastModifiedDate":"2021-09-06"},{"lineNumber":95,"author":{"gitId":"Yitching"},"content":"        for (String word : splitTask) {","lastModifiedDate":"2021-09-06"},{"lineNumber":96,"author":{"gitId":"Yitching"},"content":"            if (isValidNumber(word)) {","lastModifiedDate":"2021-09-06"},{"lineNumber":97,"author":{"gitId":"Yitching"},"content":"                numberExists \u003d true;","lastModifiedDate":"2021-09-06"},{"lineNumber":98,"author":{"gitId":"Yitching"},"content":"                int taskNumber \u003d (Integer.parseInt(splitTask[wordIndex])) - 1;","lastModifiedDate":"2021-09-06"},{"lineNumber":99,"author":{"gitId":"Yitching"},"content":"                try {","lastModifiedDate":"2021-09-06"},{"lineNumber":100,"author":{"gitId":"Yitching"},"content":"                    printTaskMarkAsDone(taskList, taskNumber);","lastModifiedDate":"2021-09-06"},{"lineNumber":101,"author":{"gitId":"Yitching"},"content":"                } catch (IndexOutOfBoundsException e) {","lastModifiedDate":"2021-09-06"},{"lineNumber":102,"author":{"gitId":"Yitching"},"content":"                    System.out.println(INVALID_INDEX);","lastModifiedDate":"2021-09-06"},{"lineNumber":103,"author":{"gitId":"Yitching"},"content":"                }","lastModifiedDate":"2021-09-06"},{"lineNumber":104,"author":{"gitId":"Yitching"},"content":"            }","lastModifiedDate":"2021-09-06"},{"lineNumber":105,"author":{"gitId":"Yitching"},"content":"            wordIndex++;","lastModifiedDate":"2021-09-06"},{"lineNumber":106,"author":{"gitId":"Yitching"},"content":"        }","lastModifiedDate":"2021-09-06"},{"lineNumber":107,"author":{"gitId":"Yitching"},"content":"        if (!numberExists) {","lastModifiedDate":"2021-09-06"},{"lineNumber":108,"author":{"gitId":"Yitching"},"content":"            throw new DukeException(INCORRECT_DONE_COMMAND);","lastModifiedDate":"2021-09-06"},{"lineNumber":109,"author":{"gitId":"Yitching"},"content":"        }","lastModifiedDate":"2021-09-06"},{"lineNumber":110,"author":{"gitId":"Yitching"},"content":"    }","lastModifiedDate":"2021-09-06"},{"lineNumber":111,"author":{"gitId":"Yitching"},"content":"}","lastModifiedDate":"2021-09-06"}],"authorContributionMap":{"Yitching":111}},{"path":"src/main/java/duke/actions/Deadline.java","fileType":"java","lines":[{"lineNumber":1,"author":{"gitId":"Yitching"},"content":"package duke.actions;","lastModifiedDate":"2021-09-05"},{"lineNumber":2,"author":{"gitId":"Yitching"},"content":"","lastModifiedDate":"2021-09-05"},{"lineNumber":3,"author":{"gitId":"Yitching"},"content":"import java.io.FileWriter;","lastModifiedDate":"2021-09-14"},{"lineNumber":4,"author":{"gitId":"Yitching"},"content":"import java.io.IOException;","lastModifiedDate":"2021-09-14"},{"lineNumber":5,"author":{"gitId":"Yitching"},"content":"","lastModifiedDate":"2021-09-14"},{"lineNumber":6,"author":{"gitId":"Yitching"},"content":"public class Deadline extends Task {","lastModifiedDate":"2021-08-28"},{"lineNumber":7,"author":{"gitId":"Yitching"},"content":"","lastModifiedDate":"2021-08-28"},{"lineNumber":8,"author":{"gitId":"Yitching"},"content":"    public static final int INDEX_OF_DEADLINE \u003d 8;","lastModifiedDate":"2021-09-05"},{"lineNumber":9,"author":{"gitId":"Yitching"},"content":"    protected String deadline;","lastModifiedDate":"2021-08-28"},{"lineNumber":10,"author":{"gitId":"Yitching"},"content":"","lastModifiedDate":"2021-08-28"},{"lineNumber":11,"author":{"gitId":"Yitching"},"content":"    public Deadline(String description) {","lastModifiedDate":"2021-08-28"},{"lineNumber":12,"author":{"gitId":"Yitching"},"content":"        super(description.substring(description.indexOf(\"deadline\") + INDEX_OF_DEADLINE, description.indexOf(\"/\")).trim());","lastModifiedDate":"2021-09-05"},{"lineNumber":13,"author":{"gitId":"Yitching"},"content":"        deadline \u003d description.substring(description.indexOf(\"/\")).replace(\"/by\", \"\").trim();","lastModifiedDate":"2021-08-28"},{"lineNumber":14,"author":{"gitId":"Yitching"},"content":"    }","lastModifiedDate":"2021-08-28"},{"lineNumber":15,"author":{"gitId":"Yitching"},"content":"","lastModifiedDate":"2021-08-28"},{"lineNumber":16,"author":{"gitId":"Yitching"},"content":"    @Override","lastModifiedDate":"2021-08-28"},{"lineNumber":17,"author":{"gitId":"Yitching"},"content":"    public String getTaskType() {","lastModifiedDate":"2021-08-28"},{"lineNumber":18,"author":{"gitId":"Yitching"},"content":"        return (\"D\");","lastModifiedDate":"2021-08-28"},{"lineNumber":19,"author":{"gitId":"Yitching"},"content":"    }","lastModifiedDate":"2021-08-28"},{"lineNumber":20,"author":{"gitId":"Yitching"},"content":"","lastModifiedDate":"2021-08-28"},{"lineNumber":21,"author":{"gitId":"Yitching"},"content":"    @Override","lastModifiedDate":"2021-08-28"},{"lineNumber":22,"author":{"gitId":"Yitching"},"content":"    public String getDeadline() {","lastModifiedDate":"2021-08-28"},{"lineNumber":23,"author":{"gitId":"Yitching"},"content":"        return (deadline);","lastModifiedDate":"2021-08-28"},{"lineNumber":24,"author":{"gitId":"Yitching"},"content":"    }","lastModifiedDate":"2021-08-28"},{"lineNumber":25,"author":{"gitId":"Yitching"},"content":"","lastModifiedDate":"2021-08-29"},{"lineNumber":26,"author":{"gitId":"Yitching"},"content":"    @Override","lastModifiedDate":"2021-08-29"},{"lineNumber":27,"author":{"gitId":"Yitching"},"content":"    public void printMarkAsDoneMessage(int taskNumber) {","lastModifiedDate":"2021-08-29"},{"lineNumber":28,"author":{"gitId":"Yitching"},"content":"        System.out.println(\"Nice! I\u0027ve marked this task as done:\\n\" + (taskNumber + 1) + \".[\" + getTaskType() + \"]\" + \"[\" + getStatusIcon() + \"] \" + description + \" (by:\" + getDeadline() + \")\");","lastModifiedDate":"2021-08-29"},{"lineNumber":29,"author":{"gitId":"Yitching"},"content":"    }","lastModifiedDate":"2021-08-29"},{"lineNumber":30,"author":{"gitId":"Yitching"},"content":"","lastModifiedDate":"2021-08-29"},{"lineNumber":31,"author":{"gitId":"Yitching"},"content":"    @Override","lastModifiedDate":"2021-08-29"},{"lineNumber":32,"author":{"gitId":"Yitching"},"content":"    public void printTaskList(int listIndex) {","lastModifiedDate":"2021-08-29"},{"lineNumber":33,"author":{"gitId":"Yitching"},"content":"        System.out.println(listIndex + \".[\" + getTaskType() + \"]\" + \"[\" + getStatusIcon() + \"] \" + description + \" (by:\" + getDeadline() + \")\");","lastModifiedDate":"2021-08-29"},{"lineNumber":34,"author":{"gitId":"Yitching"},"content":"    }","lastModifiedDate":"2021-08-29"},{"lineNumber":35,"author":{"gitId":"Yitching"},"content":"}","lastModifiedDate":"2021-08-28"}],"authorContributionMap":{"Yitching":35}},{"path":"src/main/java/duke/actions/Event.java","fileType":"java","lines":[{"lineNumber":1,"author":{"gitId":"Yitching"},"content":"package duke.actions;","lastModifiedDate":"2021-09-05"},{"lineNumber":2,"author":{"gitId":"Yitching"},"content":"","lastModifiedDate":"2021-09-05"},{"lineNumber":3,"author":{"gitId":"Yitching"},"content":"public class Event extends Task {","lastModifiedDate":"2021-08-28"},{"lineNumber":4,"author":{"gitId":"Yitching"},"content":"","lastModifiedDate":"2021-08-28"},{"lineNumber":5,"author":{"gitId":"Yitching"},"content":"    public static final int INDEX_OF_EVENT \u003d 5;","lastModifiedDate":"2021-09-05"},{"lineNumber":6,"author":{"gitId":"Yitching"},"content":"    protected String deadline;","lastModifiedDate":"2021-08-28"},{"lineNumber":7,"author":{"gitId":"Yitching"},"content":"","lastModifiedDate":"2021-08-28"},{"lineNumber":8,"author":{"gitId":"Yitching"},"content":"    public Event(String description) {","lastModifiedDate":"2021-08-28"},{"lineNumber":9,"author":{"gitId":"Yitching"},"content":"        super(description.substring(description.indexOf(\"event\") + INDEX_OF_EVENT, description.indexOf(\"/\")).trim());","lastModifiedDate":"2021-09-05"},{"lineNumber":10,"author":{"gitId":"Yitching"},"content":"        deadline \u003d description.substring(description.indexOf(\"/\")).replace(\"/at\", \"\").trim();","lastModifiedDate":"2021-08-28"},{"lineNumber":11,"author":{"gitId":"Yitching"},"content":"    }","lastModifiedDate":"2021-08-28"},{"lineNumber":12,"author":{"gitId":"Yitching"},"content":"","lastModifiedDate":"2021-09-06"},{"lineNumber":13,"author":{"gitId":"Yitching"},"content":"    @Override","lastModifiedDate":"2021-08-28"},{"lineNumber":14,"author":{"gitId":"Yitching"},"content":"    public String getTaskType() {","lastModifiedDate":"2021-08-28"},{"lineNumber":15,"author":{"gitId":"Yitching"},"content":"        return (\"E\");","lastModifiedDate":"2021-08-28"},{"lineNumber":16,"author":{"gitId":"Yitching"},"content":"    }","lastModifiedDate":"2021-08-28"},{"lineNumber":17,"author":{"gitId":"Yitching"},"content":"","lastModifiedDate":"2021-08-28"},{"lineNumber":18,"author":{"gitId":"Yitching"},"content":"    @Override","lastModifiedDate":"2021-08-28"},{"lineNumber":19,"author":{"gitId":"Yitching"},"content":"    public String getDeadline() {","lastModifiedDate":"2021-08-28"},{"lineNumber":20,"author":{"gitId":"Yitching"},"content":"        return (deadline);","lastModifiedDate":"2021-08-28"},{"lineNumber":21,"author":{"gitId":"Yitching"},"content":"    }","lastModifiedDate":"2021-08-28"},{"lineNumber":22,"author":{"gitId":"Yitching"},"content":"","lastModifiedDate":"2021-08-29"},{"lineNumber":23,"author":{"gitId":"Yitching"},"content":"    @Override","lastModifiedDate":"2021-08-29"},{"lineNumber":24,"author":{"gitId":"Yitching"},"content":"    public void printMarkAsDoneMessage(int taskNumber) {","lastModifiedDate":"2021-08-29"},{"lineNumber":25,"author":{"gitId":"Yitching"},"content":"        System.out.println(\"Nice! I\u0027ve marked this task as done:\\n\" + (taskNumber + 1) + \".[\" + getTaskType() + \"]\" + \"[\" + getStatusIcon() + \"] \" + description + \" (at:\" + getDeadline() + \")\");","lastModifiedDate":"2021-08-29"},{"lineNumber":26,"author":{"gitId":"Yitching"},"content":"    }","lastModifiedDate":"2021-08-29"},{"lineNumber":27,"author":{"gitId":"Yitching"},"content":"","lastModifiedDate":"2021-08-29"},{"lineNumber":28,"author":{"gitId":"Yitching"},"content":"    @Override","lastModifiedDate":"2021-08-29"},{"lineNumber":29,"author":{"gitId":"Yitching"},"content":"    public void printTaskList(int listIndex) {","lastModifiedDate":"2021-08-29"},{"lineNumber":30,"author":{"gitId":"Yitching"},"content":"        System.out.println(listIndex + \".[\" + getTaskType() + \"]\" + \"[\" + getStatusIcon() + \"] \" + description + \" (at:\" + getDeadline() + \")\");","lastModifiedDate":"2021-08-29"},{"lineNumber":31,"author":{"gitId":"Yitching"},"content":"    }","lastModifiedDate":"2021-08-29"},{"lineNumber":32,"author":{"gitId":"Yitching"},"content":"}","lastModifiedDate":"2021-08-28"}],"authorContributionMap":{"Yitching":32}},{"path":"src/main/java/duke/actions/Task.java","fileType":"java","lines":[{"lineNumber":1,"author":{"gitId":"Yitching"},"content":"package duke.actions;","lastModifiedDate":"2021-09-05"},{"lineNumber":2,"author":{"gitId":"Yitching"},"content":"","lastModifiedDate":"2021-09-05"},{"lineNumber":3,"author":{"gitId":"Yitching"},"content":"public class Task {","lastModifiedDate":"2021-08-20"},{"lineNumber":4,"author":{"gitId":"Yitching"},"content":"","lastModifiedDate":"2021-09-06"},{"lineNumber":5,"author":{"gitId":"Yitching"},"content":"    protected String description;","lastModifiedDate":"2021-08-20"},{"lineNumber":6,"author":{"gitId":"Yitching"},"content":"    protected boolean isDone;","lastModifiedDate":"2021-08-20"},{"lineNumber":7,"author":{"gitId":"Yitching"},"content":"","lastModifiedDate":"2021-08-20"},{"lineNumber":8,"author":{"gitId":"Yitching"},"content":"    public Task(String description) {","lastModifiedDate":"2021-08-20"},{"lineNumber":9,"author":{"gitId":"Yitching"},"content":"        this.description \u003d description;","lastModifiedDate":"2021-08-20"},{"lineNumber":10,"author":{"gitId":"Yitching"},"content":"        this.isDone \u003d false;","lastModifiedDate":"2021-08-20"},{"lineNumber":11,"author":{"gitId":"Yitching"},"content":"    }","lastModifiedDate":"2021-08-20"},{"lineNumber":12,"author":{"gitId":"Yitching"},"content":"","lastModifiedDate":"2021-08-20"},{"lineNumber":13,"author":{"gitId":"Yitching"},"content":"    public void updateIsDone() {","lastModifiedDate":"2021-08-20"},{"lineNumber":14,"author":{"gitId":"Yitching"},"content":"        this.isDone \u003d true;","lastModifiedDate":"2021-08-20"},{"lineNumber":15,"author":{"gitId":"Yitching"},"content":"    }","lastModifiedDate":"2021-08-20"},{"lineNumber":16,"author":{"gitId":"Yitching"},"content":"","lastModifiedDate":"2021-08-20"},{"lineNumber":17,"author":{"gitId":"Yitching"},"content":"    public String getStatusIcon() {","lastModifiedDate":"2021-08-20"},{"lineNumber":18,"author":{"gitId":"Yitching"},"content":"        return (isDone ? \"X\" : \" \"); // mark done task with X","lastModifiedDate":"2021-08-20"},{"lineNumber":19,"author":{"gitId":"Yitching"},"content":"    }","lastModifiedDate":"2021-08-20"},{"lineNumber":20,"author":{"gitId":"Yitching"},"content":"","lastModifiedDate":"2021-08-20"},{"lineNumber":21,"author":{"gitId":"Yitching"},"content":"    public String getTaskType() {","lastModifiedDate":"2021-08-28"},{"lineNumber":22,"author":{"gitId":"Yitching"},"content":"        return (\"\");","lastModifiedDate":"2021-08-28"},{"lineNumber":23,"author":{"gitId":"Yitching"},"content":"    }","lastModifiedDate":"2021-08-28"},{"lineNumber":24,"author":{"gitId":"Yitching"},"content":"","lastModifiedDate":"2021-08-28"},{"lineNumber":25,"author":{"gitId":"Yitching"},"content":"    public String getDeadline() {","lastModifiedDate":"2021-08-28"},{"lineNumber":26,"author":{"gitId":"Yitching"},"content":"        return (\"\");","lastModifiedDate":"2021-08-28"},{"lineNumber":27,"author":{"gitId":"Yitching"},"content":"    }","lastModifiedDate":"2021-08-28"},{"lineNumber":28,"author":{"gitId":"Yitching"},"content":"","lastModifiedDate":"2021-08-20"},{"lineNumber":29,"author":{"gitId":"Yitching"},"content":"    public String getDescription(){","lastModifiedDate":"2021-09-14"},{"lineNumber":30,"author":{"gitId":"Yitching"},"content":"        return description;","lastModifiedDate":"2021-09-14"},{"lineNumber":31,"author":{"gitId":"Yitching"},"content":"    }","lastModifiedDate":"2021-09-14"},{"lineNumber":32,"author":{"gitId":"Yitching"},"content":"","lastModifiedDate":"2021-09-14"},{"lineNumber":33,"author":{"gitId":"Yitching"},"content":"    public void printMarkAsDoneMessage(int taskNumber) {","lastModifiedDate":"2021-08-29"},{"lineNumber":34,"author":{"gitId":"Yitching"},"content":"        System.out.println(\"Nice! I\u0027ve marked this task as done:\\n\" + (taskNumber + 1) + \".[\" + getTaskType() + \"]\" + \"[\" + getStatusIcon() + \"] \" + description);","lastModifiedDate":"2021-08-29"},{"lineNumber":35,"author":{"gitId":"Yitching"},"content":"    }","lastModifiedDate":"2021-08-29"},{"lineNumber":36,"author":{"gitId":"Yitching"},"content":"","lastModifiedDate":"2021-08-29"},{"lineNumber":37,"author":{"gitId":"Yitching"},"content":"    public void printTaskList(int listIndex) {","lastModifiedDate":"2021-08-29"},{"lineNumber":38,"author":{"gitId":"Yitching"},"content":"        System.out.println(listIndex + \".[\" + getTaskType() + \"]\" + \"[\" + getStatusIcon() + \"] \" + description);","lastModifiedDate":"2021-08-29"},{"lineNumber":39,"author":{"gitId":"Yitching"},"content":"    }","lastModifiedDate":"2021-08-29"},{"lineNumber":40,"author":{"gitId":"Yitching"},"content":"","lastModifiedDate":"2021-08-29"},{"lineNumber":41,"author":{"gitId":"Yitching"},"content":"    public void printTaskAddedMessage() {","lastModifiedDate":"2021-08-29"},{"lineNumber":42,"author":{"gitId":"Yitching"},"content":"        System.out.println(\"I can do that! I have added [\" + description + \"] to your task list!\");","lastModifiedDate":"2021-08-29"},{"lineNumber":43,"author":{"gitId":"Yitching"},"content":"    }","lastModifiedDate":"2021-08-29"},{"lineNumber":44,"author":{"gitId":"Yitching"},"content":"","lastModifiedDate":"2021-09-06"},{"lineNumber":45,"author":{"gitId":"Yitching"},"content":"    public void printTaskDeletedMessage(int taskNumber) {","lastModifiedDate":"2021-09-14"},{"lineNumber":46,"author":{"gitId":"Yitching"},"content":"        System.out.println(\"I got you! I\u0027ve deleted this task:\\n\" + (taskNumber + 1) + \".[\" + getTaskType() + \"]\" + \"[\" + getStatusIcon() + \"] \" + description);","lastModifiedDate":"2021-09-14"},{"lineNumber":47,"author":{"gitId":"Yitching"},"content":"    }","lastModifiedDate":"2021-09-14"},{"lineNumber":48,"author":{"gitId":"Yitching"},"content":"","lastModifiedDate":"2021-09-14"},{"lineNumber":49,"author":{"gitId":"Yitching"},"content":"    public String toString() {","lastModifiedDate":"2021-09-06"},{"lineNumber":50,"author":{"gitId":"Yitching"},"content":"        return description;","lastModifiedDate":"2021-09-06"},{"lineNumber":51,"author":{"gitId":"Yitching"},"content":"    }","lastModifiedDate":"2021-09-06"},{"lineNumber":52,"author":{"gitId":"Yitching"},"content":"}","lastModifiedDate":"2021-08-20"}],"authorContributionMap":{"Yitching":52}},{"path":"src/main/java/duke/actions/Todo.java","fileType":"java","lines":[{"lineNumber":1,"author":{"gitId":"Yitching"},"content":"package duke.actions;","lastModifiedDate":"2021-09-05"},{"lineNumber":2,"author":{"gitId":"Yitching"},"content":"","lastModifiedDate":"2021-09-05"},{"lineNumber":3,"author":{"gitId":"Yitching"},"content":"public class Todo extends Task {","lastModifiedDate":"2021-08-28"},{"lineNumber":4,"author":{"gitId":"Yitching"},"content":"","lastModifiedDate":"2021-09-06"},{"lineNumber":5,"author":{"gitId":"Yitching"},"content":"    public Todo(String description) {","lastModifiedDate":"2021-08-28"},{"lineNumber":6,"author":{"gitId":"Yitching"},"content":"        super(description);","lastModifiedDate":"2021-08-28"},{"lineNumber":7,"author":{"gitId":"Yitching"},"content":"    }","lastModifiedDate":"2021-08-28"},{"lineNumber":8,"author":{"gitId":"Yitching"},"content":"","lastModifiedDate":"2021-08-28"},{"lineNumber":9,"author":{"gitId":"Yitching"},"content":"    @Override","lastModifiedDate":"2021-08-28"},{"lineNumber":10,"author":{"gitId":"Yitching"},"content":"    public String getTaskType() {","lastModifiedDate":"2021-08-28"},{"lineNumber":11,"author":{"gitId":"Yitching"},"content":"        return (\"T\");","lastModifiedDate":"2021-08-28"},{"lineNumber":12,"author":{"gitId":"Yitching"},"content":"    }","lastModifiedDate":"2021-08-28"},{"lineNumber":13,"author":{"gitId":"Yitching"},"content":"}","lastModifiedDate":"2021-08-28"}],"authorContributionMap":{"Yitching":13}},{"path":"src/main/java/duke/exceptions/DukeException.java","fileType":"java","lines":[{"lineNumber":1,"author":{"gitId":"Yitching"},"content":"package duke.exceptions;","lastModifiedDate":"2021-09-05"},{"lineNumber":2,"author":{"gitId":"Yitching"},"content":"","lastModifiedDate":"2021-09-05"},{"lineNumber":3,"author":{"gitId":"Yitching"},"content":"public class DukeException extends Exception {","lastModifiedDate":"2021-09-05"},{"lineNumber":4,"author":{"gitId":"Yitching"},"content":"","lastModifiedDate":"2021-09-06"},{"lineNumber":5,"author":{"gitId":"Yitching"},"content":"    public DukeException (String message) {","lastModifiedDate":"2021-09-06"},{"lineNumber":6,"author":{"gitId":"Yitching"},"content":"        super(message);","lastModifiedDate":"2021-09-06"},{"lineNumber":7,"author":{"gitId":"Yitching"},"content":"    }","lastModifiedDate":"2021-09-06"},{"lineNumber":8,"author":{"gitId":"Yitching"},"content":"}","lastModifiedDate":"2021-09-05"}],"authorContributionMap":{"Yitching":8}},{"path":"text-ui-test/input.txt","fileType":"txt","lines":[{"lineNumber":1,"author":{"gitId":"Yitching"},"content":"list","lastModifiedDate":"2021-09-14"},{"lineNumber":2,"author":{"gitId":"Yitching"},"content":"help","lastModifiedDate":"2021-08-28"},{"lineNumber":3,"author":{"gitId":"Yitching"},"content":"to do run","lastModifiedDate":"2021-08-28"},{"lineNumber":4,"author":{"gitId":"Yitching"},"content":"deadline journal /by Saturday","lastModifiedDate":"2021-08-28"},{"lineNumber":5,"author":{"gitId":"Yitching"},"content":"deadline walk/by Saturday 4pm","lastModifiedDate":"2021-08-28"},{"lineNumber":6,"author":{"gitId":"Yitching"},"content":"list","lastModifiedDate":"2021-08-28"},{"lineNumber":7,"author":{"gitId":"Yitching"},"content":"event team meeting /at Sunday 2-4pm","lastModifiedDate":"2021-08-28"},{"lineNumber":8,"author":{"gitId":"Yitching"},"content":"to do hike","lastModifiedDate":"2021-08-29"},{"lineNumber":9,"author":{"gitId":"Yitching"},"content":"help","lastModifiedDate":"2021-08-29"},{"lineNumber":10,"author":{"gitId":"Yitching"},"content":"to do cook","lastModifiedDate":"2021-08-29"},{"lineNumber":11,"author":{"gitId":"Yitching"},"content":"event live performance /at Monday 3pm","lastModifiedDate":"2021-08-29"},{"lineNumber":12,"author":{"gitId":"Yitching"},"content":"list","lastModifiedDate":"2021-08-28"},{"lineNumber":13,"author":{"gitId":"Yitching"},"content":"done 12","lastModifiedDate":"2021-08-28"},{"lineNumber":14,"author":{"gitId":"Yitching"},"content":"done 1n2","lastModifiedDate":"2021-08-28"},{"lineNumber":15,"author":{"gitId":"Yitching"},"content":"list","lastModifiedDate":"2021-08-28"},{"lineNumber":16,"author":{"gitId":"Yitching"},"content":"done 1 2","lastModifiedDate":"2021-08-29"},{"lineNumber":17,"author":{"gitId":"Yitching"},"content":"done 3,4,5","lastModifiedDate":"2021-08-29"},{"lineNumber":18,"author":{"gitId":"Yitching"},"content":"list","lastModifiedDate":"2021-08-29"},{"lineNumber":19,"author":{"gitId":"Yitching"},"content":"done 5 and 6","lastModifiedDate":"2021-08-29"},{"lineNumber":20,"author":{"gitId":"Yitching"},"content":"done 9","lastModifiedDate":"2021-08-29"},{"lineNumber":21,"author":{"gitId":"Yitching"},"content":"done 10","lastModifiedDate":"2021-08-29"},{"lineNumber":22,"author":{"gitId":"Yitching"},"content":"list","lastModifiedDate":"2021-08-29"},{"lineNumber":23,"author":{"gitId":"Yitching"},"content":"deadline","lastModifiedDate":"2021-09-05"},{"lineNumber":24,"author":{"gitId":"Yitching"},"content":"deadline","lastModifiedDate":"2021-09-05"},{"lineNumber":25,"author":{"gitId":"Yitching"},"content":"deadline run","lastModifiedDate":"2021-09-05"},{"lineNumber":26,"author":{"gitId":"Yitching"},"content":"deadline run /by","lastModifiedDate":"2021-09-05"},{"lineNumber":27,"author":{"gitId":"Yitching"},"content":"deadline run /by","lastModifiedDate":"2021-09-05"},{"lineNumber":28,"author":{"gitId":"Yitching"},"content":"deadline run /by Sunday","lastModifiedDate":"2021-09-05"},{"lineNumber":29,"author":{"gitId":"Yitching"},"content":"event","lastModifiedDate":"2021-09-05"},{"lineNumber":30,"author":{"gitId":"Yitching"},"content":"event","lastModifiedDate":"2021-09-05"},{"lineNumber":31,"author":{"gitId":"Yitching"},"content":"event run","lastModifiedDate":"2021-09-05"},{"lineNumber":32,"author":{"gitId":"Yitching"},"content":"event run /at","lastModifiedDate":"2021-09-05"},{"lineNumber":33,"author":{"gitId":"Yitching"},"content":"event run /at","lastModifiedDate":"2021-09-05"},{"lineNumber":34,"author":{"gitId":"Yitching"},"content":"event marathon /at Sunday 2 - 3pm","lastModifiedDate":"2021-09-05"},{"lineNumber":35,"author":{"gitId":"Yitching"},"content":"to do run","lastModifiedDate":"2021-09-05"},{"lineNumber":36,"author":{"gitId":"Yitching"},"content":"to do","lastModifiedDate":"2021-09-05"},{"lineNumber":37,"author":{"gitId":"Yitching"},"content":"to do","lastModifiedDate":"2021-09-05"},{"lineNumber":38,"author":{"gitId":"Yitching"},"content":"werewetodo","lastModifiedDate":"2021-09-05"},{"lineNumber":39,"author":{"gitId":"Yitching"},"content":"asdsadevent","lastModifiedDate":"2021-09-05"},{"lineNumber":40,"author":{"gitId":"Yitching"},"content":"efsfsddeadline /by Sunday 2359","lastModifiedDate":"2021-09-05"},{"lineNumber":41,"author":{"gitId":"Yitching"},"content":"dasdasdsadevent /at Saturday","lastModifiedDate":"2021-09-05"},{"lineNumber":42,"author":{"gitId":"Yitching"},"content":"list","lastModifiedDate":"2021-09-05"},{"lineNumber":43,"author":{"gitId":"Yitching"},"content":"to do 1","lastModifiedDate":"2021-09-06"},{"lineNumber":44,"author":{"gitId":"Yitching"},"content":"to do 2","lastModifiedDate":"2021-09-06"},{"lineNumber":45,"author":{"gitId":"Yitching"},"content":"to do 3","lastModifiedDate":"2021-09-06"},{"lineNumber":46,"author":{"gitId":"Yitching"},"content":"event run /at Sunday 2 - 3pm","lastModifiedDate":"2021-09-06"},{"lineNumber":47,"author":{"gitId":"Yitching"},"content":"list","lastModifiedDate":"2021-09-06"},{"lineNumber":48,"author":{"gitId":"Yitching"},"content":"deadline assignment /by 25/6/2020","lastModifiedDate":"2021-09-06"},{"lineNumber":49,"author":{"gitId":"Yitching"},"content":"event","lastModifiedDate":"2021-09-06"},{"lineNumber":50,"author":{"gitId":"Yitching"},"content":"event /at 2359","lastModifiedDate":"2021-09-06"},{"lineNumber":51,"author":{"gitId":"Yitching"},"content":"event marathon","lastModifiedDate":"2021-09-06"},{"lineNumber":52,"author":{"gitId":"Yitching"},"content":"event marathon /at","lastModifiedDate":"2021-09-06"},{"lineNumber":53,"author":{"gitId":"Yitching"},"content":"deadline","lastModifiedDate":"2021-09-06"},{"lineNumber":54,"author":{"gitId":"Yitching"},"content":"deadline /by 2359","lastModifiedDate":"2021-09-06"},{"lineNumber":55,"author":{"gitId":"Yitching"},"content":"deadline assignment /by","lastModifiedDate":"2021-09-06"},{"lineNumber":56,"author":{"gitId":"Yitching"},"content":"deadline assignment /by 2359","lastModifiedDate":"2021-09-06"},{"lineNumber":57,"author":{"gitId":"Yitching"},"content":"list","lastModifiedDate":"2021-09-06"},{"lineNumber":58,"author":{"gitId":"Yitching"},"content":"done 1","lastModifiedDate":"2021-09-06"},{"lineNumber":59,"author":{"gitId":"Yitching"},"content":"done 10","lastModifiedDate":"2021-09-06"},{"lineNumber":60,"author":{"gitId":"Yitching"},"content":"done 1 2 12","lastModifiedDate":"2021-09-06"},{"lineNumber":61,"author":{"gitId":"Yitching"},"content":"done 17","lastModifiedDate":"2021-09-06"},{"lineNumber":62,"author":{"gitId":"Yitching"},"content":"done 0","lastModifiedDate":"2021-09-06"},{"lineNumber":63,"author":{"gitId":"Yitching"},"content":"done -1","lastModifiedDate":"2021-09-06"},{"lineNumber":64,"author":{"gitId":"Yitching"},"content":"delete 1 2 3 4 5 6","lastModifiedDate":"2021-09-14"},{"lineNumber":65,"author":{"gitId":"Yitching"},"content":"list","lastModifiedDate":"2021-09-06"},{"lineNumber":66,"author":{"gitId":"Yitching"},"content":"bye","lastModifiedDate":"2021-08-28"}],"authorContributionMap":{"Yitching":66}},{"path":"text-ui-test/runtest.bat","fileType":"bat","lines":[{"lineNumber":1,"author":{"gitId":"-"},"content":"@ECHO OFF","lastModifiedDate":"2020-05-25"},{"lineNumber":2,"author":{"gitId":"-"},"content":"","lastModifiedDate":"2020-05-25"},{"lineNumber":3,"author":{"gitId":"-"},"content":"REM create bin directory if it doesn\u0027t exist","lastModifiedDate":"2020-05-25"},{"lineNumber":4,"author":{"gitId":"-"},"content":"if not exist ..\\bin mkdir ..\\bin","lastModifiedDate":"2020-05-25"},{"lineNumber":5,"author":{"gitId":"-"},"content":"","lastModifiedDate":"2020-05-25"},{"lineNumber":6,"author":{"gitId":"-"},"content":"REM delete output from previous run","lastModifiedDate":"2020-05-25"},{"lineNumber":7,"author":{"gitId":"Yitching"},"content":"del ACTUAL.TXT","lastModifiedDate":"2021-08-28"},{"lineNumber":8,"author":{"gitId":"-"},"content":"","lastModifiedDate":"2020-05-25"},{"lineNumber":9,"author":{"gitId":"-"},"content":"REM compile the code into the bin folder","lastModifiedDate":"2020-05-25"},{"lineNumber":10,"author":{"gitId":"Yitching"},"content":"javac  -cp ..\\src -Xlint:none -d ..\\bin ..\\src\\main\\java\\duke\\*.java ..\\src\\main\\java\\duke\\actions\\*.java ..\\src\\main\\java\\duke\\exceptions\\*.java","lastModifiedDate":"2021-09-05"},{"lineNumber":11,"author":{"gitId":"-"},"content":"IF ERRORLEVEL 1 (","lastModifiedDate":"2020-05-25"},{"lineNumber":12,"author":{"gitId":"-"},"content":"    echo ********** BUILD FAILURE **********","lastModifiedDate":"2020-05-25"},{"lineNumber":13,"author":{"gitId":"-"},"content":"    exit /b 1","lastModifiedDate":"2020-05-25"},{"lineNumber":14,"author":{"gitId":"-"},"content":")","lastModifiedDate":"2020-05-25"},{"lineNumber":15,"author":{"gitId":"-"},"content":"REM no error here, errorlevel \u003d\u003d 0","lastModifiedDate":"2020-05-25"},{"lineNumber":16,"author":{"gitId":"-"},"content":"","lastModifiedDate":"2020-05-25"},{"lineNumber":17,"author":{"gitId":"-"},"content":"REM run the program, feed commands from input.txt file and redirect the output to the ACTUAL.TXT","lastModifiedDate":"2020-05-25"},{"lineNumber":18,"author":{"gitId":"Yitching"},"content":"java -classpath ..\\bin duke.Duke \u003c input.txt \u003e ACTUAL.TXT","lastModifiedDate":"2021-09-06"},{"lineNumber":19,"author":{"gitId":"-"},"content":"","lastModifiedDate":"2020-05-25"},{"lineNumber":20,"author":{"gitId":"-"},"content":"REM compare the output to the expected output","lastModifiedDate":"2020-05-25"},{"lineNumber":21,"author":{"gitId":"-"},"content":"FC ACTUAL.TXT EXPECTED.TXT","lastModifiedDate":"2020-05-25"}],"authorContributionMap":{"Yitching":3,"-":18}}]
