[{"path":"src/main/java/Deadline.java","fileType":"java","lines":[{"lineNumber":1,"author":{"gitId":"shoibloya"},"content":"public class Deadline extends Task{","lastModifiedDate":"2021-09-01"},{"lineNumber":2,"author":{"gitId":"shoibloya"},"content":"    protected String type \u003d \"D\";","lastModifiedDate":"2021-09-01"},{"lineNumber":3,"author":{"gitId":"shoibloya"},"content":"    protected String by \u003d \"\";","lastModifiedDate":"2021-09-01"},{"lineNumber":4,"author":{"gitId":"shoibloya"},"content":"","lastModifiedDate":"2021-09-01"},{"lineNumber":5,"author":{"gitId":"shoibloya"},"content":"    public Deadline(String description, String by) {","lastModifiedDate":"2021-09-01"},{"lineNumber":6,"author":{"gitId":"shoibloya"},"content":"        super(description);","lastModifiedDate":"2021-09-01"},{"lineNumber":7,"author":{"gitId":"shoibloya"},"content":"        this.by \u003d by;","lastModifiedDate":"2021-09-01"},{"lineNumber":8,"author":{"gitId":"shoibloya"},"content":"    }","lastModifiedDate":"2021-09-01"},{"lineNumber":9,"author":{"gitId":"shoibloya"},"content":"","lastModifiedDate":"2021-09-01"},{"lineNumber":10,"author":{"gitId":"shoibloya"},"content":"    public String toString() {","lastModifiedDate":"2021-09-01"},{"lineNumber":11,"author":{"gitId":"shoibloya"},"content":"        return \"[\" + this.type + \"]\" + \"[\" + this.done + \"] \" + description.split(\"/by \")[0] + \" (by: \" + by + \")\";","lastModifiedDate":"2021-09-01"},{"lineNumber":12,"author":{"gitId":"shoibloya"},"content":"    }","lastModifiedDate":"2021-09-01"},{"lineNumber":13,"author":{"gitId":"shoibloya"},"content":"}","lastModifiedDate":"2021-09-01"}],"authorContributionMap":{"shoibloya":13}},{"path":"src/main/java/Duke.java","fileType":"java","lines":[{"lineNumber":1,"author":{"gitId":"shoibloya"},"content":"import java.util.Arrays;","lastModifiedDate":"2021-08-25"},{"lineNumber":2,"author":{"gitId":"shoibloya"},"content":"import java.util.Scanner;","lastModifiedDate":"2021-08-25"},{"lineNumber":3,"author":{"gitId":"shoibloya"},"content":"","lastModifiedDate":"2021-08-25"},{"lineNumber":4,"author":{"gitId":"-"},"content":"public class Duke {","lastModifiedDate":"2019-07-29"},{"lineNumber":5,"author":{"gitId":"shoibloya"},"content":"    public static void main(String[] args) throws DukeException{","lastModifiedDate":"2021-10-01"},{"lineNumber":6,"author":{"gitId":"shoibloya"},"content":"        //Starting the bot","lastModifiedDate":"2021-09-01"},{"lineNumber":7,"author":{"gitId":"shoibloya"},"content":"        System.out.println(\"Hello! I\u0027m Duke\\n\" + \"What can I do for you?\\n\");","lastModifiedDate":"2021-08-25"},{"lineNumber":8,"author":{"gitId":"shoibloya"},"content":"        Task List[] \u003d new Task[100];  //Creating a list of tasks","lastModifiedDate":"2021-09-01"},{"lineNumber":9,"author":{"gitId":"shoibloya"},"content":"        int listSize \u003d 0;","lastModifiedDate":"2021-09-01"},{"lineNumber":10,"author":{"gitId":"shoibloya"},"content":"","lastModifiedDate":"2021-09-01"},{"lineNumber":11,"author":{"gitId":"shoibloya"},"content":"        while(true) {","lastModifiedDate":"2021-09-01"},{"lineNumber":12,"author":{"gitId":"shoibloya"},"content":"            System.out.println(\"--------------------------------------------------------------\"); //Formatting","lastModifiedDate":"2021-09-01"},{"lineNumber":13,"author":{"gitId":"shoibloya"},"content":"            String line; //Input from user","lastModifiedDate":"2021-09-01"},{"lineNumber":14,"author":{"gitId":"shoibloya"},"content":"            Scanner in \u003d new Scanner(System.in);","lastModifiedDate":"2021-08-25"},{"lineNumber":15,"author":{"gitId":"shoibloya"},"content":"            line \u003d in.nextLine();","lastModifiedDate":"2021-08-25"},{"lineNumber":16,"author":{"gitId":"shoibloya"},"content":"","lastModifiedDate":"2021-09-01"},{"lineNumber":17,"author":{"gitId":"shoibloya"},"content":"            if(line.split(\" \")[0].equals(\"bye\")) {","lastModifiedDate":"2021-08-25"},{"lineNumber":18,"author":{"gitId":"shoibloya"},"content":"                break;","lastModifiedDate":"2021-08-25"},{"lineNumber":19,"author":{"gitId":"shoibloya"},"content":"            } else if(line.split(\" \")[0].equals(\"list\")){","lastModifiedDate":"2021-08-25"},{"lineNumber":20,"author":{"gitId":"shoibloya"},"content":"                for (int i \u003d 0; i \u003c listSize; i++) {","lastModifiedDate":"2021-09-01"},{"lineNumber":21,"author":{"gitId":"shoibloya"},"content":"                    System.out.println(i+1 + \".\" + List[i]);","lastModifiedDate":"2021-09-01"},{"lineNumber":22,"author":{"gitId":"shoibloya"},"content":"                }","lastModifiedDate":"2021-09-01"},{"lineNumber":23,"author":{"gitId":"shoibloya"},"content":"            } else if(line.split(\" \")[0].equals(\"done\")) {","lastModifiedDate":"2021-08-25"},{"lineNumber":24,"author":{"gitId":"shoibloya"},"content":"                //When the user keys in done","lastModifiedDate":"2021-09-01"},{"lineNumber":25,"author":{"gitId":"shoibloya"},"content":"                int taskNumber \u003d Integer.valueOf(line.split(\" \")[1]);","lastModifiedDate":"2021-09-01"},{"lineNumber":26,"author":{"gitId":"shoibloya"},"content":"                List[taskNumber-1].setDone(\"X\");","lastModifiedDate":"2021-09-01"},{"lineNumber":27,"author":{"gitId":"shoibloya"},"content":"            } else if(line.split(\" \")[0].equals(\"todo\"))  {","lastModifiedDate":"2021-09-01"},{"lineNumber":28,"author":{"gitId":"shoibloya"},"content":"                //When the user adds a todo","lastModifiedDate":"2021-09-01"},{"lineNumber":29,"author":{"gitId":"shoibloya"},"content":"                try{","lastModifiedDate":"2021-10-01"},{"lineNumber":30,"author":{"gitId":"shoibloya"},"content":"                List[listSize] \u003d new Todo(line.split(\"todo \")[1]);","lastModifiedDate":"2021-09-01"},{"lineNumber":31,"author":{"gitId":"shoibloya"},"content":"                System.out.println(\"Got it. I\u0027ve added this task:\");","lastModifiedDate":"2021-09-01"},{"lineNumber":32,"author":{"gitId":"shoibloya"},"content":"","lastModifiedDate":"2021-10-01"},{"lineNumber":33,"author":{"gitId":"shoibloya"},"content":"                System.out.println(List[listSize]);","lastModifiedDate":"2021-09-01"},{"lineNumber":34,"author":{"gitId":"shoibloya"},"content":"                System.out.println(\"Now you have \" + (listSize + 1)  + \" tasks in the list.\");","lastModifiedDate":"2021-09-01"},{"lineNumber":35,"author":{"gitId":"shoibloya"},"content":"                listSize++;","lastModifiedDate":"2021-09-01"},{"lineNumber":36,"author":{"gitId":"shoibloya"},"content":"                } catch (Exception ex){","lastModifiedDate":"2021-10-01"},{"lineNumber":37,"author":{"gitId":"shoibloya"},"content":"                    throw new DukeException(\"☹ OOPS!!! The description of a todo cannot be empty.\");","lastModifiedDate":"2021-10-01"},{"lineNumber":38,"author":{"gitId":"shoibloya"},"content":"                }","lastModifiedDate":"2021-10-01"},{"lineNumber":39,"author":{"gitId":"shoibloya"},"content":"","lastModifiedDate":"2021-10-01"},{"lineNumber":40,"author":{"gitId":"shoibloya"},"content":"            } else if(line.split(\" \")[0].equals(\"deadline\")) {","lastModifiedDate":"2021-09-01"},{"lineNumber":41,"author":{"gitId":"shoibloya"},"content":"                //When the user adds a deadline","lastModifiedDate":"2021-09-01"},{"lineNumber":42,"author":{"gitId":"shoibloya"},"content":"                List[listSize] \u003d new Deadline(line.split(\"deadline \")[1], line.split(\"/by\")[1]);","lastModifiedDate":"2021-09-01"},{"lineNumber":43,"author":{"gitId":"shoibloya"},"content":"","lastModifiedDate":"2021-09-01"},{"lineNumber":44,"author":{"gitId":"shoibloya"},"content":"                System.out.println(\"Got it. I\u0027ve added this task:\");","lastModifiedDate":"2021-09-01"},{"lineNumber":45,"author":{"gitId":"shoibloya"},"content":"                System.out.println(List[listSize]);","lastModifiedDate":"2021-09-01"},{"lineNumber":46,"author":{"gitId":"shoibloya"},"content":"                System.out.println(\"Now you have \" + (listSize + 1)  + \" tasks in the list.\");","lastModifiedDate":"2021-09-01"},{"lineNumber":47,"author":{"gitId":"shoibloya"},"content":"                listSize++;","lastModifiedDate":"2021-09-01"},{"lineNumber":48,"author":{"gitId":"shoibloya"},"content":"            } else if(line.split(\" \")[0].equals(\"event\")) {","lastModifiedDate":"2021-09-01"},{"lineNumber":49,"author":{"gitId":"shoibloya"},"content":"                //When the user adds an event","lastModifiedDate":"2021-09-01"},{"lineNumber":50,"author":{"gitId":"shoibloya"},"content":"                List[listSize] \u003d new Event(line.split(\"event \")[1], line.split(\"/at\")[1]);","lastModifiedDate":"2021-09-01"},{"lineNumber":51,"author":{"gitId":"shoibloya"},"content":"","lastModifiedDate":"2021-09-01"},{"lineNumber":52,"author":{"gitId":"shoibloya"},"content":"                System.out.println(\"Got it. I\u0027ve added this task:\");","lastModifiedDate":"2021-09-01"},{"lineNumber":53,"author":{"gitId":"shoibloya"},"content":"","lastModifiedDate":"2021-10-01"},{"lineNumber":54,"author":{"gitId":"shoibloya"},"content":"                System.out.println(List[listSize]);","lastModifiedDate":"2021-09-01"},{"lineNumber":55,"author":{"gitId":"shoibloya"},"content":"                System.out.println(\"Now you have \" + (listSize + 1)  + \" tasks in the list.\");","lastModifiedDate":"2021-09-01"},{"lineNumber":56,"author":{"gitId":"shoibloya"},"content":"                listSize++;","lastModifiedDate":"2021-09-01"},{"lineNumber":57,"author":{"gitId":"shoibloya"},"content":"            }","lastModifiedDate":"2021-08-25"},{"lineNumber":58,"author":{"gitId":"shoibloya"},"content":"            else {","lastModifiedDate":"2021-08-25"},{"lineNumber":59,"author":{"gitId":"shoibloya"},"content":"                throw new DukeException(\"☹ OOPS!!! I\u0027m sorry, but I don\u0027t know what that means :-(\");","lastModifiedDate":"2021-10-01"},{"lineNumber":60,"author":{"gitId":"shoibloya"},"content":"            }","lastModifiedDate":"2021-08-25"},{"lineNumber":61,"author":{"gitId":"shoibloya"},"content":"        }","lastModifiedDate":"2021-08-25"},{"lineNumber":62,"author":{"gitId":"shoibloya"},"content":"        //Exiting the bot","lastModifiedDate":"2021-09-01"},{"lineNumber":63,"author":{"gitId":"shoibloya"},"content":"        System.out.println(\"Bye. Hope to see you again soon!\");","lastModifiedDate":"2021-08-25"},{"lineNumber":64,"author":{"gitId":"-"},"content":"    }","lastModifiedDate":"2019-07-29"},{"lineNumber":65,"author":{"gitId":"-"},"content":"}","lastModifiedDate":"2019-07-29"}],"authorContributionMap":{"-":3,"shoibloya":62}},{"path":"src/main/java/DukeException.java","fileType":"java","lines":[{"lineNumber":1,"author":{"gitId":"shoibloya"},"content":"public class DukeException extends Exception{","lastModifiedDate":"2021-10-01"},{"lineNumber":2,"author":{"gitId":"shoibloya"},"content":"","lastModifiedDate":"2021-10-01"},{"lineNumber":3,"author":{"gitId":"shoibloya"},"content":"    public DukeException (String message){","lastModifiedDate":"2021-10-01"},{"lineNumber":4,"author":{"gitId":"shoibloya"},"content":"        super(message);","lastModifiedDate":"2021-10-01"},{"lineNumber":5,"author":{"gitId":"shoibloya"},"content":"    }","lastModifiedDate":"2021-10-01"},{"lineNumber":6,"author":{"gitId":"shoibloya"},"content":"}","lastModifiedDate":"2021-10-01"}],"authorContributionMap":{"shoibloya":6}},{"path":"src/main/java/Event.java","fileType":"java","lines":[{"lineNumber":1,"author":{"gitId":"shoibloya"},"content":"public class Event extends Task{","lastModifiedDate":"2021-09-01"},{"lineNumber":2,"author":{"gitId":"shoibloya"},"content":"    protected String type \u003d \"E\";","lastModifiedDate":"2021-09-01"},{"lineNumber":3,"author":{"gitId":"shoibloya"},"content":"    protected String at \u003d \"\";","lastModifiedDate":"2021-09-01"},{"lineNumber":4,"author":{"gitId":"shoibloya"},"content":"","lastModifiedDate":"2021-09-01"},{"lineNumber":5,"author":{"gitId":"shoibloya"},"content":"    public Event(String description, String at) {","lastModifiedDate":"2021-09-01"},{"lineNumber":6,"author":{"gitId":"shoibloya"},"content":"        super(description);","lastModifiedDate":"2021-09-01"},{"lineNumber":7,"author":{"gitId":"shoibloya"},"content":"        this.at \u003d at;","lastModifiedDate":"2021-09-01"},{"lineNumber":8,"author":{"gitId":"shoibloya"},"content":"    }","lastModifiedDate":"2021-09-01"},{"lineNumber":9,"author":{"gitId":"shoibloya"},"content":"","lastModifiedDate":"2021-09-01"},{"lineNumber":10,"author":{"gitId":"shoibloya"},"content":"    public String toString() {","lastModifiedDate":"2021-09-01"},{"lineNumber":11,"author":{"gitId":"shoibloya"},"content":"        return \"[\" + this.type + \"]\" + \"[\" + this.done + \"] \" + description.split(\"/at \")[0] + \" (at: \" + at + \")\";","lastModifiedDate":"2021-09-01"},{"lineNumber":12,"author":{"gitId":"shoibloya"},"content":"    }","lastModifiedDate":"2021-09-01"},{"lineNumber":13,"author":{"gitId":"shoibloya"},"content":"}","lastModifiedDate":"2021-09-01"}],"authorContributionMap":{"shoibloya":13}},{"path":"src/main/java/Task.java","fileType":"java","lines":[{"lineNumber":1,"author":{"gitId":"shoibloya"},"content":"public class Task {","lastModifiedDate":"2021-09-01"},{"lineNumber":2,"author":{"gitId":"shoibloya"},"content":"    protected String done, type, description;","lastModifiedDate":"2021-09-01"},{"lineNumber":3,"author":{"gitId":"shoibloya"},"content":"","lastModifiedDate":"2021-09-01"},{"lineNumber":4,"author":{"gitId":"shoibloya"},"content":"    public Task(String description) {","lastModifiedDate":"2021-09-01"},{"lineNumber":5,"author":{"gitId":"shoibloya"},"content":"        this.done \u003d \" \";","lastModifiedDate":"2021-09-01"},{"lineNumber":6,"author":{"gitId":"shoibloya"},"content":"        this.type \u003d \" \";","lastModifiedDate":"2021-09-01"},{"lineNumber":7,"author":{"gitId":"shoibloya"},"content":"        this.description \u003d description;","lastModifiedDate":"2021-09-01"},{"lineNumber":8,"author":{"gitId":"shoibloya"},"content":"    }","lastModifiedDate":"2021-09-01"},{"lineNumber":9,"author":{"gitId":"shoibloya"},"content":"","lastModifiedDate":"2021-09-01"},{"lineNumber":10,"author":{"gitId":"shoibloya"},"content":"    public void print(){}","lastModifiedDate":"2021-09-01"},{"lineNumber":11,"author":{"gitId":"shoibloya"},"content":"","lastModifiedDate":"2021-09-01"},{"lineNumber":12,"author":{"gitId":"shoibloya"},"content":"    public void setDone(String x) {","lastModifiedDate":"2021-09-01"},{"lineNumber":13,"author":{"gitId":"shoibloya"},"content":"        this.done \u003d x;","lastModifiedDate":"2021-09-01"},{"lineNumber":14,"author":{"gitId":"shoibloya"},"content":"    }","lastModifiedDate":"2021-09-01"},{"lineNumber":15,"author":{"gitId":"shoibloya"},"content":"    public void setDescription(String description) {","lastModifiedDate":"2021-09-01"},{"lineNumber":16,"author":{"gitId":"shoibloya"},"content":"        this.description \u003d description;","lastModifiedDate":"2021-09-01"},{"lineNumber":17,"author":{"gitId":"shoibloya"},"content":"    }","lastModifiedDate":"2021-09-01"},{"lineNumber":18,"author":{"gitId":"shoibloya"},"content":"","lastModifiedDate":"2021-09-01"},{"lineNumber":19,"author":{"gitId":"shoibloya"},"content":"    public String toString() {","lastModifiedDate":"2021-09-01"},{"lineNumber":20,"author":{"gitId":"shoibloya"},"content":"        return \"[\" + this.type + \"]\" + \"[\" + this.done + \"] \" + this.description;","lastModifiedDate":"2021-09-01"},{"lineNumber":21,"author":{"gitId":"shoibloya"},"content":"    }","lastModifiedDate":"2021-09-01"},{"lineNumber":22,"author":{"gitId":"shoibloya"},"content":"}","lastModifiedDate":"2021-09-01"}],"authorContributionMap":{"shoibloya":22}},{"path":"src/main/java/Todo.java","fileType":"java","lines":[{"lineNumber":1,"author":{"gitId":"shoibloya"},"content":"public class Todo extends Task{","lastModifiedDate":"2021-09-01"},{"lineNumber":2,"author":{"gitId":"shoibloya"},"content":"    protected String type \u003d \"T\";","lastModifiedDate":"2021-09-01"},{"lineNumber":3,"author":{"gitId":"shoibloya"},"content":"","lastModifiedDate":"2021-09-01"},{"lineNumber":4,"author":{"gitId":"shoibloya"},"content":"    public Todo(String description) {","lastModifiedDate":"2021-09-01"},{"lineNumber":5,"author":{"gitId":"shoibloya"},"content":"        super(description);","lastModifiedDate":"2021-09-01"},{"lineNumber":6,"author":{"gitId":"shoibloya"},"content":"    }","lastModifiedDate":"2021-09-01"},{"lineNumber":7,"author":{"gitId":"shoibloya"},"content":"","lastModifiedDate":"2021-09-01"},{"lineNumber":8,"author":{"gitId":"shoibloya"},"content":"    public String toString() {","lastModifiedDate":"2021-09-01"},{"lineNumber":9,"author":{"gitId":"shoibloya"},"content":"        return \"[\" + this.type + \"]\" + \"[\" + this.done + \"] \" + this.description;","lastModifiedDate":"2021-09-01"},{"lineNumber":10,"author":{"gitId":"shoibloya"},"content":"    }","lastModifiedDate":"2021-09-01"},{"lineNumber":11,"author":{"gitId":"shoibloya"},"content":"}","lastModifiedDate":"2021-09-01"}],"authorContributionMap":{"shoibloya":11}}]
