[{"path":"src/main/java/Duke.java","fileType":"java","lines":[{"lineNumber":1,"author":{"gitId":"lezongmun"},"content":"import manager.ResponseManager;","lastModifiedDate":"2021-09-08"},{"lineNumber":2,"author":{"gitId":"lezongmun"},"content":"import manager.TaskManager;","lastModifiedDate":"2021-09-06"},{"lineNumber":3,"author":{"gitId":"lezongmun"},"content":"","lastModifiedDate":"2021-09-06"},{"lineNumber":4,"author":{"gitId":"lezongmun"},"content":"import java.util.Scanner;","lastModifiedDate":"2021-08-23"},{"lineNumber":5,"author":{"gitId":"lezongmun"},"content":"","lastModifiedDate":"2021-08-23"},{"lineNumber":6,"author":{"gitId":"-"},"content":"public class Duke {","lastModifiedDate":"2019-07-29"},{"lineNumber":7,"author":{"gitId":"-"},"content":"    public static void main(String[] args) {","lastModifiedDate":"2021-08-31"},{"lineNumber":8,"author":{"gitId":"lezongmun"},"content":"        TaskManager taskManager \u003d new TaskManager();","lastModifiedDate":"2021-09-06"},{"lineNumber":9,"author":{"gitId":"lezongmun"},"content":"        ResponseManager.printWelcomeMessage();","lastModifiedDate":"2021-09-08"},{"lineNumber":10,"author":{"gitId":"lezongmun"},"content":"","lastModifiedDate":"2021-08-31"},{"lineNumber":11,"author":{"gitId":"lezongmun"},"content":"        String rawUserInput;","lastModifiedDate":"2021-09-06"},{"lineNumber":12,"author":{"gitId":"lezongmun"},"content":"        Scanner in \u003d new Scanner(System.in);","lastModifiedDate":"2021-08-31"},{"lineNumber":13,"author":{"gitId":"lezongmun"},"content":"        rawUserInput \u003d in.nextLine().trim();","lastModifiedDate":"2021-09-05"},{"lineNumber":14,"author":{"gitId":"lezongmun"},"content":"","lastModifiedDate":"2021-08-31"},{"lineNumber":15,"author":{"gitId":"lezongmun"},"content":"        while (!rawUserInput.equalsIgnoreCase(\"bye\")) {","lastModifiedDate":"2021-09-05"},{"lineNumber":16,"author":{"gitId":"lezongmun"},"content":"            taskManager.processInput(rawUserInput);","lastModifiedDate":"2021-09-06"},{"lineNumber":17,"author":{"gitId":"lezongmun"},"content":"","lastModifiedDate":"2021-08-31"},{"lineNumber":18,"author":{"gitId":"lezongmun"},"content":"            //get the new input","lastModifiedDate":"2021-08-23"},{"lineNumber":19,"author":{"gitId":"lezongmun"},"content":"            rawUserInput \u003d in.nextLine();","lastModifiedDate":"2021-09-05"},{"lineNumber":20,"author":{"gitId":"lezongmun"},"content":"        }","lastModifiedDate":"2021-08-23"},{"lineNumber":21,"author":{"gitId":"lezongmun"},"content":"","lastModifiedDate":"2021-08-23"},{"lineNumber":22,"author":{"gitId":"lezongmun"},"content":"        //if bye is the input","lastModifiedDate":"2021-08-23"},{"lineNumber":23,"author":{"gitId":"lezongmun"},"content":"        ResponseManager.printGoodByeMessage();","lastModifiedDate":"2021-09-08"},{"lineNumber":24,"author":{"gitId":"-"},"content":"    }","lastModifiedDate":"2019-07-29"},{"lineNumber":25,"author":{"gitId":"-"},"content":"}","lastModifiedDate":"2019-07-29"}],"authorContributionMap":{"lezongmun":21,"-":4}},{"path":"src/main/java/command/Command.java","fileType":"java","lines":[{"lineNumber":1,"author":{"gitId":"lezongmun"},"content":"package command;","lastModifiedDate":"2021-09-06"},{"lineNumber":2,"author":{"gitId":"lezongmun"},"content":"","lastModifiedDate":"2021-09-06"},{"lineNumber":3,"author":{"gitId":"lezongmun"},"content":"import exception.DescriptionFormatException;","lastModifiedDate":"2021-09-08"},{"lineNumber":4,"author":{"gitId":"lezongmun"},"content":"import exception.NoDescriptionException;","lastModifiedDate":"2021-09-08"},{"lineNumber":5,"author":{"gitId":"lezongmun"},"content":"import manager.ResponseManager;","lastModifiedDate":"2021-09-08"},{"lineNumber":6,"author":{"gitId":"lezongmun"},"content":"import manager.TaskManager;","lastModifiedDate":"2021-09-06"},{"lineNumber":7,"author":{"gitId":"lezongmun"},"content":"import task.Deadline;","lastModifiedDate":"2021-09-06"},{"lineNumber":8,"author":{"gitId":"lezongmun"},"content":"import task.Event;","lastModifiedDate":"2021-09-06"},{"lineNumber":9,"author":{"gitId":"lezongmun"},"content":"import task.Task;","lastModifiedDate":"2021-09-06"},{"lineNumber":10,"author":{"gitId":"lezongmun"},"content":"import task.ToDo;","lastModifiedDate":"2021-09-06"},{"lineNumber":11,"author":{"gitId":"lezongmun"},"content":"","lastModifiedDate":"2021-09-06"},{"lineNumber":12,"author":{"gitId":"lezongmun"},"content":"public class Command {","lastModifiedDate":"2021-09-06"},{"lineNumber":13,"author":{"gitId":"lezongmun"},"content":"    private String command;","lastModifiedDate":"2021-09-06"},{"lineNumber":14,"author":{"gitId":"lezongmun"},"content":"    private TaskManager taskManager;","lastModifiedDate":"2021-09-06"},{"lineNumber":15,"author":{"gitId":"lezongmun"},"content":"    private Task[] taskList;","lastModifiedDate":"2021-09-06"},{"lineNumber":16,"author":{"gitId":"lezongmun"},"content":"","lastModifiedDate":"2021-09-06"},{"lineNumber":17,"author":{"gitId":"lezongmun"},"content":"    public Command(String command, TaskManager taskManager) {","lastModifiedDate":"2021-09-06"},{"lineNumber":18,"author":{"gitId":"lezongmun"},"content":"        this.command \u003d command;","lastModifiedDate":"2021-09-06"},{"lineNumber":19,"author":{"gitId":"lezongmun"},"content":"        this.taskManager \u003d taskManager;","lastModifiedDate":"2021-09-06"},{"lineNumber":20,"author":{"gitId":"lezongmun"},"content":"        this.taskList \u003d taskManager.getTaskList();","lastModifiedDate":"2021-09-06"},{"lineNumber":21,"author":{"gitId":"lezongmun"},"content":"    }","lastModifiedDate":"2021-09-06"},{"lineNumber":22,"author":{"gitId":"lezongmun"},"content":"","lastModifiedDate":"2021-09-06"},{"lineNumber":23,"author":{"gitId":"lezongmun"},"content":"    public String getCommand() {","lastModifiedDate":"2021-09-06"},{"lineNumber":24,"author":{"gitId":"lezongmun"},"content":"        return command;","lastModifiedDate":"2021-09-06"},{"lineNumber":25,"author":{"gitId":"lezongmun"},"content":"    }","lastModifiedDate":"2021-09-06"},{"lineNumber":26,"author":{"gitId":"lezongmun"},"content":"","lastModifiedDate":"2021-09-06"},{"lineNumber":27,"author":{"gitId":"lezongmun"},"content":"    public void executeDoneCommand (int taskListIndex, String rawUserInput) throws DescriptionFormatException,","lastModifiedDate":"2021-09-08"},{"lineNumber":28,"author":{"gitId":"lezongmun"},"content":"            NoDescriptionException, NullPointerException, NumberFormatException, IndexOutOfBoundsException {","lastModifiedDate":"2021-09-08"},{"lineNumber":29,"author":{"gitId":"lezongmun"},"content":"        // split the input string into array","lastModifiedDate":"2021-09-06"},{"lineNumber":30,"author":{"gitId":"lezongmun"},"content":"        String[] inputWords \u003d rawUserInput.split(\" \");","lastModifiedDate":"2021-09-06"},{"lineNumber":31,"author":{"gitId":"lezongmun"},"content":"        if (inputWords.length \u003d\u003d 1) {","lastModifiedDate":"2021-09-08"},{"lineNumber":32,"author":{"gitId":"lezongmun"},"content":"            throw new NoDescriptionException();","lastModifiedDate":"2021-09-08"},{"lineNumber":33,"author":{"gitId":"lezongmun"},"content":"        }","lastModifiedDate":"2021-09-08"},{"lineNumber":34,"author":{"gitId":"lezongmun"},"content":"        if (inputWords.length \u003e 2) {","lastModifiedDate":"2021-09-08"},{"lineNumber":35,"author":{"gitId":"lezongmun"},"content":"            throw new DescriptionFormatException();","lastModifiedDate":"2021-09-08"},{"lineNumber":36,"author":{"gitId":"lezongmun"},"content":"        }","lastModifiedDate":"2021-09-08"},{"lineNumber":37,"author":{"gitId":"lezongmun"},"content":"","lastModifiedDate":"2021-09-08"},{"lineNumber":38,"author":{"gitId":"lezongmun"},"content":"        int doneIndex \u003d Integer.parseInt(inputWords[1]) - 1;","lastModifiedDate":"2021-09-06"},{"lineNumber":39,"author":{"gitId":"lezongmun"},"content":"","lastModifiedDate":"2021-09-06"},{"lineNumber":40,"author":{"gitId":"lezongmun"},"content":"        // task has not been marked as done and needs to be marked as done","lastModifiedDate":"2021-09-06"},{"lineNumber":41,"author":{"gitId":"lezongmun"},"content":"        if (!taskList[doneIndex].getIsDone()) {","lastModifiedDate":"2021-09-06"},{"lineNumber":42,"author":{"gitId":"lezongmun"},"content":"            taskList[doneIndex].markAsDone();","lastModifiedDate":"2021-09-06"},{"lineNumber":43,"author":{"gitId":"lezongmun"},"content":"            ResponseManager.printTaskDoneMessage(taskList[doneIndex]);","lastModifiedDate":"2021-09-08"},{"lineNumber":44,"author":{"gitId":"lezongmun"},"content":"        } else{","lastModifiedDate":"2021-09-06"},{"lineNumber":45,"author":{"gitId":"lezongmun"},"content":"            ResponseManager.printTaskAlreadyDoneMessage();","lastModifiedDate":"2021-09-08"},{"lineNumber":46,"author":{"gitId":"lezongmun"},"content":"        }","lastModifiedDate":"2021-09-06"},{"lineNumber":47,"author":{"gitId":"lezongmun"},"content":"    }","lastModifiedDate":"2021-09-06"},{"lineNumber":48,"author":{"gitId":"lezongmun"},"content":"","lastModifiedDate":"2021-09-06"},{"lineNumber":49,"author":{"gitId":"lezongmun"},"content":"    public void executeListCommand(int taskListIndex) {","lastModifiedDate":"2021-09-06"},{"lineNumber":50,"author":{"gitId":"lezongmun"},"content":"        ResponseManager.printTaskList(taskListIndex, taskList);","lastModifiedDate":"2021-09-08"},{"lineNumber":51,"author":{"gitId":"lezongmun"},"content":"    }","lastModifiedDate":"2021-09-08"},{"lineNumber":52,"author":{"gitId":"lezongmun"},"content":"","lastModifiedDate":"2021-09-08"},{"lineNumber":53,"author":{"gitId":"lezongmun"},"content":"    public void executeToDoCommand(int taskListIndex, String rawUserInput) throws NoDescriptionException {","lastModifiedDate":"2021-09-08"},{"lineNumber":54,"author":{"gitId":"lezongmun"},"content":"        String[] inputWords \u003d rawUserInput.split(\" \");","lastModifiedDate":"2021-09-08"},{"lineNumber":55,"author":{"gitId":"lezongmun"},"content":"        String fullTaskDescription \u003d taskManager.getFullTaskDescription(rawUserInput);","lastModifiedDate":"2021-09-08"},{"lineNumber":56,"author":{"gitId":"lezongmun"},"content":"","lastModifiedDate":"2021-09-08"},{"lineNumber":57,"author":{"gitId":"lezongmun"},"content":"        if (inputWords.length \u003d\u003d 1) {","lastModifiedDate":"2021-09-08"},{"lineNumber":58,"author":{"gitId":"lezongmun"},"content":"            throw new NoDescriptionException();","lastModifiedDate":"2021-09-08"},{"lineNumber":59,"author":{"gitId":"lezongmun"},"content":"        }","lastModifiedDate":"2021-09-06"},{"lineNumber":60,"author":{"gitId":"lezongmun"},"content":"","lastModifiedDate":"2021-09-06"},{"lineNumber":61,"author":{"gitId":"lezongmun"},"content":"        ToDo task \u003d new ToDo(fullTaskDescription);","lastModifiedDate":"2021-09-06"},{"lineNumber":62,"author":{"gitId":"lezongmun"},"content":"        taskManager.addTask(task, taskListIndex);","lastModifiedDate":"2021-09-06"},{"lineNumber":63,"author":{"gitId":"lezongmun"},"content":"        ResponseManager.printTaskAddedMessage(task, Task.getTotalTasks());","lastModifiedDate":"2021-09-08"},{"lineNumber":64,"author":{"gitId":"lezongmun"},"content":"    }","lastModifiedDate":"2021-09-08"},{"lineNumber":65,"author":{"gitId":"lezongmun"},"content":"","lastModifiedDate":"2021-09-08"},{"lineNumber":66,"author":{"gitId":"lezongmun"},"content":"    public void executeDeadlineCommand(int taskListIndex, String rawUserInput) throws NoDescriptionException, DescriptionFormatException {","lastModifiedDate":"2021-09-08"},{"lineNumber":67,"author":{"gitId":"lezongmun"},"content":"        String[] inputWords \u003d rawUserInput.split(\" \");","lastModifiedDate":"2021-09-08"},{"lineNumber":68,"author":{"gitId":"lezongmun"},"content":"","lastModifiedDate":"2021-09-08"},{"lineNumber":69,"author":{"gitId":"lezongmun"},"content":"        if (inputWords.length \u003d\u003d 1) {","lastModifiedDate":"2021-09-08"},{"lineNumber":70,"author":{"gitId":"lezongmun"},"content":"            throw new NoDescriptionException();","lastModifiedDate":"2021-09-08"},{"lineNumber":71,"author":{"gitId":"lezongmun"},"content":"        }","lastModifiedDate":"2021-09-08"},{"lineNumber":72,"author":{"gitId":"lezongmun"},"content":"","lastModifiedDate":"2021-09-08"},{"lineNumber":73,"author":{"gitId":"lezongmun"},"content":"        String[] separatedDescription \u003d rawUserInput.split(\"/by\", 2);","lastModifiedDate":"2021-09-08"},{"lineNumber":74,"author":{"gitId":"lezongmun"},"content":"        String fullTaskDescription \u003d taskManager.getFullTaskDescription(rawUserInput);","lastModifiedDate":"2021-09-08"},{"lineNumber":75,"author":{"gitId":"lezongmun"},"content":"","lastModifiedDate":"2021-09-08"},{"lineNumber":76,"author":{"gitId":"lezongmun"},"content":"        if (separatedDescription.length \u003d\u003d 1) {","lastModifiedDate":"2021-09-08"},{"lineNumber":77,"author":{"gitId":"lezongmun"},"content":"            throw new DescriptionFormatException();","lastModifiedDate":"2021-09-08"},{"lineNumber":78,"author":{"gitId":"lezongmun"},"content":"        }","lastModifiedDate":"2021-09-08"},{"lineNumber":79,"author":{"gitId":"lezongmun"},"content":"        if (!rawUserInput.contains(\" /by \")) {","lastModifiedDate":"2021-09-08"},{"lineNumber":80,"author":{"gitId":"lezongmun"},"content":"            throw new DescriptionFormatException();","lastModifiedDate":"2021-09-08"},{"lineNumber":81,"author":{"gitId":"lezongmun"},"content":"        }","lastModifiedDate":"2021-09-06"},{"lineNumber":82,"author":{"gitId":"lezongmun"},"content":"","lastModifiedDate":"2021-09-06"},{"lineNumber":83,"author":{"gitId":"lezongmun"},"content":"        Deadline task \u003d new Deadline(fullTaskDescription);","lastModifiedDate":"2021-09-06"},{"lineNumber":84,"author":{"gitId":"lezongmun"},"content":"        taskManager.addTask(task, taskListIndex);","lastModifiedDate":"2021-09-06"},{"lineNumber":85,"author":{"gitId":"lezongmun"},"content":"        ResponseManager.printTaskAddedMessage(task, Task.getTotalTasks());","lastModifiedDate":"2021-09-08"},{"lineNumber":86,"author":{"gitId":"lezongmun"},"content":"    }","lastModifiedDate":"2021-09-08"},{"lineNumber":87,"author":{"gitId":"lezongmun"},"content":"","lastModifiedDate":"2021-09-08"},{"lineNumber":88,"author":{"gitId":"lezongmun"},"content":"    public void executeEventCommand(int taskListIndex, String rawUserInput) throws NoDescriptionException, DescriptionFormatException {","lastModifiedDate":"2021-09-08"},{"lineNumber":89,"author":{"gitId":"lezongmun"},"content":"        String[] inputWords \u003d rawUserInput.split(\" \");","lastModifiedDate":"2021-09-08"},{"lineNumber":90,"author":{"gitId":"lezongmun"},"content":"","lastModifiedDate":"2021-09-08"},{"lineNumber":91,"author":{"gitId":"lezongmun"},"content":"        if (inputWords.length \u003d\u003d 1) {","lastModifiedDate":"2021-09-08"},{"lineNumber":92,"author":{"gitId":"lezongmun"},"content":"            throw new NoDescriptionException();","lastModifiedDate":"2021-09-08"},{"lineNumber":93,"author":{"gitId":"lezongmun"},"content":"        }","lastModifiedDate":"2021-09-08"},{"lineNumber":94,"author":{"gitId":"lezongmun"},"content":"","lastModifiedDate":"2021-09-08"},{"lineNumber":95,"author":{"gitId":"lezongmun"},"content":"        String[] separatedDescription \u003d rawUserInput.split(\"/at\", 2);","lastModifiedDate":"2021-09-08"},{"lineNumber":96,"author":{"gitId":"lezongmun"},"content":"        String fullTaskDescription \u003d taskManager.getFullTaskDescription(rawUserInput);","lastModifiedDate":"2021-09-08"},{"lineNumber":97,"author":{"gitId":"lezongmun"},"content":"","lastModifiedDate":"2021-09-08"},{"lineNumber":98,"author":{"gitId":"lezongmun"},"content":"        if (separatedDescription.length \u003d\u003d 1) {","lastModifiedDate":"2021-09-08"},{"lineNumber":99,"author":{"gitId":"lezongmun"},"content":"            throw new DescriptionFormatException();","lastModifiedDate":"2021-09-08"},{"lineNumber":100,"author":{"gitId":"lezongmun"},"content":"        }","lastModifiedDate":"2021-09-08"},{"lineNumber":101,"author":{"gitId":"lezongmun"},"content":"        if (!rawUserInput.contains(\" /at \")) {","lastModifiedDate":"2021-09-08"},{"lineNumber":102,"author":{"gitId":"lezongmun"},"content":"            throw new DescriptionFormatException();","lastModifiedDate":"2021-09-08"},{"lineNumber":103,"author":{"gitId":"lezongmun"},"content":"        }","lastModifiedDate":"2021-09-06"},{"lineNumber":104,"author":{"gitId":"lezongmun"},"content":"","lastModifiedDate":"2021-09-06"},{"lineNumber":105,"author":{"gitId":"lezongmun"},"content":"        Event task \u003d new Event(fullTaskDescription);","lastModifiedDate":"2021-09-06"},{"lineNumber":106,"author":{"gitId":"lezongmun"},"content":"        taskManager.addTask(task, taskListIndex);","lastModifiedDate":"2021-09-06"},{"lineNumber":107,"author":{"gitId":"lezongmun"},"content":"        ResponseManager.printTaskAddedMessage(task, Task.getTotalTasks());","lastModifiedDate":"2021-09-08"},{"lineNumber":108,"author":{"gitId":"lezongmun"},"content":"    }","lastModifiedDate":"2021-09-06"},{"lineNumber":109,"author":{"gitId":"lezongmun"},"content":"}","lastModifiedDate":"2021-09-06"}],"authorContributionMap":{"lezongmun":109}},{"path":"src/main/java/exception/DescriptionFormatException.java","fileType":"java","lines":[{"lineNumber":1,"author":{"gitId":"lezongmun"},"content":"package exception;","lastModifiedDate":"2021-09-08"},{"lineNumber":2,"author":{"gitId":"lezongmun"},"content":"","lastModifiedDate":"2021-09-08"},{"lineNumber":3,"author":{"gitId":"lezongmun"},"content":"public class DescriptionFormatException extends Exception{","lastModifiedDate":"2021-09-08"},{"lineNumber":4,"author":{"gitId":"lezongmun"},"content":"}","lastModifiedDate":"2021-09-08"}],"authorContributionMap":{"lezongmun":4}},{"path":"src/main/java/exception/NoDescriptionException.java","fileType":"java","lines":[{"lineNumber":1,"author":{"gitId":"lezongmun"},"content":"package exception;","lastModifiedDate":"2021-09-08"},{"lineNumber":2,"author":{"gitId":"lezongmun"},"content":"","lastModifiedDate":"2021-09-08"},{"lineNumber":3,"author":{"gitId":"lezongmun"},"content":"public class NoDescriptionException extends Exception {","lastModifiedDate":"2021-09-08"},{"lineNumber":4,"author":{"gitId":"lezongmun"},"content":"","lastModifiedDate":"2021-09-08"},{"lineNumber":5,"author":{"gitId":"lezongmun"},"content":"}","lastModifiedDate":"2021-09-08"}],"authorContributionMap":{"lezongmun":5}},{"path":"src/main/java/input.txt","fileType":"txt","lines":[{"lineNumber":1,"author":{"gitId":"lezongmun"},"content":"todo read book","lastModifiedDate":"2021-09-06"},{"lineNumber":2,"author":{"gitId":"lezongmun"},"content":"list","lastModifiedDate":"2021-08-31"},{"lineNumber":3,"author":{"gitId":"lezongmun"},"content":"event do homework /at home","lastModifiedDate":"2021-09-06"},{"lineNumber":4,"author":{"gitId":"lezongmun"},"content":"list","lastModifiedDate":"2021-08-31"},{"lineNumber":5,"author":{"gitId":"lezongmun"},"content":"done 1","lastModifiedDate":"2021-08-31"},{"lineNumber":6,"author":{"gitId":"lezongmun"},"content":"deadline finish eating /by 2pm","lastModifiedDate":"2021-09-06"},{"lineNumber":7,"author":{"gitId":"lezongmun"},"content":"list","lastModifiedDate":"2021-08-31"},{"lineNumber":8,"author":{"gitId":"lezongmun"},"content":"done 2","lastModifiedDate":"2021-09-06"},{"lineNumber":9,"author":{"gitId":"lezongmun"},"content":"done 3","lastModifiedDate":"2021-08-31"},{"lineNumber":10,"author":{"gitId":"lezongmun"},"content":"bye","lastModifiedDate":"2021-08-31"}],"authorContributionMap":{"lezongmun":10}},{"path":"src/main/java/manager/ResponseManager.java","fileType":"java","lines":[{"lineNumber":1,"author":{"gitId":"lezongmun"},"content":"package manager;","lastModifiedDate":"2021-09-06"},{"lineNumber":2,"author":{"gitId":"lezongmun"},"content":"","lastModifiedDate":"2021-09-06"},{"lineNumber":3,"author":{"gitId":"lezongmun"},"content":"import task.Task;","lastModifiedDate":"2021-09-06"},{"lineNumber":4,"author":{"gitId":"lezongmun"},"content":"","lastModifiedDate":"2021-09-06"},{"lineNumber":5,"author":{"gitId":"lezongmun"},"content":"public abstract class ResponseManager {","lastModifiedDate":"2021-09-08"},{"lineNumber":6,"author":{"gitId":"lezongmun"},"content":"    public static final String LINE \u003d \"    ____________________________________________________________\\n\";","lastModifiedDate":"2021-09-06"},{"lineNumber":7,"author":{"gitId":"lezongmun"},"content":"    public static final String WELCOME_MESSAGE \u003d \" \\n\" +","lastModifiedDate":"2021-09-06"},{"lineNumber":8,"author":{"gitId":"lezongmun"},"content":"            \"                        .-\\\"\\\"\\\"-.\\n\" +","lastModifiedDate":"2021-09-06"},{"lineNumber":9,"author":{"gitId":"lezongmun"},"content":"            \"                       / .//\\\". \\\\\\n\" +","lastModifiedDate":"2021-09-06"},{"lineNumber":10,"author":{"gitId":"lezongmun"},"content":"            \"                       \\\\/ o o \\\\/\\n\" +","lastModifiedDate":"2021-09-06"},{"lineNumber":11,"author":{"gitId":"lezongmun"},"content":"            \"                       ( \\\\___/ )\\n\" +","lastModifiedDate":"2021-09-06"},{"lineNumber":12,"author":{"gitId":"lezongmun"},"content":"            \"          ________oooo__\\\\_____/_____________\\n\" +","lastModifiedDate":"2021-09-06"},{"lineNumber":13,"author":{"gitId":"lezongmun"},"content":"            \"         /                                  \\\\\\n\" +","lastModifiedDate":"2021-09-06"},{"lineNumber":14,"author":{"gitId":"lezongmun"},"content":"            \"        |         Hello! I\u0027m Bobby :)        |\\n\" +","lastModifiedDate":"2021-09-06"},{"lineNumber":15,"author":{"gitId":"lezongmun"},"content":"            \"        |     What can I can do for you?     |\\n\" +","lastModifiedDate":"2021-09-06"},{"lineNumber":16,"author":{"gitId":"lezongmun"},"content":"            \"         \\\\______________________oooo________/\\n\" ;","lastModifiedDate":"2021-09-06"},{"lineNumber":17,"author":{"gitId":"lezongmun"},"content":"","lastModifiedDate":"2021-09-06"},{"lineNumber":18,"author":{"gitId":"lezongmun"},"content":"    public static void printWelcomeMessage() {","lastModifiedDate":"2021-09-06"},{"lineNumber":19,"author":{"gitId":"lezongmun"},"content":"        System.out.println(WELCOME_MESSAGE);","lastModifiedDate":"2021-09-06"},{"lineNumber":20,"author":{"gitId":"lezongmun"},"content":"    }","lastModifiedDate":"2021-09-06"},{"lineNumber":21,"author":{"gitId":"lezongmun"},"content":"","lastModifiedDate":"2021-09-06"},{"lineNumber":22,"author":{"gitId":"lezongmun"},"content":"    public static void printFormattedMessage(String message) {","lastModifiedDate":"2021-09-08"},{"lineNumber":23,"author":{"gitId":"lezongmun"},"content":"        System.out.println(LINE + message + LINE);","lastModifiedDate":"2021-09-06"},{"lineNumber":24,"author":{"gitId":"lezongmun"},"content":"    }","lastModifiedDate":"2021-09-06"},{"lineNumber":25,"author":{"gitId":"lezongmun"},"content":"","lastModifiedDate":"2021-09-06"},{"lineNumber":26,"author":{"gitId":"lezongmun"},"content":"    public static void printTaskAddedMessage(Task task, int totalTasks) {","lastModifiedDate":"2021-09-06"},{"lineNumber":27,"author":{"gitId":"lezongmun"},"content":"        String message \u003d String.format(\"    Okay! I\u0027ve added this task: \\n       [%s][%s] %s\\n\" +","lastModifiedDate":"2021-09-06"},{"lineNumber":28,"author":{"gitId":"lezongmun"},"content":"                \"    Now you have %d tasks in your list.\\n\", task.getType(), task.getStatusIcon(), task.getFormattedDescription(), totalTasks);","lastModifiedDate":"2021-09-06"},{"lineNumber":29,"author":{"gitId":"lezongmun"},"content":"        printFormattedMessage(message);","lastModifiedDate":"2021-09-08"},{"lineNumber":30,"author":{"gitId":"lezongmun"},"content":"    }","lastModifiedDate":"2021-09-06"},{"lineNumber":31,"author":{"gitId":"lezongmun"},"content":"","lastModifiedDate":"2021-09-06"},{"lineNumber":32,"author":{"gitId":"lezongmun"},"content":"    public static void printTaskList(int taskListIndex, Task[] taskList) {","lastModifiedDate":"2021-09-06"},{"lineNumber":33,"author":{"gitId":"lezongmun"},"content":"        String message \u003d String.format(\"    Task List:\\n\");","lastModifiedDate":"2021-09-06"},{"lineNumber":34,"author":{"gitId":"lezongmun"},"content":"        for (int i \u003d 0; i \u003c taskListIndex; i ++) {","lastModifiedDate":"2021-09-06"},{"lineNumber":35,"author":{"gitId":"lezongmun"},"content":"           message \u003d message + String.format(\"    %d. [%s][%s] %s\\n\",","lastModifiedDate":"2021-09-06"},{"lineNumber":36,"author":{"gitId":"lezongmun"},"content":"                   i + 1, taskList[i].getType(), taskList[i].getStatusIcon(), taskList[i].getFormattedDescription());","lastModifiedDate":"2021-09-06"},{"lineNumber":37,"author":{"gitId":"lezongmun"},"content":"        }","lastModifiedDate":"2021-09-06"},{"lineNumber":38,"author":{"gitId":"lezongmun"},"content":"        printFormattedMessage(message);","lastModifiedDate":"2021-09-08"},{"lineNumber":39,"author":{"gitId":"lezongmun"},"content":"    }","lastModifiedDate":"2021-09-06"},{"lineNumber":40,"author":{"gitId":"lezongmun"},"content":"","lastModifiedDate":"2021-09-06"},{"lineNumber":41,"author":{"gitId":"lezongmun"},"content":"    public static void printTaskDoneMessage(Task task) {","lastModifiedDate":"2021-09-06"},{"lineNumber":42,"author":{"gitId":"lezongmun"},"content":"        String message \u003d String.format(\"    Alright! I\u0027ve marked this task as done! :)\\n    [%s] %s\\n\",","lastModifiedDate":"2021-09-06"},{"lineNumber":43,"author":{"gitId":"lezongmun"},"content":"                task.getStatusIcon(), task.getFormattedDescription());","lastModifiedDate":"2021-09-06"},{"lineNumber":44,"author":{"gitId":"lezongmun"},"content":"        printFormattedMessage(message);","lastModifiedDate":"2021-09-08"},{"lineNumber":45,"author":{"gitId":"lezongmun"},"content":"    }","lastModifiedDate":"2021-09-06"},{"lineNumber":46,"author":{"gitId":"lezongmun"},"content":"","lastModifiedDate":"2021-09-06"},{"lineNumber":47,"author":{"gitId":"lezongmun"},"content":"    public static void printTaskAlreadyDoneMessage() {","lastModifiedDate":"2021-09-06"},{"lineNumber":48,"author":{"gitId":"lezongmun"},"content":"        String message \u003d \"    Task is already marked as done!\\n\";","lastModifiedDate":"2021-09-06"},{"lineNumber":49,"author":{"gitId":"lezongmun"},"content":"        printFormattedMessage(message);","lastModifiedDate":"2021-09-08"},{"lineNumber":50,"author":{"gitId":"lezongmun"},"content":"    }","lastModifiedDate":"2021-09-06"},{"lineNumber":51,"author":{"gitId":"lezongmun"},"content":"","lastModifiedDate":"2021-09-06"},{"lineNumber":52,"author":{"gitId":"lezongmun"},"content":"    public static void printGoodByeMessage() {","lastModifiedDate":"2021-09-06"},{"lineNumber":53,"author":{"gitId":"lezongmun"},"content":"        String message \u003d \"    Bye, my friend :( \\n\";","lastModifiedDate":"2021-09-06"},{"lineNumber":54,"author":{"gitId":"lezongmun"},"content":"        printFormattedMessage(message);","lastModifiedDate":"2021-09-08"},{"lineNumber":55,"author":{"gitId":"lezongmun"},"content":"    }","lastModifiedDate":"2021-09-06"},{"lineNumber":56,"author":{"gitId":"lezongmun"},"content":"","lastModifiedDate":"2021-09-06"},{"lineNumber":57,"author":{"gitId":"lezongmun"},"content":"    public static void printInvalidCommandMessage() {","lastModifiedDate":"2021-09-06"},{"lineNumber":58,"author":{"gitId":"lezongmun"},"content":"        String message \u003d \"    Invalid Command :( Please try again.\\n\";","lastModifiedDate":"2021-09-06"},{"lineNumber":59,"author":{"gitId":"lezongmun"},"content":"        printFormattedMessage(message);","lastModifiedDate":"2021-09-08"},{"lineNumber":60,"author":{"gitId":"lezongmun"},"content":"    }","lastModifiedDate":"2021-09-06"},{"lineNumber":61,"author":{"gitId":"lezongmun"},"content":"","lastModifiedDate":"2021-09-06"},{"lineNumber":62,"author":{"gitId":"lezongmun"},"content":"    public static void printNoDescriptionMessage() {","lastModifiedDate":"2021-09-08"},{"lineNumber":63,"author":{"gitId":"lezongmun"},"content":"        String message \u003d \"    Empty task description! Please enter a task.\\n\";","lastModifiedDate":"2021-09-08"},{"lineNumber":64,"author":{"gitId":"lezongmun"},"content":"        printFormattedMessage(message);","lastModifiedDate":"2021-09-08"},{"lineNumber":65,"author":{"gitId":"lezongmun"},"content":"    }","lastModifiedDate":"2021-09-08"},{"lineNumber":66,"author":{"gitId":"lezongmun"},"content":"","lastModifiedDate":"2021-09-08"},{"lineNumber":67,"author":{"gitId":"lezongmun"},"content":"    public static void printDescriptionFormatMessage() {","lastModifiedDate":"2021-09-08"},{"lineNumber":68,"author":{"gitId":"lezongmun"},"content":"        String message \u003d \"    Task Description is not entered properly! Please try again.\\n\";","lastModifiedDate":"2021-09-08"},{"lineNumber":69,"author":{"gitId":"lezongmun"},"content":"        printFormattedMessage(message);","lastModifiedDate":"2021-09-08"},{"lineNumber":70,"author":{"gitId":"lezongmun"},"content":"    }","lastModifiedDate":"2021-09-08"},{"lineNumber":71,"author":{"gitId":"lezongmun"},"content":"","lastModifiedDate":"2021-09-06"},{"lineNumber":72,"author":{"gitId":"lezongmun"},"content":"    public static void printNumberFormatMessage() {","lastModifiedDate":"2021-09-08"},{"lineNumber":73,"author":{"gitId":"lezongmun"},"content":"        String message \u003d \"    You have entered an invalid task number to be completed! Please give a number.\\n\";","lastModifiedDate":"2021-09-08"},{"lineNumber":74,"author":{"gitId":"lezongmun"},"content":"        printFormattedMessage(message);","lastModifiedDate":"2021-09-08"},{"lineNumber":75,"author":{"gitId":"lezongmun"},"content":"    }","lastModifiedDate":"2021-09-08"},{"lineNumber":76,"author":{"gitId":"lezongmun"},"content":"","lastModifiedDate":"2021-09-06"},{"lineNumber":77,"author":{"gitId":"lezongmun"},"content":"    public static void printInvalidTaskIndexMessage() {","lastModifiedDate":"2021-09-08"},{"lineNumber":78,"author":{"gitId":"lezongmun"},"content":"        String message \u003d \"    You have no such task number. Please enter a number within your list of tasks.\\n\";","lastModifiedDate":"2021-09-08"},{"lineNumber":79,"author":{"gitId":"lezongmun"},"content":"        printFormattedMessage(message);","lastModifiedDate":"2021-09-08"},{"lineNumber":80,"author":{"gitId":"lezongmun"},"content":"    }","lastModifiedDate":"2021-09-08"},{"lineNumber":81,"author":{"gitId":"lezongmun"},"content":"","lastModifiedDate":"2021-09-06"},{"lineNumber":82,"author":{"gitId":"lezongmun"},"content":"    public static void printArrayOutOfBoundsMessage() {","lastModifiedDate":"2021-09-08"},{"lineNumber":83,"author":{"gitId":"lezongmun"},"content":"        String message \u003d \"    You have no such task number. Please enter a number within your list of tasks.\\n\";","lastModifiedDate":"2021-09-08"},{"lineNumber":84,"author":{"gitId":"lezongmun"},"content":"        printFormattedMessage(message);","lastModifiedDate":"2021-09-08"},{"lineNumber":85,"author":{"gitId":"lezongmun"},"content":"    }","lastModifiedDate":"2021-09-08"},{"lineNumber":86,"author":{"gitId":"lezongmun"},"content":"","lastModifiedDate":"2021-09-06"},{"lineNumber":87,"author":{"gitId":"lezongmun"},"content":"}","lastModifiedDate":"2021-09-06"}],"authorContributionMap":{"lezongmun":87}},{"path":"src/main/java/manager/TaskManager.java","fileType":"java","lines":[{"lineNumber":1,"author":{"gitId":"lezongmun"},"content":"package manager;","lastModifiedDate":"2021-09-06"},{"lineNumber":2,"author":{"gitId":"lezongmun"},"content":"","lastModifiedDate":"2021-09-06"},{"lineNumber":3,"author":{"gitId":"lezongmun"},"content":"import exception.DescriptionFormatException;","lastModifiedDate":"2021-09-08"},{"lineNumber":4,"author":{"gitId":"lezongmun"},"content":"import exception.NoDescriptionException;","lastModifiedDate":"2021-09-08"},{"lineNumber":5,"author":{"gitId":"lezongmun"},"content":"import task.Task;","lastModifiedDate":"2021-09-06"},{"lineNumber":6,"author":{"gitId":"lezongmun"},"content":"import command.Command;","lastModifiedDate":"2021-09-06"},{"lineNumber":7,"author":{"gitId":"lezongmun"},"content":"","lastModifiedDate":"2021-09-06"},{"lineNumber":8,"author":{"gitId":"lezongmun"},"content":"","lastModifiedDate":"2021-09-06"},{"lineNumber":9,"author":{"gitId":"lezongmun"},"content":"public class TaskManager {","lastModifiedDate":"2021-09-06"},{"lineNumber":10,"author":{"gitId":"lezongmun"},"content":"    private static final int MAX_TASK \u003d 100;","lastModifiedDate":"2021-09-06"},{"lineNumber":11,"author":{"gitId":"lezongmun"},"content":"","lastModifiedDate":"2021-09-06"},{"lineNumber":12,"author":{"gitId":"lezongmun"},"content":"    private static final String LIST_COMMAND \u003d \"list\";","lastModifiedDate":"2021-09-06"},{"lineNumber":13,"author":{"gitId":"lezongmun"},"content":"    private static final String DONE_COMMAND \u003d \"done\";","lastModifiedDate":"2021-09-06"},{"lineNumber":14,"author":{"gitId":"lezongmun"},"content":"    private static final String TODO_COMMAND \u003d \"todo\";","lastModifiedDate":"2021-09-06"},{"lineNumber":15,"author":{"gitId":"lezongmun"},"content":"    private static final String DEADLINE_COMMAND \u003d \"deadline\";","lastModifiedDate":"2021-09-06"},{"lineNumber":16,"author":{"gitId":"lezongmun"},"content":"    private static final String EVENT_COMMAND \u003d \"event\";","lastModifiedDate":"2021-09-06"},{"lineNumber":17,"author":{"gitId":"lezongmun"},"content":"","lastModifiedDate":"2021-09-06"},{"lineNumber":18,"author":{"gitId":"lezongmun"},"content":"    private static Task[] taskList;","lastModifiedDate":"2021-09-06"},{"lineNumber":19,"author":{"gitId":"lezongmun"},"content":"","lastModifiedDate":"2021-09-06"},{"lineNumber":20,"author":{"gitId":"lezongmun"},"content":"    public TaskManager() {","lastModifiedDate":"2021-09-06"},{"lineNumber":21,"author":{"gitId":"lezongmun"},"content":"        this.taskList \u003d new Task[MAX_TASK];","lastModifiedDate":"2021-09-06"},{"lineNumber":22,"author":{"gitId":"lezongmun"},"content":"    }","lastModifiedDate":"2021-09-06"},{"lineNumber":23,"author":{"gitId":"lezongmun"},"content":"","lastModifiedDate":"2021-09-06"},{"lineNumber":24,"author":{"gitId":"lezongmun"},"content":"    public Task[] getTaskList() {","lastModifiedDate":"2021-09-06"},{"lineNumber":25,"author":{"gitId":"lezongmun"},"content":"        return taskList;","lastModifiedDate":"2021-09-06"},{"lineNumber":26,"author":{"gitId":"lezongmun"},"content":"    }","lastModifiedDate":"2021-09-06"},{"lineNumber":27,"author":{"gitId":"lezongmun"},"content":"","lastModifiedDate":"2021-09-06"},{"lineNumber":28,"author":{"gitId":"lezongmun"},"content":"    public void addTask(Task task, int taskListIndex){","lastModifiedDate":"2021-09-06"},{"lineNumber":29,"author":{"gitId":"lezongmun"},"content":"        this.taskList[taskListIndex] \u003d task;","lastModifiedDate":"2021-09-06"},{"lineNumber":30,"author":{"gitId":"lezongmun"},"content":"    }","lastModifiedDate":"2021-09-06"},{"lineNumber":31,"author":{"gitId":"lezongmun"},"content":"","lastModifiedDate":"2021-09-06"},{"lineNumber":32,"author":{"gitId":"lezongmun"},"content":"","lastModifiedDate":"2021-09-06"},{"lineNumber":33,"author":{"gitId":"lezongmun"},"content":"","lastModifiedDate":"2021-09-06"},{"lineNumber":34,"author":{"gitId":"lezongmun"},"content":"    public String getTaskCommand(String rawUserInput) {","lastModifiedDate":"2021-09-06"},{"lineNumber":35,"author":{"gitId":"lezongmun"},"content":"        String[] inputWords \u003d rawUserInput.toLowerCase().split(\" \");","lastModifiedDate":"2021-09-06"},{"lineNumber":36,"author":{"gitId":"lezongmun"},"content":"        String taskCommand \u003d inputWords[0];","lastModifiedDate":"2021-09-06"},{"lineNumber":37,"author":{"gitId":"lezongmun"},"content":"        return taskCommand;","lastModifiedDate":"2021-09-06"},{"lineNumber":38,"author":{"gitId":"lezongmun"},"content":"    }","lastModifiedDate":"2021-09-06"},{"lineNumber":39,"author":{"gitId":"lezongmun"},"content":"","lastModifiedDate":"2021-09-06"},{"lineNumber":40,"author":{"gitId":"lezongmun"},"content":"    public String getFullTaskDescription(String rawUserInput) {","lastModifiedDate":"2021-09-06"},{"lineNumber":41,"author":{"gitId":"lezongmun"},"content":"        int startIndex \u003d rawUserInput.indexOf(\" \") + 1;","lastModifiedDate":"2021-09-06"},{"lineNumber":42,"author":{"gitId":"lezongmun"},"content":"        String FullTaskDescription \u003d rawUserInput.substring(startIndex);","lastModifiedDate":"2021-09-06"},{"lineNumber":43,"author":{"gitId":"lezongmun"},"content":"        return FullTaskDescription;","lastModifiedDate":"2021-09-06"},{"lineNumber":44,"author":{"gitId":"lezongmun"},"content":"    }","lastModifiedDate":"2021-09-06"},{"lineNumber":45,"author":{"gitId":"lezongmun"},"content":"","lastModifiedDate":"2021-09-06"},{"lineNumber":46,"author":{"gitId":"lezongmun"},"content":"    public void processInput(String rawUserInput) {","lastModifiedDate":"2021-09-06"},{"lineNumber":47,"author":{"gitId":"lezongmun"},"content":"        int taskListIndex \u003d Task.getTotalTasks();","lastModifiedDate":"2021-09-06"},{"lineNumber":48,"author":{"gitId":"lezongmun"},"content":"        String taskCommand \u003d getTaskCommand(rawUserInput);","lastModifiedDate":"2021-09-06"},{"lineNumber":49,"author":{"gitId":"lezongmun"},"content":"        String fullTaskDescription;","lastModifiedDate":"2021-09-06"},{"lineNumber":50,"author":{"gitId":"lezongmun"},"content":"","lastModifiedDate":"2021-09-06"},{"lineNumber":51,"author":{"gitId":"lezongmun"},"content":"        Command command \u003d new Command(taskCommand, this);","lastModifiedDate":"2021-09-06"},{"lineNumber":52,"author":{"gitId":"lezongmun"},"content":"","lastModifiedDate":"2021-09-06"},{"lineNumber":53,"author":{"gitId":"lezongmun"},"content":"        try {","lastModifiedDate":"2021-09-08"},{"lineNumber":54,"author":{"gitId":"lezongmun"},"content":"            switch (taskCommand) {","lastModifiedDate":"2021-09-06"},{"lineNumber":55,"author":{"gitId":"lezongmun"},"content":"            case LIST_COMMAND:","lastModifiedDate":"2021-09-06"},{"lineNumber":56,"author":{"gitId":"lezongmun"},"content":"                command.executeListCommand(taskListIndex);","lastModifiedDate":"2021-09-06"},{"lineNumber":57,"author":{"gitId":"lezongmun"},"content":"                break;","lastModifiedDate":"2021-09-06"},{"lineNumber":58,"author":{"gitId":"lezongmun"},"content":"            case DONE_COMMAND:","lastModifiedDate":"2021-09-06"},{"lineNumber":59,"author":{"gitId":"lezongmun"},"content":"                command.executeDoneCommand(taskListIndex, rawUserInput);","lastModifiedDate":"2021-09-06"},{"lineNumber":60,"author":{"gitId":"lezongmun"},"content":"                break;","lastModifiedDate":"2021-09-06"},{"lineNumber":61,"author":{"gitId":"lezongmun"},"content":"            case TODO_COMMAND:","lastModifiedDate":"2021-09-06"},{"lineNumber":62,"author":{"gitId":"lezongmun"},"content":"                command.executeToDoCommand(taskListIndex, rawUserInput);","lastModifiedDate":"2021-09-08"},{"lineNumber":63,"author":{"gitId":"lezongmun"},"content":"                break;","lastModifiedDate":"2021-09-06"},{"lineNumber":64,"author":{"gitId":"lezongmun"},"content":"            case DEADLINE_COMMAND:","lastModifiedDate":"2021-09-06"},{"lineNumber":65,"author":{"gitId":"lezongmun"},"content":"                command.executeDeadlineCommand(taskListIndex, rawUserInput);","lastModifiedDate":"2021-09-08"},{"lineNumber":66,"author":{"gitId":"lezongmun"},"content":"                break;","lastModifiedDate":"2021-09-06"},{"lineNumber":67,"author":{"gitId":"lezongmun"},"content":"            case EVENT_COMMAND:","lastModifiedDate":"2021-09-06"},{"lineNumber":68,"author":{"gitId":"lezongmun"},"content":"                command.executeEventCommand(taskListIndex, rawUserInput);","lastModifiedDate":"2021-09-08"},{"lineNumber":69,"author":{"gitId":"lezongmun"},"content":"                break;","lastModifiedDate":"2021-09-06"},{"lineNumber":70,"author":{"gitId":"lezongmun"},"content":"            default:","lastModifiedDate":"2021-09-06"},{"lineNumber":71,"author":{"gitId":"lezongmun"},"content":"                ResponseManager.printInvalidCommandMessage();","lastModifiedDate":"2021-09-08"},{"lineNumber":72,"author":{"gitId":"lezongmun"},"content":"                break;","lastModifiedDate":"2021-09-06"},{"lineNumber":73,"author":{"gitId":"lezongmun"},"content":"            }","lastModifiedDate":"2021-09-06"},{"lineNumber":74,"author":{"gitId":"lezongmun"},"content":"        } catch (NoDescriptionException e) {","lastModifiedDate":"2021-09-08"},{"lineNumber":75,"author":{"gitId":"lezongmun"},"content":"            ResponseManager.printNoDescriptionMessage();","lastModifiedDate":"2021-09-08"},{"lineNumber":76,"author":{"gitId":"lezongmun"},"content":"        } catch (DescriptionFormatException e) {","lastModifiedDate":"2021-09-08"},{"lineNumber":77,"author":{"gitId":"lezongmun"},"content":"            ResponseManager.printDescriptionFormatMessage();","lastModifiedDate":"2021-09-08"},{"lineNumber":78,"author":{"gitId":"lezongmun"},"content":"        } catch (NumberFormatException e) {","lastModifiedDate":"2021-09-08"},{"lineNumber":79,"author":{"gitId":"lezongmun"},"content":"            ResponseManager.printNumberFormatMessage();","lastModifiedDate":"2021-09-08"},{"lineNumber":80,"author":{"gitId":"lezongmun"},"content":"        } catch (NullPointerException e) {","lastModifiedDate":"2021-09-08"},{"lineNumber":81,"author":{"gitId":"lezongmun"},"content":"            ResponseManager.printInvalidTaskIndexMessage();","lastModifiedDate":"2021-09-08"},{"lineNumber":82,"author":{"gitId":"lezongmun"},"content":"        } catch (ArrayIndexOutOfBoundsException e) {","lastModifiedDate":"2021-09-08"},{"lineNumber":83,"author":{"gitId":"lezongmun"},"content":"            ResponseManager.printArrayOutOfBoundsMessage();","lastModifiedDate":"2021-09-08"},{"lineNumber":84,"author":{"gitId":"lezongmun"},"content":"        }","lastModifiedDate":"2021-09-06"},{"lineNumber":85,"author":{"gitId":"lezongmun"},"content":"","lastModifiedDate":"2021-09-06"},{"lineNumber":86,"author":{"gitId":"lezongmun"},"content":"    }","lastModifiedDate":"2021-09-08"},{"lineNumber":87,"author":{"gitId":"lezongmun"},"content":"","lastModifiedDate":"2021-09-06"},{"lineNumber":88,"author":{"gitId":"lezongmun"},"content":"}","lastModifiedDate":"2021-09-06"}],"authorContributionMap":{"lezongmun":88}},{"path":"src/main/java/task/Deadline.java","fileType":"java","lines":[{"lineNumber":1,"author":{"gitId":"lezongmun"},"content":"package task;","lastModifiedDate":"2021-09-06"},{"lineNumber":2,"author":{"gitId":"lezongmun"},"content":"","lastModifiedDate":"2021-09-06"},{"lineNumber":3,"author":{"gitId":"lezongmun"},"content":"public class Deadline extends Task{","lastModifiedDate":"2021-08-30"},{"lineNumber":4,"author":{"gitId":"lezongmun"},"content":"    private String by;","lastModifiedDate":"2021-08-30"},{"lineNumber":5,"author":{"gitId":"lezongmun"},"content":"","lastModifiedDate":"2021-08-30"},{"lineNumber":6,"author":{"gitId":"lezongmun"},"content":"    public Deadline(String fullTaskDescription) {","lastModifiedDate":"2021-09-05"},{"lineNumber":7,"author":{"gitId":"lezongmun"},"content":"        super(fullTaskDescription);","lastModifiedDate":"2021-09-05"},{"lineNumber":8,"author":{"gitId":"lezongmun"},"content":"        this.by \u003d getBy();","lastModifiedDate":"2021-09-05"},{"lineNumber":9,"author":{"gitId":"lezongmun"},"content":"    }","lastModifiedDate":"2021-08-30"},{"lineNumber":10,"author":{"gitId":"lezongmun"},"content":"","lastModifiedDate":"2021-08-30"},{"lineNumber":11,"author":{"gitId":"lezongmun"},"content":"    public String getType() {","lastModifiedDate":"2021-08-30"},{"lineNumber":12,"author":{"gitId":"lezongmun"},"content":"        return \"Deadline\";","lastModifiedDate":"2021-08-30"},{"lineNumber":13,"author":{"gitId":"lezongmun"},"content":"    }","lastModifiedDate":"2021-08-30"},{"lineNumber":14,"author":{"gitId":"lezongmun"},"content":"","lastModifiedDate":"2021-08-30"},{"lineNumber":15,"author":{"gitId":"lezongmun"},"content":"    public String getBy() {","lastModifiedDate":"2021-08-30"},{"lineNumber":16,"author":{"gitId":"lezongmun"},"content":"        String[] descriptionWords \u003d fullTaskDescription.split(\"by\");","lastModifiedDate":"2021-09-05"},{"lineNumber":17,"author":{"gitId":"lezongmun"},"content":"        String by \u003d descriptionWords[1];","lastModifiedDate":"2021-09-05"},{"lineNumber":18,"author":{"gitId":"lezongmun"},"content":"        return by;","lastModifiedDate":"2021-08-30"},{"lineNumber":19,"author":{"gitId":"lezongmun"},"content":"    }","lastModifiedDate":"2021-08-30"},{"lineNumber":20,"author":{"gitId":"lezongmun"},"content":"","lastModifiedDate":"2021-08-30"},{"lineNumber":21,"author":{"gitId":"lezongmun"},"content":"    // get formatted description to print out for list and task commands, eg \"return book (by: Sunday)\"","lastModifiedDate":"2021-08-30"},{"lineNumber":22,"author":{"gitId":"lezongmun"},"content":"    public String getFormattedDescription() {","lastModifiedDate":"2021-08-30"},{"lineNumber":23,"author":{"gitId":"lezongmun"},"content":"        return String.format(\"%s(by:%s)\", getTask(),this.by);","lastModifiedDate":"2021-09-05"},{"lineNumber":24,"author":{"gitId":"lezongmun"},"content":"    }","lastModifiedDate":"2021-08-30"},{"lineNumber":25,"author":{"gitId":"lezongmun"},"content":"","lastModifiedDate":"2021-08-30"},{"lineNumber":26,"author":{"gitId":"lezongmun"},"content":"","lastModifiedDate":"2021-09-05"},{"lineNumber":27,"author":{"gitId":"lezongmun"},"content":"    //obtain the task to do from the input description","lastModifiedDate":"2021-08-30"},{"lineNumber":28,"author":{"gitId":"lezongmun"},"content":"    public String getTask() {","lastModifiedDate":"2021-08-30"},{"lineNumber":29,"author":{"gitId":"lezongmun"},"content":"        int endIndex \u003d this.fullTaskDescription.indexOf(\"by\") - 1;","lastModifiedDate":"2021-09-05"},{"lineNumber":30,"author":{"gitId":"lezongmun"},"content":"        String task \u003d this.fullTaskDescription.substring(0, endIndex);","lastModifiedDate":"2021-09-05"},{"lineNumber":31,"author":{"gitId":"lezongmun"},"content":"        return task;","lastModifiedDate":"2021-09-05"},{"lineNumber":32,"author":{"gitId":"lezongmun"},"content":"    }","lastModifiedDate":"2021-08-30"},{"lineNumber":33,"author":{"gitId":"lezongmun"},"content":"}","lastModifiedDate":"2021-08-30"}],"authorContributionMap":{"lezongmun":33}},{"path":"src/main/java/task/Event.java","fileType":"java","lines":[{"lineNumber":1,"author":{"gitId":"lezongmun"},"content":"package task;","lastModifiedDate":"2021-09-06"},{"lineNumber":2,"author":{"gitId":"lezongmun"},"content":"","lastModifiedDate":"2021-09-06"},{"lineNumber":3,"author":{"gitId":"lezongmun"},"content":"public class Event extends Task{","lastModifiedDate":"2021-08-30"},{"lineNumber":4,"author":{"gitId":"lezongmun"},"content":"    private String at;","lastModifiedDate":"2021-08-30"},{"lineNumber":5,"author":{"gitId":"lezongmun"},"content":"","lastModifiedDate":"2021-08-30"},{"lineNumber":6,"author":{"gitId":"lezongmun"},"content":"    public Event(String fullTaskDescription){","lastModifiedDate":"2021-09-05"},{"lineNumber":7,"author":{"gitId":"lezongmun"},"content":"        super(fullTaskDescription);","lastModifiedDate":"2021-09-05"},{"lineNumber":8,"author":{"gitId":"lezongmun"},"content":"        this.at \u003d getAt();","lastModifiedDate":"2021-09-05"},{"lineNumber":9,"author":{"gitId":"lezongmun"},"content":"    }","lastModifiedDate":"2021-08-30"},{"lineNumber":10,"author":{"gitId":"lezongmun"},"content":"","lastModifiedDate":"2021-08-30"},{"lineNumber":11,"author":{"gitId":"lezongmun"},"content":"    public String getType(){","lastModifiedDate":"2021-08-30"},{"lineNumber":12,"author":{"gitId":"lezongmun"},"content":"        return \"Event\";","lastModifiedDate":"2021-08-30"},{"lineNumber":13,"author":{"gitId":"lezongmun"},"content":"    }","lastModifiedDate":"2021-08-30"},{"lineNumber":14,"author":{"gitId":"lezongmun"},"content":"","lastModifiedDate":"2021-08-30"},{"lineNumber":15,"author":{"gitId":"lezongmun"},"content":"    public String getAt(){","lastModifiedDate":"2021-08-30"},{"lineNumber":16,"author":{"gitId":"lezongmun"},"content":"        String[] descriptionWords \u003d fullTaskDescription.split(\"at\");","lastModifiedDate":"2021-09-05"},{"lineNumber":17,"author":{"gitId":"lezongmun"},"content":"        String at \u003d descriptionWords[1];","lastModifiedDate":"2021-09-05"},{"lineNumber":18,"author":{"gitId":"lezongmun"},"content":"        return at;","lastModifiedDate":"2021-08-30"},{"lineNumber":19,"author":{"gitId":"lezongmun"},"content":"    }","lastModifiedDate":"2021-08-30"},{"lineNumber":20,"author":{"gitId":"lezongmun"},"content":"","lastModifiedDate":"2021-08-30"},{"lineNumber":21,"author":{"gitId":"lezongmun"},"content":"    public String getFormattedDescription(){","lastModifiedDate":"2021-08-30"},{"lineNumber":22,"author":{"gitId":"lezongmun"},"content":"        return String.format(\"%s(at:%s)\", getTask(),this.at);","lastModifiedDate":"2021-09-05"},{"lineNumber":23,"author":{"gitId":"lezongmun"},"content":"    }","lastModifiedDate":"2021-08-30"},{"lineNumber":24,"author":{"gitId":"lezongmun"},"content":"","lastModifiedDate":"2021-08-30"},{"lineNumber":25,"author":{"gitId":"lezongmun"},"content":"    //obtain the task to do from the input description","lastModifiedDate":"2021-08-30"},{"lineNumber":26,"author":{"gitId":"lezongmun"},"content":"    public String getTask(){","lastModifiedDate":"2021-08-30"},{"lineNumber":27,"author":{"gitId":"lezongmun"},"content":"        int endIndex \u003d this.fullTaskDescription.indexOf(\"at\") - 1;","lastModifiedDate":"2021-09-05"},{"lineNumber":28,"author":{"gitId":"lezongmun"},"content":"        String task \u003d this.fullTaskDescription.substring(0, endIndex);","lastModifiedDate":"2021-09-05"},{"lineNumber":29,"author":{"gitId":"lezongmun"},"content":"        return task;","lastModifiedDate":"2021-09-05"},{"lineNumber":30,"author":{"gitId":"lezongmun"},"content":"    }","lastModifiedDate":"2021-08-30"},{"lineNumber":31,"author":{"gitId":"lezongmun"},"content":"","lastModifiedDate":"2021-08-30"},{"lineNumber":32,"author":{"gitId":"lezongmun"},"content":"}","lastModifiedDate":"2021-08-30"}],"authorContributionMap":{"lezongmun":32}},{"path":"src/main/java/task/Task.java","fileType":"java","lines":[{"lineNumber":1,"author":{"gitId":"lezongmun"},"content":"package task;","lastModifiedDate":"2021-09-06"},{"lineNumber":2,"author":{"gitId":"lezongmun"},"content":"","lastModifiedDate":"2021-09-06"},{"lineNumber":3,"author":{"gitId":"lezongmun"},"content":"public class Task {","lastModifiedDate":"2021-08-23"},{"lineNumber":4,"author":{"gitId":"lezongmun"},"content":"    protected String fullTaskDescription;","lastModifiedDate":"2021-09-05"},{"lineNumber":5,"author":{"gitId":"lezongmun"},"content":"    protected boolean isDone;","lastModifiedDate":"2021-08-23"},{"lineNumber":6,"author":{"gitId":"lezongmun"},"content":"    protected static int totalTasks \u003d 0;","lastModifiedDate":"2021-08-30"},{"lineNumber":7,"author":{"gitId":"lezongmun"},"content":"","lastModifiedDate":"2021-08-30"},{"lineNumber":8,"author":{"gitId":"lezongmun"},"content":"","lastModifiedDate":"2021-08-23"},{"lineNumber":9,"author":{"gitId":"lezongmun"},"content":"    public Task(String fullTaskDescription){","lastModifiedDate":"2021-09-05"},{"lineNumber":10,"author":{"gitId":"lezongmun"},"content":"        this.fullTaskDescription \u003d fullTaskDescription;","lastModifiedDate":"2021-09-05"},{"lineNumber":11,"author":{"gitId":"lezongmun"},"content":"        this.isDone \u003d false;","lastModifiedDate":"2021-08-23"},{"lineNumber":12,"author":{"gitId":"lezongmun"},"content":"        totalTasks ++;","lastModifiedDate":"2021-09-06"},{"lineNumber":13,"author":{"gitId":"lezongmun"},"content":"    }","lastModifiedDate":"2021-08-23"},{"lineNumber":14,"author":{"gitId":"lezongmun"},"content":"","lastModifiedDate":"2021-08-23"},{"lineNumber":15,"author":{"gitId":"lezongmun"},"content":"","lastModifiedDate":"2021-08-30"},{"lineNumber":16,"author":{"gitId":"lezongmun"},"content":"    public String getStatusIcon(){","lastModifiedDate":"2021-08-23"},{"lineNumber":17,"author":{"gitId":"lezongmun"},"content":"        if (isDone){","lastModifiedDate":"2021-08-23"},{"lineNumber":18,"author":{"gitId":"lezongmun"},"content":"            return \"X\";","lastModifiedDate":"2021-08-23"},{"lineNumber":19,"author":{"gitId":"lezongmun"},"content":"        }","lastModifiedDate":"2021-08-23"},{"lineNumber":20,"author":{"gitId":"lezongmun"},"content":"        else {","lastModifiedDate":"2021-08-23"},{"lineNumber":21,"author":{"gitId":"lezongmun"},"content":"            return \" \";","lastModifiedDate":"2021-08-23"},{"lineNumber":22,"author":{"gitId":"lezongmun"},"content":"        }","lastModifiedDate":"2021-08-23"},{"lineNumber":23,"author":{"gitId":"lezongmun"},"content":"    }","lastModifiedDate":"2021-08-23"},{"lineNumber":24,"author":{"gitId":"lezongmun"},"content":"","lastModifiedDate":"2021-08-23"},{"lineNumber":25,"author":{"gitId":"lezongmun"},"content":"    public static int getTotalTasks() {","lastModifiedDate":"2021-08-30"},{"lineNumber":26,"author":{"gitId":"lezongmun"},"content":"        return totalTasks;","lastModifiedDate":"2021-08-30"},{"lineNumber":27,"author":{"gitId":"lezongmun"},"content":"    }","lastModifiedDate":"2021-08-30"},{"lineNumber":28,"author":{"gitId":"lezongmun"},"content":"","lastModifiedDate":"2021-08-30"},{"lineNumber":29,"author":{"gitId":"lezongmun"},"content":"    public String getFullTaskDescription() {","lastModifiedDate":"2021-09-05"},{"lineNumber":30,"author":{"gitId":"lezongmun"},"content":"        return this.fullTaskDescription;","lastModifiedDate":"2021-09-05"},{"lineNumber":31,"author":{"gitId":"lezongmun"},"content":"    }","lastModifiedDate":"2021-08-23"},{"lineNumber":32,"author":{"gitId":"lezongmun"},"content":"","lastModifiedDate":"2021-08-23"},{"lineNumber":33,"author":{"gitId":"lezongmun"},"content":"    public boolean getIsDone(){","lastModifiedDate":"2021-08-23"},{"lineNumber":34,"author":{"gitId":"lezongmun"},"content":"        return this.isDone;","lastModifiedDate":"2021-08-23"},{"lineNumber":35,"author":{"gitId":"lezongmun"},"content":"    }","lastModifiedDate":"2021-08-23"},{"lineNumber":36,"author":{"gitId":"lezongmun"},"content":"","lastModifiedDate":"2021-08-23"},{"lineNumber":37,"author":{"gitId":"lezongmun"},"content":"    public void markAsDone(){","lastModifiedDate":"2021-08-23"},{"lineNumber":38,"author":{"gitId":"lezongmun"},"content":"        this.isDone \u003d true;","lastModifiedDate":"2021-08-23"},{"lineNumber":39,"author":{"gitId":"lezongmun"},"content":"    }","lastModifiedDate":"2021-08-23"},{"lineNumber":40,"author":{"gitId":"lezongmun"},"content":"","lastModifiedDate":"2021-08-23"},{"lineNumber":41,"author":{"gitId":"lezongmun"},"content":"    public String getType(){","lastModifiedDate":"2021-08-30"},{"lineNumber":42,"author":{"gitId":"lezongmun"},"content":"        return \"Task\";","lastModifiedDate":"2021-09-08"},{"lineNumber":43,"author":{"gitId":"lezongmun"},"content":"    }","lastModifiedDate":"2021-08-30"},{"lineNumber":44,"author":{"gitId":"lezongmun"},"content":"","lastModifiedDate":"2021-08-30"},{"lineNumber":45,"author":{"gitId":"lezongmun"},"content":"    // get formatted description to print out for list and task commands, eg \"return book (by: Sunday)\"","lastModifiedDate":"2021-08-30"},{"lineNumber":46,"author":{"gitId":"lezongmun"},"content":"    public String getFormattedDescription(){","lastModifiedDate":"2021-08-30"},{"lineNumber":47,"author":{"gitId":"lezongmun"},"content":"        return this.fullTaskDescription;","lastModifiedDate":"2021-09-05"},{"lineNumber":48,"author":{"gitId":"lezongmun"},"content":"    }","lastModifiedDate":"2021-08-30"},{"lineNumber":49,"author":{"gitId":"lezongmun"},"content":"","lastModifiedDate":"2021-08-30"},{"lineNumber":50,"author":{"gitId":"lezongmun"},"content":"    //obtain the task to do from the input description","lastModifiedDate":"2021-08-30"},{"lineNumber":51,"author":{"gitId":"lezongmun"},"content":"    public String getTask(){","lastModifiedDate":"2021-08-30"},{"lineNumber":52,"author":{"gitId":"lezongmun"},"content":"        return this.fullTaskDescription;","lastModifiedDate":"2021-09-05"},{"lineNumber":53,"author":{"gitId":"lezongmun"},"content":"    }","lastModifiedDate":"2021-08-30"},{"lineNumber":54,"author":{"gitId":"lezongmun"},"content":"}","lastModifiedDate":"2021-08-23"}],"authorContributionMap":{"lezongmun":54}},{"path":"src/main/java/task/ToDo.java","fileType":"java","lines":[{"lineNumber":1,"author":{"gitId":"lezongmun"},"content":"package task;","lastModifiedDate":"2021-09-06"},{"lineNumber":2,"author":{"gitId":"lezongmun"},"content":"","lastModifiedDate":"2021-09-06"},{"lineNumber":3,"author":{"gitId":"lezongmun"},"content":"public class ToDo extends Task{","lastModifiedDate":"2021-08-30"},{"lineNumber":4,"author":{"gitId":"lezongmun"},"content":"","lastModifiedDate":"2021-08-30"},{"lineNumber":5,"author":{"gitId":"lezongmun"},"content":"    public ToDo(String fullTaskDescription){","lastModifiedDate":"2021-09-05"},{"lineNumber":6,"author":{"gitId":"lezongmun"},"content":"        super(fullTaskDescription);","lastModifiedDate":"2021-09-05"},{"lineNumber":7,"author":{"gitId":"lezongmun"},"content":"    }","lastModifiedDate":"2021-08-30"},{"lineNumber":8,"author":{"gitId":"lezongmun"},"content":"","lastModifiedDate":"2021-08-30"},{"lineNumber":9,"author":{"gitId":"lezongmun"},"content":"    public String getType(){","lastModifiedDate":"2021-08-30"},{"lineNumber":10,"author":{"gitId":"lezongmun"},"content":"        return \"To Do\";","lastModifiedDate":"2021-08-30"},{"lineNumber":11,"author":{"gitId":"lezongmun"},"content":"    }","lastModifiedDate":"2021-08-30"},{"lineNumber":12,"author":{"gitId":"lezongmun"},"content":"","lastModifiedDate":"2021-08-30"},{"lineNumber":13,"author":{"gitId":"lezongmun"},"content":"    // get formatted description to print out for list and task commands, eg \"return book (by: Sunday)\"","lastModifiedDate":"2021-08-30"},{"lineNumber":14,"author":{"gitId":"lezongmun"},"content":"    public String getFormattedDescription(){","lastModifiedDate":"2021-08-30"},{"lineNumber":15,"author":{"gitId":"lezongmun"},"content":"        return getTask();","lastModifiedDate":"2021-08-30"},{"lineNumber":16,"author":{"gitId":"lezongmun"},"content":"    }","lastModifiedDate":"2021-08-30"},{"lineNumber":17,"author":{"gitId":"lezongmun"},"content":"","lastModifiedDate":"2021-08-30"},{"lineNumber":18,"author":{"gitId":"lezongmun"},"content":"    //obtain the task to do from the input description","lastModifiedDate":"2021-08-30"},{"lineNumber":19,"author":{"gitId":"lezongmun"},"content":"    public String getTask(){","lastModifiedDate":"2021-08-30"},{"lineNumber":20,"author":{"gitId":"lezongmun"},"content":"        String task \u003d this.fullTaskDescription;","lastModifiedDate":"2021-09-05"},{"lineNumber":21,"author":{"gitId":"lezongmun"},"content":"        return task;","lastModifiedDate":"2021-09-05"},{"lineNumber":22,"author":{"gitId":"lezongmun"},"content":"    }","lastModifiedDate":"2021-08-30"},{"lineNumber":23,"author":{"gitId":"lezongmun"},"content":"    ","lastModifiedDate":"2021-08-30"},{"lineNumber":24,"author":{"gitId":"lezongmun"},"content":"}","lastModifiedDate":"2021-08-30"}],"authorContributionMap":{"lezongmun":24}},{"path":"text-ui-test/input.txt","fileType":"txt","lines":[{"lineNumber":1,"author":{"gitId":"lezongmun"},"content":"list","lastModifiedDate":"2021-08-30"},{"lineNumber":2,"author":{"gitId":"lezongmun"},"content":"todo borrow book","lastModifiedDate":"2021-08-30"},{"lineNumber":3,"author":{"gitId":"lezongmun"},"content":"list","lastModifiedDate":"2021-08-30"},{"lineNumber":4,"author":{"gitId":"lezongmun"},"content":"deadline return book /by Sunday","lastModifiedDate":"2021-08-30"},{"lineNumber":5,"author":{"gitId":"lezongmun"},"content":"list","lastModifiedDate":"2021-08-30"},{"lineNumber":6,"author":{"gitId":"lezongmun"},"content":"done 1","lastModifiedDate":"2021-08-30"},{"lineNumber":7,"author":{"gitId":"lezongmun"},"content":"done 1","lastModifiedDate":"2021-08-30"},{"lineNumber":8,"author":{"gitId":"lezongmun"},"content":"done 2","lastModifiedDate":"2021-08-30"},{"lineNumber":9,"author":{"gitId":"lezongmun"},"content":"event project meeting /at Mon 2-4pm","lastModifiedDate":"2021-08-30"},{"lineNumber":10,"author":{"gitId":"lezongmun"},"content":"list","lastModifiedDate":"2021-08-30"},{"lineNumber":11,"author":{"gitId":"lezongmun"},"content":"done 3","lastModifiedDate":"2021-08-30"},{"lineNumber":12,"author":{"gitId":"lezongmun"},"content":"bye","lastModifiedDate":"2021-08-30"}],"authorContributionMap":{"lezongmun":12}}]
