{"authorDailyContributionsMap":{"lezongmun":[{"date":"2021-08-15","commitResults":[{"hash":"c1b40093696b378f719dfe28466b3618cd2212cb","messageTitle":"add level-0","messageBody":"","tags":["Level-0"],"fileTypesAndContributionMap":{"java":{"insertions":7,"deletions":6}}}]},{"date":"2021-08-23","commitResults":[{"hash":"767c35530fd0297ade103ef9aef7954c7a05fa3a","messageTitle":"add level-1","messageBody":"","tags":["Level-1"],"fileTypesAndContributionMap":{"java":{"insertions":30,"deletions":6}}},{"hash":"85ce40b2b883a5d509f34c485cc34104bc8e03a9","messageTitle":"add level-2","messageBody":"","tags":["Level-2"],"fileTypesAndContributionMap":{"java":{"insertions":24,"deletions":6}}},{"hash":"f0fa30973f2fa784e3a0f915d5827b39c4bca4f2","messageTitle":"add level-3","messageBody":"","tags":["Level-3"],"fileTypesAndContributionMap":{"java":{"insertions":90,"deletions":9}}}]},{"date":"2021-08-25","commitResults":[{"hash":"fb462b8cc2b8002cb29460614edeb7586f5fc2df","messageTitle":"A-CodingStandard","messageBody":"","fileTypesAndContributionMap":{"java":{"insertions":1,"deletions":1}}},{"hash":"6b2416a49a287ed52b650eb55b1c50859ce28641","messageTitle":"add A-CodingStandard","messageBody":"","tags":["A-CodingStandard"],"fileTypesAndContributionMap":{"java":{"insertions":1,"deletions":1}}}]},{"date":"2021-08-30","commitResults":[{"hash":"41537809b43927888b7cadaafb3f8cea68cfd8bb","messageTitle":"add level-4","messageBody":"","tags":["Level-4"],"fileTypesAndContributionMap":{"java":{"insertions":206,"deletions":60}}},{"hash":"9c766ef68a6c6819463c6378e92a0780e04cc3e8","messageTitle":"add A-TextUiTesting","messageBody":"","tags":["A-TextUiTesting"],"fileTypesAndContributionMap":{"txt":{"insertions":12,"deletions":0}}},{"hash":"88e5033f255c25d4afcb54b183f0756d9275340f","messageTitle":"add A-CodeQuality","messageBody":"","tags":["A-CodeQuality"],"fileTypesAndContributionMap":{"java":{"insertions":1,"deletions":2}}}]}]},"authorFileTypeContributionMap":{"lezongmun":{"java":275,"md":0,"fxml":0,"sh":0,"bat":0,"gradle":0,"txt":12}},"authorContributionVariance":{"lezongmun":462.41574},"authorDisplayNameMap":{"lezongmun":"CS2113T-T09-1 MUN ..ZONG"}}
