{"authorDailyContributionsMap":{"lezongmun":[{"date":"2021-08-15","commitResults":[{"hash":"c1b40093696b378f719dfe28466b3618cd2212cb","messageTitle":"add level-0","messageBody":"","tags":["Level-0"],"fileTypesAndContributionMap":{"java":{"insertions":7,"deletions":6}}}]},{"date":"2021-08-23","commitResults":[{"hash":"767c35530fd0297ade103ef9aef7954c7a05fa3a","messageTitle":"add level-1","messageBody":"","tags":["Level-1"],"fileTypesAndContributionMap":{"java":{"insertions":30,"deletions":6}}},{"hash":"85ce40b2b883a5d509f34c485cc34104bc8e03a9","messageTitle":"add level-2","messageBody":"","tags":["Level-2"],"fileTypesAndContributionMap":{"java":{"insertions":24,"deletions":6}}},{"hash":"f0fa30973f2fa784e3a0f915d5827b39c4bca4f2","messageTitle":"add level-3","messageBody":"","tags":["Level-3"],"fileTypesAndContributionMap":{"java":{"insertions":90,"deletions":9}}}]},{"date":"2021-08-25","commitResults":[{"hash":"fb462b8cc2b8002cb29460614edeb7586f5fc2df","messageTitle":"A-CodingStandard","messageBody":"","fileTypesAndContributionMap":{"java":{"insertions":1,"deletions":1}}},{"hash":"6b2416a49a287ed52b650eb55b1c50859ce28641","messageTitle":"add A-CodingStandard","messageBody":"","tags":["A-CodingStandard"],"fileTypesAndContributionMap":{"java":{"insertions":1,"deletions":1}}}]},{"date":"2021-08-30","commitResults":[{"hash":"41537809b43927888b7cadaafb3f8cea68cfd8bb","messageTitle":"add level-4","messageBody":"","tags":["Level-4"],"fileTypesAndContributionMap":{"java":{"insertions":206,"deletions":60}}},{"hash":"9c766ef68a6c6819463c6378e92a0780e04cc3e8","messageTitle":"add A-TextUiTesting","messageBody":"","tags":["A-TextUiTesting"],"fileTypesAndContributionMap":{"txt":{"insertions":12,"deletions":0}}},{"hash":"88e5033f255c25d4afcb54b183f0756d9275340f","messageTitle":"add A-CodeQuality","messageBody":"","fileTypesAndContributionMap":{"java":{"insertions":1,"deletions":2}}}]},{"date":"2021-08-31","commitResults":[{"hash":"8f2760a5c736746ac407d1a0afdd1c302c318066","messageTitle":"added changes such as abstraction of functions in main for A-CodeQuality","messageBody":"","tags":["A-CodeQuality"],"fileTypesAndContributionMap":{"txt":{"insertions":137,"deletions":0},"java":{"insertions":51,"deletions":34}}}]},{"date":"2021-09-05","commitResults":[{"hash":"f23539d7a099d222a1da68fc03257e94c4d39ad9","messageTitle":"resolve pull request reviews and changed naming conventions","messageBody":"","fileTypesAndContributionMap":{"java":{"insertions":106,"deletions":78}}}]},{"date":"2021-09-06","commitResults":[{"hash":"c8a8b1f2ed8b53565b0fcb19aac96b70876fa746","messageTitle":"add command class","messageBody":"","fileTypesAndContributionMap":{"txt":{"insertions":4,"deletions":131},"java":{"insertions":230,"deletions":172}}},{"hash":"0daafb446b2984d24971a00595400890588cd614","messageTitle":"add MessageManager","messageBody":"","fileTypesAndContributionMap":{"java":{"insertions":75,"deletions":44}}},{"hash":"2789a49b8174fb33883ec07668cbbe967fd97eed","messageTitle":"add command and manager package files","messageBody":"","fileTypesAndContributionMap":{"java":{"insertions":12,"deletions":7}}}]},{"date":"2021-09-08","commitResults":[{"hash":"7d366d19b8dd8309ecb60ba41a7bf2990a0da388","messageTitle":"add exceptions and error handling","messageBody":"","fileTypesAndContributionMap":{"java":{"insertions":136,"deletions":50}}},{"hash":"e9b916687d30f8306d5ca1d86b372afd397fe20a","messageTitle":"add some changes to ResponseManager and formatting","messageBody":"","fileTypesAndContributionMap":{"java":{"insertions":5,"deletions":48}}},{"hash":"e39457539ea8344c2a477109ba0a651478ce3b6f","messageTitle":"add A-Exceptions","messageBody":"","tags":["A-Exceptions"],"fileTypesAndContributionMap":{"java":{"insertions":16,"deletions":15}}},{"hash":"a18134d8205eadb080ff1e5c3115b851380a8e6c","messageTitle":"add A-Packages by adding all classes and packages into bobby package","messageBody":"","tags":["A-Packages"],"fileTypesAndContributionMap":{"txt":{"insertions":8,"deletions":0},"java":{"insertions":32,"deletions":31}}}]},{"date":"2021-09-14","commitResults":[{"hash":"c8da3188f194df8b18836e020816135ccffc1b64","messageTitle":"use ArrayList\u003cTask\u003e instead of Task[]","messageBody":"","tags":["A-Collections"],"fileTypesAndContributionMap":{"txt":{"insertions":1,"deletions":0},"java":{"insertions":57,"deletions":38}}},{"hash":"188f3e7812b508bf4764639d003f46552f3085a0","messageTitle":"add Level-6 deleting of tasks","messageBody":"","fileTypesAndContributionMap":{"txt":{"insertions":8,"deletions":0},"java":{"insertions":62,"deletions":28}}}]},{"date":"2021-09-15","commitResults":[{"hash":"30446cfd4dce3ea3db059bf0744f0c8508ac9a56","messageTitle":"add level 7 saving of data","messageBody":"","fileTypesAndContributionMap":{"java":{"insertions":145,"deletions":9}}}]},{"date":"2021-09-19","commitResults":[{"hash":"43f5b311a2df54531229597e1566363b7b7611c2","messageTitle":"add bye command and clean up code in FileManager","messageBody":"","fileTypesAndContributionMap":{"java":{"insertions":83,"deletions":48}}},{"hash":"39f45b7fd1161f8448c809327d28375926bde626","messageTitle":"add welcome back message and clean up responses","messageBody":"","fileTypesAndContributionMap":{"java":{"insertions":35,"deletions":20}}}]},{"date":"2021-09-23","commitResults":[{"hash":"fa73e4e16ce3f63c4fa4c045eff96ed408e00eec","messageTitle":"fix bug","messageBody":"","fileTypesAndContributionMap":{"txt":{"insertions":0,"deletions":0},"java":{"insertions":2,"deletions":1}}},{"hash":"3327ffeb1f27c220ea069c6efadb3d14f3623483","messageTitle":"change bobby to karen","messageBody":"","fileTypesAndContributionMap":{"txt":{"insertions":1,"deletions":0},"java":{"insertions":64,"deletions":59}}},{"hash":"faafcd3b04c97c6a35c2cccec10eb02ce2a9f21c","messageTitle":"make the code more oop with comments inside","messageBody":"","fileTypesAndContributionMap":{"txt":{"insertions":0,"deletions":1},"java":{"insertions":301,"deletions":200}}},{"hash":"f18285a88e78ce61a211c8eaaec92dac0a829fbd","messageTitle":"add A-MoreOOP by extracting Ui, Storage, Parser, TaskList and ProgramManager, and cleaning code","messageBody":"","fileTypesAndContributionMap":{"java":{"insertions":10,"deletions":62}}}]},{"date":"2021-09-24","commitResults":[{"hash":"e8df6fa7bb4f8b6761695f2faebc74fb2f10fc5d","messageTitle":"extract parsing from command to parser","messageBody":"","tags":["A-MoreOOP"],"fileTypesAndContributionMap":{"java":{"insertions":174,"deletions":125}}},{"hash":"2d0048d502e5976b3412ce53b3d94f12f62d3440","messageTitle":"add level 8 dates and times, as well as show command","messageBody":"","fileTypesAndContributionMap":{"java":{"insertions":227,"deletions":40}}},{"hash":"d2c86c2d8bd60495d1844fa18fddfd613fa9b322","messageTitle":"work on find command","messageBody":"","fileTypesAndContributionMap":{"java":{"insertions":9,"deletions":1}}},{"hash":"9ae3f435388f56355a50a70efd00c76c11d5e5f2","messageTitle":"extract stream from ui to showcommand","messageBody":"","fileTypesAndContributionMap":{"java":{"insertions":20,"deletions":44}}},{"hash":"4988545cf0dfa862709e6d3ca71a332ecafc382a","messageTitle":"add level 9 finding tasks by searching for keyword","messageBody":"","fileTypesAndContributionMap":{"java":{"insertions":36,"deletions":4}}},{"hash":"d8b5a0e519d17c19c07d0525b5a7ed942e8eb4a6","messageTitle":"clean up code","messageBody":"","fileTypesAndContributionMap":{"java":{"insertions":34,"deletions":23}}}]},{"date":"2021-09-25","commitResults":[{"hash":"1f70d60907da2f1509945aeb597f68c57d9eb80d","messageTitle":"add A-JavaDoc documenting methods and classes","messageBody":"","fileTypesAndContributionMap":{"java":{"insertions":498,"deletions":126}}},{"hash":"2d947b9738ddeaf38f05a9c559e21cc018c6d92a","messageTitle":"clean up comments and code","messageBody":"","fileTypesAndContributionMap":{"java":{"insertions":10,"deletions":16}}}]}]},"authorFileTypeContributionMap":{"lezongmun":{"java":1487,"md":0,"fxml":0,"sh":0,"bat":0,"gradle":0,"txt":39}},"authorContributionVariance":{"lezongmun":8797.098},"authorDisplayNameMap":{"lezongmun":"CS2113T-T09-1 MUN ..ZONG"}}
