[{"path":"src/main/java/duke/Duke.java","fileType":"java","lines":[{"lineNumber":1,"author":{"gitId":"SuibianP"},"content":"package duke;","lastModifiedDate":"2021-09-09"},{"lineNumber":2,"author":{"gitId":"SuibianP"},"content":"","lastModifiedDate":"2021-09-09"},{"lineNumber":3,"author":{"gitId":"SuibianP"},"content":"import duke.command.TaskParser;","lastModifiedDate":"2021-09-26"},{"lineNumber":4,"author":{"gitId":"SuibianP"},"content":"import duke.task.Todo;","lastModifiedDate":"2021-09-26"},{"lineNumber":5,"author":{"gitId":"SuibianP"},"content":"import duke.task.Task;","lastModifiedDate":"2021-09-26"},{"lineNumber":6,"author":{"gitId":"SuibianP"},"content":"import duke.task.Event;","lastModifiedDate":"2021-09-26"},{"lineNumber":7,"author":{"gitId":"SuibianP"},"content":"import duke.task.Deadline;","lastModifiedDate":"2021-09-26"},{"lineNumber":8,"author":{"gitId":"SuibianP"},"content":"import java.io.FileOutputStream;","lastModifiedDate":"2021-09-26"},{"lineNumber":9,"author":{"gitId":"SuibianP"},"content":"import java.io.FileInputStream;","lastModifiedDate":"2021-09-26"},{"lineNumber":10,"author":{"gitId":"SuibianP"},"content":"import java.io.ObjectOutputStream;","lastModifiedDate":"2021-09-26"},{"lineNumber":11,"author":{"gitId":"SuibianP"},"content":"import java.io.ObjectInputStream;","lastModifiedDate":"2021-09-26"},{"lineNumber":12,"author":{"gitId":"SuibianP"},"content":"import java.io.IOException;","lastModifiedDate":"2021-09-26"},{"lineNumber":13,"author":{"gitId":"SuibianP"},"content":"import java.util.ArrayList;","lastModifiedDate":"2021-08-24"},{"lineNumber":14,"author":{"gitId":"SuibianP"},"content":"import java.util.List;","lastModifiedDate":"2021-09-26"},{"lineNumber":15,"author":{"gitId":"SuibianP"},"content":"import java.util.Arrays;","lastModifiedDate":"2021-08-31"},{"lineNumber":16,"author":{"gitId":"SuibianP"},"content":"import java.util.stream.Collectors;","lastModifiedDate":"2021-09-26"},{"lineNumber":17,"author":{"gitId":"SuibianP"},"content":"import java.util.Scanner;","lastModifiedDate":"2021-08-24"},{"lineNumber":18,"author":{"gitId":"SuibianP"},"content":"","lastModifiedDate":"2021-09-09"},{"lineNumber":19,"author":{"gitId":"-"},"content":"public class Duke {","lastModifiedDate":"2019-07-29"},{"lineNumber":20,"author":{"gitId":"SuibianP"},"content":"","lastModifiedDate":"2021-08-24"},{"lineNumber":21,"author":{"gitId":"SuibianP"},"content":"    static ArrayList\u003cTask\u003e taskList \u003d new ArrayList\u003c\u003e();","lastModifiedDate":"2021-08-24"},{"lineNumber":22,"author":{"gitId":"SuibianP"},"content":"    static final String FILENAME \u003d \"tasklist\";","lastModifiedDate":"2021-09-14"},{"lineNumber":23,"author":{"gitId":"SuibianP"},"content":"","lastModifiedDate":"2021-08-24"},{"lineNumber":24,"author":{"gitId":"SuibianP"},"content":"    private static void saveTaskListToFile() {","lastModifiedDate":"2021-09-14"},{"lineNumber":25,"author":{"gitId":"SuibianP"},"content":"        try {","lastModifiedDate":"2021-09-14"},{"lineNumber":26,"author":{"gitId":"SuibianP"},"content":"            FileOutputStream fileos \u003d new FileOutputStream(FILENAME);","lastModifiedDate":"2021-09-14"},{"lineNumber":27,"author":{"gitId":"SuibianP"},"content":"            ObjectOutputStream objos \u003d new ObjectOutputStream(fileos);","lastModifiedDate":"2021-09-14"},{"lineNumber":28,"author":{"gitId":"SuibianP"},"content":"            objos.writeObject(taskList);","lastModifiedDate":"2021-09-14"},{"lineNumber":29,"author":{"gitId":"SuibianP"},"content":"        } catch (IOException e) {","lastModifiedDate":"2021-09-14"},{"lineNumber":30,"author":{"gitId":"SuibianP"},"content":"            System.out.println(\"Error saving to file.\");","lastModifiedDate":"2021-09-14"},{"lineNumber":31,"author":{"gitId":"SuibianP"},"content":"            System.out.println(e.getMessage());","lastModifiedDate":"2021-09-14"},{"lineNumber":32,"author":{"gitId":"SuibianP"},"content":"        }","lastModifiedDate":"2021-09-14"},{"lineNumber":33,"author":{"gitId":"SuibianP"},"content":"    }","lastModifiedDate":"2021-09-14"},{"lineNumber":34,"author":{"gitId":"SuibianP"},"content":"","lastModifiedDate":"2021-09-14"},{"lineNumber":35,"author":{"gitId":"SuibianP"},"content":"    private static void readTaskListFromFile() {","lastModifiedDate":"2021-09-14"},{"lineNumber":36,"author":{"gitId":"SuibianP"},"content":"        try {","lastModifiedDate":"2021-09-14"},{"lineNumber":37,"author":{"gitId":"SuibianP"},"content":"            FileInputStream fileis \u003d new FileInputStream(FILENAME);","lastModifiedDate":"2021-09-14"},{"lineNumber":38,"author":{"gitId":"SuibianP"},"content":"            ObjectInputStream objis \u003d new ObjectInputStream(fileis);","lastModifiedDate":"2021-09-14"},{"lineNumber":39,"author":{"gitId":"SuibianP"},"content":"            taskList \u003d (ArrayList\u003cTask\u003e)objis.readObject();","lastModifiedDate":"2021-09-14"},{"lineNumber":40,"author":{"gitId":"SuibianP"},"content":"        } catch (IOException | ClassNotFoundException e) {","lastModifiedDate":"2021-09-14"},{"lineNumber":41,"author":{"gitId":"SuibianP"},"content":"            System.out.println(\"Error reading from file.\");","lastModifiedDate":"2021-09-14"},{"lineNumber":42,"author":{"gitId":"SuibianP"},"content":"            System.out.println(e.getMessage());","lastModifiedDate":"2021-09-14"},{"lineNumber":43,"author":{"gitId":"SuibianP"},"content":"        }","lastModifiedDate":"2021-09-14"},{"lineNumber":44,"author":{"gitId":"SuibianP"},"content":"    }","lastModifiedDate":"2021-09-14"},{"lineNumber":45,"author":{"gitId":"SuibianP"},"content":"","lastModifiedDate":"2021-08-31"},{"lineNumber":46,"author":{"gitId":"SuibianP"},"content":"    private static void printWithIndex(List\u003c?\u003e list) {","lastModifiedDate":"2021-09-26"},{"lineNumber":47,"author":{"gitId":"SuibianP"},"content":"        for (int i \u003d 1; i \u003c\u003d list.size(); i +\u003d 1) {","lastModifiedDate":"2021-09-26"},{"lineNumber":48,"author":{"gitId":"SuibianP"},"content":"            System.out.println(i + \": \" + list.get(i - 1));","lastModifiedDate":"2021-09-26"},{"lineNumber":49,"author":{"gitId":"SuibianP"},"content":"        }","lastModifiedDate":"2021-09-26"},{"lineNumber":50,"author":{"gitId":"SuibianP"},"content":"    }","lastModifiedDate":"2021-09-26"},{"lineNumber":51,"author":{"gitId":"SuibianP"},"content":"","lastModifiedDate":"2021-09-26"},{"lineNumber":52,"author":{"gitId":"SuibianP"},"content":"    private static boolean handleOneInputLine(String line) {","lastModifiedDate":"2021-09-09"},{"lineNumber":53,"author":{"gitId":"SuibianP"},"content":"        String[] splitted \u003d line.split(\"\\\\s+\");","lastModifiedDate":"2021-08-24"},{"lineNumber":54,"author":{"gitId":"SuibianP"},"content":"        switch (splitted[0]) {","lastModifiedDate":"2021-08-24"},{"lineNumber":55,"author":{"gitId":"SuibianP"},"content":"        case \"bye\":","lastModifiedDate":"2021-08-24"},{"lineNumber":56,"author":{"gitId":"SuibianP"},"content":"            return true;","lastModifiedDate":"2021-09-09"},{"lineNumber":57,"author":{"gitId":"SuibianP"},"content":"        case \"list\":","lastModifiedDate":"2021-08-24"},{"lineNumber":58,"author":{"gitId":"SuibianP"},"content":"            printWithIndex(taskList);","lastModifiedDate":"2021-09-26"},{"lineNumber":59,"author":{"gitId":"SuibianP"},"content":"            break;","lastModifiedDate":"2021-09-09"},{"lineNumber":60,"author":{"gitId":"SuibianP"},"content":"        case \"done\": {","lastModifiedDate":"2021-09-14"},{"lineNumber":61,"author":{"gitId":"SuibianP"},"content":"            Task target \u003d taskList.get(Integer.parseInt(splitted[1]) - 1);","lastModifiedDate":"2021-08-24"},{"lineNumber":62,"author":{"gitId":"SuibianP"},"content":"            target.setDoneStatus(true);","lastModifiedDate":"2021-08-24"},{"lineNumber":63,"author":{"gitId":"SuibianP"},"content":"            System.out.println(\"Nice! I\u0027ve marked this task as done:\");","lastModifiedDate":"2021-08-24"},{"lineNumber":64,"author":{"gitId":"SuibianP"},"content":"            System.out.println(target);","lastModifiedDate":"2021-08-24"},{"lineNumber":65,"author":{"gitId":"SuibianP"},"content":"            break;","lastModifiedDate":"2021-09-09"},{"lineNumber":66,"author":{"gitId":"SuibianP"},"content":"        }","lastModifiedDate":"2021-09-14"},{"lineNumber":67,"author":{"gitId":"SuibianP"},"content":"        case \"delete\": {","lastModifiedDate":"2021-09-14"},{"lineNumber":68,"author":{"gitId":"SuibianP"},"content":"            Task target \u003d taskList.remove(Integer.parseInt(splitted[1]) - 1);","lastModifiedDate":"2021-09-14"},{"lineNumber":69,"author":{"gitId":"SuibianP"},"content":"            saveTaskListToFile();","lastModifiedDate":"2021-09-14"},{"lineNumber":70,"author":{"gitId":"SuibianP"},"content":"            System.out.println(\"Noted. I\u0027ve removed this task:\");","lastModifiedDate":"2021-09-14"},{"lineNumber":71,"author":{"gitId":"SuibianP"},"content":"            System.out.println(target);","lastModifiedDate":"2021-09-14"},{"lineNumber":72,"author":{"gitId":"SuibianP"},"content":"            break;","lastModifiedDate":"2021-09-14"},{"lineNumber":73,"author":{"gitId":"SuibianP"},"content":"        }","lastModifiedDate":"2021-09-14"},{"lineNumber":74,"author":{"gitId":"SuibianP"},"content":"        case \"find\": {","lastModifiedDate":"2021-09-26"},{"lineNumber":75,"author":{"gitId":"SuibianP"},"content":"            String needle \u003d splitted[1];","lastModifiedDate":"2021-09-26"},{"lineNumber":76,"author":{"gitId":"SuibianP"},"content":"            List\u003cTask\u003e filteredTasks \u003d taskList.stream().filter(t -\u003e t.getTitle().contains(needle)).collect(Collectors.toList());","lastModifiedDate":"2021-09-26"},{"lineNumber":77,"author":{"gitId":"SuibianP"},"content":"            printWithIndex(filteredTasks);","lastModifiedDate":"2021-09-26"},{"lineNumber":78,"author":{"gitId":"SuibianP"},"content":"            break;","lastModifiedDate":"2021-09-26"},{"lineNumber":79,"author":{"gitId":"SuibianP"},"content":"        }","lastModifiedDate":"2021-09-26"},{"lineNumber":80,"author":{"gitId":"SuibianP"},"content":"        default:","lastModifiedDate":"2021-08-24"},{"lineNumber":81,"author":{"gitId":"SuibianP"},"content":"            Task newTask \u003d null;","lastModifiedDate":"2021-09-09"},{"lineNumber":82,"author":{"gitId":"SuibianP"},"content":"            try {","lastModifiedDate":"2021-09-09"},{"lineNumber":83,"author":{"gitId":"SuibianP"},"content":"                newTask \u003d TaskParser.parseTask(splitted);","lastModifiedDate":"2021-09-09"},{"lineNumber":84,"author":{"gitId":"SuibianP"},"content":"            } catch (ArrayIndexOutOfBoundsException |","lastModifiedDate":"2021-09-26"},{"lineNumber":85,"author":{"gitId":"SuibianP"},"content":"                     IllegalArgumentException e) {","lastModifiedDate":"2021-09-26"},{"lineNumber":86,"author":{"gitId":"SuibianP"},"content":"                throw new ArrayIndexOutOfBoundsException(","lastModifiedDate":"2021-09-26"},{"lineNumber":87,"author":{"gitId":"SuibianP"},"content":"                    \"OOPS! Some required arguments are missing.\");","lastModifiedDate":"2021-09-26"},{"lineNumber":88,"author":{"gitId":"SuibianP"},"content":"            }","lastModifiedDate":"2021-09-09"},{"lineNumber":89,"author":{"gitId":"SuibianP"},"content":"            taskList.add(newTask);","lastModifiedDate":"2021-08-31"},{"lineNumber":90,"author":{"gitId":"SuibianP"},"content":"            saveTaskListToFile();","lastModifiedDate":"2021-09-14"},{"lineNumber":91,"author":{"gitId":"SuibianP"},"content":"            System.out.println(\"added: \" + newTask);","lastModifiedDate":"2021-08-31"},{"lineNumber":92,"author":{"gitId":"SuibianP"},"content":"        }","lastModifiedDate":"2021-08-24"},{"lineNumber":93,"author":{"gitId":"SuibianP"},"content":"        return false;","lastModifiedDate":"2021-09-09"},{"lineNumber":94,"author":{"gitId":"SuibianP"},"content":"    }","lastModifiedDate":"2021-08-24"},{"lineNumber":95,"author":{"gitId":"SuibianP"},"content":"","lastModifiedDate":"2021-08-24"},{"lineNumber":96,"author":{"gitId":"SuibianP"},"content":"    private static void initialise() {","lastModifiedDate":"2021-08-24"},{"lineNumber":97,"author":{"gitId":"SuibianP"},"content":"        readTaskListFromFile();","lastModifiedDate":"2021-09-14"},{"lineNumber":98,"author":{"gitId":"SuibianP"},"content":"        String greeting \u003d \"Hello! I\u0027m Duke\";","lastModifiedDate":"2021-08-24"},{"lineNumber":99,"author":{"gitId":"SuibianP"},"content":"        String assist \u003d \"What can I do for you?\";","lastModifiedDate":"2021-08-24"},{"lineNumber":100,"author":{"gitId":"SuibianP"},"content":"        System.out.println(greeting);","lastModifiedDate":"2021-08-24"},{"lineNumber":101,"author":{"gitId":"SuibianP"},"content":"        System.out.println(assist);","lastModifiedDate":"2021-08-24"},{"lineNumber":102,"author":{"gitId":"SuibianP"},"content":"    }","lastModifiedDate":"2021-08-24"},{"lineNumber":103,"author":{"gitId":"SuibianP"},"content":"","lastModifiedDate":"2021-08-24"},{"lineNumber":104,"author":{"gitId":"SuibianP"},"content":"    private static void finalise() {","lastModifiedDate":"2021-08-24"},{"lineNumber":105,"author":{"gitId":"SuibianP"},"content":"        String farewell \u003d \"Bye. Hope to see you again soon!\";","lastModifiedDate":"2021-08-24"},{"lineNumber":106,"author":{"gitId":"SuibianP"},"content":"        System.out.println(farewell);","lastModifiedDate":"2021-08-17"},{"lineNumber":107,"author":{"gitId":"SuibianP"},"content":"    }","lastModifiedDate":"2021-08-24"},{"lineNumber":108,"author":{"gitId":"SuibianP"},"content":"","lastModifiedDate":"2021-08-24"},{"lineNumber":109,"author":{"gitId":"SuibianP"},"content":"    public static void main(String[] args) {","lastModifiedDate":"2021-08-24"},{"lineNumber":110,"author":{"gitId":"SuibianP"},"content":"        initialise();","lastModifiedDate":"2021-08-24"},{"lineNumber":111,"author":{"gitId":"SuibianP"},"content":"        Scanner sc \u003d new Scanner(System.in);","lastModifiedDate":"2021-08-24"},{"lineNumber":112,"author":{"gitId":"SuibianP"},"content":"        while (sc.hasNextLine()) {","lastModifiedDate":"2021-08-24"},{"lineNumber":113,"author":{"gitId":"SuibianP"},"content":"            try {","lastModifiedDate":"2021-09-09"},{"lineNumber":114,"author":{"gitId":"SuibianP"},"content":"                if (handleOneInputLine(sc.nextLine())) {","lastModifiedDate":"2021-09-09"},{"lineNumber":115,"author":{"gitId":"SuibianP"},"content":"                    finalise();","lastModifiedDate":"2021-08-24"},{"lineNumber":116,"author":{"gitId":"SuibianP"},"content":"                    return;","lastModifiedDate":"2021-08-24"},{"lineNumber":117,"author":{"gitId":"SuibianP"},"content":"                }","lastModifiedDate":"2021-08-24"},{"lineNumber":118,"author":{"gitId":"SuibianP"},"content":"            } catch (Exception e) {","lastModifiedDate":"2021-09-09"},{"lineNumber":119,"author":{"gitId":"SuibianP"},"content":"                System.out.println(e.getMessage());","lastModifiedDate":"2021-09-09"},{"lineNumber":120,"author":{"gitId":"SuibianP"},"content":"            }","lastModifiedDate":"2021-09-09"},{"lineNumber":121,"author":{"gitId":"SuibianP"},"content":"        }","lastModifiedDate":"2021-08-24"},{"lineNumber":122,"author":{"gitId":"SuibianP"},"content":"        finalise();","lastModifiedDate":"2021-08-24"},{"lineNumber":123,"author":{"gitId":"-"},"content":"    }","lastModifiedDate":"2019-07-29"},{"lineNumber":124,"author":{"gitId":"-"},"content":"}","lastModifiedDate":"2019-07-29"}],"authorContributionMap":{"SuibianP":121,"-":3}},{"path":"src/main/java/duke/command/TaskParser.java","fileType":"java","lines":[{"lineNumber":1,"author":{"gitId":"SuibianP"},"content":"package duke.command;","lastModifiedDate":"2021-09-09"},{"lineNumber":2,"author":{"gitId":"SuibianP"},"content":"","lastModifiedDate":"2021-09-09"},{"lineNumber":3,"author":{"gitId":"SuibianP"},"content":"import java.util.ArrayList;","lastModifiedDate":"2021-09-26"},{"lineNumber":4,"author":{"gitId":"SuibianP"},"content":"import java.util.Arrays;","lastModifiedDate":"2021-09-08"},{"lineNumber":5,"author":{"gitId":"SuibianP"},"content":"import java.util.List;","lastModifiedDate":"2021-09-08"},{"lineNumber":6,"author":{"gitId":"SuibianP"},"content":"import duke.task.Todo;","lastModifiedDate":"2021-09-26"},{"lineNumber":7,"author":{"gitId":"SuibianP"},"content":"import duke.task.Task;","lastModifiedDate":"2021-09-26"},{"lineNumber":8,"author":{"gitId":"SuibianP"},"content":"import duke.task.Event;","lastModifiedDate":"2021-09-26"},{"lineNumber":9,"author":{"gitId":"SuibianP"},"content":"import duke.task.Deadline;","lastModifiedDate":"2021-09-26"},{"lineNumber":10,"author":{"gitId":"SuibianP"},"content":"import java.time.LocalDate;","lastModifiedDate":"2021-09-26"},{"lineNumber":11,"author":{"gitId":"SuibianP"},"content":"","lastModifiedDate":"2021-09-08"},{"lineNumber":12,"author":{"gitId":"SuibianP"},"content":"final public class TaskParser {","lastModifiedDate":"2021-09-08"},{"lineNumber":13,"author":{"gitId":"SuibianP"},"content":"    static private List\u003cClass\u003c? extends Task\u003e\u003e taskTypes \u003d","lastModifiedDate":"2021-09-26"},{"lineNumber":14,"author":{"gitId":"SuibianP"},"content":"        new ArrayList\u003cClass\u003c? extends Task\u003e\u003e();","lastModifiedDate":"2021-09-26"},{"lineNumber":15,"author":{"gitId":"SuibianP"},"content":"","lastModifiedDate":"2021-09-08"},{"lineNumber":16,"author":{"gitId":"SuibianP"},"content":"    public static void registerTaskType(Class\u003c? extends Task\u003e taskType) {","lastModifiedDate":"2021-09-08"},{"lineNumber":17,"author":{"gitId":"SuibianP"},"content":"        taskTypes.add(taskType);","lastModifiedDate":"2021-09-08"},{"lineNumber":18,"author":{"gitId":"SuibianP"},"content":"    }","lastModifiedDate":"2021-09-08"},{"lineNumber":19,"author":{"gitId":"SuibianP"},"content":"","lastModifiedDate":"2021-09-08"},{"lineNumber":20,"author":{"gitId":"SuibianP"},"content":"    public static Task parseTask(String[] args) {","lastModifiedDate":"2021-09-08"},{"lineNumber":21,"author":{"gitId":"SuibianP"},"content":"        String description;","lastModifiedDate":"2021-09-08"},{"lineNumber":22,"author":{"gitId":"SuibianP"},"content":"        Task newTask \u003d null;","lastModifiedDate":"2021-09-08"},{"lineNumber":23,"author":{"gitId":"SuibianP"},"content":"        switch (args[0]) {","lastModifiedDate":"2021-09-08"},{"lineNumber":24,"author":{"gitId":"SuibianP"},"content":"        case \"deadline\":","lastModifiedDate":"2021-09-08"},{"lineNumber":25,"author":{"gitId":"SuibianP"},"content":"            int byPosition \u003d Arrays.asList(args).indexOf(\"/by\");","lastModifiedDate":"2021-09-08"},{"lineNumber":26,"author":{"gitId":"SuibianP"},"content":"            description \u003d","lastModifiedDate":"2021-09-26"},{"lineNumber":27,"author":{"gitId":"SuibianP"},"content":"                String.join(\" \", Arrays.copyOfRange(args, 1, byPosition));","lastModifiedDate":"2021-09-26"},{"lineNumber":28,"author":{"gitId":"SuibianP"},"content":"            String byStr \u003d String.join(","lastModifiedDate":"2021-09-26"},{"lineNumber":29,"author":{"gitId":"SuibianP"},"content":"                \" \", Arrays.copyOfRange(args, byPosition + 1, args.length));","lastModifiedDate":"2021-09-26"},{"lineNumber":30,"author":{"gitId":"SuibianP"},"content":"            LocalDate byDate \u003d LocalDate.parse(byStr);","lastModifiedDate":"2021-09-26"},{"lineNumber":31,"author":{"gitId":"SuibianP"},"content":"            newTask \u003d new Deadline(description, byDate);","lastModifiedDate":"2021-09-26"},{"lineNumber":32,"author":{"gitId":"SuibianP"},"content":"            break;","lastModifiedDate":"2021-09-08"},{"lineNumber":33,"author":{"gitId":"SuibianP"},"content":"        case \"event\":","lastModifiedDate":"2021-09-08"},{"lineNumber":34,"author":{"gitId":"SuibianP"},"content":"            int atPosition \u003d Arrays.asList(args).indexOf(\"/at\");","lastModifiedDate":"2021-09-08"},{"lineNumber":35,"author":{"gitId":"SuibianP"},"content":"            description \u003d","lastModifiedDate":"2021-09-26"},{"lineNumber":36,"author":{"gitId":"SuibianP"},"content":"                String.join(\" \", Arrays.copyOfRange(args, 1, atPosition));","lastModifiedDate":"2021-09-26"},{"lineNumber":37,"author":{"gitId":"SuibianP"},"content":"            String atStr \u003d String.join(","lastModifiedDate":"2021-09-26"},{"lineNumber":38,"author":{"gitId":"SuibianP"},"content":"                \" \", Arrays.copyOfRange(args, atPosition + 1, args.length));","lastModifiedDate":"2021-09-26"},{"lineNumber":39,"author":{"gitId":"SuibianP"},"content":"            LocalDate atDate \u003d LocalDate.parse(atStr);","lastModifiedDate":"2021-09-26"},{"lineNumber":40,"author":{"gitId":"SuibianP"},"content":"            newTask \u003d new Event(description, atDate);","lastModifiedDate":"2021-09-26"},{"lineNumber":41,"author":{"gitId":"SuibianP"},"content":"            break;","lastModifiedDate":"2021-09-08"},{"lineNumber":42,"author":{"gitId":"SuibianP"},"content":"        case \"todo\":","lastModifiedDate":"2021-09-08"},{"lineNumber":43,"author":{"gitId":"SuibianP"},"content":"            if (args.length \u003d\u003d 1) {","lastModifiedDate":"2021-09-09"},{"lineNumber":44,"author":{"gitId":"SuibianP"},"content":"                throw new ArrayIndexOutOfBoundsException();","lastModifiedDate":"2021-09-09"},{"lineNumber":45,"author":{"gitId":"SuibianP"},"content":"            }","lastModifiedDate":"2021-09-09"},{"lineNumber":46,"author":{"gitId":"SuibianP"},"content":"            description \u003d","lastModifiedDate":"2021-09-26"},{"lineNumber":47,"author":{"gitId":"SuibianP"},"content":"                String.join(\" \", Arrays.copyOfRange(args, 1, args.length));","lastModifiedDate":"2021-09-26"},{"lineNumber":48,"author":{"gitId":"SuibianP"},"content":"            newTask \u003d new Todo(description);","lastModifiedDate":"2021-09-08"},{"lineNumber":49,"author":{"gitId":"SuibianP"},"content":"            break;","lastModifiedDate":"2021-09-08"},{"lineNumber":50,"author":{"gitId":"SuibianP"},"content":"        default:","lastModifiedDate":"2021-09-09"},{"lineNumber":51,"author":{"gitId":"SuibianP"},"content":"            throw new UnsupportedOperationException(","lastModifiedDate":"2021-09-26"},{"lineNumber":52,"author":{"gitId":"SuibianP"},"content":"                \"OOPS!!! I\u0027m sorry, but I don\u0027t know what that means :-(\");","lastModifiedDate":"2021-09-26"},{"lineNumber":53,"author":{"gitId":"SuibianP"},"content":"        }","lastModifiedDate":"2021-09-08"},{"lineNumber":54,"author":{"gitId":"SuibianP"},"content":"        return newTask;","lastModifiedDate":"2021-09-08"},{"lineNumber":55,"author":{"gitId":"SuibianP"},"content":"    }","lastModifiedDate":"2021-09-08"},{"lineNumber":56,"author":{"gitId":"SuibianP"},"content":"}","lastModifiedDate":"2021-09-08"}],"authorContributionMap":{"SuibianP":56}},{"path":"src/main/java/duke/task/Deadline.java","fileType":"java","lines":[{"lineNumber":1,"author":{"gitId":"SuibianP"},"content":"package duke.task;","lastModifiedDate":"2021-09-09"},{"lineNumber":2,"author":{"gitId":"SuibianP"},"content":"import java.time.LocalDate;","lastModifiedDate":"2021-09-26"},{"lineNumber":3,"author":{"gitId":"SuibianP"},"content":"","lastModifiedDate":"2021-09-09"},{"lineNumber":4,"author":{"gitId":"SuibianP"},"content":"public class Deadline extends Task {","lastModifiedDate":"2021-09-02"},{"lineNumber":5,"author":{"gitId":"SuibianP"},"content":"    LocalDate by;","lastModifiedDate":"2021-09-26"},{"lineNumber":6,"author":{"gitId":"SuibianP"},"content":"","lastModifiedDate":"2021-09-02"},{"lineNumber":7,"author":{"gitId":"SuibianP"},"content":"    public Deadline(String description, LocalDate by) {","lastModifiedDate":"2021-09-26"},{"lineNumber":8,"author":{"gitId":"SuibianP"},"content":"        super(description);","lastModifiedDate":"2021-09-02"},{"lineNumber":9,"author":{"gitId":"SuibianP"},"content":"        setBy(by);","lastModifiedDate":"2021-09-02"},{"lineNumber":10,"author":{"gitId":"SuibianP"},"content":"    }","lastModifiedDate":"2021-09-02"},{"lineNumber":11,"author":{"gitId":"SuibianP"},"content":"","lastModifiedDate":"2021-09-02"},{"lineNumber":12,"author":{"gitId":"SuibianP"},"content":"    public LocalDate getBy() {","lastModifiedDate":"2021-09-26"},{"lineNumber":13,"author":{"gitId":"SuibianP"},"content":"        return by;","lastModifiedDate":"2021-09-02"},{"lineNumber":14,"author":{"gitId":"SuibianP"},"content":"    }","lastModifiedDate":"2021-09-02"},{"lineNumber":15,"author":{"gitId":"SuibianP"},"content":"","lastModifiedDate":"2021-09-02"},{"lineNumber":16,"author":{"gitId":"SuibianP"},"content":"    public void setBy(LocalDate by) {","lastModifiedDate":"2021-09-26"},{"lineNumber":17,"author":{"gitId":"SuibianP"},"content":"        this.by \u003d by;","lastModifiedDate":"2021-09-02"},{"lineNumber":18,"author":{"gitId":"SuibianP"},"content":"    }","lastModifiedDate":"2021-09-02"},{"lineNumber":19,"author":{"gitId":"SuibianP"},"content":"","lastModifiedDate":"2021-09-02"},{"lineNumber":20,"author":{"gitId":"SuibianP"},"content":"    @Override","lastModifiedDate":"2021-09-02"},{"lineNumber":21,"author":{"gitId":"SuibianP"},"content":"    public String toString() {","lastModifiedDate":"2021-09-02"},{"lineNumber":22,"author":{"gitId":"SuibianP"},"content":"        return super.toString() + \" (by: \" + getBy().format(formatter) + \")\";","lastModifiedDate":"2021-09-26"},{"lineNumber":23,"author":{"gitId":"SuibianP"},"content":"    }","lastModifiedDate":"2021-09-02"},{"lineNumber":24,"author":{"gitId":"SuibianP"},"content":"","lastModifiedDate":"2021-09-02"},{"lineNumber":25,"author":{"gitId":"SuibianP"},"content":"    @Override","lastModifiedDate":"2021-09-02"},{"lineNumber":26,"author":{"gitId":"SuibianP"},"content":"    protected String getType() {","lastModifiedDate":"2021-09-02"},{"lineNumber":27,"author":{"gitId":"SuibianP"},"content":"        return \"deadline\";","lastModifiedDate":"2021-09-02"},{"lineNumber":28,"author":{"gitId":"SuibianP"},"content":"    }","lastModifiedDate":"2021-09-02"},{"lineNumber":29,"author":{"gitId":"SuibianP"},"content":"}","lastModifiedDate":"2021-09-02"}],"authorContributionMap":{"SuibianP":29}},{"path":"src/main/java/duke/task/Event.java","fileType":"java","lines":[{"lineNumber":1,"author":{"gitId":"SuibianP"},"content":"package duke.task;","lastModifiedDate":"2021-09-09"},{"lineNumber":2,"author":{"gitId":"SuibianP"},"content":"import java.time.LocalDate;","lastModifiedDate":"2021-09-26"},{"lineNumber":3,"author":{"gitId":"SuibianP"},"content":"","lastModifiedDate":"2021-09-09"},{"lineNumber":4,"author":{"gitId":"SuibianP"},"content":"public class Event extends Task {","lastModifiedDate":"2021-09-02"},{"lineNumber":5,"author":{"gitId":"SuibianP"},"content":"    private LocalDate to;","lastModifiedDate":"2021-09-26"},{"lineNumber":6,"author":{"gitId":"SuibianP"},"content":"","lastModifiedDate":"2021-09-02"},{"lineNumber":7,"author":{"gitId":"SuibianP"},"content":"    public Event(String description, LocalDate to) {","lastModifiedDate":"2021-09-26"},{"lineNumber":8,"author":{"gitId":"SuibianP"},"content":"        super(description);","lastModifiedDate":"2021-09-02"},{"lineNumber":9,"author":{"gitId":"SuibianP"},"content":"        setTo(to);","lastModifiedDate":"2021-09-02"},{"lineNumber":10,"author":{"gitId":"SuibianP"},"content":"    }","lastModifiedDate":"2021-09-02"},{"lineNumber":11,"author":{"gitId":"SuibianP"},"content":"","lastModifiedDate":"2021-09-02"},{"lineNumber":12,"author":{"gitId":"SuibianP"},"content":"    public LocalDate getTo() {","lastModifiedDate":"2021-09-26"},{"lineNumber":13,"author":{"gitId":"SuibianP"},"content":"        return to;","lastModifiedDate":"2021-09-02"},{"lineNumber":14,"author":{"gitId":"SuibianP"},"content":"    }","lastModifiedDate":"2021-09-02"},{"lineNumber":15,"author":{"gitId":"SuibianP"},"content":"","lastModifiedDate":"2021-09-02"},{"lineNumber":16,"author":{"gitId":"SuibianP"},"content":"    public void setTo(LocalDate to) {","lastModifiedDate":"2021-09-26"},{"lineNumber":17,"author":{"gitId":"SuibianP"},"content":"        this.to \u003d to;","lastModifiedDate":"2021-09-02"},{"lineNumber":18,"author":{"gitId":"SuibianP"},"content":"    }","lastModifiedDate":"2021-09-02"},{"lineNumber":19,"author":{"gitId":"SuibianP"},"content":"","lastModifiedDate":"2021-09-02"},{"lineNumber":20,"author":{"gitId":"SuibianP"},"content":"    @Override","lastModifiedDate":"2021-09-02"},{"lineNumber":21,"author":{"gitId":"SuibianP"},"content":"    public String toString() {","lastModifiedDate":"2021-09-02"},{"lineNumber":22,"author":{"gitId":"SuibianP"},"content":"        return super.toString() + \" (at: \" + getTo().format(formatter) + \")\";","lastModifiedDate":"2021-09-26"},{"lineNumber":23,"author":{"gitId":"SuibianP"},"content":"    }","lastModifiedDate":"2021-09-02"},{"lineNumber":24,"author":{"gitId":"SuibianP"},"content":"","lastModifiedDate":"2021-09-02"},{"lineNumber":25,"author":{"gitId":"SuibianP"},"content":"    @Override","lastModifiedDate":"2021-09-02"},{"lineNumber":26,"author":{"gitId":"SuibianP"},"content":"    protected String getType() {","lastModifiedDate":"2021-09-02"},{"lineNumber":27,"author":{"gitId":"SuibianP"},"content":"        return \"event\";","lastModifiedDate":"2021-09-02"},{"lineNumber":28,"author":{"gitId":"SuibianP"},"content":"    }","lastModifiedDate":"2021-09-02"},{"lineNumber":29,"author":{"gitId":"SuibianP"},"content":"}","lastModifiedDate":"2021-09-02"}],"authorContributionMap":{"SuibianP":29}},{"path":"src/main/java/duke/task/Task.java","fileType":"java","lines":[{"lineNumber":1,"author":{"gitId":"SuibianP"},"content":"package duke.task;","lastModifiedDate":"2021-09-09"},{"lineNumber":2,"author":{"gitId":"SuibianP"},"content":"import java.io.Serializable;","lastModifiedDate":"2021-09-14"},{"lineNumber":3,"author":{"gitId":"SuibianP"},"content":"import java.time.format.DateTimeFormatter;","lastModifiedDate":"2021-09-26"},{"lineNumber":4,"author":{"gitId":"SuibianP"},"content":"","lastModifiedDate":"2021-09-09"},{"lineNumber":5,"author":{"gitId":"SuibianP"},"content":"public abstract class Task implements Serializable {","lastModifiedDate":"2021-09-26"},{"lineNumber":6,"author":{"gitId":"SuibianP"},"content":"","lastModifiedDate":"2021-09-02"},{"lineNumber":7,"author":{"gitId":"SuibianP"},"content":"    private String title \u003d \"\";","lastModifiedDate":"2021-09-02"},{"lineNumber":8,"author":{"gitId":"SuibianP"},"content":"    private boolean doneStatus \u003d false;","lastModifiedDate":"2021-09-02"},{"lineNumber":9,"author":{"gitId":"SuibianP"},"content":"    protected final static DateTimeFormatter formatter \u003d DateTimeFormatter.ofPattern(\"MMM dd yyyy\");","lastModifiedDate":"2021-09-26"},{"lineNumber":10,"author":{"gitId":"SuibianP"},"content":"","lastModifiedDate":"2021-09-02"},{"lineNumber":11,"author":{"gitId":"SuibianP"},"content":"    protected String getType() {","lastModifiedDate":"2021-09-02"},{"lineNumber":12,"author":{"gitId":"SuibianP"},"content":"        return \"task\";","lastModifiedDate":"2021-09-02"},{"lineNumber":13,"author":{"gitId":"SuibianP"},"content":"    }","lastModifiedDate":"2021-09-02"},{"lineNumber":14,"author":{"gitId":"SuibianP"},"content":"","lastModifiedDate":"2021-09-02"},{"lineNumber":15,"author":{"gitId":"SuibianP"},"content":"    private Task() {","lastModifiedDate":"2021-09-02"},{"lineNumber":16,"author":{"gitId":"SuibianP"},"content":"        // prevent uninitialised task","lastModifiedDate":"2021-09-02"},{"lineNumber":17,"author":{"gitId":"SuibianP"},"content":"    }","lastModifiedDate":"2021-09-02"},{"lineNumber":18,"author":{"gitId":"SuibianP"},"content":"","lastModifiedDate":"2021-09-02"},{"lineNumber":19,"author":{"gitId":"SuibianP"},"content":"    public Task(String title) {","lastModifiedDate":"2021-09-02"},{"lineNumber":20,"author":{"gitId":"SuibianP"},"content":"        this.doneStatus \u003d false;","lastModifiedDate":"2021-09-02"},{"lineNumber":21,"author":{"gitId":"SuibianP"},"content":"        this.title \u003d title;","lastModifiedDate":"2021-09-02"},{"lineNumber":22,"author":{"gitId":"SuibianP"},"content":"    }","lastModifiedDate":"2021-09-02"},{"lineNumber":23,"author":{"gitId":"SuibianP"},"content":"","lastModifiedDate":"2021-09-02"},{"lineNumber":24,"author":{"gitId":"SuibianP"},"content":"    public String getTitle() {","lastModifiedDate":"2021-09-02"},{"lineNumber":25,"author":{"gitId":"SuibianP"},"content":"        return title;","lastModifiedDate":"2021-09-02"},{"lineNumber":26,"author":{"gitId":"SuibianP"},"content":"    }","lastModifiedDate":"2021-09-02"},{"lineNumber":27,"author":{"gitId":"SuibianP"},"content":"","lastModifiedDate":"2021-09-02"},{"lineNumber":28,"author":{"gitId":"SuibianP"},"content":"    public void setTitle(String title) {","lastModifiedDate":"2021-09-02"},{"lineNumber":29,"author":{"gitId":"SuibianP"},"content":"        this.title \u003d title;","lastModifiedDate":"2021-09-02"},{"lineNumber":30,"author":{"gitId":"SuibianP"},"content":"    }","lastModifiedDate":"2021-09-02"},{"lineNumber":31,"author":{"gitId":"SuibianP"},"content":"","lastModifiedDate":"2021-09-02"},{"lineNumber":32,"author":{"gitId":"SuibianP"},"content":"    public void setDoneStatus(boolean status) {","lastModifiedDate":"2021-09-02"},{"lineNumber":33,"author":{"gitId":"SuibianP"},"content":"        this.doneStatus \u003d status;","lastModifiedDate":"2021-09-02"},{"lineNumber":34,"author":{"gitId":"SuibianP"},"content":"    }","lastModifiedDate":"2021-09-02"},{"lineNumber":35,"author":{"gitId":"SuibianP"},"content":"","lastModifiedDate":"2021-09-02"},{"lineNumber":36,"author":{"gitId":"SuibianP"},"content":"    public String getStatusIcon() {","lastModifiedDate":"2021-09-02"},{"lineNumber":37,"author":{"gitId":"SuibianP"},"content":"        return this.doneStatus ? \"x\" : \" \";","lastModifiedDate":"2021-09-02"},{"lineNumber":38,"author":{"gitId":"SuibianP"},"content":"    }","lastModifiedDate":"2021-09-02"},{"lineNumber":39,"author":{"gitId":"SuibianP"},"content":"","lastModifiedDate":"2021-09-02"},{"lineNumber":40,"author":{"gitId":"SuibianP"},"content":"    public String toString() {","lastModifiedDate":"2021-09-02"},{"lineNumber":41,"author":{"gitId":"SuibianP"},"content":"        return \"[\" + Character.toUpperCase(this.getType().charAt(0)) + \u0027]\u0027 +","lastModifiedDate":"2021-09-26"},{"lineNumber":42,"author":{"gitId":"SuibianP"},"content":"            \u0027[\u0027 + this.getStatusIcon() + \u0027]\u0027 + \u0027 \u0027 + this.title;","lastModifiedDate":"2021-09-26"},{"lineNumber":43,"author":{"gitId":"SuibianP"},"content":"    }","lastModifiedDate":"2021-09-02"},{"lineNumber":44,"author":{"gitId":"SuibianP"},"content":"}","lastModifiedDate":"2021-09-02"}],"authorContributionMap":{"SuibianP":44}},{"path":"src/main/java/duke/task/Todo.java","fileType":"java","lines":[{"lineNumber":1,"author":{"gitId":"SuibianP"},"content":"package duke.task;","lastModifiedDate":"2021-09-09"},{"lineNumber":2,"author":{"gitId":"SuibianP"},"content":"","lastModifiedDate":"2021-09-09"},{"lineNumber":3,"author":{"gitId":"SuibianP"},"content":"public class Todo extends Task {","lastModifiedDate":"2021-09-02"},{"lineNumber":4,"author":{"gitId":"SuibianP"},"content":"    public Todo(String description) {","lastModifiedDate":"2021-09-02"},{"lineNumber":5,"author":{"gitId":"SuibianP"},"content":"        super(description);","lastModifiedDate":"2021-09-02"},{"lineNumber":6,"author":{"gitId":"SuibianP"},"content":"    }","lastModifiedDate":"2021-09-02"},{"lineNumber":7,"author":{"gitId":"SuibianP"},"content":"}","lastModifiedDate":"2021-09-02"}],"authorContributionMap":{"SuibianP":7}},{"path":"text-ui-test/input.txt","fileType":"txt","lines":[{"lineNumber":1,"author":{"gitId":"SuibianP"},"content":"list","lastModifiedDate":"2021-08-31"},{"lineNumber":2,"author":{"gitId":"SuibianP"},"content":"event an event /at 2-4 pm","lastModifiedDate":"2021-08-31"},{"lineNumber":3,"author":{"gitId":"SuibianP"},"content":"deadline CS2113T increment /by withdrawal","lastModifiedDate":"2021-08-31"},{"lineNumber":4,"author":{"gitId":"SuibianP"},"content":"todo Withdraw from University","lastModifiedDate":"2021-08-31"},{"lineNumber":5,"author":{"gitId":"SuibianP"},"content":"list","lastModifiedDate":"2021-08-31"},{"lineNumber":6,"author":{"gitId":"SuibianP"},"content":"done 2","lastModifiedDate":"2021-08-31"},{"lineNumber":7,"author":{"gitId":"SuibianP"},"content":"list","lastModifiedDate":"2021-08-31"},{"lineNumber":8,"author":{"gitId":"SuibianP"},"content":"bye","lastModifiedDate":"2021-08-31"}],"authorContributionMap":{"SuibianP":8}}]
