[{"path":"docs/README.md","fileType":"md","lines":[{"lineNumber":1,"author":{"gitId":"-"},"content":"# User Guide","lastModifiedDate":"2019-07-29"},{"lineNumber":2,"author":{"gitId":"-"},"content":"","lastModifiedDate":"2019-07-29"},{"lineNumber":3,"author":{"gitId":"SuibianP"},"content":"**Duke** is a command-line-based task management utility that allows one to input and organise different kinds of tasks effortlessly.","lastModifiedDate":"2021-09-30"},{"lineNumber":4,"author":{"gitId":"-"},"content":"","lastModifiedDate":"2021-09-30"},{"lineNumber":5,"author":{"gitId":"-"},"content":"## Features","lastModifiedDate":"2019-07-29"},{"lineNumber":6,"author":{"gitId":"-"},"content":"","lastModifiedDate":"2019-07-29"},{"lineNumber":7,"author":{"gitId":"SuibianP"},"content":"### Local storage","lastModifiedDate":"2021-09-30"},{"lineNumber":8,"author":{"gitId":"SuibianP"},"content":"","lastModifiedDate":"2021-09-30"},{"lineNumber":9,"author":{"gitId":"SuibianP"},"content":"All transactions are automatically saved to a local data file in real time. Therefore, there is very little possibility of data loss even in abrupt power outages.","lastModifiedDate":"2021-09-30"},{"lineNumber":10,"author":{"gitId":"SuibianP"},"content":"","lastModifiedDate":"2021-09-30"},{"lineNumber":11,"author":{"gitId":"SuibianP"},"content":"### Cross platform","lastModifiedDate":"2021-09-30"},{"lineNumber":12,"author":{"gitId":"-"},"content":"","lastModifiedDate":"2021-07-17"},{"lineNumber":13,"author":{"gitId":"SuibianP"},"content":"This application works out of the box wherever a Java 11 distribution is available. You can even transfer/sync your data file onto a different machine and seamlessly continue working from there.","lastModifiedDate":"2021-09-30"},{"lineNumber":14,"author":{"gitId":"-"},"content":"","lastModifiedDate":"2021-07-17"},{"lineNumber":15,"author":{"gitId":"SuibianP"},"content":"## Setup","lastModifiedDate":"2021-09-30"},{"lineNumber":16,"author":{"gitId":"-"},"content":"","lastModifiedDate":"2021-07-17"},{"lineNumber":17,"author":{"gitId":"SuibianP"},"content":"1. Obtain a runtime for Java 11, such as [Oracle\u0027s](https://www.oracle.com/java/technologies/downloads/#java11) or [Amazon\u0027s](https://docs.aws.amazon.com/corretto/latest/corretto-11-ug/downloads-list.html).","lastModifiedDate":"2021-09-30"},{"lineNumber":18,"author":{"gitId":"SuibianP"},"content":"2. If not done automatically by the installer, add the binary installation path containing the `java` executable to the PATH environment variable of the operating system. Refer to the manual of the operating system for detailed instructions.","lastModifiedDate":"2021-09-30"},{"lineNumber":19,"author":{"gitId":"SuibianP"},"content":"3. Obtain the JAR bundle from [release](https://github.com/SuibianP/ip/releases/latest).","lastModifiedDate":"2021-09-30"},{"lineNumber":20,"author":{"gitId":"SuibianP"},"content":"4. Run the bundle with `java -jar \u003cfilename\u003e.jar`, where `\u003cfilename\u003e.jar` is the name of the downloaded file from the previous step.","lastModifiedDate":"2021-09-30"},{"lineNumber":21,"author":{"gitId":"SuibianP"},"content":"","lastModifiedDate":"2021-09-30"},{"lineNumber":22,"author":{"gitId":"SuibianP"},"content":"On successful launch of Duke, you should be greeted with something like,","lastModifiedDate":"2021-09-30"},{"lineNumber":23,"author":{"gitId":"SuibianP"},"content":"```","lastModifiedDate":"2021-09-30"},{"lineNumber":24,"author":{"gitId":"SuibianP"},"content":"Hello! I\u0027m Duke","lastModifiedDate":"2021-09-30"},{"lineNumber":25,"author":{"gitId":"SuibianP"},"content":"What can I do for you?","lastModifiedDate":"2021-09-30"},{"lineNumber":26,"author":{"gitId":"SuibianP"},"content":"```","lastModifiedDate":"2021-09-30"},{"lineNumber":27,"author":{"gitId":"-"},"content":"","lastModifiedDate":"2019-07-29"},{"lineNumber":28,"author":{"gitId":"-"},"content":"## Usage","lastModifiedDate":"2019-07-29"},{"lineNumber":29,"author":{"gitId":"-"},"content":"","lastModifiedDate":"2019-07-29"},{"lineNumber":30,"author":{"gitId":"SuibianP"},"content":"### `todo` - add a todo task","lastModifiedDate":"2021-09-30"},{"lineNumber":31,"author":{"gitId":"SuibianP"},"content":"Add a task of type todo, which is a basic task type with a name and a status of done/not done.","lastModifiedDate":"2021-09-30"},{"lineNumber":32,"author":{"gitId":"SuibianP"},"content":"","lastModifiedDate":"2021-09-30"},{"lineNumber":33,"author":{"gitId":"SuibianP"},"content":"```","lastModifiedDate":"2021-09-30"},{"lineNumber":34,"author":{"gitId":"SuibianP"},"content":"todo \u003ctitle\u003e","lastModifiedDate":"2021-09-30"},{"lineNumber":35,"author":{"gitId":"SuibianP"},"content":"```","lastModifiedDate":"2021-09-30"},{"lineNumber":36,"author":{"gitId":"SuibianP"},"content":"","lastModifiedDate":"2021-09-30"},{"lineNumber":37,"author":{"gitId":"SuibianP"},"content":"Example usage:","lastModifiedDate":"2021-09-30"},{"lineNumber":38,"author":{"gitId":"SuibianP"},"content":"```","lastModifiedDate":"2021-09-30"},{"lineNumber":39,"author":{"gitId":"SuibianP"},"content":"todo Have lunch","lastModifiedDate":"2021-09-30"},{"lineNumber":40,"author":{"gitId":"SuibianP"},"content":"```","lastModifiedDate":"2021-09-30"},{"lineNumber":41,"author":{"gitId":"SuibianP"},"content":"","lastModifiedDate":"2021-09-30"},{"lineNumber":42,"author":{"gitId":"SuibianP"},"content":"Expected outcome:","lastModifiedDate":"2021-09-30"},{"lineNumber":43,"author":{"gitId":"SuibianP"},"content":"```","lastModifiedDate":"2021-09-30"},{"lineNumber":44,"author":{"gitId":"SuibianP"},"content":"added: [T][ ] Have lunch","lastModifiedDate":"2021-09-30"},{"lineNumber":45,"author":{"gitId":"SuibianP"},"content":"```","lastModifiedDate":"2021-09-30"},{"lineNumber":46,"author":{"gitId":"SuibianP"},"content":"","lastModifiedDate":"2021-09-30"},{"lineNumber":47,"author":{"gitId":"SuibianP"},"content":"### `deadline` - add a deadline task","lastModifiedDate":"2021-09-30"},{"lineNumber":48,"author":{"gitId":"SuibianP"},"content":"Add a task of type deadline, which records the date of deadline in addition to those properties of todo.","lastModifiedDate":"2021-09-30"},{"lineNumber":49,"author":{"gitId":"SuibianP"},"content":"","lastModifiedDate":"2021-09-30"},{"lineNumber":50,"author":{"gitId":"SuibianP"},"content":"```","lastModifiedDate":"2021-09-30"},{"lineNumber":51,"author":{"gitId":"SuibianP"},"content":"deadline \u003ctitle\u003e /by \u003cdeadline\u003e","lastModifiedDate":"2021-09-30"},{"lineNumber":52,"author":{"gitId":"SuibianP"},"content":"```","lastModifiedDate":"2021-09-30"},{"lineNumber":53,"author":{"gitId":"SuibianP"},"content":"","lastModifiedDate":"2021-09-30"},{"lineNumber":54,"author":{"gitId":"SuibianP"},"content":"where `\u003cdeadline\u003e` is a date following the format of `YYYY-MM-DD`, e.g. `2020-02-02`.","lastModifiedDate":"2021-09-30"},{"lineNumber":55,"author":{"gitId":"SuibianP"},"content":"","lastModifiedDate":"2021-09-30"},{"lineNumber":56,"author":{"gitId":"SuibianP"},"content":"Example usage:","lastModifiedDate":"2021-09-30"},{"lineNumber":57,"author":{"gitId":"SuibianP"},"content":"```","lastModifiedDate":"2021-09-30"},{"lineNumber":58,"author":{"gitId":"SuibianP"},"content":"deadline Send postcard /by 2021-10-02","lastModifiedDate":"2021-09-30"},{"lineNumber":59,"author":{"gitId":"SuibianP"},"content":"```","lastModifiedDate":"2021-09-30"},{"lineNumber":60,"author":{"gitId":"SuibianP"},"content":"","lastModifiedDate":"2021-09-30"},{"lineNumber":61,"author":{"gitId":"SuibianP"},"content":"Expected outcome:","lastModifiedDate":"2021-09-30"},{"lineNumber":62,"author":{"gitId":"SuibianP"},"content":"```","lastModifiedDate":"2021-09-30"},{"lineNumber":63,"author":{"gitId":"SuibianP"},"content":"added: [D][ ] Send postcard (by: Oct 02 2021)","lastModifiedDate":"2021-09-30"},{"lineNumber":64,"author":{"gitId":"SuibianP"},"content":"```","lastModifiedDate":"2021-09-30"},{"lineNumber":65,"author":{"gitId":"SuibianP"},"content":"","lastModifiedDate":"2021-09-30"},{"lineNumber":66,"author":{"gitId":"SuibianP"},"content":"","lastModifiedDate":"2021-09-30"},{"lineNumber":67,"author":{"gitId":"SuibianP"},"content":"### `event` - add a event task","lastModifiedDate":"2021-09-30"},{"lineNumber":68,"author":{"gitId":"SuibianP"},"content":"Add a task of type event, which records the date of happening in addition to those properties of todo.","lastModifiedDate":"2021-09-30"},{"lineNumber":69,"author":{"gitId":"SuibianP"},"content":"","lastModifiedDate":"2021-09-30"},{"lineNumber":70,"author":{"gitId":"SuibianP"},"content":"```","lastModifiedDate":"2021-09-30"},{"lineNumber":71,"author":{"gitId":"SuibianP"},"content":"event \u003ctitle\u003e /at \u003cday\u003e","lastModifiedDate":"2021-09-30"},{"lineNumber":72,"author":{"gitId":"SuibianP"},"content":"```","lastModifiedDate":"2021-09-30"},{"lineNumber":73,"author":{"gitId":"SuibianP"},"content":"","lastModifiedDate":"2021-09-30"},{"lineNumber":74,"author":{"gitId":"SuibianP"},"content":"where `\u003cday\u003e` is a date following the format of `YYYY-MM-DD`, e.g. `2020-02-02`.","lastModifiedDate":"2021-09-30"},{"lineNumber":75,"author":{"gitId":"SuibianP"},"content":"","lastModifiedDate":"2021-09-30"},{"lineNumber":76,"author":{"gitId":"SuibianP"},"content":"Example of usage:","lastModifiedDate":"2021-09-30"},{"lineNumber":77,"author":{"gitId":"SuibianP"},"content":"","lastModifiedDate":"2021-09-30"},{"lineNumber":78,"author":{"gitId":"SuibianP"},"content":"```","lastModifiedDate":"2021-09-30"},{"lineNumber":79,"author":{"gitId":"SuibianP"},"content":"event Commencement /at 2021-11-11","lastModifiedDate":"2021-09-30"},{"lineNumber":80,"author":{"gitId":"SuibianP"},"content":"```","lastModifiedDate":"2021-09-30"},{"lineNumber":81,"author":{"gitId":"SuibianP"},"content":"","lastModifiedDate":"2021-09-30"},{"lineNumber":82,"author":{"gitId":"SuibianP"},"content":"Expected outcome:","lastModifiedDate":"2021-09-30"},{"lineNumber":83,"author":{"gitId":"SuibianP"},"content":"```","lastModifiedDate":"2021-09-30"},{"lineNumber":84,"author":{"gitId":"SuibianP"},"content":"added: [E][ ] Commencement (at: Nov 11 2021)","lastModifiedDate":"2021-09-30"},{"lineNumber":85,"author":{"gitId":"SuibianP"},"content":"```","lastModifiedDate":"2021-09-30"},{"lineNumber":86,"author":{"gitId":"SuibianP"},"content":"","lastModifiedDate":"2021-09-30"},{"lineNumber":87,"author":{"gitId":"SuibianP"},"content":"### `list` - list all tasks","lastModifiedDate":"2021-09-30"},{"lineNumber":88,"author":{"gitId":"SuibianP"},"content":"","lastModifiedDate":"2021-09-30"},{"lineNumber":89,"author":{"gitId":"SuibianP"},"content":"List all tasks currently being stored, together with their properties such as completion. This command takes no arguments and silently ignores any trailing arguments being provided.","lastModifiedDate":"2021-09-30"},{"lineNumber":90,"author":{"gitId":"SuibianP"},"content":"","lastModifiedDate":"2021-09-30"},{"lineNumber":91,"author":{"gitId":"SuibianP"},"content":"Example of usage:","lastModifiedDate":"2021-09-30"},{"lineNumber":92,"author":{"gitId":"SuibianP"},"content":"```","lastModifiedDate":"2021-09-30"},{"lineNumber":93,"author":{"gitId":"SuibianP"},"content":"list","lastModifiedDate":"2021-09-30"},{"lineNumber":94,"author":{"gitId":"SuibianP"},"content":"```","lastModifiedDate":"2021-09-30"},{"lineNumber":95,"author":{"gitId":"SuibianP"},"content":"","lastModifiedDate":"2021-09-30"},{"lineNumber":96,"author":{"gitId":"SuibianP"},"content":"Expected outcome:","lastModifiedDate":"2021-09-30"},{"lineNumber":97,"author":{"gitId":"SuibianP"},"content":"","lastModifiedDate":"2021-09-30"},{"lineNumber":98,"author":{"gitId":"SuibianP"},"content":"All tasks being stored at the moment. Each task is prefixed by a index starting from 1 and indications of its type and done status. Other properties of the task, if any, are suffixed in the line.","lastModifiedDate":"2021-09-30"},{"lineNumber":99,"author":{"gitId":"SuibianP"},"content":"```","lastModifiedDate":"2021-09-30"},{"lineNumber":100,"author":{"gitId":"SuibianP"},"content":"1: [E][x] Wedding (at: Feb 03 2021)","lastModifiedDate":"2021-09-30"},{"lineNumber":101,"author":{"gitId":"SuibianP"},"content":"2: [D][ ] Homework (by: Oct 02 2021)","lastModifiedDate":"2021-09-30"},{"lineNumber":102,"author":{"gitId":"SuibianP"},"content":"3: [T][ ] Swimming","lastModifiedDate":"2021-09-30"},{"lineNumber":103,"author":{"gitId":"SuibianP"},"content":"```","lastModifiedDate":"2021-09-30"},{"lineNumber":104,"author":{"gitId":"SuibianP"},"content":"","lastModifiedDate":"2021-09-30"},{"lineNumber":105,"author":{"gitId":"SuibianP"},"content":"### `bye` - exit program","lastModifiedDate":"2021-09-30"},{"lineNumber":106,"author":{"gitId":"-"},"content":"","lastModifiedDate":"2019-07-29"},{"lineNumber":107,"author":{"gitId":"SuibianP"},"content":"Gracefully shut down the program.","lastModifiedDate":"2021-09-30"},{"lineNumber":108,"author":{"gitId":"SuibianP"},"content":"","lastModifiedDate":"2021-09-30"},{"lineNumber":109,"author":{"gitId":"SuibianP"},"content":"An end-of-file situation from the standard input, such as issuing \u003ckbd\u003eCtrl-D\u003c/kbd\u003e in Bash, acts the same as this command.","lastModifiedDate":"2021-09-30"},{"lineNumber":110,"author":{"gitId":"-"},"content":"","lastModifiedDate":"2019-07-29"},{"lineNumber":111,"author":{"gitId":"-"},"content":"Example of usage:","lastModifiedDate":"2019-07-29"},{"lineNumber":112,"author":{"gitId":"SuibianP"},"content":"```","lastModifiedDate":"2021-09-30"},{"lineNumber":113,"author":{"gitId":"SuibianP"},"content":"bye","lastModifiedDate":"2021-09-30"},{"lineNumber":114,"author":{"gitId":"SuibianP"},"content":"```","lastModifiedDate":"2021-09-30"},{"lineNumber":115,"author":{"gitId":"SuibianP"},"content":"Expected outcome:","lastModifiedDate":"2021-09-30"},{"lineNumber":116,"author":{"gitId":"SuibianP"},"content":"","lastModifiedDate":"2021-09-30"},{"lineNumber":117,"author":{"gitId":"SuibianP"},"content":"A friendly farewell message should be printed to the user.","lastModifiedDate":"2021-09-30"},{"lineNumber":118,"author":{"gitId":"SuibianP"},"content":"```","lastModifiedDate":"2021-09-30"},{"lineNumber":119,"author":{"gitId":"SuibianP"},"content":"Bye. Hope to see you again soon!","lastModifiedDate":"2021-09-30"},{"lineNumber":120,"author":{"gitId":"SuibianP"},"content":"```","lastModifiedDate":"2021-09-30"},{"lineNumber":121,"author":{"gitId":"SuibianP"},"content":"","lastModifiedDate":"2021-09-30"},{"lineNumber":122,"author":{"gitId":"SuibianP"},"content":"### `delete` - delete task at specified index","lastModifiedDate":"2021-09-30"},{"lineNumber":123,"author":{"gitId":"-"},"content":"","lastModifiedDate":"2019-07-29"},{"lineNumber":124,"author":{"gitId":"SuibianP"},"content":"This command removes a task from storage. The task is identified by its unique index, as shown by a previous `list` command.","lastModifiedDate":"2021-09-30"},{"lineNumber":125,"author":{"gitId":"SuibianP"},"content":"","lastModifiedDate":"2021-09-30"},{"lineNumber":126,"author":{"gitId":"SuibianP"},"content":"```","lastModifiedDate":"2021-09-30"},{"lineNumber":127,"author":{"gitId":"SuibianP"},"content":"delete \u003cindex\u003e","lastModifiedDate":"2021-09-30"},{"lineNumber":128,"author":{"gitId":"SuibianP"},"content":"```","lastModifiedDate":"2021-09-30"},{"lineNumber":129,"author":{"gitId":"-"},"content":"","lastModifiedDate":"2019-07-29"},{"lineNumber":130,"author":{"gitId":"SuibianP"},"content":"Example of usage:","lastModifiedDate":"2021-09-30"},{"lineNumber":131,"author":{"gitId":"SuibianP"},"content":"```","lastModifiedDate":"2021-09-30"},{"lineNumber":132,"author":{"gitId":"SuibianP"},"content":"delete 3","lastModifiedDate":"2021-09-30"},{"lineNumber":133,"author":{"gitId":"SuibianP"},"content":"```","lastModifiedDate":"2021-09-30"},{"lineNumber":134,"author":{"gitId":"-"},"content":"Expected outcome:","lastModifiedDate":"2019-07-29"},{"lineNumber":135,"author":{"gitId":"SuibianP"},"content":"```","lastModifiedDate":"2021-09-30"},{"lineNumber":136,"author":{"gitId":"SuibianP"},"content":"Noted. I\u0027ve removed this task:","lastModifiedDate":"2021-09-30"},{"lineNumber":137,"author":{"gitId":"SuibianP"},"content":"[T][ ] Swimming","lastModifiedDate":"2021-09-30"},{"lineNumber":138,"author":{"gitId":"SuibianP"},"content":"```","lastModifiedDate":"2021-09-30"},{"lineNumber":139,"author":{"gitId":"-"},"content":"","lastModifiedDate":"2021-09-30"},{"lineNumber":140,"author":{"gitId":"SuibianP"},"content":"### `done` - mark task at specified index as done","lastModifiedDate":"2021-09-30"},{"lineNumber":141,"author":{"gitId":"-"},"content":"","lastModifiedDate":"2021-09-30"},{"lineNumber":142,"author":{"gitId":"SuibianP"},"content":"This command marks a task as done. The task is identified by its unique index, as shown by a previous `list` command.","lastModifiedDate":"2021-09-30"},{"lineNumber":143,"author":{"gitId":"SuibianP"},"content":"```","lastModifiedDate":"2021-09-30"},{"lineNumber":144,"author":{"gitId":"SuibianP"},"content":"done \u003cindex\u003e","lastModifiedDate":"2021-09-30"},{"lineNumber":145,"author":{"gitId":"SuibianP"},"content":"```","lastModifiedDate":"2021-09-30"},{"lineNumber":146,"author":{"gitId":"SuibianP"},"content":"Example of usage:","lastModifiedDate":"2021-09-30"},{"lineNumber":147,"author":{"gitId":"-"},"content":"","lastModifiedDate":"2019-07-29"},{"lineNumber":148,"author":{"gitId":"SuibianP"},"content":"```","lastModifiedDate":"2021-09-30"},{"lineNumber":149,"author":{"gitId":"SuibianP"},"content":"done 2","lastModifiedDate":"2021-09-30"},{"lineNumber":150,"author":{"gitId":"SuibianP"},"content":"```","lastModifiedDate":"2021-09-30"},{"lineNumber":151,"author":{"gitId":"-"},"content":"","lastModifiedDate":"2021-09-30"},{"lineNumber":152,"author":{"gitId":"-"},"content":"Expected outcome:","lastModifiedDate":"2021-09-30"},{"lineNumber":153,"author":{"gitId":"-"},"content":"","lastModifiedDate":"2021-07-17"},{"lineNumber":154,"author":{"gitId":"SuibianP"},"content":"The task being marked as done is echoed back for the user.","lastModifiedDate":"2021-09-30"},{"lineNumber":155,"author":{"gitId":"-"},"content":"```","lastModifiedDate":"2021-07-17"},{"lineNumber":156,"author":{"gitId":"SuibianP"},"content":"Nice! I\u0027ve marked this task as done:","lastModifiedDate":"2021-09-30"},{"lineNumber":157,"author":{"gitId":"SuibianP"},"content":"[D][x] Homework (by: Oct 02 2021)","lastModifiedDate":"2021-09-30"},{"lineNumber":158,"author":{"gitId":"-"},"content":"```","lastModifiedDate":"2021-07-17"}],"authorContributionMap":{"SuibianP":133,"-":25}},{"path":"src/main/java/duke/Duke.java","fileType":"java","lines":[{"lineNumber":1,"author":{"gitId":"SuibianP"},"content":"package duke;","lastModifiedDate":"2021-09-09"},{"lineNumber":2,"author":{"gitId":"SuibianP"},"content":"","lastModifiedDate":"2021-09-09"},{"lineNumber":3,"author":{"gitId":"SuibianP"},"content":"import duke.TaskList;","lastModifiedDate":"2021-09-27"},{"lineNumber":4,"author":{"gitId":"SuibianP"},"content":"import duke.Ui;","lastModifiedDate":"2021-09-27"},{"lineNumber":5,"author":{"gitId":"SuibianP"},"content":"import duke.command.Parser;","lastModifiedDate":"2021-09-27"},{"lineNumber":6,"author":{"gitId":"SuibianP"},"content":"import duke.task.Deadline;","lastModifiedDate":"2021-09-26"},{"lineNumber":7,"author":{"gitId":"SuibianP"},"content":"import duke.task.Event;","lastModifiedDate":"2021-09-27"},{"lineNumber":8,"author":{"gitId":"SuibianP"},"content":"import duke.task.Task;","lastModifiedDate":"2021-09-27"},{"lineNumber":9,"author":{"gitId":"SuibianP"},"content":"import duke.task.Todo;","lastModifiedDate":"2021-09-27"},{"lineNumber":10,"author":{"gitId":"SuibianP"},"content":"","lastModifiedDate":"2021-09-09"},{"lineNumber":11,"author":{"gitId":"-"},"content":"public class Duke {","lastModifiedDate":"2019-07-29"},{"lineNumber":12,"author":{"gitId":"SuibianP"},"content":"","lastModifiedDate":"2021-08-24"},{"lineNumber":13,"author":{"gitId":"SuibianP"},"content":"    static TaskList tasks;","lastModifiedDate":"2021-09-27"},{"lineNumber":14,"author":{"gitId":"SuibianP"},"content":"","lastModifiedDate":"2021-09-26"},{"lineNumber":15,"author":{"gitId":"SuibianP"},"content":"    private static boolean handleOneInputLine(String line) {","lastModifiedDate":"2021-09-09"},{"lineNumber":16,"author":{"gitId":"SuibianP"},"content":"        String[] splitted \u003d line.split(\"\\\\s+\");","lastModifiedDate":"2021-08-24"},{"lineNumber":17,"author":{"gitId":"SuibianP"},"content":"        switch (splitted[0]) {","lastModifiedDate":"2021-08-24"},{"lineNumber":18,"author":{"gitId":"SuibianP"},"content":"        case \"bye\":","lastModifiedDate":"2021-08-24"},{"lineNumber":19,"author":{"gitId":"SuibianP"},"content":"            return true;","lastModifiedDate":"2021-09-09"},{"lineNumber":20,"author":{"gitId":"SuibianP"},"content":"        case \"list\":","lastModifiedDate":"2021-08-24"},{"lineNumber":21,"author":{"gitId":"SuibianP"},"content":"            Ui.printWithIndex(tasks.getAllTasks());","lastModifiedDate":"2021-09-27"},{"lineNumber":22,"author":{"gitId":"SuibianP"},"content":"            break;","lastModifiedDate":"2021-09-09"},{"lineNumber":23,"author":{"gitId":"SuibianP"},"content":"        case \"done\": {","lastModifiedDate":"2021-09-14"},{"lineNumber":24,"author":{"gitId":"SuibianP"},"content":"            Task target \u003d tasks.getByIndex(Integer.parseInt(splitted[1]) - 1);","lastModifiedDate":"2021-09-27"},{"lineNumber":25,"author":{"gitId":"SuibianP"},"content":"            target.setDoneStatus(true);","lastModifiedDate":"2021-08-24"},{"lineNumber":26,"author":{"gitId":"SuibianP"},"content":"            System.out.println(\"Nice! I\u0027ve marked this task as done:\");","lastModifiedDate":"2021-08-24"},{"lineNumber":27,"author":{"gitId":"SuibianP"},"content":"            System.out.println(target);","lastModifiedDate":"2021-08-24"},{"lineNumber":28,"author":{"gitId":"SuibianP"},"content":"            break;","lastModifiedDate":"2021-09-09"},{"lineNumber":29,"author":{"gitId":"SuibianP"},"content":"        }","lastModifiedDate":"2021-09-14"},{"lineNumber":30,"author":{"gitId":"SuibianP"},"content":"        case \"delete\": {","lastModifiedDate":"2021-09-14"},{"lineNumber":31,"author":{"gitId":"SuibianP"},"content":"            Task target \u003d","lastModifiedDate":"2021-09-27"},{"lineNumber":32,"author":{"gitId":"SuibianP"},"content":"                tasks.removeByIndex(Integer.parseInt(splitted[1]) - 1);","lastModifiedDate":"2021-09-27"},{"lineNumber":33,"author":{"gitId":"SuibianP"},"content":"            System.out.println(\"Noted. I\u0027ve removed this task:\");","lastModifiedDate":"2021-09-14"},{"lineNumber":34,"author":{"gitId":"SuibianP"},"content":"            System.out.println(target);","lastModifiedDate":"2021-09-14"},{"lineNumber":35,"author":{"gitId":"SuibianP"},"content":"            break;","lastModifiedDate":"2021-09-14"},{"lineNumber":36,"author":{"gitId":"SuibianP"},"content":"        }","lastModifiedDate":"2021-09-14"},{"lineNumber":37,"author":{"gitId":"SuibianP"},"content":"        case \"find\": {","lastModifiedDate":"2021-09-26"},{"lineNumber":38,"author":{"gitId":"SuibianP"},"content":"            String needle \u003d splitted[1];","lastModifiedDate":"2021-09-26"},{"lineNumber":39,"author":{"gitId":"SuibianP"},"content":"            Ui.printWithIndex(tasks.findByKeyword(needle));","lastModifiedDate":"2021-09-27"},{"lineNumber":40,"author":{"gitId":"SuibianP"},"content":"            break;","lastModifiedDate":"2021-09-26"},{"lineNumber":41,"author":{"gitId":"SuibianP"},"content":"        }","lastModifiedDate":"2021-09-26"},{"lineNumber":42,"author":{"gitId":"SuibianP"},"content":"        default:","lastModifiedDate":"2021-08-24"},{"lineNumber":43,"author":{"gitId":"SuibianP"},"content":"            Task newTask \u003d null;","lastModifiedDate":"2021-09-09"},{"lineNumber":44,"author":{"gitId":"SuibianP"},"content":"            try {","lastModifiedDate":"2021-09-09"},{"lineNumber":45,"author":{"gitId":"SuibianP"},"content":"                newTask \u003d Parser.parseTask(splitted);","lastModifiedDate":"2021-09-27"},{"lineNumber":46,"author":{"gitId":"SuibianP"},"content":"            } catch (ArrayIndexOutOfBoundsException |","lastModifiedDate":"2021-09-26"},{"lineNumber":47,"author":{"gitId":"SuibianP"},"content":"                     IllegalArgumentException e) {","lastModifiedDate":"2021-09-26"},{"lineNumber":48,"author":{"gitId":"SuibianP"},"content":"                throw new ArrayIndexOutOfBoundsException(","lastModifiedDate":"2021-09-26"},{"lineNumber":49,"author":{"gitId":"SuibianP"},"content":"                    \"OOPS! Some required arguments are missing.\");","lastModifiedDate":"2021-09-26"},{"lineNumber":50,"author":{"gitId":"SuibianP"},"content":"            }","lastModifiedDate":"2021-09-09"},{"lineNumber":51,"author":{"gitId":"SuibianP"},"content":"            tasks.add(newTask);","lastModifiedDate":"2021-09-27"},{"lineNumber":52,"author":{"gitId":"SuibianP"},"content":"            System.out.println(\"added: \" + newTask);","lastModifiedDate":"2021-08-31"},{"lineNumber":53,"author":{"gitId":"SuibianP"},"content":"        }","lastModifiedDate":"2021-08-24"},{"lineNumber":54,"author":{"gitId":"SuibianP"},"content":"        return false;","lastModifiedDate":"2021-09-09"},{"lineNumber":55,"author":{"gitId":"SuibianP"},"content":"    }","lastModifiedDate":"2021-08-24"},{"lineNumber":56,"author":{"gitId":"SuibianP"},"content":"","lastModifiedDate":"2021-08-24"},{"lineNumber":57,"author":{"gitId":"SuibianP"},"content":"    /*","lastModifiedDate":"2021-09-28"},{"lineNumber":58,"author":{"gitId":"SuibianP"},"content":"     * Do initialisation work","lastModifiedDate":"2021-09-28"},{"lineNumber":59,"author":{"gitId":"SuibianP"},"content":"     */","lastModifiedDate":"2021-09-28"},{"lineNumber":60,"author":{"gitId":"SuibianP"},"content":"    private static void initialise() {","lastModifiedDate":"2021-08-24"},{"lineNumber":61,"author":{"gitId":"SuibianP"},"content":"        String greeting \u003d \"Hello! I\u0027m Duke\";","lastModifiedDate":"2021-08-24"},{"lineNumber":62,"author":{"gitId":"SuibianP"},"content":"        String assist \u003d \"What can I do for you?\";","lastModifiedDate":"2021-08-24"},{"lineNumber":63,"author":{"gitId":"SuibianP"},"content":"        System.out.println(greeting);","lastModifiedDate":"2021-08-24"},{"lineNumber":64,"author":{"gitId":"SuibianP"},"content":"        System.out.println(assist);","lastModifiedDate":"2021-08-24"},{"lineNumber":65,"author":{"gitId":"SuibianP"},"content":"        tasks \u003d Storage.readFromFile();","lastModifiedDate":"2021-09-27"},{"lineNumber":66,"author":{"gitId":"SuibianP"},"content":"    }","lastModifiedDate":"2021-08-24"},{"lineNumber":67,"author":{"gitId":"SuibianP"},"content":"","lastModifiedDate":"2021-08-24"},{"lineNumber":68,"author":{"gitId":"SuibianP"},"content":"    /*","lastModifiedDate":"2021-09-28"},{"lineNumber":69,"author":{"gitId":"SuibianP"},"content":"     * Do some post-operation work such as cleanup","lastModifiedDate":"2021-09-28"},{"lineNumber":70,"author":{"gitId":"SuibianP"},"content":"     */","lastModifiedDate":"2021-09-28"},{"lineNumber":71,"author":{"gitId":"SuibianP"},"content":"    private static void finalise() {","lastModifiedDate":"2021-08-24"},{"lineNumber":72,"author":{"gitId":"SuibianP"},"content":"        String farewell \u003d \"Bye. Hope to see you again soon!\";","lastModifiedDate":"2021-08-24"},{"lineNumber":73,"author":{"gitId":"SuibianP"},"content":"        System.out.println(farewell);","lastModifiedDate":"2021-08-17"},{"lineNumber":74,"author":{"gitId":"SuibianP"},"content":"    }","lastModifiedDate":"2021-08-24"},{"lineNumber":75,"author":{"gitId":"SuibianP"},"content":"","lastModifiedDate":"2021-08-24"},{"lineNumber":76,"author":{"gitId":"SuibianP"},"content":"    public static void main(String[] args) {","lastModifiedDate":"2021-08-24"},{"lineNumber":77,"author":{"gitId":"SuibianP"},"content":"        initialise();","lastModifiedDate":"2021-08-24"},{"lineNumber":78,"author":{"gitId":"SuibianP"},"content":"        for (String next; (next \u003d Ui.nextLine()) !\u003d null;) {","lastModifiedDate":"2021-09-27"},{"lineNumber":79,"author":{"gitId":"SuibianP"},"content":"            try {","lastModifiedDate":"2021-09-09"},{"lineNumber":80,"author":{"gitId":"SuibianP"},"content":"                if (handleOneInputLine(next)) {","lastModifiedDate":"2021-09-27"},{"lineNumber":81,"author":{"gitId":"SuibianP"},"content":"                    finalise();","lastModifiedDate":"2021-08-24"},{"lineNumber":82,"author":{"gitId":"SuibianP"},"content":"                    return;","lastModifiedDate":"2021-08-24"},{"lineNumber":83,"author":{"gitId":"SuibianP"},"content":"                }","lastModifiedDate":"2021-08-24"},{"lineNumber":84,"author":{"gitId":"SuibianP"},"content":"            } catch (Exception e) { Ui.printException(e); }","lastModifiedDate":"2021-09-27"},{"lineNumber":85,"author":{"gitId":"SuibianP"},"content":"        }","lastModifiedDate":"2021-08-24"},{"lineNumber":86,"author":{"gitId":"SuibianP"},"content":"        finalise();","lastModifiedDate":"2021-08-24"},{"lineNumber":87,"author":{"gitId":"-"},"content":"    }","lastModifiedDate":"2019-07-29"},{"lineNumber":88,"author":{"gitId":"-"},"content":"}","lastModifiedDate":"2019-07-29"}],"authorContributionMap":{"SuibianP":85,"-":3}},{"path":"src/main/java/duke/Storage.java","fileType":"java","lines":[{"lineNumber":1,"author":{"gitId":"SuibianP"},"content":"package duke;","lastModifiedDate":"2021-09-27"},{"lineNumber":2,"author":{"gitId":"SuibianP"},"content":"import duke.TaskList;","lastModifiedDate":"2021-09-27"},{"lineNumber":3,"author":{"gitId":"SuibianP"},"content":"import duke.Ui;","lastModifiedDate":"2021-09-27"},{"lineNumber":4,"author":{"gitId":"SuibianP"},"content":"import java.io.FileInputStream;","lastModifiedDate":"2021-09-27"},{"lineNumber":5,"author":{"gitId":"SuibianP"},"content":"import java.io.FileOutputStream;","lastModifiedDate":"2021-09-27"},{"lineNumber":6,"author":{"gitId":"SuibianP"},"content":"import java.io.IOException;","lastModifiedDate":"2021-09-27"},{"lineNumber":7,"author":{"gitId":"SuibianP"},"content":"import java.io.ObjectInputStream;","lastModifiedDate":"2021-09-27"},{"lineNumber":8,"author":{"gitId":"SuibianP"},"content":"import java.io.ObjectOutputStream;","lastModifiedDate":"2021-09-27"},{"lineNumber":9,"author":{"gitId":"SuibianP"},"content":"","lastModifiedDate":"2021-09-27"},{"lineNumber":10,"author":{"gitId":"SuibianP"},"content":"public class Storage {","lastModifiedDate":"2021-09-27"},{"lineNumber":11,"author":{"gitId":"SuibianP"},"content":"    private static final String FILENAME \u003d \"tasklist\";","lastModifiedDate":"2021-09-27"},{"lineNumber":12,"author":{"gitId":"SuibianP"},"content":"","lastModifiedDate":"2021-09-27"},{"lineNumber":13,"author":{"gitId":"SuibianP"},"content":"    public static void saveToFile(TaskList tasks) {","lastModifiedDate":"2021-09-27"},{"lineNumber":14,"author":{"gitId":"SuibianP"},"content":"        try {","lastModifiedDate":"2021-09-27"},{"lineNumber":15,"author":{"gitId":"SuibianP"},"content":"            FileOutputStream fileos \u003d new FileOutputStream(FILENAME);","lastModifiedDate":"2021-09-27"},{"lineNumber":16,"author":{"gitId":"SuibianP"},"content":"            ObjectOutputStream objos \u003d new ObjectOutputStream(fileos);","lastModifiedDate":"2021-09-27"},{"lineNumber":17,"author":{"gitId":"SuibianP"},"content":"            objos.writeObject(tasks);","lastModifiedDate":"2021-09-27"},{"lineNumber":18,"author":{"gitId":"SuibianP"},"content":"        } catch (IOException e) { Ui.printException(e); }","lastModifiedDate":"2021-09-27"},{"lineNumber":19,"author":{"gitId":"SuibianP"},"content":"    }","lastModifiedDate":"2021-09-27"},{"lineNumber":20,"author":{"gitId":"SuibianP"},"content":"","lastModifiedDate":"2021-09-27"},{"lineNumber":21,"author":{"gitId":"SuibianP"},"content":"    public static TaskList readFromFile() {","lastModifiedDate":"2021-09-27"},{"lineNumber":22,"author":{"gitId":"SuibianP"},"content":"        try {","lastModifiedDate":"2021-09-27"},{"lineNumber":23,"author":{"gitId":"SuibianP"},"content":"            FileInputStream fileis \u003d new FileInputStream(FILENAME);","lastModifiedDate":"2021-09-27"},{"lineNumber":24,"author":{"gitId":"SuibianP"},"content":"            ObjectInputStream objis \u003d new ObjectInputStream(fileis);","lastModifiedDate":"2021-09-27"},{"lineNumber":25,"author":{"gitId":"SuibianP"},"content":"            return (TaskList)objis.readObject();","lastModifiedDate":"2021-09-27"},{"lineNumber":26,"author":{"gitId":"SuibianP"},"content":"        } catch (IOException | ClassNotFoundException e) {","lastModifiedDate":"2021-09-27"},{"lineNumber":27,"author":{"gitId":"SuibianP"},"content":"            if (e instanceof ClassNotFoundException) {","lastModifiedDate":"2021-09-27"},{"lineNumber":28,"author":{"gitId":"SuibianP"},"content":"                Ui.printException(e);","lastModifiedDate":"2021-09-27"},{"lineNumber":29,"author":{"gitId":"SuibianP"},"content":"            }","lastModifiedDate":"2021-09-27"},{"lineNumber":30,"author":{"gitId":"SuibianP"},"content":"            return new TaskList();","lastModifiedDate":"2021-09-27"},{"lineNumber":31,"author":{"gitId":"SuibianP"},"content":"        }","lastModifiedDate":"2021-09-27"},{"lineNumber":32,"author":{"gitId":"SuibianP"},"content":"    }","lastModifiedDate":"2021-09-27"},{"lineNumber":33,"author":{"gitId":"SuibianP"},"content":"}","lastModifiedDate":"2021-09-27"}],"authorContributionMap":{"SuibianP":33}},{"path":"src/main/java/duke/TaskList.java","fileType":"java","lines":[{"lineNumber":1,"author":{"gitId":"SuibianP"},"content":"package duke;","lastModifiedDate":"2021-09-27"},{"lineNumber":2,"author":{"gitId":"SuibianP"},"content":"import duke.Storage;","lastModifiedDate":"2021-09-27"},{"lineNumber":3,"author":{"gitId":"SuibianP"},"content":"import duke.task.Task;","lastModifiedDate":"2021-09-27"},{"lineNumber":4,"author":{"gitId":"SuibianP"},"content":"import java.util.ArrayList;","lastModifiedDate":"2021-09-27"},{"lineNumber":5,"author":{"gitId":"SuibianP"},"content":"import java.util.List;","lastModifiedDate":"2021-09-27"},{"lineNumber":6,"author":{"gitId":"SuibianP"},"content":"import java.util.stream.Collectors;","lastModifiedDate":"2021-09-27"},{"lineNumber":7,"author":{"gitId":"SuibianP"},"content":"import java.io.Serializable;","lastModifiedDate":"2021-09-27"},{"lineNumber":8,"author":{"gitId":"SuibianP"},"content":"","lastModifiedDate":"2021-09-27"},{"lineNumber":9,"author":{"gitId":"SuibianP"},"content":"class TaskList implements Serializable {","lastModifiedDate":"2021-09-27"},{"lineNumber":10,"author":{"gitId":"SuibianP"},"content":"    private List\u003cTask\u003e tasks \u003d new ArrayList\u003c\u003e();","lastModifiedDate":"2021-09-27"},{"lineNumber":11,"author":{"gitId":"SuibianP"},"content":"","lastModifiedDate":"2021-09-27"},{"lineNumber":12,"author":{"gitId":"SuibianP"},"content":"    public void add(Task t) {","lastModifiedDate":"2021-09-27"},{"lineNumber":13,"author":{"gitId":"SuibianP"},"content":"        tasks.add(t);","lastModifiedDate":"2021-09-27"},{"lineNumber":14,"author":{"gitId":"SuibianP"},"content":"        Storage.saveToFile(this);","lastModifiedDate":"2021-09-27"},{"lineNumber":15,"author":{"gitId":"SuibianP"},"content":"    }","lastModifiedDate":"2021-09-27"},{"lineNumber":16,"author":{"gitId":"SuibianP"},"content":"","lastModifiedDate":"2021-09-27"},{"lineNumber":17,"author":{"gitId":"SuibianP"},"content":"    /**","lastModifiedDate":"2021-09-28"},{"lineNumber":18,"author":{"gitId":"SuibianP"},"content":"     * Obtain all the Tasks currently being stored","lastModifiedDate":"2021-09-28"},{"lineNumber":19,"author":{"gitId":"SuibianP"},"content":"     * @return A List of all tasks","lastModifiedDate":"2021-09-28"},{"lineNumber":20,"author":{"gitId":"SuibianP"},"content":"     */","lastModifiedDate":"2021-09-28"},{"lineNumber":21,"author":{"gitId":"SuibianP"},"content":"    public List\u003cTask\u003e getAllTasks() {","lastModifiedDate":"2021-09-27"},{"lineNumber":22,"author":{"gitId":"SuibianP"},"content":"        return tasks;","lastModifiedDate":"2021-09-27"},{"lineNumber":23,"author":{"gitId":"SuibianP"},"content":"    }","lastModifiedDate":"2021-09-27"},{"lineNumber":24,"author":{"gitId":"SuibianP"},"content":"","lastModifiedDate":"2021-09-27"},{"lineNumber":25,"author":{"gitId":"SuibianP"},"content":"    /**","lastModifiedDate":"2021-09-28"},{"lineNumber":26,"author":{"gitId":"SuibianP"},"content":"     * Get a task by its index","lastModifiedDate":"2021-09-28"},{"lineNumber":27,"author":{"gitId":"SuibianP"},"content":"     * @param index The index to be fetched","lastModifiedDate":"2021-09-28"},{"lineNumber":28,"author":{"gitId":"SuibianP"},"content":"     * @return The Task object at the index","lastModifiedDate":"2021-09-28"},{"lineNumber":29,"author":{"gitId":"SuibianP"},"content":"     * @throws IndexOutOfBoundsException If the given index is out of bound","lastModifiedDate":"2021-09-28"},{"lineNumber":30,"author":{"gitId":"SuibianP"},"content":"     */","lastModifiedDate":"2021-09-28"},{"lineNumber":31,"author":{"gitId":"SuibianP"},"content":"    public Task getByIndex(int index) {","lastModifiedDate":"2021-09-27"},{"lineNumber":32,"author":{"gitId":"SuibianP"},"content":"        return tasks.get(index);","lastModifiedDate":"2021-09-27"},{"lineNumber":33,"author":{"gitId":"SuibianP"},"content":"    }","lastModifiedDate":"2021-09-27"},{"lineNumber":34,"author":{"gitId":"SuibianP"},"content":"","lastModifiedDate":"2021-09-27"},{"lineNumber":35,"author":{"gitId":"SuibianP"},"content":"    /**","lastModifiedDate":"2021-09-28"},{"lineNumber":36,"author":{"gitId":"SuibianP"},"content":"     * Remove a task by its index","lastModifiedDate":"2021-09-28"},{"lineNumber":37,"author":{"gitId":"SuibianP"},"content":"     * @param index The index to be fetched","lastModifiedDate":"2021-09-28"},{"lineNumber":38,"author":{"gitId":"SuibianP"},"content":"     * @return The Task object being removed","lastModifiedDate":"2021-09-28"},{"lineNumber":39,"author":{"gitId":"SuibianP"},"content":"     * @throws IndexOutOfBoundsException If the given index is out of bound","lastModifiedDate":"2021-09-28"},{"lineNumber":40,"author":{"gitId":"SuibianP"},"content":"     */","lastModifiedDate":"2021-09-28"},{"lineNumber":41,"author":{"gitId":"SuibianP"},"content":"    public Task removeByIndex(int index) {","lastModifiedDate":"2021-09-27"},{"lineNumber":42,"author":{"gitId":"SuibianP"},"content":"        Task target \u003d tasks.remove(index);","lastModifiedDate":"2021-09-27"},{"lineNumber":43,"author":{"gitId":"SuibianP"},"content":"        Storage.saveToFile(this);","lastModifiedDate":"2021-09-27"},{"lineNumber":44,"author":{"gitId":"SuibianP"},"content":"        return target;","lastModifiedDate":"2021-09-27"},{"lineNumber":45,"author":{"gitId":"SuibianP"},"content":"    }","lastModifiedDate":"2021-09-27"},{"lineNumber":46,"author":{"gitId":"SuibianP"},"content":"","lastModifiedDate":"2021-09-27"},{"lineNumber":47,"author":{"gitId":"SuibianP"},"content":"    public List\u003cTask\u003e findByKeyword(String keyword) {","lastModifiedDate":"2021-09-27"},{"lineNumber":48,"author":{"gitId":"SuibianP"},"content":"        return tasks.stream()","lastModifiedDate":"2021-09-27"},{"lineNumber":49,"author":{"gitId":"SuibianP"},"content":"            .filter(t -\u003e t.getTitle().contains(keyword))","lastModifiedDate":"2021-09-27"},{"lineNumber":50,"author":{"gitId":"SuibianP"},"content":"            .collect(Collectors.toList());","lastModifiedDate":"2021-09-27"},{"lineNumber":51,"author":{"gitId":"SuibianP"},"content":"    }","lastModifiedDate":"2021-09-27"},{"lineNumber":52,"author":{"gitId":"SuibianP"},"content":"}","lastModifiedDate":"2021-09-27"}],"authorContributionMap":{"SuibianP":52}},{"path":"src/main/java/duke/Ui.java","fileType":"java","lines":[{"lineNumber":1,"author":{"gitId":"SuibianP"},"content":"package duke;","lastModifiedDate":"2021-09-27"},{"lineNumber":2,"author":{"gitId":"SuibianP"},"content":"import java.util.List;","lastModifiedDate":"2021-09-27"},{"lineNumber":3,"author":{"gitId":"SuibianP"},"content":"import java.util.Scanner;","lastModifiedDate":"2021-09-27"},{"lineNumber":4,"author":{"gitId":"SuibianP"},"content":"","lastModifiedDate":"2021-09-27"},{"lineNumber":5,"author":{"gitId":"SuibianP"},"content":"class Ui {","lastModifiedDate":"2021-09-27"},{"lineNumber":6,"author":{"gitId":"SuibianP"},"content":"    private static Scanner sc \u003d new Scanner(System.in);","lastModifiedDate":"2021-09-27"},{"lineNumber":7,"author":{"gitId":"SuibianP"},"content":"","lastModifiedDate":"2021-09-27"},{"lineNumber":8,"author":{"gitId":"SuibianP"},"content":"    /**","lastModifiedDate":"2021-09-28"},{"lineNumber":9,"author":{"gitId":"SuibianP"},"content":"     * Print the message of a given exception object","lastModifiedDate":"2021-09-28"},{"lineNumber":10,"author":{"gitId":"SuibianP"},"content":"     * @param e The exception in question","lastModifiedDate":"2021-09-28"},{"lineNumber":11,"author":{"gitId":"SuibianP"},"content":"     */","lastModifiedDate":"2021-09-28"},{"lineNumber":12,"author":{"gitId":"SuibianP"},"content":"    public static void printException(Exception e) {","lastModifiedDate":"2021-09-27"},{"lineNumber":13,"author":{"gitId":"SuibianP"},"content":"        System.out.println(e.getMessage());","lastModifiedDate":"2021-09-27"},{"lineNumber":14,"author":{"gitId":"SuibianP"},"content":"    }","lastModifiedDate":"2021-09-27"},{"lineNumber":15,"author":{"gitId":"SuibianP"},"content":"","lastModifiedDate":"2021-09-27"},{"lineNumber":16,"author":{"gitId":"SuibianP"},"content":"    /**","lastModifiedDate":"2021-09-28"},{"lineNumber":17,"author":{"gitId":"SuibianP"},"content":"     * Print a List with each item prefixed by the 1-based index and a semicolon","lastModifiedDate":"2021-09-28"},{"lineNumber":18,"author":{"gitId":"SuibianP"},"content":"     * e.g. 1: MyObjectStringified","lastModifiedDate":"2021-09-28"},{"lineNumber":19,"author":{"gitId":"SuibianP"},"content":"     * @param list The list to be printed","lastModifiedDate":"2021-09-28"},{"lineNumber":20,"author":{"gitId":"SuibianP"},"content":"     */","lastModifiedDate":"2021-09-28"},{"lineNumber":21,"author":{"gitId":"SuibianP"},"content":"    public static void printWithIndex(List\u003c?\u003e list) {","lastModifiedDate":"2021-09-27"},{"lineNumber":22,"author":{"gitId":"SuibianP"},"content":"        for (int i \u003d 1; i \u003c\u003d list.size(); i +\u003d 1) {","lastModifiedDate":"2021-09-27"},{"lineNumber":23,"author":{"gitId":"SuibianP"},"content":"            System.out.println(i + \": \" + list.get(i - 1));","lastModifiedDate":"2021-09-27"},{"lineNumber":24,"author":{"gitId":"SuibianP"},"content":"        }","lastModifiedDate":"2021-09-27"},{"lineNumber":25,"author":{"gitId":"SuibianP"},"content":"    }","lastModifiedDate":"2021-09-27"},{"lineNumber":26,"author":{"gitId":"SuibianP"},"content":"","lastModifiedDate":"2021-09-27"},{"lineNumber":27,"author":{"gitId":"SuibianP"},"content":"    /**","lastModifiedDate":"2021-09-28"},{"lineNumber":28,"author":{"gitId":"SuibianP"},"content":"     * Get the next line from standard input","lastModifiedDate":"2021-09-28"},{"lineNumber":29,"author":{"gitId":"SuibianP"},"content":"     * @return The line, or null if no line is available","lastModifiedDate":"2021-09-28"},{"lineNumber":30,"author":{"gitId":"SuibianP"},"content":"     */","lastModifiedDate":"2021-09-28"},{"lineNumber":31,"author":{"gitId":"SuibianP"},"content":"    public static String nextLine() {","lastModifiedDate":"2021-09-27"},{"lineNumber":32,"author":{"gitId":"SuibianP"},"content":"        if (!sc.hasNextLine()) {","lastModifiedDate":"2021-09-27"},{"lineNumber":33,"author":{"gitId":"SuibianP"},"content":"            return null;","lastModifiedDate":"2021-09-27"},{"lineNumber":34,"author":{"gitId":"SuibianP"},"content":"        }","lastModifiedDate":"2021-09-27"},{"lineNumber":35,"author":{"gitId":"SuibianP"},"content":"        return sc.nextLine();","lastModifiedDate":"2021-09-27"},{"lineNumber":36,"author":{"gitId":"SuibianP"},"content":"    }","lastModifiedDate":"2021-09-27"},{"lineNumber":37,"author":{"gitId":"SuibianP"},"content":"}","lastModifiedDate":"2021-09-27"}],"authorContributionMap":{"SuibianP":37}},{"path":"src/main/java/duke/command/Parser.java","fileType":"java","lines":[{"lineNumber":1,"author":{"gitId":"SuibianP"},"content":"package duke.command;","lastModifiedDate":"2021-09-09"},{"lineNumber":2,"author":{"gitId":"SuibianP"},"content":"","lastModifiedDate":"2021-09-09"},{"lineNumber":3,"author":{"gitId":"SuibianP"},"content":"import java.util.ArrayList;","lastModifiedDate":"2021-09-26"},{"lineNumber":4,"author":{"gitId":"SuibianP"},"content":"import java.util.Arrays;","lastModifiedDate":"2021-09-08"},{"lineNumber":5,"author":{"gitId":"SuibianP"},"content":"import java.util.List;","lastModifiedDate":"2021-09-08"},{"lineNumber":6,"author":{"gitId":"SuibianP"},"content":"import duke.task.Todo;","lastModifiedDate":"2021-09-26"},{"lineNumber":7,"author":{"gitId":"SuibianP"},"content":"import duke.task.Task;","lastModifiedDate":"2021-09-26"},{"lineNumber":8,"author":{"gitId":"SuibianP"},"content":"import duke.task.Event;","lastModifiedDate":"2021-09-26"},{"lineNumber":9,"author":{"gitId":"SuibianP"},"content":"import duke.task.Deadline;","lastModifiedDate":"2021-09-26"},{"lineNumber":10,"author":{"gitId":"SuibianP"},"content":"import java.time.LocalDate;","lastModifiedDate":"2021-09-26"},{"lineNumber":11,"author":{"gitId":"SuibianP"},"content":"","lastModifiedDate":"2021-09-08"},{"lineNumber":12,"author":{"gitId":"SuibianP"},"content":"final public class Parser {","lastModifiedDate":"2021-09-27"},{"lineNumber":13,"author":{"gitId":"SuibianP"},"content":"    static private List\u003cClass\u003c? extends Task\u003e\u003e taskTypes \u003d","lastModifiedDate":"2021-09-26"},{"lineNumber":14,"author":{"gitId":"SuibianP"},"content":"        new ArrayList\u003cClass\u003c? extends Task\u003e\u003e();","lastModifiedDate":"2021-09-26"},{"lineNumber":15,"author":{"gitId":"SuibianP"},"content":"","lastModifiedDate":"2021-09-08"},{"lineNumber":16,"author":{"gitId":"SuibianP"},"content":"    public static void registerTaskType(Class\u003c? extends Task\u003e taskType) {","lastModifiedDate":"2021-09-08"},{"lineNumber":17,"author":{"gitId":"SuibianP"},"content":"        taskTypes.add(taskType);","lastModifiedDate":"2021-09-08"},{"lineNumber":18,"author":{"gitId":"SuibianP"},"content":"    }","lastModifiedDate":"2021-09-08"},{"lineNumber":19,"author":{"gitId":"SuibianP"},"content":"","lastModifiedDate":"2021-09-08"},{"lineNumber":20,"author":{"gitId":"SuibianP"},"content":"    public static Task parseTask(String[] args) {","lastModifiedDate":"2021-09-08"},{"lineNumber":21,"author":{"gitId":"SuibianP"},"content":"        String description;","lastModifiedDate":"2021-09-08"},{"lineNumber":22,"author":{"gitId":"SuibianP"},"content":"        Task newTask \u003d null;","lastModifiedDate":"2021-09-08"},{"lineNumber":23,"author":{"gitId":"SuibianP"},"content":"        switch (args[0]) {","lastModifiedDate":"2021-09-08"},{"lineNumber":24,"author":{"gitId":"SuibianP"},"content":"        case \"deadline\":","lastModifiedDate":"2021-09-08"},{"lineNumber":25,"author":{"gitId":"SuibianP"},"content":"            int byPosition \u003d Arrays.asList(args).indexOf(\"/by\");","lastModifiedDate":"2021-09-08"},{"lineNumber":26,"author":{"gitId":"SuibianP"},"content":"            description \u003d","lastModifiedDate":"2021-09-26"},{"lineNumber":27,"author":{"gitId":"SuibianP"},"content":"                String.join(\" \", Arrays.copyOfRange(args, 1, byPosition));","lastModifiedDate":"2021-09-26"},{"lineNumber":28,"author":{"gitId":"SuibianP"},"content":"            String byStr \u003d String.join(","lastModifiedDate":"2021-09-26"},{"lineNumber":29,"author":{"gitId":"SuibianP"},"content":"                \" \", Arrays.copyOfRange(args, byPosition + 1, args.length));","lastModifiedDate":"2021-09-26"},{"lineNumber":30,"author":{"gitId":"SuibianP"},"content":"            LocalDate byDate \u003d LocalDate.parse(byStr);","lastModifiedDate":"2021-09-26"},{"lineNumber":31,"author":{"gitId":"SuibianP"},"content":"            newTask \u003d new Deadline(description, byDate);","lastModifiedDate":"2021-09-26"},{"lineNumber":32,"author":{"gitId":"SuibianP"},"content":"            break;","lastModifiedDate":"2021-09-08"},{"lineNumber":33,"author":{"gitId":"SuibianP"},"content":"        case \"event\":","lastModifiedDate":"2021-09-08"},{"lineNumber":34,"author":{"gitId":"SuibianP"},"content":"            int atPosition \u003d Arrays.asList(args).indexOf(\"/at\");","lastModifiedDate":"2021-09-08"},{"lineNumber":35,"author":{"gitId":"SuibianP"},"content":"            description \u003d","lastModifiedDate":"2021-09-26"},{"lineNumber":36,"author":{"gitId":"SuibianP"},"content":"                String.join(\" \", Arrays.copyOfRange(args, 1, atPosition));","lastModifiedDate":"2021-09-26"},{"lineNumber":37,"author":{"gitId":"SuibianP"},"content":"            String atStr \u003d String.join(","lastModifiedDate":"2021-09-26"},{"lineNumber":38,"author":{"gitId":"SuibianP"},"content":"                \" \", Arrays.copyOfRange(args, atPosition + 1, args.length));","lastModifiedDate":"2021-09-26"},{"lineNumber":39,"author":{"gitId":"SuibianP"},"content":"            LocalDate atDate \u003d LocalDate.parse(atStr);","lastModifiedDate":"2021-09-26"},{"lineNumber":40,"author":{"gitId":"SuibianP"},"content":"            newTask \u003d new Event(description, atDate);","lastModifiedDate":"2021-09-26"},{"lineNumber":41,"author":{"gitId":"SuibianP"},"content":"            break;","lastModifiedDate":"2021-09-08"},{"lineNumber":42,"author":{"gitId":"SuibianP"},"content":"        case \"todo\":","lastModifiedDate":"2021-09-08"},{"lineNumber":43,"author":{"gitId":"SuibianP"},"content":"            if (args.length \u003d\u003d 1) {","lastModifiedDate":"2021-09-09"},{"lineNumber":44,"author":{"gitId":"SuibianP"},"content":"                throw new ArrayIndexOutOfBoundsException();","lastModifiedDate":"2021-09-09"},{"lineNumber":45,"author":{"gitId":"SuibianP"},"content":"            }","lastModifiedDate":"2021-09-09"},{"lineNumber":46,"author":{"gitId":"SuibianP"},"content":"            description \u003d","lastModifiedDate":"2021-09-26"},{"lineNumber":47,"author":{"gitId":"SuibianP"},"content":"                String.join(\" \", Arrays.copyOfRange(args, 1, args.length));","lastModifiedDate":"2021-09-26"},{"lineNumber":48,"author":{"gitId":"SuibianP"},"content":"            newTask \u003d new Todo(description);","lastModifiedDate":"2021-09-08"},{"lineNumber":49,"author":{"gitId":"SuibianP"},"content":"            break;","lastModifiedDate":"2021-09-08"},{"lineNumber":50,"author":{"gitId":"SuibianP"},"content":"        default:","lastModifiedDate":"2021-09-09"},{"lineNumber":51,"author":{"gitId":"SuibianP"},"content":"            throw new UnsupportedOperationException(","lastModifiedDate":"2021-09-26"},{"lineNumber":52,"author":{"gitId":"SuibianP"},"content":"                \"OOPS!!! I\u0027m sorry, but I don\u0027t know what that means :-(\");","lastModifiedDate":"2021-09-26"},{"lineNumber":53,"author":{"gitId":"SuibianP"},"content":"        }","lastModifiedDate":"2021-09-08"},{"lineNumber":54,"author":{"gitId":"SuibianP"},"content":"        return newTask;","lastModifiedDate":"2021-09-08"},{"lineNumber":55,"author":{"gitId":"SuibianP"},"content":"    }","lastModifiedDate":"2021-09-08"},{"lineNumber":56,"author":{"gitId":"SuibianP"},"content":"}","lastModifiedDate":"2021-09-08"}],"authorContributionMap":{"SuibianP":56}},{"path":"src/main/java/duke/task/Deadline.java","fileType":"java","lines":[{"lineNumber":1,"author":{"gitId":"SuibianP"},"content":"package duke.task;","lastModifiedDate":"2021-09-09"},{"lineNumber":2,"author":{"gitId":"SuibianP"},"content":"import java.time.LocalDate;","lastModifiedDate":"2021-09-26"},{"lineNumber":3,"author":{"gitId":"SuibianP"},"content":"","lastModifiedDate":"2021-09-09"},{"lineNumber":4,"author":{"gitId":"SuibianP"},"content":"public class Deadline extends Task {","lastModifiedDate":"2021-09-02"},{"lineNumber":5,"author":{"gitId":"SuibianP"},"content":"    LocalDate by;","lastModifiedDate":"2021-09-26"},{"lineNumber":6,"author":{"gitId":"SuibianP"},"content":"","lastModifiedDate":"2021-09-02"},{"lineNumber":7,"author":{"gitId":"SuibianP"},"content":"    public Deadline(String description, LocalDate by) {","lastModifiedDate":"2021-09-26"},{"lineNumber":8,"author":{"gitId":"SuibianP"},"content":"        super(description);","lastModifiedDate":"2021-09-02"},{"lineNumber":9,"author":{"gitId":"SuibianP"},"content":"        setBy(by);","lastModifiedDate":"2021-09-02"},{"lineNumber":10,"author":{"gitId":"SuibianP"},"content":"    }","lastModifiedDate":"2021-09-02"},{"lineNumber":11,"author":{"gitId":"SuibianP"},"content":"","lastModifiedDate":"2021-09-02"},{"lineNumber":12,"author":{"gitId":"SuibianP"},"content":"    /*","lastModifiedDate":"2021-09-28"},{"lineNumber":13,"author":{"gitId":"SuibianP"},"content":"     * Get the deadline of the task","lastModifiedDate":"2021-09-28"},{"lineNumber":14,"author":{"gitId":"SuibianP"},"content":"     * @return The deadline","lastModifiedDate":"2021-09-28"},{"lineNumber":15,"author":{"gitId":"SuibianP"},"content":"     */","lastModifiedDate":"2021-09-28"},{"lineNumber":16,"author":{"gitId":"SuibianP"},"content":"    public LocalDate getBy() {","lastModifiedDate":"2021-09-26"},{"lineNumber":17,"author":{"gitId":"SuibianP"},"content":"        return by;","lastModifiedDate":"2021-09-02"},{"lineNumber":18,"author":{"gitId":"SuibianP"},"content":"    }","lastModifiedDate":"2021-09-02"},{"lineNumber":19,"author":{"gitId":"SuibianP"},"content":"","lastModifiedDate":"2021-09-02"},{"lineNumber":20,"author":{"gitId":"SuibianP"},"content":"    /*","lastModifiedDate":"2021-09-28"},{"lineNumber":21,"author":{"gitId":"SuibianP"},"content":"     * Set the deadline of the task","lastModifiedDate":"2021-09-28"},{"lineNumber":22,"author":{"gitId":"SuibianP"},"content":"     * @param The new deadline to be set","lastModifiedDate":"2021-09-28"},{"lineNumber":23,"author":{"gitId":"SuibianP"},"content":"     */","lastModifiedDate":"2021-09-28"},{"lineNumber":24,"author":{"gitId":"SuibianP"},"content":"    public void setBy(LocalDate by) {","lastModifiedDate":"2021-09-26"},{"lineNumber":25,"author":{"gitId":"SuibianP"},"content":"        this.by \u003d by;","lastModifiedDate":"2021-09-02"},{"lineNumber":26,"author":{"gitId":"SuibianP"},"content":"    }","lastModifiedDate":"2021-09-02"},{"lineNumber":27,"author":{"gitId":"SuibianP"},"content":"","lastModifiedDate":"2021-09-02"},{"lineNumber":28,"author":{"gitId":"SuibianP"},"content":"    @Override","lastModifiedDate":"2021-09-02"},{"lineNumber":29,"author":{"gitId":"SuibianP"},"content":"    public String toString() {","lastModifiedDate":"2021-09-02"},{"lineNumber":30,"author":{"gitId":"SuibianP"},"content":"        return super.toString() + \" (by: \" + getBy().format(formatter) + \")\";","lastModifiedDate":"2021-09-26"},{"lineNumber":31,"author":{"gitId":"SuibianP"},"content":"    }","lastModifiedDate":"2021-09-02"},{"lineNumber":32,"author":{"gitId":"SuibianP"},"content":"","lastModifiedDate":"2021-09-02"},{"lineNumber":33,"author":{"gitId":"SuibianP"},"content":"    @Override","lastModifiedDate":"2021-09-02"},{"lineNumber":34,"author":{"gitId":"SuibianP"},"content":"    protected String getType() {","lastModifiedDate":"2021-09-02"},{"lineNumber":35,"author":{"gitId":"SuibianP"},"content":"        return \"deadline\";","lastModifiedDate":"2021-09-02"},{"lineNumber":36,"author":{"gitId":"SuibianP"},"content":"    }","lastModifiedDate":"2021-09-02"},{"lineNumber":37,"author":{"gitId":"SuibianP"},"content":"}","lastModifiedDate":"2021-09-02"}],"authorContributionMap":{"SuibianP":37}},{"path":"src/main/java/duke/task/Event.java","fileType":"java","lines":[{"lineNumber":1,"author":{"gitId":"SuibianP"},"content":"package duke.task;","lastModifiedDate":"2021-09-09"},{"lineNumber":2,"author":{"gitId":"SuibianP"},"content":"import java.time.LocalDate;","lastModifiedDate":"2021-09-26"},{"lineNumber":3,"author":{"gitId":"SuibianP"},"content":"","lastModifiedDate":"2021-09-09"},{"lineNumber":4,"author":{"gitId":"SuibianP"},"content":"public class Event extends Task {","lastModifiedDate":"2021-09-02"},{"lineNumber":5,"author":{"gitId":"SuibianP"},"content":"    private LocalDate to;","lastModifiedDate":"2021-09-26"},{"lineNumber":6,"author":{"gitId":"SuibianP"},"content":"","lastModifiedDate":"2021-09-02"},{"lineNumber":7,"author":{"gitId":"SuibianP"},"content":"    public Event(String description, LocalDate to) {","lastModifiedDate":"2021-09-26"},{"lineNumber":8,"author":{"gitId":"SuibianP"},"content":"        super(description);","lastModifiedDate":"2021-09-02"},{"lineNumber":9,"author":{"gitId":"SuibianP"},"content":"        setTo(to);","lastModifiedDate":"2021-09-02"},{"lineNumber":10,"author":{"gitId":"SuibianP"},"content":"    }","lastModifiedDate":"2021-09-02"},{"lineNumber":11,"author":{"gitId":"SuibianP"},"content":"","lastModifiedDate":"2021-09-02"},{"lineNumber":12,"author":{"gitId":"SuibianP"},"content":"    /*","lastModifiedDate":"2021-09-28"},{"lineNumber":13,"author":{"gitId":"SuibianP"},"content":"     * Get the occurance time of the task","lastModifiedDate":"2021-09-28"},{"lineNumber":14,"author":{"gitId":"SuibianP"},"content":"     * @return The occurance time","lastModifiedDate":"2021-09-28"},{"lineNumber":15,"author":{"gitId":"SuibianP"},"content":"     */","lastModifiedDate":"2021-09-28"},{"lineNumber":16,"author":{"gitId":"SuibianP"},"content":"    public LocalDate getTo() {","lastModifiedDate":"2021-09-26"},{"lineNumber":17,"author":{"gitId":"SuibianP"},"content":"        return to;","lastModifiedDate":"2021-09-02"},{"lineNumber":18,"author":{"gitId":"SuibianP"},"content":"    }","lastModifiedDate":"2021-09-02"},{"lineNumber":19,"author":{"gitId":"SuibianP"},"content":"","lastModifiedDate":"2021-09-02"},{"lineNumber":20,"author":{"gitId":"SuibianP"},"content":"    /*","lastModifiedDate":"2021-09-28"},{"lineNumber":21,"author":{"gitId":"SuibianP"},"content":"     * Set the occurance time of the task","lastModifiedDate":"2021-09-28"},{"lineNumber":22,"author":{"gitId":"SuibianP"},"content":"     * @return The occurance time","lastModifiedDate":"2021-09-28"},{"lineNumber":23,"author":{"gitId":"SuibianP"},"content":"     */","lastModifiedDate":"2021-09-28"},{"lineNumber":24,"author":{"gitId":"SuibianP"},"content":"    public void setTo(LocalDate to) {","lastModifiedDate":"2021-09-26"},{"lineNumber":25,"author":{"gitId":"SuibianP"},"content":"        this.to \u003d to;","lastModifiedDate":"2021-09-02"},{"lineNumber":26,"author":{"gitId":"SuibianP"},"content":"    }","lastModifiedDate":"2021-09-02"},{"lineNumber":27,"author":{"gitId":"SuibianP"},"content":"","lastModifiedDate":"2021-09-02"},{"lineNumber":28,"author":{"gitId":"SuibianP"},"content":"    @Override","lastModifiedDate":"2021-09-02"},{"lineNumber":29,"author":{"gitId":"SuibianP"},"content":"    public String toString() {","lastModifiedDate":"2021-09-02"},{"lineNumber":30,"author":{"gitId":"SuibianP"},"content":"        return super.toString() + \" (at: \" + getTo().format(formatter) + \")\";","lastModifiedDate":"2021-09-26"},{"lineNumber":31,"author":{"gitId":"SuibianP"},"content":"    }","lastModifiedDate":"2021-09-02"},{"lineNumber":32,"author":{"gitId":"SuibianP"},"content":"","lastModifiedDate":"2021-09-02"},{"lineNumber":33,"author":{"gitId":"SuibianP"},"content":"    @Override","lastModifiedDate":"2021-09-02"},{"lineNumber":34,"author":{"gitId":"SuibianP"},"content":"    protected String getType() {","lastModifiedDate":"2021-09-02"},{"lineNumber":35,"author":{"gitId":"SuibianP"},"content":"        return \"event\";","lastModifiedDate":"2021-09-02"},{"lineNumber":36,"author":{"gitId":"SuibianP"},"content":"    }","lastModifiedDate":"2021-09-02"},{"lineNumber":37,"author":{"gitId":"SuibianP"},"content":"}","lastModifiedDate":"2021-09-02"}],"authorContributionMap":{"SuibianP":37}},{"path":"src/main/java/duke/task/Task.java","fileType":"java","lines":[{"lineNumber":1,"author":{"gitId":"SuibianP"},"content":"package duke.task;","lastModifiedDate":"2021-09-09"},{"lineNumber":2,"author":{"gitId":"SuibianP"},"content":"import java.io.Serializable;","lastModifiedDate":"2021-09-14"},{"lineNumber":3,"author":{"gitId":"SuibianP"},"content":"import java.time.format.DateTimeFormatter;","lastModifiedDate":"2021-09-26"},{"lineNumber":4,"author":{"gitId":"SuibianP"},"content":"","lastModifiedDate":"2021-09-09"},{"lineNumber":5,"author":{"gitId":"SuibianP"},"content":"public abstract class Task implements Serializable {","lastModifiedDate":"2021-09-26"},{"lineNumber":6,"author":{"gitId":"SuibianP"},"content":"","lastModifiedDate":"2021-09-02"},{"lineNumber":7,"author":{"gitId":"SuibianP"},"content":"    private String title \u003d \"\";","lastModifiedDate":"2021-09-02"},{"lineNumber":8,"author":{"gitId":"SuibianP"},"content":"    private boolean doneStatus \u003d false;","lastModifiedDate":"2021-09-02"},{"lineNumber":9,"author":{"gitId":"SuibianP"},"content":"    protected final static DateTimeFormatter formatter \u003d DateTimeFormatter.ofPattern(\"MMM dd yyyy\");","lastModifiedDate":"2021-09-26"},{"lineNumber":10,"author":{"gitId":"SuibianP"},"content":"","lastModifiedDate":"2021-09-02"},{"lineNumber":11,"author":{"gitId":"SuibianP"},"content":"    /*","lastModifiedDate":"2021-09-28"},{"lineNumber":12,"author":{"gitId":"SuibianP"},"content":"     * This is mainly to provide a unified interface to determine the type","lastModifiedDate":"2021-09-28"},{"lineNumber":13,"author":{"gitId":"SuibianP"},"content":"     * @return A unique string denoting the type","lastModifiedDate":"2021-09-28"},{"lineNumber":14,"author":{"gitId":"SuibianP"},"content":"     */","lastModifiedDate":"2021-09-28"},{"lineNumber":15,"author":{"gitId":"SuibianP"},"content":"    protected String getType() {","lastModifiedDate":"2021-09-02"},{"lineNumber":16,"author":{"gitId":"SuibianP"},"content":"        return \"task\";","lastModifiedDate":"2021-09-02"},{"lineNumber":17,"author":{"gitId":"SuibianP"},"content":"    }","lastModifiedDate":"2021-09-02"},{"lineNumber":18,"author":{"gitId":"SuibianP"},"content":"","lastModifiedDate":"2021-09-02"},{"lineNumber":19,"author":{"gitId":"SuibianP"},"content":"    private Task() {","lastModifiedDate":"2021-09-02"},{"lineNumber":20,"author":{"gitId":"SuibianP"},"content":"        // prevent uninitialised task","lastModifiedDate":"2021-09-02"},{"lineNumber":21,"author":{"gitId":"SuibianP"},"content":"    }","lastModifiedDate":"2021-09-02"},{"lineNumber":22,"author":{"gitId":"SuibianP"},"content":"","lastModifiedDate":"2021-09-02"},{"lineNumber":23,"author":{"gitId":"SuibianP"},"content":"    public Task(String title) {","lastModifiedDate":"2021-09-02"},{"lineNumber":24,"author":{"gitId":"SuibianP"},"content":"        this.doneStatus \u003d false;","lastModifiedDate":"2021-09-02"},{"lineNumber":25,"author":{"gitId":"SuibianP"},"content":"        this.title \u003d title;","lastModifiedDate":"2021-09-02"},{"lineNumber":26,"author":{"gitId":"SuibianP"},"content":"    }","lastModifiedDate":"2021-09-02"},{"lineNumber":27,"author":{"gitId":"SuibianP"},"content":"","lastModifiedDate":"2021-09-02"},{"lineNumber":28,"author":{"gitId":"SuibianP"},"content":"    /*","lastModifiedDate":"2021-09-28"},{"lineNumber":29,"author":{"gitId":"SuibianP"},"content":"     * Get the title of a task","lastModifiedDate":"2021-09-28"},{"lineNumber":30,"author":{"gitId":"SuibianP"},"content":"     * @return The title","lastModifiedDate":"2021-09-28"},{"lineNumber":31,"author":{"gitId":"SuibianP"},"content":"     */","lastModifiedDate":"2021-09-28"},{"lineNumber":32,"author":{"gitId":"SuibianP"},"content":"    public String getTitle() {","lastModifiedDate":"2021-09-02"},{"lineNumber":33,"author":{"gitId":"SuibianP"},"content":"        return title;","lastModifiedDate":"2021-09-02"},{"lineNumber":34,"author":{"gitId":"SuibianP"},"content":"    }","lastModifiedDate":"2021-09-02"},{"lineNumber":35,"author":{"gitId":"SuibianP"},"content":"","lastModifiedDate":"2021-09-02"},{"lineNumber":36,"author":{"gitId":"SuibianP"},"content":"    /*","lastModifiedDate":"2021-09-28"},{"lineNumber":37,"author":{"gitId":"SuibianP"},"content":"     * Set the title of a task","lastModifiedDate":"2021-09-28"},{"lineNumber":38,"author":{"gitId":"SuibianP"},"content":"     * @param title The new title to be set to","lastModifiedDate":"2021-09-28"},{"lineNumber":39,"author":{"gitId":"SuibianP"},"content":"     */","lastModifiedDate":"2021-09-28"},{"lineNumber":40,"author":{"gitId":"SuibianP"},"content":"    public void setTitle(String title) {","lastModifiedDate":"2021-09-02"},{"lineNumber":41,"author":{"gitId":"SuibianP"},"content":"        this.title \u003d title;","lastModifiedDate":"2021-09-02"},{"lineNumber":42,"author":{"gitId":"SuibianP"},"content":"    }","lastModifiedDate":"2021-09-02"},{"lineNumber":43,"author":{"gitId":"SuibianP"},"content":"","lastModifiedDate":"2021-09-02"},{"lineNumber":44,"author":{"gitId":"SuibianP"},"content":"    public void setDoneStatus(boolean status) {","lastModifiedDate":"2021-09-02"},{"lineNumber":45,"author":{"gitId":"SuibianP"},"content":"        this.doneStatus \u003d status;","lastModifiedDate":"2021-09-02"},{"lineNumber":46,"author":{"gitId":"SuibianP"},"content":"    }","lastModifiedDate":"2021-09-02"},{"lineNumber":47,"author":{"gitId":"SuibianP"},"content":"","lastModifiedDate":"2021-09-02"},{"lineNumber":48,"author":{"gitId":"SuibianP"},"content":"    /*","lastModifiedDate":"2021-09-28"},{"lineNumber":49,"author":{"gitId":"SuibianP"},"content":"     * Get the icon reflecting the status whether the task is done","lastModifiedDate":"2021-09-28"},{"lineNumber":50,"author":{"gitId":"SuibianP"},"content":"     * @return the icon","lastModifiedDate":"2021-09-28"},{"lineNumber":51,"author":{"gitId":"SuibianP"},"content":"     * @see doneStatus","lastModifiedDate":"2021-09-28"},{"lineNumber":52,"author":{"gitId":"SuibianP"},"content":"     */","lastModifiedDate":"2021-09-28"},{"lineNumber":53,"author":{"gitId":"SuibianP"},"content":"    public String getStatusIcon() {","lastModifiedDate":"2021-09-02"},{"lineNumber":54,"author":{"gitId":"SuibianP"},"content":"        return this.doneStatus ? \"x\" : \" \";","lastModifiedDate":"2021-09-02"},{"lineNumber":55,"author":{"gitId":"SuibianP"},"content":"    }","lastModifiedDate":"2021-09-02"},{"lineNumber":56,"author":{"gitId":"SuibianP"},"content":"","lastModifiedDate":"2021-09-02"},{"lineNumber":57,"author":{"gitId":"SuibianP"},"content":"    public String toString() {","lastModifiedDate":"2021-09-02"},{"lineNumber":58,"author":{"gitId":"SuibianP"},"content":"        return \"[\" + Character.toUpperCase(this.getType().charAt(0)) + \u0027]\u0027 +","lastModifiedDate":"2021-09-26"},{"lineNumber":59,"author":{"gitId":"SuibianP"},"content":"            \u0027[\u0027 + this.getStatusIcon() + \u0027]\u0027 + \u0027 \u0027 + this.title;","lastModifiedDate":"2021-09-26"},{"lineNumber":60,"author":{"gitId":"SuibianP"},"content":"    }","lastModifiedDate":"2021-09-02"},{"lineNumber":61,"author":{"gitId":"SuibianP"},"content":"}","lastModifiedDate":"2021-09-02"}],"authorContributionMap":{"SuibianP":61}},{"path":"src/main/java/duke/task/Todo.java","fileType":"java","lines":[{"lineNumber":1,"author":{"gitId":"SuibianP"},"content":"package duke.task;","lastModifiedDate":"2021-09-09"},{"lineNumber":2,"author":{"gitId":"SuibianP"},"content":"","lastModifiedDate":"2021-09-09"},{"lineNumber":3,"author":{"gitId":"SuibianP"},"content":"public class Todo extends Task {","lastModifiedDate":"2021-09-02"},{"lineNumber":4,"author":{"gitId":"SuibianP"},"content":"    public Todo(String description) {","lastModifiedDate":"2021-09-02"},{"lineNumber":5,"author":{"gitId":"SuibianP"},"content":"        super(description);","lastModifiedDate":"2021-09-02"},{"lineNumber":6,"author":{"gitId":"SuibianP"},"content":"    }","lastModifiedDate":"2021-09-02"},{"lineNumber":7,"author":{"gitId":"SuibianP"},"content":"}","lastModifiedDate":"2021-09-02"}],"authorContributionMap":{"SuibianP":7}},{"path":"text-ui-test/input.txt","fileType":"txt","lines":[{"lineNumber":1,"author":{"gitId":"SuibianP"},"content":"list","lastModifiedDate":"2021-08-31"},{"lineNumber":2,"author":{"gitId":"SuibianP"},"content":"event an event /at 2-4 pm","lastModifiedDate":"2021-08-31"},{"lineNumber":3,"author":{"gitId":"SuibianP"},"content":"deadline CS2113T increment /by withdrawal","lastModifiedDate":"2021-08-31"},{"lineNumber":4,"author":{"gitId":"SuibianP"},"content":"todo Withdraw from University","lastModifiedDate":"2021-08-31"},{"lineNumber":5,"author":{"gitId":"SuibianP"},"content":"list","lastModifiedDate":"2021-08-31"},{"lineNumber":6,"author":{"gitId":"SuibianP"},"content":"done 2","lastModifiedDate":"2021-08-31"},{"lineNumber":7,"author":{"gitId":"SuibianP"},"content":"list","lastModifiedDate":"2021-08-31"},{"lineNumber":8,"author":{"gitId":"SuibianP"},"content":"bye","lastModifiedDate":"2021-08-31"}],"authorContributionMap":{"SuibianP":8}}]
