{"authorDailyContributionsMap":{"SuibianP":[{"date":"2021-08-17","commitResults":[{"hash":"9df31d38de2e2c20139ed77145069581803a6988","messageTitle":"Implement basic greeting feature","messageBody":"Add Increment: Level-0\n\nImplement an initial skeletal version of the Duke that simply greets\nthe user and exits.\n","fileTypesAndContributionMap":{"java":{"insertions":10,"deletions":6}}}]},{"date":"2021-08-24","commitResults":[{"hash":"1d2dfd02d48c2852bc68705926157072fab9cb59","messageTitle":"Implement echo","messageBody":"Echo input line by line, exiting at EOF.\n","fileTypesAndContributionMap":{"java":{"insertions":10,"deletions":0}}},{"hash":"f4397655fee08cfeeaab9c1bae9c1b8b0f4a2de0","messageTitle":"Implement bye command","messageBody":"The bye command terminates input reading. A farewell message is printed and the program exits.\n","tags":["Level-1"],"fileTypesAndContributionMap":{"java":{"insertions":27,"deletions":12}}},{"hash":"9800362ea131b1b65dd1fa9df32ec1c6c3b7fa69","messageTitle":"Implement task tracking and listing","messageBody":"Each line is stored and echoed as an acknowledgement.\n\nThe list command lists all stored tasks by printing each on a new line,\nprefixed with the 1-based index.\n","tags":["Level-2","A-Collections"],"fileTypesAndContributionMap":{"java":{"insertions":15,"deletions":4}}},{"hash":"9d510881d576deb63c5e5edbd6f48bfbf2001e5c","messageTitle":"Use class to represent task entries","messageBody":"Instead of String, use specialised class to represent task.\n\nThis is for further inclusion of non-trivial properties into the task\nobjects, such as status and longer description, etc.\n","tags":["Level-0","A-Classes"],"fileTypesAndContributionMap":{"java":{"insertions":40,"deletions":13}}},{"hash":"7c506ff3f0fa4d956454095c1ce1afc2ac347a58","messageTitle":"Implement done command","messageBody":"Add the ability to store the status of a task and mark a task as\nfinished.\n\nAlso make the string representation of tasks include the done status\ninformation.\n","tags":["Level-3"],"fileTypesAndContributionMap":{"java":{"insertions":19,"deletions":2}}},{"hash":"c7c41250c39e7046a00e998a95ce54f360be4d3c","messageTitle":"Enforce coding style","messageBody":"Correct several mistakes in coding style.\n","tags":["A-CodingStandard"],"fileTypesAndContributionMap":{"java":{"insertions":26,"deletions":26}}}]},{"date":"2021-08-31","commitResults":[{"hash":"4d59445f3bac39e5058d9857a16bca5e841c42fb","messageTitle":"Implement variations of task type","messageBody":"Add todo, deadline and event types.\n\nUse first word in each input line to distinguish.\n","tags":["Level-4","A-Inheritance"],"fileTypesAndContributionMap":{"java":{"insertions":109,"deletions":18}}},{"hash":"6eca91e1eb5eb35eca8b99bdd08a3ab45f5bb9a7","messageTitle":"Enable text-based testing","messageBody":"* Add actual input/output cases\n* Correct .gitignore\n* Mark runtest.sh executable\n","tags":["A-TextUiTesting"],"fileTypesAndContributionMap":{"txt":{"insertions":8,"deletions":0},"sh":{"insertions":0,"deletions":0}}}]},{"date":"2021-09-02","commitResults":[{"hash":"4b1cb6f33476bdf28972a2213f1ef7e1150877ce","messageTitle":"Split Task classes into separate files","messageBody":"","tags":["A-CodeQuality"],"fileTypesAndContributionMap":{"java":{"insertions":96,"deletions":100}}}]},{"date":"2021-09-08","commitResults":[{"hash":"050927ded1bdca1a89803b52e96dafed84c8326e","messageTitle":"Split input parsing code into separate class","messageBody":"","fileTypesAndContributionMap":{"java":{"insertions":37,"deletions":25}}}]},{"date":"2021-09-09","commitResults":[{"hash":"cd9e1264920ec510f8ff6dcf4fcf8024639f837a","messageTitle":"Use exceptions to handle illegal input","messageBody":"Propagation of exception through the stack is utilised to provide an\nunified solution for user-friendly notification.\n","tags":["A-Exceptions"],"fileTypesAndContributionMap":{"java":{"insertions":25,"deletions":17}}},{"hash":"a91628ee44a11a3ae6aab282e7f3869c203f4731","messageTitle":"Move into packages","messageBody":"duke\n|- command\n|- task\n","fileTypesAndContributionMap":{"java":{"insertions":16,"deletions":0}}}]},{"date":"2021-09-14","commitResults":[{"hash":"e5b917dea0ad258eda7108b7f5211e350e9139e3","messageTitle":"Implement delete command","messageBody":"Allow user to delete a previously added task.\n","fileTypesAndContributionMap":{"java":{"insertions":8,"deletions":1}}},{"hash":"481876782ebe438d81873802324ba593dc0231bf","messageTitle":"Dump and retrieve stored tasks to file","messageBody":"Serialise object use the native Java representation.\n\nFilename is hardcoded for now but may be flexible later.\n","fileTypesAndContributionMap":{"java":{"insertions":27,"deletions":1}}}]},{"date":"2021-09-26","commitResults":[{"hash":"4e13a2c9fafe9bfbd69b00878564cfaa9f0f7268","messageTitle":"Refactor and reformat codebase","messageBody":"- Replace wildcard imports\n- Fix indentations\n","fileTypesAndContributionMap":{"java":{"insertions":104,"deletions":85}}},{"hash":"35e17465ae844b34c38b2c39d9c0231ddf7436c6","messageTitle":"Use LocalDate instead of String","messageBody":"For event and deadline, parse and store the timing information as native\ndate type.\n","fileTypesAndContributionMap":{"java":{"insertions":21,"deletions":14}}},{"hash":"f0746eea554fda150e7e88ee076f7bf7ba90fd6f","messageTitle":"Implement find command","messageBody":"Allow user to find all tasks with matching keyword in title.\n","fileTypesAndContributionMap":{"java":{"insertions":15,"deletions":3}}}]},{"date":"2021-09-27","commitResults":[{"hash":"ca0a73ec8146aa5b4da46caa1ba8e06e335de592","messageTitle":"Refactor into separate classes","messageBody":"","tags":["A-MoreOOP"],"fileTypesAndContributionMap":{"java":{"insertions":112,"deletions":61}}}]},{"date":"2021-09-28","commitResults":[{"hash":"5a5c91f66ae60d9963c4ca17e4b4aa32bccfb3f8","messageTitle":"Add JavaDoc comments","messageBody":"","fileTypesAndContributionMap":{"java":{"insertions":68,"deletions":0}}}]}]},"authorFileTypeContributionMap":{"SuibianP":{"java":405,"md":0,"fxml":0,"sh":0,"bat":0,"gradle":0,"txt":8}},"authorContributionVariance":{"SuibianP":742.41205},"authorDisplayNameMap":{"SuibianP":"CS2113T-W13-3 HU J..ALUN"}}
