[{"path":"src/main/java/Deadline.java","fileType":"java","lines":[{"lineNumber":1,"author":{"gitId":"xingjie99"},"content":"import src.main.java.Task;","lastModifiedDate":"2021-09-08"},{"lineNumber":2,"author":{"gitId":"xingjie99"},"content":"","lastModifiedDate":"2021-09-08"},{"lineNumber":3,"author":{"gitId":"xingjie99"},"content":"public class Deadline extends Task {","lastModifiedDate":"2021-09-02"},{"lineNumber":4,"author":{"gitId":"xingjie99"},"content":"    protected String by;","lastModifiedDate":"2021-09-02"},{"lineNumber":5,"author":{"gitId":"xingjie99"},"content":"","lastModifiedDate":"2021-09-02"},{"lineNumber":6,"author":{"gitId":"xingjie99"},"content":"    public Deadline(String description, char taskType, String by) {","lastModifiedDate":"2021-09-02"},{"lineNumber":7,"author":{"gitId":"xingjie99"},"content":"        super(description, taskType);","lastModifiedDate":"2021-09-02"},{"lineNumber":8,"author":{"gitId":"xingjie99"},"content":"        this.by \u003d by;","lastModifiedDate":"2021-09-02"},{"lineNumber":9,"author":{"gitId":"xingjie99"},"content":"    }","lastModifiedDate":"2021-09-02"},{"lineNumber":10,"author":{"gitId":"xingjie99"},"content":"","lastModifiedDate":"2021-09-02"},{"lineNumber":11,"author":{"gitId":"xingjie99"},"content":"    @Override","lastModifiedDate":"2021-09-02"},{"lineNumber":12,"author":{"gitId":"xingjie99"},"content":"    public String toString() {","lastModifiedDate":"2021-09-02"},{"lineNumber":13,"author":{"gitId":"xingjie99"},"content":"        return \" [D][\" + getStatusIcon() + \"] \" + super.toString() + by;","lastModifiedDate":"2021-09-02"},{"lineNumber":14,"author":{"gitId":"xingjie99"},"content":"    }","lastModifiedDate":"2021-09-02"},{"lineNumber":15,"author":{"gitId":"xingjie99"},"content":"}","lastModifiedDate":"2021-09-02"}],"authorContributionMap":{"xingjie99":15}},{"path":"src/main/java/Duke.java","fileType":"java","lines":[{"lineNumber":1,"author":{"gitId":"xingjie99"},"content":"import java.util.Scanner;","lastModifiedDate":"2021-08-26"},{"lineNumber":2,"author":{"gitId":"xingjie99"},"content":"import src.main.java.Task;","lastModifiedDate":"2021-09-08"},{"lineNumber":3,"author":{"gitId":"xingjie99"},"content":"","lastModifiedDate":"2021-08-26"},{"lineNumber":4,"author":{"gitId":"-"},"content":"public class Duke {","lastModifiedDate":"2019-07-29"},{"lineNumber":5,"author":{"gitId":"xingjie99"},"content":"","lastModifiedDate":"2021-08-26"},{"lineNumber":6,"author":{"gitId":"xingjie99"},"content":"    private static String[] stringList \u003d new String[100];","lastModifiedDate":"2021-09-08"},{"lineNumber":7,"author":{"gitId":"xingjie99"},"content":"    private static Task[] taskList \u003d new Task[100];","lastModifiedDate":"2021-09-08"},{"lineNumber":8,"author":{"gitId":"xingjie99"},"content":"    private static int listCount \u003d 0;","lastModifiedDate":"2021-09-08"},{"lineNumber":9,"author":{"gitId":"xingjie99"},"content":"","lastModifiedDate":"2021-09-08"},{"lineNumber":10,"author":{"gitId":"xingjie99"},"content":"    private static final String LINE \u003d \"-------------------------------------------------------------------\\n\";","lastModifiedDate":"2021-09-08"},{"lineNumber":11,"author":{"gitId":"xingjie99"},"content":"    private static final String GREET_USER \u003d \"Hello! I\u0027m Duke \\nWhat can I do for you?\";","lastModifiedDate":"2021-09-08"},{"lineNumber":12,"author":{"gitId":"xingjie99"},"content":"    private static final String EXIT_MESSAGE \u003d \"Bye. Hope to see you again soon!\";","lastModifiedDate":"2021-09-08"},{"lineNumber":13,"author":{"gitId":"xingjie99"},"content":"","lastModifiedDate":"2021-09-08"},{"lineNumber":14,"author":{"gitId":"xingjie99"},"content":"    private static void greetUser() {","lastModifiedDate":"2021-09-08"},{"lineNumber":15,"author":{"gitId":"xingjie99"},"content":"        System.out.println(GREET_USER + \"\\n \\n\" + LINE);","lastModifiedDate":"2021-09-08"},{"lineNumber":16,"author":{"gitId":"xingjie99"},"content":"    }","lastModifiedDate":"2021-09-08"},{"lineNumber":17,"author":{"gitId":"xingjie99"},"content":"","lastModifiedDate":"2021-09-08"},{"lineNumber":18,"author":{"gitId":"xingjie99"},"content":"    private static void markAsDone(String line) {","lastModifiedDate":"2021-09-08"},{"lineNumber":19,"author":{"gitId":"xingjie99"},"content":"        String taskNumber \u003d line.substring(5);","lastModifiedDate":"2021-09-02"},{"lineNumber":20,"author":{"gitId":"xingjie99"},"content":"        int taskListElement \u003d Integer.parseInt(taskNumber) - 1;","lastModifiedDate":"2021-09-02"},{"lineNumber":21,"author":{"gitId":"xingjie99"},"content":"        taskList[taskListElement].markAsDone();","lastModifiedDate":"2021-09-02"},{"lineNumber":22,"author":{"gitId":"xingjie99"},"content":"        System.out.println(\"Nice! I\u0027ve marked this task as done:\");","lastModifiedDate":"2021-09-02"},{"lineNumber":23,"author":{"gitId":"xingjie99"},"content":"        System.out.println(\"[X] \" + taskList[taskListElement].getDescription());","lastModifiedDate":"2021-09-02"},{"lineNumber":24,"author":{"gitId":"xingjie99"},"content":"        System.out.println(LINE);","lastModifiedDate":"2021-09-08"},{"lineNumber":25,"author":{"gitId":"xingjie99"},"content":"    }","lastModifiedDate":"2021-09-02"},{"lineNumber":26,"author":{"gitId":"xingjie99"},"content":"","lastModifiedDate":"2021-09-02"},{"lineNumber":27,"author":{"gitId":"xingjie99"},"content":"    private static void list() {","lastModifiedDate":"2021-09-08"},{"lineNumber":28,"author":{"gitId":"xingjie99"},"content":"        int taskCount \u003d 1;","lastModifiedDate":"2021-09-02"},{"lineNumber":29,"author":{"gitId":"xingjie99"},"content":"        for (int i \u003d 0; i \u003c listCount; i++) {","lastModifiedDate":"2021-09-02"},{"lineNumber":30,"author":{"gitId":"xingjie99"},"content":"            System.out.println(taskCount + \".\" + taskList[i]);","lastModifiedDate":"2021-09-02"},{"lineNumber":31,"author":{"gitId":"xingjie99"},"content":"            taskCount++;","lastModifiedDate":"2021-09-02"},{"lineNumber":32,"author":{"gitId":"xingjie99"},"content":"        }","lastModifiedDate":"2021-09-02"},{"lineNumber":33,"author":{"gitId":"xingjie99"},"content":"        System.out.println(LINE);","lastModifiedDate":"2021-09-08"},{"lineNumber":34,"author":{"gitId":"xingjie99"},"content":"    }","lastModifiedDate":"2021-09-02"},{"lineNumber":35,"author":{"gitId":"xingjie99"},"content":"","lastModifiedDate":"2021-09-02"},{"lineNumber":36,"author":{"gitId":"xingjie99"},"content":"    private static Todo todo(String line) {","lastModifiedDate":"2021-09-08"},{"lineNumber":37,"author":{"gitId":"xingjie99"},"content":"","lastModifiedDate":"2021-09-08"},{"lineNumber":38,"author":{"gitId":"xingjie99"},"content":"        char taskType \u003d line.toUpperCase().charAt(0);","lastModifiedDate":"2021-09-02"},{"lineNumber":39,"author":{"gitId":"xingjie99"},"content":"        String taskDisplay \u003d line.substring(5);","lastModifiedDate":"2021-09-02"},{"lineNumber":40,"author":{"gitId":"xingjie99"},"content":"","lastModifiedDate":"2021-09-02"},{"lineNumber":41,"author":{"gitId":"xingjie99"},"content":"        stringList[listCount] \u003d taskDisplay;","lastModifiedDate":"2021-09-02"},{"lineNumber":42,"author":{"gitId":"xingjie99"},"content":"        Todo todoTask \u003d new Todo(taskDisplay, taskType);","lastModifiedDate":"2021-09-02"},{"lineNumber":43,"author":{"gitId":"xingjie99"},"content":"        taskList[listCount] \u003d todoTask;","lastModifiedDate":"2021-09-02"},{"lineNumber":44,"author":{"gitId":"xingjie99"},"content":"        return todoTask;","lastModifiedDate":"2021-09-02"},{"lineNumber":45,"author":{"gitId":"xingjie99"},"content":"    }","lastModifiedDate":"2021-09-02"},{"lineNumber":46,"author":{"gitId":"xingjie99"},"content":"","lastModifiedDate":"2021-09-02"},{"lineNumber":47,"author":{"gitId":"xingjie99"},"content":"    private static Deadline deadline(String line) {","lastModifiedDate":"2021-09-08"},{"lineNumber":48,"author":{"gitId":"xingjie99"},"content":"        int startingIndex \u003d line.indexOf(\"/\");","lastModifiedDate":"2021-09-02"},{"lineNumber":49,"author":{"gitId":"xingjie99"},"content":"        String taskDisplay \u003d line.substring(9, startingIndex);","lastModifiedDate":"2021-09-02"},{"lineNumber":50,"author":{"gitId":"xingjie99"},"content":"        String doBy \u003d \"(\" + line.substring(startingIndex + 1) + \")\";","lastModifiedDate":"2021-09-02"},{"lineNumber":51,"author":{"gitId":"xingjie99"},"content":"        char taskType \u003d line.toUpperCase().charAt(0);","lastModifiedDate":"2021-09-02"},{"lineNumber":52,"author":{"gitId":"xingjie99"},"content":"","lastModifiedDate":"2021-09-02"},{"lineNumber":53,"author":{"gitId":"xingjie99"},"content":"        stringList[listCount] \u003d taskDisplay;","lastModifiedDate":"2021-09-02"},{"lineNumber":54,"author":{"gitId":"xingjie99"},"content":"        Deadline deadlineTask \u003d new Deadline(taskDisplay, taskType, doBy);","lastModifiedDate":"2021-09-02"},{"lineNumber":55,"author":{"gitId":"xingjie99"},"content":"        taskList[listCount] \u003d deadlineTask;","lastModifiedDate":"2021-09-02"},{"lineNumber":56,"author":{"gitId":"xingjie99"},"content":"        return deadlineTask;","lastModifiedDate":"2021-09-02"},{"lineNumber":57,"author":{"gitId":"xingjie99"},"content":"    }","lastModifiedDate":"2021-09-02"},{"lineNumber":58,"author":{"gitId":"xingjie99"},"content":"","lastModifiedDate":"2021-09-02"},{"lineNumber":59,"author":{"gitId":"xingjie99"},"content":"    private static Event event(String line) {","lastModifiedDate":"2021-09-08"},{"lineNumber":60,"author":{"gitId":"xingjie99"},"content":"        int startingIndex \u003d line.indexOf(\"/\");","lastModifiedDate":"2021-09-02"},{"lineNumber":61,"author":{"gitId":"xingjie99"},"content":"        String taskDisplay \u003d line.substring(6, startingIndex);","lastModifiedDate":"2021-09-02"},{"lineNumber":62,"author":{"gitId":"xingjie99"},"content":"        String doBy \u003d \"(\" + line.substring(startingIndex + 1) + \")\";","lastModifiedDate":"2021-09-02"},{"lineNumber":63,"author":{"gitId":"xingjie99"},"content":"        char taskType \u003d line.toUpperCase().charAt(0);","lastModifiedDate":"2021-09-02"},{"lineNumber":64,"author":{"gitId":"xingjie99"},"content":"","lastModifiedDate":"2021-09-02"},{"lineNumber":65,"author":{"gitId":"xingjie99"},"content":"        stringList[listCount] \u003d taskDisplay;","lastModifiedDate":"2021-09-02"},{"lineNumber":66,"author":{"gitId":"xingjie99"},"content":"        Event eventTask \u003d new Event(taskDisplay, taskType, doBy);","lastModifiedDate":"2021-09-02"},{"lineNumber":67,"author":{"gitId":"xingjie99"},"content":"        taskList[listCount] \u003d eventTask;","lastModifiedDate":"2021-09-02"},{"lineNumber":68,"author":{"gitId":"xingjie99"},"content":"        return eventTask;","lastModifiedDate":"2021-09-02"},{"lineNumber":69,"author":{"gitId":"xingjie99"},"content":"    }","lastModifiedDate":"2021-09-02"},{"lineNumber":70,"author":{"gitId":"xingjie99"},"content":"","lastModifiedDate":"2021-09-02"},{"lineNumber":71,"author":{"gitId":"xingjie99"},"content":"    private static void printTask(Task task, int listCount) {","lastModifiedDate":"2021-09-02"},{"lineNumber":72,"author":{"gitId":"xingjie99"},"content":"        System.out.println(\"Got it. I\u0027ve added this task:\");","lastModifiedDate":"2021-09-02"},{"lineNumber":73,"author":{"gitId":"xingjie99"},"content":"        System.out.println(task);","lastModifiedDate":"2021-09-02"},{"lineNumber":74,"author":{"gitId":"xingjie99"},"content":"        System.out.println(\"Now you have \" + listCount + \" tasks in the list.\");","lastModifiedDate":"2021-09-02"},{"lineNumber":75,"author":{"gitId":"xingjie99"},"content":"        System.out.println(LINE);","lastModifiedDate":"2021-09-08"},{"lineNumber":76,"author":{"gitId":"xingjie99"},"content":"    }","lastModifiedDate":"2021-09-02"},{"lineNumber":77,"author":{"gitId":"xingjie99"},"content":"","lastModifiedDate":"2021-09-02"},{"lineNumber":78,"author":{"gitId":"xingjie99"},"content":"    private static void mainProgram(String line, Scanner in) {","lastModifiedDate":"2021-09-08"},{"lineNumber":79,"author":{"gitId":"xingjie99"},"content":"","lastModifiedDate":"2021-08-26"},{"lineNumber":80,"author":{"gitId":"xingjie99"},"content":"        try {","lastModifiedDate":"2021-09-08"},{"lineNumber":81,"author":{"gitId":"xingjie99"},"content":"            if (line.startsWith(\"done\")) {","lastModifiedDate":"2021-08-26"},{"lineNumber":82,"author":{"gitId":"xingjie99"},"content":"                markAsDone(line);","lastModifiedDate":"2021-09-08"},{"lineNumber":83,"author":{"gitId":"xingjie99"},"content":"","lastModifiedDate":"2021-09-02"},{"lineNumber":84,"author":{"gitId":"xingjie99"},"content":"            } else if (line.equals(\"list\")) {","lastModifiedDate":"2021-08-26"},{"lineNumber":85,"author":{"gitId":"xingjie99"},"content":"                list();","lastModifiedDate":"2021-09-08"},{"lineNumber":86,"author":{"gitId":"xingjie99"},"content":"","lastModifiedDate":"2021-09-02"},{"lineNumber":87,"author":{"gitId":"xingjie99"},"content":"            } else if (line.startsWith(\"todo\")) {","lastModifiedDate":"2021-09-02"},{"lineNumber":88,"author":{"gitId":"xingjie99"},"content":"                try {","lastModifiedDate":"2021-09-08"},{"lineNumber":89,"author":{"gitId":"xingjie99"},"content":"                    Todo todoTask \u003d todo(line);","lastModifiedDate":"2021-09-08"},{"lineNumber":90,"author":{"gitId":"xingjie99"},"content":"                    listCount++;","lastModifiedDate":"2021-08-26"},{"lineNumber":91,"author":{"gitId":"xingjie99"},"content":"                    printTask(todoTask, listCount);","lastModifiedDate":"2021-09-02"},{"lineNumber":92,"author":{"gitId":"xingjie99"},"content":"                } catch (StringIndexOutOfBoundsException e) {","lastModifiedDate":"2021-09-08"},{"lineNumber":93,"author":{"gitId":"xingjie99"},"content":"                    System.out.println(\"☹ OOPS!!! The description of a todo cannot be empty.\");","lastModifiedDate":"2021-09-08"},{"lineNumber":94,"author":{"gitId":"xingjie99"},"content":"                    System.out.println(\"Please format your input as \u0027todo \u003ctask\u003e\u0027\");","lastModifiedDate":"2021-09-08"},{"lineNumber":95,"author":{"gitId":"xingjie99"},"content":"                    System.out.println(LINE);","lastModifiedDate":"2021-09-08"},{"lineNumber":96,"author":{"gitId":"xingjie99"},"content":"                }","lastModifiedDate":"2021-09-08"},{"lineNumber":97,"author":{"gitId":"xingjie99"},"content":"","lastModifiedDate":"2021-09-02"},{"lineNumber":98,"author":{"gitId":"xingjie99"},"content":"            } else if (line.startsWith(\"deadline\")) {","lastModifiedDate":"2021-09-02"},{"lineNumber":99,"author":{"gitId":"xingjie99"},"content":"                try {","lastModifiedDate":"2021-09-08"},{"lineNumber":100,"author":{"gitId":"xingjie99"},"content":"                    Deadline deadlineTask \u003d deadline(line);","lastModifiedDate":"2021-09-08"},{"lineNumber":101,"author":{"gitId":"xingjie99"},"content":"                    listCount++;","lastModifiedDate":"2021-09-02"},{"lineNumber":102,"author":{"gitId":"xingjie99"},"content":"                    printTask(deadlineTask, listCount);","lastModifiedDate":"2021-09-02"},{"lineNumber":103,"author":{"gitId":"xingjie99"},"content":"                } catch (StringIndexOutOfBoundsException e) {","lastModifiedDate":"2021-09-08"},{"lineNumber":104,"author":{"gitId":"xingjie99"},"content":"                    System.out.println(\"☹ OOPS!!! The format of deadline is wrong\");","lastModifiedDate":"2021-09-08"},{"lineNumber":105,"author":{"gitId":"xingjie99"},"content":"                    System.out.println(\"Please format your input as \u0027deadline \u003ctask\u003e/\u003cdue date\u003e\u0027\");","lastModifiedDate":"2021-09-08"},{"lineNumber":106,"author":{"gitId":"xingjie99"},"content":"                    System.out.println(LINE);","lastModifiedDate":"2021-09-08"},{"lineNumber":107,"author":{"gitId":"xingjie99"},"content":"                }","lastModifiedDate":"2021-09-08"},{"lineNumber":108,"author":{"gitId":"xingjie99"},"content":"","lastModifiedDate":"2021-09-02"},{"lineNumber":109,"author":{"gitId":"xingjie99"},"content":"            } else if (line.startsWith(\"event\")) {","lastModifiedDate":"2021-09-02"},{"lineNumber":110,"author":{"gitId":"xingjie99"},"content":"                try {","lastModifiedDate":"2021-09-08"},{"lineNumber":111,"author":{"gitId":"xingjie99"},"content":"                    Event eventTask \u003d event(line);","lastModifiedDate":"2021-09-08"},{"lineNumber":112,"author":{"gitId":"xingjie99"},"content":"                    listCount++;","lastModifiedDate":"2021-09-02"},{"lineNumber":113,"author":{"gitId":"xingjie99"},"content":"                    printTask(eventTask, listCount);","lastModifiedDate":"2021-09-02"},{"lineNumber":114,"author":{"gitId":"xingjie99"},"content":"                } catch (StringIndexOutOfBoundsException e) {","lastModifiedDate":"2021-09-08"},{"lineNumber":115,"author":{"gitId":"xingjie99"},"content":"                    System.out.println(\"☹ OOPS!!! The format of event is wrong\");","lastModifiedDate":"2021-09-08"},{"lineNumber":116,"author":{"gitId":"xingjie99"},"content":"                    System.out.println(\"Please format your input as \u0027event \u003ctask\u003e/\u003cevent date and time\u003e\u0027\");","lastModifiedDate":"2021-09-08"},{"lineNumber":117,"author":{"gitId":"xingjie99"},"content":"                    System.out.println(LINE);","lastModifiedDate":"2021-09-08"},{"lineNumber":118,"author":{"gitId":"xingjie99"},"content":"                }","lastModifiedDate":"2021-09-08"},{"lineNumber":119,"author":{"gitId":"xingjie99"},"content":"","lastModifiedDate":"2021-09-02"},{"lineNumber":120,"author":{"gitId":"xingjie99"},"content":"            } else {","lastModifiedDate":"2021-09-02"},{"lineNumber":121,"author":{"gitId":"xingjie99"},"content":"                throw new InvalidCommandException();","lastModifiedDate":"2021-09-08"},{"lineNumber":122,"author":{"gitId":"xingjie99"},"content":"            }","lastModifiedDate":"2021-09-08"},{"lineNumber":123,"author":{"gitId":"xingjie99"},"content":"        } catch (InvalidCommandException e) {","lastModifiedDate":"2021-09-08"},{"lineNumber":124,"author":{"gitId":"xingjie99"},"content":"            System.out.println(\"☹ OOPS!!! I\u0027m sorry, but I don\u0027t know what that means :-(\");","lastModifiedDate":"2021-09-08"},{"lineNumber":125,"author":{"gitId":"xingjie99"},"content":"            System.out.println(LINE);","lastModifiedDate":"2021-09-08"},{"lineNumber":126,"author":{"gitId":"xingjie99"},"content":"        }","lastModifiedDate":"2021-09-08"},{"lineNumber":127,"author":{"gitId":"xingjie99"},"content":"    }","lastModifiedDate":"2021-08-26"},{"lineNumber":128,"author":{"gitId":"xingjie99"},"content":"","lastModifiedDate":"2021-09-08"},{"lineNumber":129,"author":{"gitId":"-"},"content":"    public static void main(String[] args) {","lastModifiedDate":"2021-09-08"},{"lineNumber":130,"author":{"gitId":"xingjie99"},"content":"        greetUser();","lastModifiedDate":"2021-09-08"},{"lineNumber":131,"author":{"gitId":"xingjie99"},"content":"","lastModifiedDate":"2021-09-08"},{"lineNumber":132,"author":{"gitId":"xingjie99"},"content":"        String line;","lastModifiedDate":"2021-09-08"},{"lineNumber":133,"author":{"gitId":"xingjie99"},"content":"        Scanner in \u003d new Scanner(System.in);","lastModifiedDate":"2021-09-08"},{"lineNumber":134,"author":{"gitId":"xingjie99"},"content":"        line \u003d in.nextLine();","lastModifiedDate":"2021-09-08"},{"lineNumber":135,"author":{"gitId":"xingjie99"},"content":"","lastModifiedDate":"2021-09-08"},{"lineNumber":136,"author":{"gitId":"xingjie99"},"content":"        while (!line.equals(\"bye\")) {","lastModifiedDate":"2021-09-08"},{"lineNumber":137,"author":{"gitId":"xingjie99"},"content":"            mainProgram(line, in);","lastModifiedDate":"2021-09-08"},{"lineNumber":138,"author":{"gitId":"xingjie99"},"content":"            line \u003d in.nextLine();","lastModifiedDate":"2021-09-02"},{"lineNumber":139,"author":{"gitId":"xingjie99"},"content":"        }","lastModifiedDate":"2021-08-26"},{"lineNumber":140,"author":{"gitId":"xingjie99"},"content":"","lastModifiedDate":"2021-09-08"},{"lineNumber":141,"author":{"gitId":"xingjie99"},"content":"        System.out.println(EXIT_MESSAGE);","lastModifiedDate":"2021-09-08"},{"lineNumber":142,"author":{"gitId":"xingjie99"},"content":"        System.out.println(LINE);","lastModifiedDate":"2021-09-08"},{"lineNumber":143,"author":{"gitId":"-"},"content":"    }","lastModifiedDate":"2019-07-29"},{"lineNumber":144,"author":{"gitId":"-"},"content":"}","lastModifiedDate":"2019-07-29"},{"lineNumber":145,"author":{"gitId":"xingjie99"},"content":"","lastModifiedDate":"2021-09-02"},{"lineNumber":146,"author":{"gitId":"xingjie99"},"content":"//testing merge commit","lastModifiedDate":"2021-09-08"},{"lineNumber":147,"author":{"gitId":"xingjie99"},"content":"","lastModifiedDate":"2021-09-08"},{"lineNumber":148,"author":{"gitId":"xingjie99"},"content":"","lastModifiedDate":"2021-09-02"},{"lineNumber":149,"author":{"gitId":"xingjie99"},"content":"","lastModifiedDate":"2021-09-02"},{"lineNumber":150,"author":{"gitId":"xingjie99"},"content":"","lastModifiedDate":"2021-09-02"},{"lineNumber":151,"author":{"gitId":"xingjie99"},"content":"","lastModifiedDate":"2021-09-02"}],"authorContributionMap":{"xingjie99":147,"-":4}},{"path":"src/main/java/Event.java","fileType":"java","lines":[{"lineNumber":1,"author":{"gitId":"xingjie99"},"content":"import src.main.java.Task;","lastModifiedDate":"2021-09-08"},{"lineNumber":2,"author":{"gitId":"xingjie99"},"content":"","lastModifiedDate":"2021-09-08"},{"lineNumber":3,"author":{"gitId":"xingjie99"},"content":"public class Event extends Task {","lastModifiedDate":"2021-09-02"},{"lineNumber":4,"author":{"gitId":"xingjie99"},"content":"    protected String by;","lastModifiedDate":"2021-09-02"},{"lineNumber":5,"author":{"gitId":"xingjie99"},"content":"","lastModifiedDate":"2021-09-02"},{"lineNumber":6,"author":{"gitId":"xingjie99"},"content":"    public Event(String description, char taskType, String by) {","lastModifiedDate":"2021-09-02"},{"lineNumber":7,"author":{"gitId":"xingjie99"},"content":"        super(description, taskType);","lastModifiedDate":"2021-09-02"},{"lineNumber":8,"author":{"gitId":"xingjie99"},"content":"        this.by \u003d by;","lastModifiedDate":"2021-09-02"},{"lineNumber":9,"author":{"gitId":"xingjie99"},"content":"    }","lastModifiedDate":"2021-09-02"},{"lineNumber":10,"author":{"gitId":"xingjie99"},"content":"","lastModifiedDate":"2021-09-02"},{"lineNumber":11,"author":{"gitId":"xingjie99"},"content":"    @Override","lastModifiedDate":"2021-09-02"},{"lineNumber":12,"author":{"gitId":"xingjie99"},"content":"    public String toString() {","lastModifiedDate":"2021-09-02"},{"lineNumber":13,"author":{"gitId":"xingjie99"},"content":"        return \" [E][\" + getStatusIcon() + \"] \" + super.toString() + by;","lastModifiedDate":"2021-09-02"},{"lineNumber":14,"author":{"gitId":"xingjie99"},"content":"    }","lastModifiedDate":"2021-09-02"},{"lineNumber":15,"author":{"gitId":"xingjie99"},"content":"}","lastModifiedDate":"2021-09-02"},{"lineNumber":16,"author":{"gitId":"xingjie99"},"content":"","lastModifiedDate":"2021-09-02"}],"authorContributionMap":{"xingjie99":16}},{"path":"src/main/java/InvalidCommandException.java","fileType":"java","lines":[{"lineNumber":1,"author":{"gitId":"xingjie99"},"content":"public class InvalidCommandException extends Exception {","lastModifiedDate":"2021-09-08"},{"lineNumber":2,"author":{"gitId":"xingjie99"},"content":"","lastModifiedDate":"2021-09-08"},{"lineNumber":3,"author":{"gitId":"xingjie99"},"content":"}","lastModifiedDate":"2021-09-08"}],"authorContributionMap":{"xingjie99":3}},{"path":"src/main/java/Todo.java","fileType":"java","lines":[{"lineNumber":1,"author":{"gitId":"xingjie99"},"content":"import src.main.java.Task;","lastModifiedDate":"2021-09-08"},{"lineNumber":2,"author":{"gitId":"xingjie99"},"content":"","lastModifiedDate":"2021-09-08"},{"lineNumber":3,"author":{"gitId":"xingjie99"},"content":"public class Todo extends Task {","lastModifiedDate":"2021-09-02"},{"lineNumber":4,"author":{"gitId":"xingjie99"},"content":"","lastModifiedDate":"2021-09-02"},{"lineNumber":5,"author":{"gitId":"xingjie99"},"content":"    public Todo(String description, char taskType) {","lastModifiedDate":"2021-09-02"},{"lineNumber":6,"author":{"gitId":"xingjie99"},"content":"        super(description, taskType);","lastModifiedDate":"2021-09-02"},{"lineNumber":7,"author":{"gitId":"xingjie99"},"content":"    }","lastModifiedDate":"2021-09-02"},{"lineNumber":8,"author":{"gitId":"xingjie99"},"content":"","lastModifiedDate":"2021-09-02"},{"lineNumber":9,"author":{"gitId":"xingjie99"},"content":"    @Override","lastModifiedDate":"2021-09-02"},{"lineNumber":10,"author":{"gitId":"xingjie99"},"content":"    public String toString() {","lastModifiedDate":"2021-09-02"},{"lineNumber":11,"author":{"gitId":"xingjie99"},"content":"        return \" [T][\" + getStatusIcon() + \"] \" + super.toString();","lastModifiedDate":"2021-09-02"},{"lineNumber":12,"author":{"gitId":"xingjie99"},"content":"    }","lastModifiedDate":"2021-09-02"},{"lineNumber":13,"author":{"gitId":"xingjie99"},"content":"","lastModifiedDate":"2021-09-02"},{"lineNumber":14,"author":{"gitId":"xingjie99"},"content":"}","lastModifiedDate":"2021-09-02"}],"authorContributionMap":{"xingjie99":14}},{"path":"src/main/java/src/main/java/Task.java","fileType":"java","lines":[{"lineNumber":1,"author":{"gitId":"xingjie99"},"content":"package src.main.java;","lastModifiedDate":"2021-09-08"},{"lineNumber":2,"author":{"gitId":"xingjie99"},"content":"","lastModifiedDate":"2021-09-08"},{"lineNumber":3,"author":{"gitId":"xingjie99"},"content":"public class Task {","lastModifiedDate":"2021-08-26"},{"lineNumber":4,"author":{"gitId":"xingjie99"},"content":"    protected String description;","lastModifiedDate":"2021-08-26"},{"lineNumber":5,"author":{"gitId":"xingjie99"},"content":"    protected boolean isDone;","lastModifiedDate":"2021-08-26"},{"lineNumber":6,"author":{"gitId":"xingjie99"},"content":"    protected char taskType;","lastModifiedDate":"2021-09-02"},{"lineNumber":7,"author":{"gitId":"xingjie99"},"content":"","lastModifiedDate":"2021-08-26"},{"lineNumber":8,"author":{"gitId":"xingjie99"},"content":"    public Task(String description, char taskType) {","lastModifiedDate":"2021-09-02"},{"lineNumber":9,"author":{"gitId":"xingjie99"},"content":"        this.description \u003d description;","lastModifiedDate":"2021-08-26"},{"lineNumber":10,"author":{"gitId":"xingjie99"},"content":"        this.isDone \u003d false;","lastModifiedDate":"2021-08-26"},{"lineNumber":11,"author":{"gitId":"xingjie99"},"content":"        this.taskType \u003d taskType;","lastModifiedDate":"2021-09-02"},{"lineNumber":12,"author":{"gitId":"xingjie99"},"content":"    }","lastModifiedDate":"2021-08-26"},{"lineNumber":13,"author":{"gitId":"xingjie99"},"content":"","lastModifiedDate":"2021-08-26"},{"lineNumber":14,"author":{"gitId":"xingjie99"},"content":"    public String getStatusIcon() {","lastModifiedDate":"2021-08-26"},{"lineNumber":15,"author":{"gitId":"xingjie99"},"content":"        return (isDone ? \"X\" : \" \"); // mark done task with X","lastModifiedDate":"2021-08-26"},{"lineNumber":16,"author":{"gitId":"xingjie99"},"content":"    }","lastModifiedDate":"2021-08-26"},{"lineNumber":17,"author":{"gitId":"xingjie99"},"content":"","lastModifiedDate":"2021-08-26"},{"lineNumber":18,"author":{"gitId":"xingjie99"},"content":"    public char getTaskType() {","lastModifiedDate":"2021-09-02"},{"lineNumber":19,"author":{"gitId":"xingjie99"},"content":"        return taskType;","lastModifiedDate":"2021-09-02"},{"lineNumber":20,"author":{"gitId":"xingjie99"},"content":"    }","lastModifiedDate":"2021-09-02"},{"lineNumber":21,"author":{"gitId":"xingjie99"},"content":"","lastModifiedDate":"2021-09-02"},{"lineNumber":22,"author":{"gitId":"xingjie99"},"content":"    public String getDescription() {","lastModifiedDate":"2021-08-26"},{"lineNumber":23,"author":{"gitId":"xingjie99"},"content":"        return description;","lastModifiedDate":"2021-08-26"},{"lineNumber":24,"author":{"gitId":"xingjie99"},"content":"    }","lastModifiedDate":"2021-08-26"},{"lineNumber":25,"author":{"gitId":"xingjie99"},"content":"","lastModifiedDate":"2021-08-26"},{"lineNumber":26,"author":{"gitId":"xingjie99"},"content":"    public void markAsDone() {","lastModifiedDate":"2021-08-26"},{"lineNumber":27,"author":{"gitId":"xingjie99"},"content":"        this.isDone \u003d true;","lastModifiedDate":"2021-08-26"},{"lineNumber":28,"author":{"gitId":"xingjie99"},"content":"    }","lastModifiedDate":"2021-08-26"},{"lineNumber":29,"author":{"gitId":"xingjie99"},"content":"","lastModifiedDate":"2021-09-02"},{"lineNumber":30,"author":{"gitId":"xingjie99"},"content":"    @Override","lastModifiedDate":"2021-09-02"},{"lineNumber":31,"author":{"gitId":"xingjie99"},"content":"    public String toString() {","lastModifiedDate":"2021-09-02"},{"lineNumber":32,"author":{"gitId":"xingjie99"},"content":"        return description;","lastModifiedDate":"2021-09-02"},{"lineNumber":33,"author":{"gitId":"xingjie99"},"content":"    }","lastModifiedDate":"2021-09-02"},{"lineNumber":34,"author":{"gitId":"xingjie99"},"content":"}","lastModifiedDate":"2021-08-26"}],"authorContributionMap":{"xingjie99":34}}]
