{"authorDailyContributionsMap":{"xingjie99":[{"date":"2021-08-19","commitResults":[{"hash":"5dbfab9e0c7588284f43b5c13f6025fc3ffc2164","messageTitle":"Update Duke.java","messageBody":"","tags":["Level-0"],"fileTypesAndContributionMap":{"java":{"insertions":4,"deletions":6}}}]},{"date":"2021-08-26","commitResults":[{"hash":"dadc8d319706e574b6226ca9e81821b8fb3ad5a4","messageTitle":"Update Duke.java","messageBody":"Level-1","tags":["Level-1"],"fileTypesAndContributionMap":{"java":{"insertions":14,"deletions":3}}},{"hash":"791015fb425bcb4c253131724946c4594a10826b","messageTitle":"Level-2 (Add, List)","messageBody":"","tags":["Level-2"],"fileTypesAndContributionMap":{"java":{"insertions":20,"deletions":2}}},{"hash":"0d3932b7159ab0613439e5035a98728a4ed61aab","messageTitle":"Level-3 (Mark as Done)","messageBody":"","tags":["Level-3"],"fileTypesAndContributionMap":{"java":{"insertions":35,"deletions":4}}},{"hash":"48eab771c9270a290aa2b9073f6111a5d67d1da7","messageTitle":"A-CodingStandard","messageBody":"","tags":["A-CodingStandard"],"fileTypesAndContributionMap":{"java":{"insertions":8,"deletions":13}}}]}]},"authorFileTypeContributionMap":{"xingjie99":{"java":59,"md":0,"fxml":0,"sh":0,"bat":0,"gradle":0,"txt":0}},"authorContributionVariance":{"xingjie99":43.964104},"authorDisplayNameMap":{"xingjie99":"CS2113T-F14-2 TAN .. JIE"}}
