{"authorDailyContributionsMap":{"arcturusz":[{"date":"2021-08-27","commitResults":[{"hash":"827af849b970d6f285fab6f0ee750bbdecc8bda7","messageTitle":"Level-0","messageBody":"","fileTypesAndContributionMap":{"java":{"insertions":3,"deletions":6}}},{"hash":"8cc4c03b459ae08516d9b4e389daa0530ca44c01","messageTitle":"Add echo and exit command","messageBody":"","tags":["Level-1"],"fileTypesAndContributionMap":{"java":{"insertions":19,"deletions":2}}},{"hash":"52868bf0956cf62d68272b7762ba0b54bbd2e19e","messageTitle":"Add tasks list and print list","messageBody":"","tags":["Level-2"],"fileTypesAndContributionMap":{"java":{"insertions":19,"deletions":2}}}]},{"date":"2021-08-28","commitResults":[{"hash":"b99caa1f26878ed9472f93da0af21312e54c564e","messageTitle":"Add done for tasks","messageBody":"","fileTypesAndContributionMap":{"java":{"insertions":55,"deletions":13}}},{"hash":"50eb21d7849651ee3b0feacb5a895e1aa83c8291","messageTitle":"Remove unnecessary methods","messageBody":"","fileTypesAndContributionMap":{"java":{"insertions":0,"deletions":8}}}]},{"date":"2021-08-30","commitResults":[{"hash":"faff5523a2937d0717779a072716fdee6ff3bab6","messageTitle":"Add check for done within range","messageBody":"","tags":["Level-3","A-CodingStandard"],"fileTypesAndContributionMap":{"java":{"insertions":2,"deletions":0}}}]},{"date":"2021-08-31","commitResults":[{"hash":"3178636c3b7f5cd67c55febdfe95185007d386bf","messageTitle":"Add task manager and parser for user commands","messageBody":"","fileTypesAndContributionMap":{"java":{"insertions":139,"deletions":38}}}]},{"date":"2021-09-01","commitResults":[{"hash":"addd042dab885efecdffb9b7180eab9b9a757066","messageTitle":"Add todos, datelines and events task","messageBody":"","tags":["Level-4","A-Inheritance"],"fileTypesAndContributionMap":{"java":{"insertions":129,"deletions":25}}}]},{"date":"2021-09-03","commitResults":[{"hash":"1eaab4658c08af67d1db2532bfa34e242cc68b99","messageTitle":"Add text ui test","messageBody":"","tags":["A-TextUiTesting"],"fileTypesAndContributionMap":{"txt":{"insertions":1,"deletions":0}}}]},{"date":"2021-09-07","commitResults":[{"hash":"935de5a46054a444dc2c95b0e0530287153af55c","messageTitle":"Refactor code","messageBody":"","tags":["A-CodeQuality"],"fileTypesAndContributionMap":{"java":{"insertions":42,"deletions":46}}}]}]},"authorFileTypeContributionMap":{"arcturusz":{"java":273,"md":0,"fxml":0,"sh":0,"bat":0,"gradle":0,"txt":1}},"authorContributionVariance":{"arcturusz":296.16046},"authorDisplayNameMap":{"arcturusz":"CS2113-T14-1 ELJE..CHUA"}}
