{"authorDailyContributionsMap":{"arcturusz":[{"date":"0025-09-13","commitResults":[{"hash":"3920d977141f817ec0dfb61216903c969aa6b63e","messageTitle":"Add delete task feature","messageBody":"","fileTypesAndContributionMap":{"java":{"insertions":45,"deletions":26}}}]},{"date":"2021-08-27","commitResults":[{"hash":"827af849b970d6f285fab6f0ee750bbdecc8bda7","messageTitle":"Level-0","messageBody":"","fileTypesAndContributionMap":{"java":{"insertions":3,"deletions":6}}},{"hash":"8cc4c03b459ae08516d9b4e389daa0530ca44c01","messageTitle":"Add echo and exit command","messageBody":"","tags":["Level-1"],"fileTypesAndContributionMap":{"java":{"insertions":19,"deletions":2}}},{"hash":"52868bf0956cf62d68272b7762ba0b54bbd2e19e","messageTitle":"Add tasks list and print list","messageBody":"","tags":["Level-2"],"fileTypesAndContributionMap":{"java":{"insertions":19,"deletions":2}}}]},{"date":"2021-08-28","commitResults":[{"hash":"b99caa1f26878ed9472f93da0af21312e54c564e","messageTitle":"Add done for tasks","messageBody":"","fileTypesAndContributionMap":{"java":{"insertions":55,"deletions":13}}},{"hash":"50eb21d7849651ee3b0feacb5a895e1aa83c8291","messageTitle":"Remove unnecessary methods","messageBody":"","fileTypesAndContributionMap":{"java":{"insertions":0,"deletions":8}}}]},{"date":"2021-08-30","commitResults":[{"hash":"faff5523a2937d0717779a072716fdee6ff3bab6","messageTitle":"Add check for done within range","messageBody":"","tags":["Level-3","A-CodingStandard"],"fileTypesAndContributionMap":{"java":{"insertions":2,"deletions":0}}}]},{"date":"2021-08-31","commitResults":[{"hash":"3178636c3b7f5cd67c55febdfe95185007d386bf","messageTitle":"Add task manager and parser for user commands","messageBody":"","fileTypesAndContributionMap":{"java":{"insertions":139,"deletions":38}}}]},{"date":"2021-09-01","commitResults":[{"hash":"addd042dab885efecdffb9b7180eab9b9a757066","messageTitle":"Add todos, datelines and events task","messageBody":"","tags":["Level-4","A-Inheritance"],"fileTypesAndContributionMap":{"java":{"insertions":129,"deletions":25}}}]},{"date":"2021-09-03","commitResults":[{"hash":"1eaab4658c08af67d1db2532bfa34e242cc68b99","messageTitle":"Add text ui test","messageBody":"","tags":["A-TextUiTesting"],"fileTypesAndContributionMap":{"txt":{"insertions":1,"deletions":0}}}]},{"date":"2021-09-07","commitResults":[{"hash":"935de5a46054a444dc2c95b0e0530287153af55c","messageTitle":"Refactor code","messageBody":"","tags":["A-CodeQuality"],"fileTypesAndContributionMap":{"java":{"insertions":42,"deletions":46}}},{"hash":"b713402db6dbf7b6ff6ad9d19fc1ac37c8dc8a88","messageTitle":"Add duke exception error handling","messageBody":"","fileTypesAndContributionMap":{"java":{"insertions":65,"deletions":40}}},{"hash":"668df6f0a195352dbd6fd99bea0518f591bc6abe","messageTitle":"Add packages","messageBody":"","fileTypesAndContributionMap":{"java":{"insertions":30,"deletions":0}}}]},{"date":"2021-09-14","commitResults":[{"hash":"bbeb5ce7267280ee9b61e20ae559ea00dec6869d","messageTitle":"Add loading of saved file on start up","messageBody":"","fileTypesAndContributionMap":{"java":{"insertions":76,"deletions":5}}},{"hash":"907e1a84b4c2f7282c5412e7a753b8510497247f","messageTitle":"Add save task list whenever update","messageBody":"","fileTypesAndContributionMap":{"java":{"insertions":53,"deletions":0}}}]},{"date":"2021-09-28","commitResults":[{"hash":"9f88423600ae39d6aea28c75fb9070da507800d5","messageTitle":"Refactor","messageBody":"","fileTypesAndContributionMap":{"java":{"insertions":489,"deletions":319}}},{"hash":"d57a24bd48cf3061b8beb3da11d414f8413ede84","messageTitle":"Implement find task by keyword","messageBody":"","fileTypesAndContributionMap":{"java":{"insertions":59,"deletions":5}}},{"hash":"39c962c136d5764b6e4b30c59d4bc24bede3b691","messageTitle":"Add javadoc and comments in code","messageBody":"","fileTypesAndContributionMap":{"java":{"insertions":72,"deletions":0}}},{"hash":"4da2c46cbe90763eded6a78bf5c565f15b2aca2d","messageTitle":"Refactor","messageBody":"","fileTypesAndContributionMap":{"java":{"insertions":53,"deletions":79}}},{"hash":"9c76d1f883ba76be1ac40e542d886a83f427dfe5","messageTitle":"Rename method name","messageBody":"","fileTypesAndContributionMap":{"java":{"insertions":2,"deletions":2}}},{"hash":"08b1efef1d34847839e0c9c4a1f5f82d98662477","messageTitle":"Add a user guide","messageBody":"","fileTypesAndContributionMap":{"md":{"insertions":19,"deletions":9}}}]},{"date":"2021-09-29","commitResults":[{"hash":"4d1c5378e750a1f9ffad99397ae03a17ee3f695a","messageTitle":"Change ui","messageBody":"","fileTypesAndContributionMap":{"java":{"insertions":1,"deletions":1}}},{"hash":"a203d890f3c9e1674327fe586a2289a461001ce9","messageTitle":"Print divider after each command","messageBody":"","fileTypesAndContributionMap":{"java":{"insertions":7,"deletions":1}}},{"hash":"e6aa71b1d1848b571b86e289b742d3662593b35a","messageTitle":"Fix bug validating input of todo task","messageBody":"","tags":["A-MoreOOP","A-JavaDoc"],"fileTypesAndContributionMap":{"java":{"insertions":56,"deletions":16}}},{"hash":"76fad28ede161b56c41df6b268e7b09884d2c6e9","messageTitle":"Update readme with details","messageBody":"","tags":["A-UserGuide","A-Release"],"fileTypesAndContributionMap":{"md":{"insertions":183,"deletions":22}}}]}]},"authorFileTypeContributionMap":{"arcturusz":{"java":788,"md":194,"fxml":0,"sh":0,"bat":0,"gradle":0,"txt":1}},"authorContributionVariance":{"arcturusz":78.37049},"authorDisplayNameMap":{"arcturusz":"CS2113-T14-1 ELJE..CHUA"}}
