{"authorDailyContributionsMap":{"ZhangErliCarl":[{"date":"2021-09-08","commitResults":[{"hash":"4cc5603d85ad0b854ae898e171ea0b177c9e3b8c","messageTitle":"Level 1","messageBody":"","fileTypesAndContributionMap":{"java":{"insertions":36,"deletions":2}}}]},{"date":"2021-09-15","commitResults":[{"hash":"06c2357c710bc27b5176de01892e5aca7afeb2ac","messageTitle":"Level 2","messageBody":"","fileTypesAndContributionMap":{"java":{"insertions":55,"deletions":0}}},{"hash":"cc644f23f9283c9bb2f6805d74d157e2846634ed","messageTitle":"Level 2","messageBody":"","fileTypesAndContributionMap":{"java":{"insertions":282,"deletions":82}}}]},{"date":"2021-09-30","commitResults":[{"hash":"dd0420d36a81ff65f14f1b591f079f8e4a18ffd5","messageTitle":"Add Increment: Level 0. Greet","messageBody":"","fileTypesAndContributionMap":{"txt":{"insertions":1,"deletions":0},"java":{"insertions":8,"deletions":294}}}]}]},"authorFileTypeContributionMap":{"ZhangErliCarl":{"java":3,"md":0,"fxml":0,"sh":0,"bat":0,"gradle":0,"txt":1}},"authorContributionVariance":{"ZhangErliCarl":1029.2814},"authorDisplayNameMap":{"ZhangErliCarl":"CS2113-T16-4 ZHAN..ERLI"}}
