{"authorDailyContributionsMap":{"KVignesh122":[{"date":"2021-08-17","commitResults":[{"hash":"333d02fab8aa69e9d4ab615793cca8bed7d144df","messageTitle":"Level-0 Greet","messageBody":"","fileTypesAndContributionMap":{"java":{"insertions":10,"deletions":0}}},{"hash":"d18ac40abdf035f3dfff9c7a5edca3dbea541705","messageTitle":"Test Line Add","messageBody":"","fileTypesAndContributionMap":{"java":{"insertions":1,"deletions":0}}}]},{"date":"2021-08-22","commitResults":[{"hash":"d258572c705bf0305838657cd55cadad6dc16354","messageTitle":"Do Greet, Echo, Exit.","messageBody":"","tags":["Level-1"],"fileTypesAndContributionMap":{"java":{"insertions":56,"deletions":7}}}]},{"date":"2021-08-23","commitResults":[{"hash":"592d84d3104d322f9f8be280a3a032060d21aee8","messageTitle":"Do Add, List","messageBody":"","tags":["Level-2"],"fileTypesAndContributionMap":{"java":{"insertions":101,"deletions":9}}},{"hash":"6768cb6a99cb50518e68d2ee681a9880f678d816","messageTitle":"Mark as Done","messageBody":"","fileTypesAndContributionMap":{"java":{"insertions":37,"deletions":11}}},{"hash":"fcd5e46ddd8040e3e3888e5a669f94882a4c0daf","messageTitle":"Create Task Class","messageBody":"","tags":["A-Classes"],"fileTypesAndContributionMap":{"java":{"insertions":17,"deletions":0}}},{"hash":"55886d0a223a7f33192093d53696814feab2d7cf","messageTitle":"Use Task objects for each added task","messageBody":"","tags":["Level-3"],"fileTypesAndContributionMap":{"java":{"insertions":8,"deletions":9}}},{"hash":"cf78e9882ff98fcb84707912834af29c0fa54afc","messageTitle":"Comply with coding standard","messageBody":"","tags":["A-CodingStandard"],"fileTypesAndContributionMap":{"java":{"insertions":53,"deletions":14}}}]},{"date":"2021-08-28","commitResults":[{"hash":"0bdb0ed8626653e21033ee8a82edffbd8aec35ed","messageTitle":"Change chatbot name to Lennox and create printLogo method","messageBody":"","fileTypesAndContributionMap":{"java":{"insertions":27,"deletions":20}}}]}]},"authorFileTypeContributionMap":{"KVignesh122":{"java":245,"md":0,"fxml":0,"sh":0,"bat":0,"gradle":0,"txt":0}},"authorContributionVariance":{"KVignesh122":321.86307},"authorDisplayNameMap":{"KVignesh122":"KUMA..NESH"}}
