{"authorDailyContributionsMap":{"kum-wh":[{"date":"2021-09-02","commitResults":[{"hash":"cfa100be5ea0a2b8307534b5184e1f09eff836ab","messageTitle":"Change the dukes speech","messageBody":"Change the initial string that printed\n","tags":["Level-0"],"fileTypesAndContributionMap":{"java":{"insertions":6,"deletions":1}}},{"hash":"58398a497eb8665301e37d4c7f9e270216489c91","messageTitle":"Add a echo functions that repeat commands entered by the user and exit on bye","messageBody":"Import a Scanner class and add a to that echo input.\n","tags":["Level-1"],"fileTypesAndContributionMap":{"java":{"insertions":19,"deletions":4}}},{"hash":"7b1d07416b52516f72e0deed0ed0cad11198b3a3","messageTitle":"Add the ability to store text input into a list and display it back when list is called","messageBody":"Add a array of size 100 that store string\n","tags":["Level-2"],"fileTypesAndContributionMap":{"java":{"insertions":9,"deletions":1}}},{"hash":"1d74b399dc6148fb1abb99aaa4f4c8894c65132c","messageTitle":"Add the ability to mark task as done","messageBody":"Add Task class iinstead of just storing the tasks as strings\n","tags":["Level-3"],"fileTypesAndContributionMap":{"java":{"insertions":28,"deletions":3}}},{"hash":"eed209d88120cf3574245650416e0d73d01537cd","messageTitle":"Add catergory to the task, todo,deadlines and events","messageBody":"Added 3 class that inherit from\n","tags":["Level-4"],"fileTypesAndContributionMap":{"java":{"insertions":58,"deletions":7}}}]},{"date":"2021-09-04","commitResults":[{"hash":"f4fecb4162a7c2a85ef6e293db53c0e0f0ccf91d","messageTitle":"Refactor the code to remove duplcated functions","messageBody":"Improve the naming to be more descriptive of the variable it represent\n\nUse constants to remove the need for magic numbers\n\nChange array into arraylist to prevent overflow of task in the array\n","tags":["A-CodingStandard","A-CodeQuality"],"fileTypesAndContributionMap":{"java":{"insertions":125,"deletions":64}}}]},{"date":"2021-09-05","commitResults":[{"hash":"b8ad62dc1e6057f585c017f8f424d06036a6a0a2","messageTitle":"Added the ability to add mutiple task in the same line and the ability to set multiple task as done in the same line","messageBody":"Added a interface to listManager to make it easier to know what listMananger does\n","fileTypesAndContributionMap":{"java":{"insertions":157,"deletions":41}}}]},{"date":"2021-09-06","commitResults":[{"hash":"37abf0dd2561355b6d0e8cb607de99579c8f455c","messageTitle":"Added a way to print words like what was printed for duke but based on user input","messageBody":"Added a class artbot that use 2D array to create and merge the string to form the shape of letters\n","fileTypesAndContributionMap":{"java":{"insertions":342,"deletions":7}}},{"hash":"1e6963b2786b175260af0c15230000bdcb1e7183","messageTitle":"Added testing","messageBody":"","tags":["A-TextUiTesting"],"fileTypesAndContributionMap":{"txt":{"insertions":17,"deletions":0},"java":{"insertions":162,"deletions":26},"bat":{"insertions":3,"deletions":3}}}]},{"date":"2021-09-07","commitResults":[{"hash":"2f491b7d77ac50365a153a949c67e9c07e63afa9","messageTitle":"Add a lot of exceptions to prevent any errors","messageBody":"","tags":["A-Exceptions"],"fileTypesAndContributionMap":{"java":{"insertions":203,"deletions":57}}},{"hash":"4a089015ecb5e14f906a292f87efce73d7cf05a4","messageTitle":"Changing some Strings","messageBody":"","fileTypesAndContributionMap":{"java":{"insertions":6,"deletions":4}}},{"hash":"50ed25dfed694c1b80dd333664221180935635ab","messageTitle":"Further fixes to the String printed","messageBody":"","fileTypesAndContributionMap":{"java":{"insertions":13,"deletions":5}}}]}]},"authorFileTypeContributionMap":{"kum-wh":{"java":914,"md":0,"fxml":0,"sh":0,"bat":3,"gradle":0,"txt":17}},"authorContributionVariance":{"kum-wh":2042.3745},"authorDisplayNameMap":{"kum-wh":"CS2113T-T12-1 KUM ..G HO"}}
