{"authorDailyContributionsMap":{"jach23":[{"date":"2021-08-18","commitResults":[{"hash":"34572302746604b511d5d83e8c6951b67aace34f","messageTitle":"Level-0","messageBody":"","fileTypesAndContributionMap":{"java":{"insertions":5,"deletions":0}}},{"hash":"30dec3f6046c02f1e555a3e5545e1e70880dd976","messageTitle":"Level-0","messageBody":"","tags":["Level-1"],"fileTypesAndContributionMap":{"java":{"insertions":2,"deletions":0}}}]},{"date":"2021-08-23","commitResults":[{"hash":"5586c88b75384f3a013ef7dd60859e4dca7b51fc","messageTitle":"Level-1","messageBody":"","tags":["Level-2"],"fileTypesAndContributionMap":{"java":{"insertions":11,"deletions":6}}},{"hash":"2cbf2fe3a8d28ddcf14e4b04e269337bfec4670f","messageTitle":"Level-2","messageBody":"","tags":["Level-3"],"fileTypesAndContributionMap":{"java":{"insertions":31,"deletions":1}}},{"hash":"acc76ac7b1f3ed3c53da766b1c3e7041539b5330","messageTitle":"Level-3","messageBody":"","fileTypesAndContributionMap":{"java":{"insertions":48,"deletions":24}}},{"hash":"ccee05ceacbf738b8f556a02f4f9383a7e773207","messageTitle":"Level-3","messageBody":"","fileTypesAndContributionMap":{"java":{"insertions":13,"deletions":2}}},{"hash":"ebf55363a1f3fa1a4a58a47c5b43b2afef4f2108","messageTitle":"Level-3","messageBody":"","tags":["A-CodingStandard"],"fileTypesAndContributionMap":{"java":{"insertions":14,"deletions":8}}},{"hash":"9ae7defb9fb35aafe87bcae8e675e00799266e2b","messageTitle":"A-CodingStandard","messageBody":"","tags":["Level-4"],"fileTypesAndContributionMap":{"java":{"insertions":7,"deletions":16}}}]},{"date":"2021-08-29","commitResults":[{"hash":"28b73f4944cb593d454d58ffb94a48859b31660a","messageTitle":"Level-4","messageBody":"","tags":["A-TextUiTesting"],"fileTypesAndContributionMap":{"java":{"insertions":93,"deletions":25}}},{"hash":"5270b0f6bb8dae35d6d220dcee16180b4aa198fa","messageTitle":"A-CodeQuality","messageBody":"","fileTypesAndContributionMap":{"java":{"insertions":3,"deletions":26}}},{"hash":"ec85dff7bff24ae29c1b2a2b6b50379bd8599966","messageTitle":"A-CodeQuality","messageBody":"","tags":["A-CodeQuality"],"fileTypesAndContributionMap":{"java":{"insertions":2,"deletions":8}}},{"hash":"62139fe482af14259808452b1414a92e22405b67","messageTitle":"A-CodeQuality","messageBody":"","fileTypesAndContributionMap":{"java":{"insertions":3,"deletions":1}}}]},{"date":"2021-09-05","commitResults":[{"hash":"fc272c4d29860b6172c0b84e089137cf5faf4ad2","messageTitle":"Level-5","messageBody":"","fileTypesAndContributionMap":{"java":{"insertions":44,"deletions":18}}}]},{"date":"2021-09-08","commitResults":[{"hash":"ef4d4ede649a2c05d1d7722f37a265ead2f56aea","messageTitle":"refactoring code for readability","messageBody":"","tags":["Level-5"],"fileTypesAndContributionMap":{"java":{"insertions":21,"deletions":9}}}]},{"date":"2021-09-11","commitResults":[{"hash":"1d5551124e70838a56cdaa59e5500b835854bb3b","messageTitle":"Level-6","messageBody":"","fileTypesAndContributionMap":{"java":{"insertions":34,"deletions":18}}},{"hash":"e1c01ea804d1317d060f23f30808bfe63edd08dc","messageTitle":"Level-7","messageBody":"","tags":["Level-7"],"fileTypesAndContributionMap":{"txt":{"insertions":4,"deletions":0},"java":{"insertions":47,"deletions":1}}},{"hash":"78ee3bd5e0099e996cb11e0628d27b53992c3fcd","messageTitle":"A-Jar","messageBody":"","fileTypesAndContributionMap":{"java":{"insertions":0,"deletions":1}}},{"hash":"fc11cc4b48e4549ea78c5e2f7ca0bc06f2e0a264","messageTitle":"A-Jar","messageBody":"","fileTypesAndContributionMap":{"txt":{"insertions":2,"deletions":0},"java":{"insertions":1,"deletions":1}}}]}]},"authorFileTypeContributionMap":{"jach23":{"java":221,"md":0,"fxml":0,"sh":0,"bat":0,"gradle":0,"txt":6}},"authorContributionVariance":{"jach23":308.73145},"authorDisplayNameMap":{"jach23":"CS2113T-W13-1 JARE..EANG"}}
