[{"path":"src/main/java/Deadline.java","fileType":"java","lines":[{"lineNumber":1,"author":{"gitId":"Mist0919"},"content":"public class Deadline extends Task {","lastModifiedDate":"2021-09-09"},{"lineNumber":2,"author":{"gitId":"Mist0919"},"content":"    public String by;","lastModifiedDate":"2021-09-09"},{"lineNumber":3,"author":{"gitId":"Mist0919"},"content":"","lastModifiedDate":"2021-09-09"},{"lineNumber":4,"author":{"gitId":"Mist0919"},"content":"    public Deadline(String description, String by) {","lastModifiedDate":"2021-09-09"},{"lineNumber":5,"author":{"gitId":"Mist0919"},"content":"        super(description);","lastModifiedDate":"2021-09-09"},{"lineNumber":6,"author":{"gitId":"Mist0919"},"content":"        this.by \u003d by;","lastModifiedDate":"2021-09-09"},{"lineNumber":7,"author":{"gitId":"Mist0919"},"content":"    }","lastModifiedDate":"2021-09-09"},{"lineNumber":8,"author":{"gitId":"Mist0919"},"content":"","lastModifiedDate":"2021-09-09"},{"lineNumber":9,"author":{"gitId":"Mist0919"},"content":"    @Override","lastModifiedDate":"2021-09-09"},{"lineNumber":10,"author":{"gitId":"Mist0919"},"content":"    public String toString() {","lastModifiedDate":"2021-09-09"},{"lineNumber":11,"author":{"gitId":"Mist0919"},"content":"        return \"[D]\" + super.toString() + \"(by: \" + this.by","lastModifiedDate":"2021-09-09"},{"lineNumber":12,"author":{"gitId":"Mist0919"},"content":"                + \")\";","lastModifiedDate":"2021-09-09"},{"lineNumber":13,"author":{"gitId":"Mist0919"},"content":"    }","lastModifiedDate":"2021-09-09"},{"lineNumber":14,"author":{"gitId":"Mist0919"},"content":"}","lastModifiedDate":"2021-09-09"}],"authorContributionMap":{"Mist0919":14}},{"path":"src/main/java/Duke.java","fileType":"java","lines":[{"lineNumber":1,"author":{"gitId":"Mist0919"},"content":"import java.util.Scanner;","lastModifiedDate":"2021-08-26"},{"lineNumber":2,"author":{"gitId":"Mist0919"},"content":"import java.lang.String;","lastModifiedDate":"2021-08-26"},{"lineNumber":3,"author":{"gitId":"Mist0919"},"content":"","lastModifiedDate":"2021-08-26"},{"lineNumber":4,"author":{"gitId":"-"},"content":"public class Duke {","lastModifiedDate":"2021-08-26"},{"lineNumber":5,"author":{"gitId":"Mist0919"},"content":"","lastModifiedDate":"2021-09-04"},{"lineNumber":6,"author":{"gitId":"Mist0919"},"content":"    public static final String line \u003d \"____________________________________________________________\\n\";","lastModifiedDate":"2021-09-09"},{"lineNumber":7,"author":{"gitId":"Mist0919"},"content":"    public static final int MAX_NUM_OF_TASKS \u003d 100;","lastModifiedDate":"2021-09-09"},{"lineNumber":8,"author":{"gitId":"Mist0919"},"content":"    public static final int TODO_POS \u003d 5;","lastModifiedDate":"2021-09-09"},{"lineNumber":9,"author":{"gitId":"Mist0919"},"content":"    public static final int BY_POS \u003d 4;","lastModifiedDate":"2021-09-09"},{"lineNumber":10,"author":{"gitId":"Mist0919"},"content":"    public static final int DEADLINE_POS \u003d 9;","lastModifiedDate":"2021-09-09"},{"lineNumber":11,"author":{"gitId":"Mist0919"},"content":"    public static final int AT_POS \u003d 4;","lastModifiedDate":"2021-09-09"},{"lineNumber":12,"author":{"gitId":"Mist0919"},"content":"    public static final int EVENT_POS \u003d 6;","lastModifiedDate":"2021-09-09"},{"lineNumber":13,"author":{"gitId":"Mist0919"},"content":"","lastModifiedDate":"2021-09-09"},{"lineNumber":14,"author":{"gitId":"Mist0919"},"content":"    public static int numOfTasks \u003d 0;","lastModifiedDate":"2021-09-09"},{"lineNumber":15,"author":{"gitId":"Mist0919"},"content":"","lastModifiedDate":"2021-09-09"},{"lineNumber":16,"author":{"gitId":"-"},"content":"    public static void main(String[] args) {","lastModifiedDate":"2019-07-29"},{"lineNumber":17,"author":{"gitId":"Mist0919"},"content":"","lastModifiedDate":"2021-09-09"},{"lineNumber":18,"author":{"gitId":"Mist0919"},"content":"        greeting();","lastModifiedDate":"2021-09-09"},{"lineNumber":19,"author":{"gitId":"Mist0919"},"content":"","lastModifiedDate":"2021-09-09"},{"lineNumber":20,"author":{"gitId":"Mist0919"},"content":"        Task[] tasks \u003d new Task[MAX_NUM_OF_TASKS];","lastModifiedDate":"2021-09-09"},{"lineNumber":21,"author":{"gitId":"Mist0919"},"content":"","lastModifiedDate":"2021-09-09"},{"lineNumber":22,"author":{"gitId":"Mist0919"},"content":"        Scanner input \u003d new Scanner(System.in);","lastModifiedDate":"2021-09-09"},{"lineNumber":23,"author":{"gitId":"Mist0919"},"content":"        while (true) {","lastModifiedDate":"2021-09-09"},{"lineNumber":24,"author":{"gitId":"Mist0919"},"content":"            String inputString \u003d input.nextLine();","lastModifiedDate":"2021-09-09"},{"lineNumber":25,"author":{"gitId":"Mist0919"},"content":"            if (inputString.equals(\"bye\")) {","lastModifiedDate":"2021-09-09"},{"lineNumber":26,"author":{"gitId":"Mist0919"},"content":"                exit();","lastModifiedDate":"2021-09-09"},{"lineNumber":27,"author":{"gitId":"Mist0919"},"content":"                break;","lastModifiedDate":"2021-09-09"},{"lineNumber":28,"author":{"gitId":"Mist0919"},"content":"            } else if (inputString.equals(\"list\")) {","lastModifiedDate":"2021-09-09"},{"lineNumber":29,"author":{"gitId":"Mist0919"},"content":"                try {","lastModifiedDate":"2021-09-10"},{"lineNumber":30,"author":{"gitId":"Mist0919"},"content":"                    printList(tasks);","lastModifiedDate":"2021-09-09"},{"lineNumber":31,"author":{"gitId":"Mist0919"},"content":"                }","lastModifiedDate":"2021-09-10"},{"lineNumber":32,"author":{"gitId":"Mist0919"},"content":"                catch(DukeException d) {","lastModifiedDate":"2021-09-10"},{"lineNumber":33,"author":{"gitId":"Mist0919"},"content":"                    System.out.println(line","lastModifiedDate":"2021-09-10"},{"lineNumber":34,"author":{"gitId":"Mist0919"},"content":"                            + d.getMessage() + \"\\n\" + line);","lastModifiedDate":"2021-09-10"},{"lineNumber":35,"author":{"gitId":"Mist0919"},"content":"                }","lastModifiedDate":"2021-09-10"},{"lineNumber":36,"author":{"gitId":"Mist0919"},"content":"            } else if (inputString.contains(\"done\") \u003d\u003d true) {","lastModifiedDate":"2021-09-09"},{"lineNumber":37,"author":{"gitId":"Mist0919"},"content":"                try {","lastModifiedDate":"2021-09-09"},{"lineNumber":38,"author":{"gitId":"Mist0919"},"content":"                    setDone(inputString, tasks);","lastModifiedDate":"2021-09-09"},{"lineNumber":39,"author":{"gitId":"Mist0919"},"content":"                }","lastModifiedDate":"2021-09-09"},{"lineNumber":40,"author":{"gitId":"Mist0919"},"content":"                catch(IndexOutOfBoundsException i) {","lastModifiedDate":"2021-09-09"},{"lineNumber":41,"author":{"gitId":"Mist0919"},"content":"                    System.out.println(line","lastModifiedDate":"2021-09-09"},{"lineNumber":42,"author":{"gitId":"Mist0919"},"content":"                            + \"☹ OOPS!!! The index of done indstruction cannot be empty.\\n\"","lastModifiedDate":"2021-09-09"},{"lineNumber":43,"author":{"gitId":"Mist0919"},"content":"                            + line);","lastModifiedDate":"2021-09-09"},{"lineNumber":44,"author":{"gitId":"Mist0919"},"content":"                }","lastModifiedDate":"2021-09-09"},{"lineNumber":45,"author":{"gitId":"Mist0919"},"content":"                catch(NumberFormatException n) {","lastModifiedDate":"2021-09-09"},{"lineNumber":46,"author":{"gitId":"Mist0919"},"content":"                    System.out.println(line","lastModifiedDate":"2021-09-09"},{"lineNumber":47,"author":{"gitId":"Mist0919"},"content":"                            + \"☹ OOPS!!! The index of done indstruction should be a number.\\n\"","lastModifiedDate":"2021-09-09"},{"lineNumber":48,"author":{"gitId":"Mist0919"},"content":"                            + line);","lastModifiedDate":"2021-09-09"},{"lineNumber":49,"author":{"gitId":"Mist0919"},"content":"                }","lastModifiedDate":"2021-09-09"},{"lineNumber":50,"author":{"gitId":"Mist0919"},"content":"                catch(NullPointerException p) {","lastModifiedDate":"2021-09-09"},{"lineNumber":51,"author":{"gitId":"Mist0919"},"content":"                    System.out.println(line","lastModifiedDate":"2021-09-09"},{"lineNumber":52,"author":{"gitId":"Mist0919"},"content":"                            + \"☹ OOPS!!! The index is out of range.\\n\"","lastModifiedDate":"2021-09-09"},{"lineNumber":53,"author":{"gitId":"Mist0919"},"content":"                            + line);","lastModifiedDate":"2021-09-09"},{"lineNumber":54,"author":{"gitId":"Mist0919"},"content":"                }","lastModifiedDate":"2021-09-09"},{"lineNumber":55,"author":{"gitId":"Mist0919"},"content":"            } else {","lastModifiedDate":"2021-09-09"},{"lineNumber":56,"author":{"gitId":"Mist0919"},"content":"                try {","lastModifiedDate":"2021-09-09"},{"lineNumber":57,"author":{"gitId":"Mist0919"},"content":"                    addTask(inputString, tasks);","lastModifiedDate":"2021-09-09"},{"lineNumber":58,"author":{"gitId":"Mist0919"},"content":"                }","lastModifiedDate":"2021-09-09"},{"lineNumber":59,"author":{"gitId":"Mist0919"},"content":"                catch(IndexOutOfBoundsException i) {","lastModifiedDate":"2021-09-09"},{"lineNumber":60,"author":{"gitId":"Mist0919"},"content":"                    String type \u003d \"\";","lastModifiedDate":"2021-09-09"},{"lineNumber":61,"author":{"gitId":"Mist0919"},"content":"                    if (inputString.contains(\"todo\")) {","lastModifiedDate":"2021-09-09"},{"lineNumber":62,"author":{"gitId":"Mist0919"},"content":"                        type \u003d \"todo\";","lastModifiedDate":"2021-09-09"},{"lineNumber":63,"author":{"gitId":"Mist0919"},"content":"                    } else if (inputString.contains(\"deadline\")) {","lastModifiedDate":"2021-09-09"},{"lineNumber":64,"author":{"gitId":"Mist0919"},"content":"                        type \u003d \"deadline\";","lastModifiedDate":"2021-09-09"},{"lineNumber":65,"author":{"gitId":"Mist0919"},"content":"                    } else if (inputString.contains(\"event\")) {","lastModifiedDate":"2021-09-09"},{"lineNumber":66,"author":{"gitId":"Mist0919"},"content":"                        type \u003d \"event\";","lastModifiedDate":"2021-09-09"},{"lineNumber":67,"author":{"gitId":"Mist0919"},"content":"                    }","lastModifiedDate":"2021-09-09"},{"lineNumber":68,"author":{"gitId":"Mist0919"},"content":"                    System.out.println(line","lastModifiedDate":"2021-09-09"},{"lineNumber":69,"author":{"gitId":"Mist0919"},"content":"                            + \"☹ OOPS!!! The description of a \" + type + \" cannot be empty.\\n\"","lastModifiedDate":"2021-09-09"},{"lineNumber":70,"author":{"gitId":"Mist0919"},"content":"                            + line);","lastModifiedDate":"2021-09-09"},{"lineNumber":71,"author":{"gitId":"Mist0919"},"content":"                }","lastModifiedDate":"2021-09-09"},{"lineNumber":72,"author":{"gitId":"Mist0919"},"content":"                catch(NullPointerException n) {","lastModifiedDate":"2021-09-09"},{"lineNumber":73,"author":{"gitId":"Mist0919"},"content":"                    System.out.println(line","lastModifiedDate":"2021-09-09"},{"lineNumber":74,"author":{"gitId":"Mist0919"},"content":"                            + \"☹ OOPS!!! I\u0027m sorry, but I don\u0027t know what that means :-(\\n\"","lastModifiedDate":"2021-09-09"},{"lineNumber":75,"author":{"gitId":"Mist0919"},"content":"                            + line);","lastModifiedDate":"2021-09-09"},{"lineNumber":76,"author":{"gitId":"Mist0919"},"content":"                }","lastModifiedDate":"2021-09-09"},{"lineNumber":77,"author":{"gitId":"Mist0919"},"content":"            }","lastModifiedDate":"2021-09-09"},{"lineNumber":78,"author":{"gitId":"Mist0919"},"content":"        }","lastModifiedDate":"2021-09-09"},{"lineNumber":79,"author":{"gitId":"Mist0919"},"content":"    }","lastModifiedDate":"2021-09-09"},{"lineNumber":80,"author":{"gitId":"Mist0919"},"content":"","lastModifiedDate":"2021-09-09"},{"lineNumber":81,"author":{"gitId":"Mist0919"},"content":"    public static final void greeting() {","lastModifiedDate":"2021-09-09"},{"lineNumber":82,"author":{"gitId":"-"},"content":"        String logo \u003d \" ____        _        \\n\"","lastModifiedDate":"2019-07-29"},{"lineNumber":83,"author":{"gitId":"-"},"content":"                + \"|  _ \\\\ _   _| | _____ \\n\"","lastModifiedDate":"2019-07-29"},{"lineNumber":84,"author":{"gitId":"-"},"content":"                + \"| | | | | | | |/ / _ \\\\\\n\"","lastModifiedDate":"2019-07-29"},{"lineNumber":85,"author":{"gitId":"-"},"content":"                + \"| |_| | |_| |   \u003c  __/\\n\"","lastModifiedDate":"2019-07-29"},{"lineNumber":86,"author":{"gitId":"-"},"content":"                + \"|____/ \\\\__,_|_|\\\\_\\\\___|\\n\";","lastModifiedDate":"2019-07-29"},{"lineNumber":87,"author":{"gitId":"-"},"content":"        System.out.println(\"Hello from\\n\" + logo);","lastModifiedDate":"2019-07-29"},{"lineNumber":88,"author":{"gitId":"Mist0919"},"content":"","lastModifiedDate":"2021-08-26"},{"lineNumber":89,"author":{"gitId":"Mist0919"},"content":"        System.out.println(line","lastModifiedDate":"2021-09-09"},{"lineNumber":90,"author":{"gitId":"Mist0919"},"content":"                + \"Hello! I\u0027m Duke\\n\"","lastModifiedDate":"2021-08-26"},{"lineNumber":91,"author":{"gitId":"Mist0919"},"content":"                + \"What can I do for you?\\n\"","lastModifiedDate":"2021-08-26"},{"lineNumber":92,"author":{"gitId":"Mist0919"},"content":"                + line);","lastModifiedDate":"2021-09-09"},{"lineNumber":93,"author":{"gitId":"Mist0919"},"content":"    }","lastModifiedDate":"2021-09-09"},{"lineNumber":94,"author":{"gitId":"Mist0919"},"content":"","lastModifiedDate":"2021-09-04"},{"lineNumber":95,"author":{"gitId":"Mist0919"},"content":"    public static final void exit() {","lastModifiedDate":"2021-09-09"},{"lineNumber":96,"author":{"gitId":"Mist0919"},"content":"        System.out.println(line","lastModifiedDate":"2021-09-09"},{"lineNumber":97,"author":{"gitId":"Mist0919"},"content":"                + \"Bye. Hope to see you again soon!\\n\"","lastModifiedDate":"2021-08-26"},{"lineNumber":98,"author":{"gitId":"Mist0919"},"content":"                + line);","lastModifiedDate":"2021-09-09"},{"lineNumber":99,"author":{"gitId":"Mist0919"},"content":"    }","lastModifiedDate":"2021-09-09"},{"lineNumber":100,"author":{"gitId":"Mist0919"},"content":"","lastModifiedDate":"2021-09-09"},{"lineNumber":101,"author":{"gitId":"Mist0919"},"content":"    public static final void printList(Task[] tasks) throws DukeException{","lastModifiedDate":"2021-09-10"},{"lineNumber":102,"author":{"gitId":"Mist0919"},"content":"        if (numOfTasks \u003d\u003d 0) {","lastModifiedDate":"2021-09-09"},{"lineNumber":103,"author":{"gitId":"Mist0919"},"content":"            throw new DukeException(\"The list is empty!\");","lastModifiedDate":"2021-09-10"},{"lineNumber":104,"author":{"gitId":"Mist0919"},"content":"        } else {","lastModifiedDate":"2021-09-09"},{"lineNumber":105,"author":{"gitId":"Mist0919"},"content":"            System.out.println(line","lastModifiedDate":"2021-09-09"},{"lineNumber":106,"author":{"gitId":"Mist0919"},"content":"                    + \"Here are the tasks in your list: \");","lastModifiedDate":"2021-09-09"},{"lineNumber":107,"author":{"gitId":"Mist0919"},"content":"","lastModifiedDate":"2021-09-09"},{"lineNumber":108,"author":{"gitId":"Mist0919"},"content":"            for (int index \u003d 0; index \u003c numOfTasks; index++) {","lastModifiedDate":"2021-09-09"},{"lineNumber":109,"author":{"gitId":"Mist0919"},"content":"                System.out.println((index + 1) + \". \"","lastModifiedDate":"2021-09-09"},{"lineNumber":110,"author":{"gitId":"Mist0919"},"content":"                        + tasks[index].toString());","lastModifiedDate":"2021-09-09"},{"lineNumber":111,"author":{"gitId":"Mist0919"},"content":"            }","lastModifiedDate":"2021-09-09"},{"lineNumber":112,"author":{"gitId":"Mist0919"},"content":"            System.out.println(line);","lastModifiedDate":"2021-09-09"},{"lineNumber":113,"author":{"gitId":"Mist0919"},"content":"        }","lastModifiedDate":"2021-08-26"},{"lineNumber":114,"author":{"gitId":"Mist0919"},"content":"    }","lastModifiedDate":"2021-08-26"},{"lineNumber":115,"author":{"gitId":"Mist0919"},"content":"","lastModifiedDate":"2021-09-09"},{"lineNumber":116,"author":{"gitId":"Mist0919"},"content":"    public static final void setDone(String input, Task[] tasks) {","lastModifiedDate":"2021-09-09"},{"lineNumber":117,"author":{"gitId":"Mist0919"},"content":"        String num \u003d \"\";","lastModifiedDate":"2021-09-09"},{"lineNumber":118,"author":{"gitId":"Mist0919"},"content":"        for (int i \u003d 0; i \u003c input.length(); i++) {","lastModifiedDate":"2021-09-09"},{"lineNumber":119,"author":{"gitId":"Mist0919"},"content":"            char c \u003d input.charAt(i);","lastModifiedDate":"2021-09-09"},{"lineNumber":120,"author":{"gitId":"Mist0919"},"content":"            if (Character.isDigit(c) \u003d\u003d true) {","lastModifiedDate":"2021-09-09"},{"lineNumber":121,"author":{"gitId":"Mist0919"},"content":"                num +\u003d c;","lastModifiedDate":"2021-09-09"},{"lineNumber":122,"author":{"gitId":"Mist0919"},"content":"            }","lastModifiedDate":"2021-08-26"},{"lineNumber":123,"author":{"gitId":"Mist0919"},"content":"        }","lastModifiedDate":"2021-09-04"},{"lineNumber":124,"author":{"gitId":"Mist0919"},"content":"","lastModifiedDate":"2021-09-10"},{"lineNumber":125,"author":{"gitId":"Mist0919"},"content":"        int index \u003d Integer.parseInt(num);","lastModifiedDate":"2021-09-09"},{"lineNumber":126,"author":{"gitId":"Mist0919"},"content":"        tasks[index - 1].markedAsDone();","lastModifiedDate":"2021-09-09"},{"lineNumber":127,"author":{"gitId":"Mist0919"},"content":"        System.out.println(line","lastModifiedDate":"2021-09-09"},{"lineNumber":128,"author":{"gitId":"Mist0919"},"content":"                + \"Nice! I\u0027ve marked this task as done: \\n\"","lastModifiedDate":"2021-09-09"},{"lineNumber":129,"author":{"gitId":"Mist0919"},"content":"                + tasks[index - 1] + \"\\n\"","lastModifiedDate":"2021-09-09"},{"lineNumber":130,"author":{"gitId":"Mist0919"},"content":"                + line);","lastModifiedDate":"2021-09-09"},{"lineNumber":131,"author":{"gitId":"Mist0919"},"content":"    }","lastModifiedDate":"2021-08-26"},{"lineNumber":132,"author":{"gitId":"Mist0919"},"content":"","lastModifiedDate":"2021-09-09"},{"lineNumber":133,"author":{"gitId":"Mist0919"},"content":"    public static final void addTask(String input, Task[] tasks) throws NullPointerException {","lastModifiedDate":"2021-09-09"},{"lineNumber":134,"author":{"gitId":"Mist0919"},"content":"        if (input.contains(\"todo\") \u003d\u003d true) {","lastModifiedDate":"2021-09-09"},{"lineNumber":135,"author":{"gitId":"Mist0919"},"content":"            tasks[numOfTasks] \u003d new Todo(input.substring(TODO_POS));","lastModifiedDate":"2021-09-09"},{"lineNumber":136,"author":{"gitId":"Mist0919"},"content":"        } else if (input.contains(\"deadline\") \u003d\u003d true) {","lastModifiedDate":"2021-09-09"},{"lineNumber":137,"author":{"gitId":"Mist0919"},"content":"            String by \u003d input.substring(input.indexOf(\"/\") + BY_POS);","lastModifiedDate":"2021-09-09"},{"lineNumber":138,"author":{"gitId":"Mist0919"},"content":"            tasks[numOfTasks] \u003d new Deadline(input.substring(DEADLINE_POS,","lastModifiedDate":"2021-09-09"},{"lineNumber":139,"author":{"gitId":"Mist0919"},"content":"                    input.indexOf(\"/\")), by);","lastModifiedDate":"2021-09-09"},{"lineNumber":140,"author":{"gitId":"Mist0919"},"content":"        } else if (input.contains(\"event\") \u003d\u003d true) {","lastModifiedDate":"2021-09-09"},{"lineNumber":141,"author":{"gitId":"Mist0919"},"content":"            String at \u003d input.substring(input.indexOf(\"/\") + AT_POS);","lastModifiedDate":"2021-09-09"},{"lineNumber":142,"author":{"gitId":"Mist0919"},"content":"            tasks[numOfTasks] \u003d new Event(input.substring(EVENT_POS,","lastModifiedDate":"2021-09-09"},{"lineNumber":143,"author":{"gitId":"Mist0919"},"content":"                    input.indexOf(\"/\")), at);","lastModifiedDate":"2021-09-09"},{"lineNumber":144,"author":{"gitId":"Mist0919"},"content":"        } else {","lastModifiedDate":"2021-08-26"},{"lineNumber":145,"author":{"gitId":"Mist0919"},"content":"            System.out.print(tasks[numOfTasks + 1].toString());","lastModifiedDate":"2021-09-09"},{"lineNumber":146,"author":{"gitId":"Mist0919"},"content":"        }","lastModifiedDate":"2021-08-26"},{"lineNumber":147,"author":{"gitId":"Mist0919"},"content":"","lastModifiedDate":"2021-09-10"},{"lineNumber":148,"author":{"gitId":"Mist0919"},"content":"        numOfTasks++;","lastModifiedDate":"2021-09-09"},{"lineNumber":149,"author":{"gitId":"Mist0919"},"content":"        System.out.println(line","lastModifiedDate":"2021-09-09"},{"lineNumber":150,"author":{"gitId":"Mist0919"},"content":"                + \"Got it. I\u0027ve added this task: \\n\"","lastModifiedDate":"2021-09-09"},{"lineNumber":151,"author":{"gitId":"Mist0919"},"content":"                + tasks[numOfTasks - 1] + \"\\n\"","lastModifiedDate":"2021-09-09"},{"lineNumber":152,"author":{"gitId":"Mist0919"},"content":"                + \"Now you have \" + numOfTasks","lastModifiedDate":"2021-09-09"},{"lineNumber":153,"author":{"gitId":"Mist0919"},"content":"                + \" tasks in the list\\n\"","lastModifiedDate":"2021-09-09"},{"lineNumber":154,"author":{"gitId":"Mist0919"},"content":"                + line);","lastModifiedDate":"2021-09-09"},{"lineNumber":155,"author":{"gitId":"-"},"content":"    }","lastModifiedDate":"2019-07-29"},{"lineNumber":156,"author":{"gitId":"-"},"content":"}","lastModifiedDate":"2019-07-29"}],"authorContributionMap":{"Mist0919":146,"-":10}},{"path":"src/main/java/DukeException.java","fileType":"java","lines":[{"lineNumber":1,"author":{"gitId":"Mist0919"},"content":"public class DukeException extends Exception {","lastModifiedDate":"2021-09-09"},{"lineNumber":2,"author":{"gitId":"Mist0919"},"content":"","lastModifiedDate":"2021-09-09"},{"lineNumber":3,"author":{"gitId":"Mist0919"},"content":"    public DukeException() {","lastModifiedDate":"2021-09-10"},{"lineNumber":4,"author":{"gitId":"Mist0919"},"content":"        super();","lastModifiedDate":"2021-09-10"},{"lineNumber":5,"author":{"gitId":"Mist0919"},"content":"    }","lastModifiedDate":"2021-09-10"},{"lineNumber":6,"author":{"gitId":"Mist0919"},"content":"","lastModifiedDate":"2021-09-10"},{"lineNumber":7,"author":{"gitId":"Mist0919"},"content":"    public DukeException(String message) {","lastModifiedDate":"2021-09-10"},{"lineNumber":8,"author":{"gitId":"Mist0919"},"content":"        super(message);","lastModifiedDate":"2021-09-10"},{"lineNumber":9,"author":{"gitId":"Mist0919"},"content":"    }","lastModifiedDate":"2021-09-10"},{"lineNumber":10,"author":{"gitId":"Mist0919"},"content":"    ","lastModifiedDate":"2021-09-10"},{"lineNumber":11,"author":{"gitId":"Mist0919"},"content":"}","lastModifiedDate":"2021-09-09"}],"authorContributionMap":{"Mist0919":11}},{"path":"src/main/java/Event.java","fileType":"java","lines":[{"lineNumber":1,"author":{"gitId":"Mist0919"},"content":"public class Event extends Task {","lastModifiedDate":"2021-09-09"},{"lineNumber":2,"author":{"gitId":"Mist0919"},"content":"    public String at;","lastModifiedDate":"2021-09-09"},{"lineNumber":3,"author":{"gitId":"Mist0919"},"content":"","lastModifiedDate":"2021-09-09"},{"lineNumber":4,"author":{"gitId":"Mist0919"},"content":"    public Event(String description, String at) {","lastModifiedDate":"2021-09-09"},{"lineNumber":5,"author":{"gitId":"Mist0919"},"content":"        super(description);","lastModifiedDate":"2021-09-09"},{"lineNumber":6,"author":{"gitId":"Mist0919"},"content":"        this.at \u003d at;","lastModifiedDate":"2021-09-09"},{"lineNumber":7,"author":{"gitId":"Mist0919"},"content":"    }","lastModifiedDate":"2021-09-09"},{"lineNumber":8,"author":{"gitId":"Mist0919"},"content":"","lastModifiedDate":"2021-09-09"},{"lineNumber":9,"author":{"gitId":"Mist0919"},"content":"    @Override","lastModifiedDate":"2021-09-09"},{"lineNumber":10,"author":{"gitId":"Mist0919"},"content":"    public String toString() {","lastModifiedDate":"2021-09-09"},{"lineNumber":11,"author":{"gitId":"Mist0919"},"content":"        return \"[E]\" + super.toString() + \"(at: \" + this.at","lastModifiedDate":"2021-09-09"},{"lineNumber":12,"author":{"gitId":"Mist0919"},"content":"                + \")\";","lastModifiedDate":"2021-09-09"},{"lineNumber":13,"author":{"gitId":"Mist0919"},"content":"    }","lastModifiedDate":"2021-09-09"},{"lineNumber":14,"author":{"gitId":"Mist0919"},"content":"}","lastModifiedDate":"2021-09-09"}],"authorContributionMap":{"Mist0919":14}},{"path":"src/main/java/List.java","fileType":"java","lines":[{"lineNumber":1,"author":{"gitId":"Mist0919"},"content":"public class List {","lastModifiedDate":"2021-08-26"},{"lineNumber":2,"author":{"gitId":"Mist0919"},"content":"    private static String[] currentList \u003d new String[100];","lastModifiedDate":"2021-08-26"},{"lineNumber":3,"author":{"gitId":"Mist0919"},"content":"    public static int listSize \u003d 0;","lastModifiedDate":"2021-08-26"},{"lineNumber":4,"author":{"gitId":"Mist0919"},"content":"    private static int[] isDone \u003d new int[100];","lastModifiedDate":"2021-08-26"},{"lineNumber":5,"author":{"gitId":"Mist0919"},"content":"","lastModifiedDate":"2021-08-26"},{"lineNumber":6,"author":{"gitId":"Mist0919"},"content":"    public static void addToList(String input) {","lastModifiedDate":"2021-08-26"},{"lineNumber":7,"author":{"gitId":"Mist0919"},"content":"        currentList[listSize] \u003d  input;","lastModifiedDate":"2021-08-26"},{"lineNumber":8,"author":{"gitId":"Mist0919"},"content":"        listSize++;","lastModifiedDate":"2021-08-26"},{"lineNumber":9,"author":{"gitId":"Mist0919"},"content":"        System.out.println(\"____________________________________________________________\\n\"","lastModifiedDate":"2021-08-26"},{"lineNumber":10,"author":{"gitId":"Mist0919"},"content":"                + \"Added: \" + input + \"\\n\"","lastModifiedDate":"2021-08-26"},{"lineNumber":11,"author":{"gitId":"Mist0919"},"content":"                + \"____________________________________________________________\\n\");","lastModifiedDate":"2021-08-26"},{"lineNumber":12,"author":{"gitId":"Mist0919"},"content":"    }","lastModifiedDate":"2021-08-26"},{"lineNumber":13,"author":{"gitId":"Mist0919"},"content":"","lastModifiedDate":"2021-08-26"},{"lineNumber":14,"author":{"gitId":"Mist0919"},"content":"    public static void printItems() {","lastModifiedDate":"2021-08-26"},{"lineNumber":15,"author":{"gitId":"Mist0919"},"content":"        if (listSize \u003d\u003d 0) {","lastModifiedDate":"2021-08-26"},{"lineNumber":16,"author":{"gitId":"Mist0919"},"content":"            System.out.println(\"The list is empty.\");","lastModifiedDate":"2021-08-26"},{"lineNumber":17,"author":{"gitId":"Mist0919"},"content":"        } else {","lastModifiedDate":"2021-08-26"},{"lineNumber":18,"author":{"gitId":"Mist0919"},"content":"            for (int i \u003d 1; i \u003c\u003d listSize; i++) {","lastModifiedDate":"2021-08-26"},{"lineNumber":19,"author":{"gitId":"Mist0919"},"content":"                System.out.print(i + \". \" );","lastModifiedDate":"2021-08-26"},{"lineNumber":20,"author":{"gitId":"Mist0919"},"content":"                System.out.print(\"[\");","lastModifiedDate":"2021-08-26"},{"lineNumber":21,"author":{"gitId":"Mist0919"},"content":"                if (isDone[i-1] \u003d\u003d 1) {","lastModifiedDate":"2021-08-26"},{"lineNumber":22,"author":{"gitId":"Mist0919"},"content":"                    System.out.print(\"X\");","lastModifiedDate":"2021-08-26"},{"lineNumber":23,"author":{"gitId":"Mist0919"},"content":"                } else {","lastModifiedDate":"2021-08-26"},{"lineNumber":24,"author":{"gitId":"Mist0919"},"content":"                    System.out.print(\" \");","lastModifiedDate":"2021-08-26"},{"lineNumber":25,"author":{"gitId":"Mist0919"},"content":"                }","lastModifiedDate":"2021-08-26"},{"lineNumber":26,"author":{"gitId":"Mist0919"},"content":"                System.out.print(\"] \" + currentList[i-1] + \"\\n\");","lastModifiedDate":"2021-08-26"},{"lineNumber":27,"author":{"gitId":"Mist0919"},"content":"            }","lastModifiedDate":"2021-08-26"},{"lineNumber":28,"author":{"gitId":"Mist0919"},"content":"        }","lastModifiedDate":"2021-08-26"},{"lineNumber":29,"author":{"gitId":"Mist0919"},"content":"    }","lastModifiedDate":"2021-08-26"},{"lineNumber":30,"author":{"gitId":"Mist0919"},"content":"","lastModifiedDate":"2021-08-26"},{"lineNumber":31,"author":{"gitId":"Mist0919"},"content":"    public static void mark(int number) {","lastModifiedDate":"2021-08-26"},{"lineNumber":32,"author":{"gitId":"Mist0919"},"content":"        isDone[number-1] \u003d 1;","lastModifiedDate":"2021-08-26"},{"lineNumber":33,"author":{"gitId":"Mist0919"},"content":"    }","lastModifiedDate":"2021-08-26"},{"lineNumber":34,"author":{"gitId":"Mist0919"},"content":"","lastModifiedDate":"2021-08-26"},{"lineNumber":35,"author":{"gitId":"Mist0919"},"content":"    public static void markedItems() {","lastModifiedDate":"2021-08-26"},{"lineNumber":36,"author":{"gitId":"Mist0919"},"content":"        for (int i \u003d 0; i \u003c isDone.length; i++) {","lastModifiedDate":"2021-08-26"},{"lineNumber":37,"author":{"gitId":"Mist0919"},"content":"            if (isDone[i] \u003d\u003d 1) {","lastModifiedDate":"2021-08-26"},{"lineNumber":38,"author":{"gitId":"Mist0919"},"content":"                System.out.println(\"[X] \" + currentList[i]);","lastModifiedDate":"2021-08-26"},{"lineNumber":39,"author":{"gitId":"Mist0919"},"content":"            }","lastModifiedDate":"2021-08-26"},{"lineNumber":40,"author":{"gitId":"Mist0919"},"content":"        }","lastModifiedDate":"2021-08-26"},{"lineNumber":41,"author":{"gitId":"Mist0919"},"content":"    }","lastModifiedDate":"2021-08-26"},{"lineNumber":42,"author":{"gitId":"Mist0919"},"content":"}","lastModifiedDate":"2021-08-26"}],"authorContributionMap":{"Mist0919":42}},{"path":"src/main/java/Task.java","fileType":"java","lines":[{"lineNumber":1,"author":{"gitId":"Mist0919"},"content":"public class Task {","lastModifiedDate":"2021-09-09"},{"lineNumber":2,"author":{"gitId":"Mist0919"},"content":"    protected String description;","lastModifiedDate":"2021-09-09"},{"lineNumber":3,"author":{"gitId":"Mist0919"},"content":"    protected String isDone;","lastModifiedDate":"2021-09-09"},{"lineNumber":4,"author":{"gitId":"Mist0919"},"content":"","lastModifiedDate":"2021-09-09"},{"lineNumber":5,"author":{"gitId":"Mist0919"},"content":"    public Task(String description) {","lastModifiedDate":"2021-09-09"},{"lineNumber":6,"author":{"gitId":"Mist0919"},"content":"        this.description \u003d description;","lastModifiedDate":"2021-09-09"},{"lineNumber":7,"author":{"gitId":"Mist0919"},"content":"        this.isDone \u003d \" \";","lastModifiedDate":"2021-09-09"},{"lineNumber":8,"author":{"gitId":"Mist0919"},"content":"    }","lastModifiedDate":"2021-09-09"},{"lineNumber":9,"author":{"gitId":"Mist0919"},"content":"","lastModifiedDate":"2021-09-09"},{"lineNumber":10,"author":{"gitId":"Mist0919"},"content":"    public final void markedAsDone() {","lastModifiedDate":"2021-09-09"},{"lineNumber":11,"author":{"gitId":"Mist0919"},"content":"        this.isDone \u003d \"X\";","lastModifiedDate":"2021-09-09"},{"lineNumber":12,"author":{"gitId":"Mist0919"},"content":"    }","lastModifiedDate":"2021-09-09"},{"lineNumber":13,"author":{"gitId":"Mist0919"},"content":"","lastModifiedDate":"2021-09-09"},{"lineNumber":14,"author":{"gitId":"Mist0919"},"content":"    @Override","lastModifiedDate":"2021-09-09"},{"lineNumber":15,"author":{"gitId":"Mist0919"},"content":"    public String toString() {","lastModifiedDate":"2021-09-09"},{"lineNumber":16,"author":{"gitId":"Mist0919"},"content":"        String status;","lastModifiedDate":"2021-09-09"},{"lineNumber":17,"author":{"gitId":"Mist0919"},"content":"        return \"[\" + isDone + \"] \" + this.description;","lastModifiedDate":"2021-09-09"},{"lineNumber":18,"author":{"gitId":"Mist0919"},"content":"    }","lastModifiedDate":"2021-09-09"},{"lineNumber":19,"author":{"gitId":"Mist0919"},"content":"}","lastModifiedDate":"2021-09-09"}],"authorContributionMap":{"Mist0919":19}},{"path":"src/main/java/Todo.java","fileType":"java","lines":[{"lineNumber":1,"author":{"gitId":"Mist0919"},"content":"public class Todo extends Task{","lastModifiedDate":"2021-09-09"},{"lineNumber":2,"author":{"gitId":"Mist0919"},"content":"","lastModifiedDate":"2021-09-09"},{"lineNumber":3,"author":{"gitId":"Mist0919"},"content":"    public Todo(String description) {","lastModifiedDate":"2021-09-09"},{"lineNumber":4,"author":{"gitId":"Mist0919"},"content":"        super(description);","lastModifiedDate":"2021-09-09"},{"lineNumber":5,"author":{"gitId":"Mist0919"},"content":"    }","lastModifiedDate":"2021-09-09"},{"lineNumber":6,"author":{"gitId":"Mist0919"},"content":"","lastModifiedDate":"2021-09-09"},{"lineNumber":7,"author":{"gitId":"Mist0919"},"content":"    @Override","lastModifiedDate":"2021-09-09"},{"lineNumber":8,"author":{"gitId":"Mist0919"},"content":"    public String toString() {","lastModifiedDate":"2021-09-09"},{"lineNumber":9,"author":{"gitId":"Mist0919"},"content":"        return \"[T]\" + super.toString();","lastModifiedDate":"2021-09-09"},{"lineNumber":10,"author":{"gitId":"Mist0919"},"content":"    }","lastModifiedDate":"2021-09-09"},{"lineNumber":11,"author":{"gitId":"Mist0919"},"content":"}","lastModifiedDate":"2021-09-09"}],"authorContributionMap":{"Mist0919":11}},{"path":"src/main/java/list.java","fileType":"java","lines":[{"lineNumber":1,"author":{"gitId":"Mist0919"},"content":"public class list {","lastModifiedDate":"2021-09-04"},{"lineNumber":2,"author":{"gitId":"Mist0919"},"content":"    private static String[] l \u003d new String[100];","lastModifiedDate":"2021-09-04"},{"lineNumber":3,"author":{"gitId":"Mist0919"},"content":"    public static int listSize \u003d 0;","lastModifiedDate":"2021-08-26"},{"lineNumber":4,"author":{"gitId":"Mist0919"},"content":"    private static String[] isDone \u003d new String[100];","lastModifiedDate":"2021-09-04"},{"lineNumber":5,"author":{"gitId":"Mist0919"},"content":"    private static String[] type \u003d new String[100];","lastModifiedDate":"2021-09-04"},{"lineNumber":6,"author":{"gitId":"Mist0919"},"content":"","lastModifiedDate":"2021-09-04"},{"lineNumber":7,"author":{"gitId":"Mist0919"},"content":"    public static void initializing() {","lastModifiedDate":"2021-09-04"},{"lineNumber":8,"author":{"gitId":"Mist0919"},"content":"        for (int i \u003d 0; i \u003c 100; i++) {","lastModifiedDate":"2021-09-04"},{"lineNumber":9,"author":{"gitId":"Mist0919"},"content":"            isDone[i] \u003d \" \";","lastModifiedDate":"2021-09-04"},{"lineNumber":10,"author":{"gitId":"Mist0919"},"content":"            type[i] \u003d \" \";","lastModifiedDate":"2021-09-04"},{"lineNumber":11,"author":{"gitId":"Mist0919"},"content":"        }","lastModifiedDate":"2021-09-04"},{"lineNumber":12,"author":{"gitId":"Mist0919"},"content":"    }","lastModifiedDate":"2021-09-04"},{"lineNumber":13,"author":{"gitId":"Mist0919"},"content":"","lastModifiedDate":"2021-08-26"},{"lineNumber":14,"author":{"gitId":"Mist0919"},"content":"    public static void addToList(String input) {","lastModifiedDate":"2021-08-26"},{"lineNumber":15,"author":{"gitId":"Mist0919"},"content":"        if (input.contains(\"todo\")) {","lastModifiedDate":"2021-09-04"},{"lineNumber":16,"author":{"gitId":"Mist0919"},"content":"            l[listSize] \u003d input.substring(5);","lastModifiedDate":"2021-09-04"},{"lineNumber":17,"author":{"gitId":"Mist0919"},"content":"            type[listSize] \u003d \"T\";","lastModifiedDate":"2021-09-04"},{"lineNumber":18,"author":{"gitId":"Mist0919"},"content":"        } else if (input.contains(\"deadline\")) {","lastModifiedDate":"2021-09-04"},{"lineNumber":19,"author":{"gitId":"Mist0919"},"content":"            String by \u003d input.substring(input.indexOf(\"/\") + 4);","lastModifiedDate":"2021-09-04"},{"lineNumber":20,"author":{"gitId":"Mist0919"},"content":"            l[listSize] \u003d input.substring(9, input.indexOf(\"/\")) + \" (by: \" + by","lastModifiedDate":"2021-09-04"},{"lineNumber":21,"author":{"gitId":"Mist0919"},"content":"                    + \")\";","lastModifiedDate":"2021-09-04"},{"lineNumber":22,"author":{"gitId":"Mist0919"},"content":"            type[listSize] \u003d \"D\";","lastModifiedDate":"2021-09-04"},{"lineNumber":23,"author":{"gitId":"Mist0919"},"content":"        } else if (input.contains(\"event\")) {","lastModifiedDate":"2021-09-04"},{"lineNumber":24,"author":{"gitId":"Mist0919"},"content":"            String at \u003d input.substring(input.indexOf(\"/\") + 4);","lastModifiedDate":"2021-09-04"},{"lineNumber":25,"author":{"gitId":"Mist0919"},"content":"            l[listSize] \u003d input.substring(6, input.indexOf(\"/\")) + \"(at: \" + at","lastModifiedDate":"2021-09-04"},{"lineNumber":26,"author":{"gitId":"Mist0919"},"content":"                    + \")\";","lastModifiedDate":"2021-09-04"},{"lineNumber":27,"author":{"gitId":"Mist0919"},"content":"            type[listSize] \u003d \"E\";","lastModifiedDate":"2021-09-04"},{"lineNumber":28,"author":{"gitId":"Mist0919"},"content":"        }","lastModifiedDate":"2021-09-04"},{"lineNumber":29,"author":{"gitId":"Mist0919"},"content":"        listSize++;","lastModifiedDate":"2021-08-26"},{"lineNumber":30,"author":{"gitId":"Mist0919"},"content":"        System.out.println(\"____________________________________________________________\\n\"","lastModifiedDate":"2021-09-02"},{"lineNumber":31,"author":{"gitId":"Mist0919"},"content":"                + \"Got it. I\u0027ve added this task: \\n\"","lastModifiedDate":"2021-09-04"},{"lineNumber":32,"author":{"gitId":"Mist0919"},"content":"                + \"  [\" + type[listSize - 1] + \"]\"","lastModifiedDate":"2021-09-04"},{"lineNumber":33,"author":{"gitId":"Mist0919"},"content":"                + \"[\" + isDone[listSize - 1] + \"]\"","lastModifiedDate":"2021-09-04"},{"lineNumber":34,"author":{"gitId":"Mist0919"},"content":"                + l[listSize - 1] + \"\\n\"","lastModifiedDate":"2021-09-04"},{"lineNumber":35,"author":{"gitId":"Mist0919"},"content":"                + \"Now you have \" + listSize + \" tasks in the list.\\n\"","lastModifiedDate":"2021-09-04"},{"lineNumber":36,"author":{"gitId":"Mist0919"},"content":"                + \"____________________________________________________________\\n\");","lastModifiedDate":"2021-09-02"},{"lineNumber":37,"author":{"gitId":"Mist0919"},"content":"    }","lastModifiedDate":"2021-08-26"},{"lineNumber":38,"author":{"gitId":"Mist0919"},"content":"","lastModifiedDate":"2021-08-26"},{"lineNumber":39,"author":{"gitId":"Mist0919"},"content":"    public static void printItems(){","lastModifiedDate":"2021-08-26"},{"lineNumber":40,"author":{"gitId":"Mist0919"},"content":"        if (listSize \u003d\u003d 0) {","lastModifiedDate":"2021-08-26"},{"lineNumber":41,"author":{"gitId":"Mist0919"},"content":"            System.out.println(\"The list is empty.\");","lastModifiedDate":"2021-08-26"},{"lineNumber":42,"author":{"gitId":"Mist0919"},"content":"            System.out.println(\"The list is empty.\");","lastModifiedDate":"2021-09-04"},{"lineNumber":43,"author":{"gitId":"Mist0919"},"content":"            return;","lastModifiedDate":"2021-09-04"},{"lineNumber":44,"author":{"gitId":"Mist0919"},"content":"        } else {","lastModifiedDate":"2021-09-02"},{"lineNumber":45,"author":{"gitId":"Mist0919"},"content":"            for (int i \u003d 1; i \u003c\u003d listSize; i++){","lastModifiedDate":"2021-08-26"},{"lineNumber":46,"author":{"gitId":"Mist0919"},"content":"                System.out.print(i + \". \" );","lastModifiedDate":"2021-08-26"},{"lineNumber":47,"author":{"gitId":"Mist0919"},"content":"                System.out.print(\"[\" + type[i - 1] + \"]\" + \"[\"","lastModifiedDate":"2021-09-04"},{"lineNumber":48,"author":{"gitId":"Mist0919"},"content":"                        + isDone[i - 1] + \"] \" + l[i-1] + \"\\n\");","lastModifiedDate":"2021-09-04"},{"lineNumber":49,"author":{"gitId":"Mist0919"},"content":"            }","lastModifiedDate":"2021-08-26"},{"lineNumber":50,"author":{"gitId":"Mist0919"},"content":"        }","lastModifiedDate":"2021-08-26"},{"lineNumber":51,"author":{"gitId":"Mist0919"},"content":"    }","lastModifiedDate":"2021-08-26"},{"lineNumber":52,"author":{"gitId":"Mist0919"},"content":"","lastModifiedDate":"2021-08-26"},{"lineNumber":53,"author":{"gitId":"Mist0919"},"content":"    public static void mark(int number){","lastModifiedDate":"2021-08-26"},{"lineNumber":54,"author":{"gitId":"Mist0919"},"content":"        isDone[number-1] \u003d \"X\";","lastModifiedDate":"2021-09-04"},{"lineNumber":55,"author":{"gitId":"Mist0919"},"content":"    }","lastModifiedDate":"2021-08-26"},{"lineNumber":56,"author":{"gitId":"Mist0919"},"content":"","lastModifiedDate":"2021-08-26"},{"lineNumber":57,"author":{"gitId":"Mist0919"},"content":"    public static void printMarkedItems(){","lastModifiedDate":"2021-09-04"},{"lineNumber":58,"author":{"gitId":"Mist0919"},"content":"        for (int i\u003d0;i\u003cisDone.length;i++){","lastModifiedDate":"2021-08-26"},{"lineNumber":59,"author":{"gitId":"Mist0919"},"content":"            if (isDone[i] \u003d\u003d \"X\") {","lastModifiedDate":"2021-09-04"},{"lineNumber":60,"author":{"gitId":"Mist0919"},"content":"                System.out.println(\"[\" + type[i] + \"]\"","lastModifiedDate":"2021-09-04"},{"lineNumber":61,"author":{"gitId":"Mist0919"},"content":"                    + \"[\" + isDone[i] + \"] \" + l[i]);","lastModifiedDate":"2021-09-04"},{"lineNumber":62,"author":{"gitId":"Mist0919"},"content":"            }","lastModifiedDate":"2021-08-26"},{"lineNumber":63,"author":{"gitId":"Mist0919"},"content":"        }","lastModifiedDate":"2021-08-26"},{"lineNumber":64,"author":{"gitId":"Mist0919"},"content":"    }","lastModifiedDate":"2021-08-26"},{"lineNumber":65,"author":{"gitId":"Mist0919"},"content":"}","lastModifiedDate":"2021-08-26"}],"authorContributionMap":{"Mist0919":65}}]
