[{"path":"README.md","fileType":"md","lines":[{"lineNumber":1,"author":{"gitId":"-"},"content":"# Duke project template","lastModifiedDate":"2020-05-25"},{"lineNumber":2,"author":{"gitId":"-"},"content":"","lastModifiedDate":"2020-05-25"},{"lineNumber":3,"author":{"gitId":"-"},"content":"This is a project template for a greenfield Java project. It\u0027s named after the Java mascot _Duke_. Given below are instructions on how to use it.","lastModifiedDate":"2020-05-25"},{"lineNumber":4,"author":{"gitId":"-"},"content":"","lastModifiedDate":"2020-05-25"},{"lineNumber":5,"author":{"gitId":"-"},"content":"## Setting up in Intellij","lastModifiedDate":"2020-05-25"},{"lineNumber":6,"author":{"gitId":"-"},"content":"","lastModifiedDate":"2020-05-25"},{"lineNumber":7,"author":{"gitId":"-"},"content":"Prerequisites: JDK 11, update Intellij to the most recent version.","lastModifiedDate":"2020-05-25"},{"lineNumber":8,"author":{"gitId":"-"},"content":"","lastModifiedDate":"2020-05-25"},{"lineNumber":9,"author":{"gitId":"-"},"content":"1. Open Intellij (if you are not in the welcome screen, click `File` \u003e `Close Project` to close the existing project first)","lastModifiedDate":"2021-01-17"},{"lineNumber":10,"author":{"gitId":"-"},"content":"1. Open the project into Intellij as follows:","lastModifiedDate":"2021-01-17"},{"lineNumber":11,"author":{"gitId":"-"},"content":"   1. Click `Open`.","lastModifiedDate":"2021-01-17"},{"lineNumber":12,"author":{"gitId":"-"},"content":"   1. Select the project directory, and click `OK`.","lastModifiedDate":"2021-01-17"},{"lineNumber":13,"author":{"gitId":"-"},"content":"   1. If there are any further prompts, accept the defaults.","lastModifiedDate":"2020-05-25"},{"lineNumber":14,"author":{"gitId":"-"},"content":"1. Configure the project to use **JDK 11** (not other versions) as explained in [here](https://www.jetbrains.com/help/idea/sdk.html#set-up-jdk).\u003cbr\u003e","lastModifiedDate":"2021-07-29"},{"lineNumber":15,"author":{"gitId":"-"},"content":"   In the same dialog, set the **Project language level** field to the `SDK default` option.","lastModifiedDate":"2021-07-29"},{"lineNumber":16,"author":{"gitId":"-"},"content":"3. After that, locate the `src/main/java/Duke.java` file, right-click it, and choose `Run Duke.main()` (if the code editor is showing compile errors, try restarting the IDE). If the setup is correct, you should see something like the below as the output:","lastModifiedDate":"2021-07-29"},{"lineNumber":17,"author":{"gitId":"-"},"content":"   ```","lastModifiedDate":"2020-05-25"},{"lineNumber":18,"author":{"gitId":"Poopies99"},"content":"   ____________________________________________________________","lastModifiedDate":"2021-08-25"},{"lineNumber":19,"author":{"gitId":"Poopies99"},"content":"     Hello! I\u0027m","lastModifiedDate":"2021-08-25"},{"lineNumber":20,"author":{"gitId":"-"},"content":"     ____         _        ","lastModifiedDate":"2020-05-25"},{"lineNumber":21,"author":{"gitId":"-"},"content":"    |  _ \\ _   _| | _____ ","lastModifiedDate":"2020-05-25"},{"lineNumber":22,"author":{"gitId":"-"},"content":"    | | | | | | | |/ / _ \\","lastModifiedDate":"2020-05-25"},{"lineNumber":23,"author":{"gitId":"-"},"content":"    | |_| | |_| |   \u003c  __/","lastModifiedDate":"2020-05-25"},{"lineNumber":24,"author":{"gitId":"-"},"content":"    |____/ \\__,_|_|\\_\\___|","lastModifiedDate":"2020-05-25"},{"lineNumber":25,"author":{"gitId":"Poopies99"},"content":"     What can I do for you?","lastModifiedDate":"2021-08-25"},{"lineNumber":26,"author":{"gitId":"Poopies99"},"content":"    ____________________________________________________________","lastModifiedDate":"2021-08-25"},{"lineNumber":27,"author":{"gitId":"-"},"content":"   ```","lastModifiedDate":"2020-05-25"}],"authorContributionMap":{"Poopies99":4,"-":23}},{"path":"src/main/java/Duke.java","fileType":"java","lines":[{"lineNumber":1,"author":{"gitId":"Poopies99"},"content":"import exceptions.DeadlineException;","lastModifiedDate":"2021-09-07"},{"lineNumber":2,"author":{"gitId":"Poopies99"},"content":"import exceptions.EventException;","lastModifiedDate":"2021-09-07"},{"lineNumber":3,"author":{"gitId":"Poopies99"},"content":"import exceptions.TodoException;","lastModifiedDate":"2021-09-07"},{"lineNumber":4,"author":{"gitId":"Poopies99"},"content":"import exceptions.DoneException;","lastModifiedDate":"2021-09-07"},{"lineNumber":5,"author":{"gitId":"Poopies99"},"content":"import exceptions.DukeException;","lastModifiedDate":"2021-09-07"},{"lineNumber":6,"author":{"gitId":"Poopies99"},"content":"import java.util.Scanner;","lastModifiedDate":"2021-08-24"},{"lineNumber":7,"author":{"gitId":"Poopies99"},"content":"","lastModifiedDate":"2021-08-18"},{"lineNumber":8,"author":{"gitId":"-"},"content":"public class Duke {","lastModifiedDate":"2021-08-24"},{"lineNumber":9,"author":{"gitId":"Poopies99"},"content":"    public static ProcessManager processManager \u003d new ProcessManager();","lastModifiedDate":"2021-09-07"},{"lineNumber":10,"author":{"gitId":"Poopies99"},"content":"","lastModifiedDate":"2021-09-07"},{"lineNumber":11,"author":{"gitId":"-"},"content":"    public static void main(String[] args) {","lastModifiedDate":"2019-07-29"},{"lineNumber":12,"author":{"gitId":"Poopies99"},"content":"        processManager.welcomeMessage();","lastModifiedDate":"2021-09-07"},{"lineNumber":13,"author":{"gitId":"Poopies99"},"content":"        String line;","lastModifiedDate":"2021-08-24"},{"lineNumber":14,"author":{"gitId":"Poopies99"},"content":"        Scanner in \u003d new Scanner(System.in);","lastModifiedDate":"2021-08-24"},{"lineNumber":15,"author":{"gitId":"Poopies99"},"content":"","lastModifiedDate":"2021-08-24"},{"lineNumber":16,"author":{"gitId":"Poopies99"},"content":"        Integer trackIndex \u003d 0;","lastModifiedDate":"2021-09-07"},{"lineNumber":17,"author":{"gitId":"Poopies99"},"content":"        boolean isProgress \u003d true;","lastModifiedDate":"2021-08-25"},{"lineNumber":18,"author":{"gitId":"Poopies99"},"content":"","lastModifiedDate":"2021-08-24"},{"lineNumber":19,"author":{"gitId":"Poopies99"},"content":"        while (isProgress) {","lastModifiedDate":"2021-08-25"},{"lineNumber":20,"author":{"gitId":"Poopies99"},"content":"            line \u003d in.nextLine();","lastModifiedDate":"2021-08-24"},{"lineNumber":21,"author":{"gitId":"Poopies99"},"content":"            line \u003d line.trim();","lastModifiedDate":"2021-09-07"},{"lineNumber":22,"author":{"gitId":"Poopies99"},"content":"","lastModifiedDate":"2021-08-24"},{"lineNumber":23,"author":{"gitId":"Poopies99"},"content":"            if (line.equals(\"bye\")) {","lastModifiedDate":"2021-08-24"},{"lineNumber":24,"author":{"gitId":"Poopies99"},"content":"                isProgress \u003d false;","lastModifiedDate":"2021-08-25"},{"lineNumber":25,"author":{"gitId":"Poopies99"},"content":"                processManager.goodbyeMessage();","lastModifiedDate":"2021-09-07"},{"lineNumber":26,"author":{"gitId":"Poopies99"},"content":"            } else if (line.equals(\"list\")) {","lastModifiedDate":"2021-08-24"},{"lineNumber":27,"author":{"gitId":"Poopies99"},"content":"                processManager.handleListRequest(trackIndex);","lastModifiedDate":"2021-09-07"},{"lineNumber":28,"author":{"gitId":"Poopies99"},"content":"            } else if (line.startsWith(\"done\")) {","lastModifiedDate":"2021-09-07"},{"lineNumber":29,"author":{"gitId":"Poopies99"},"content":"                try {","lastModifiedDate":"2021-09-07"},{"lineNumber":30,"author":{"gitId":"Poopies99"},"content":"                    processManager.handleDoneRequest(line, trackIndex);","lastModifiedDate":"2021-09-07"},{"lineNumber":31,"author":{"gitId":"Poopies99"},"content":"                } catch (DoneException e) {","lastModifiedDate":"2021-09-07"},{"lineNumber":32,"author":{"gitId":"Poopies99"},"content":"                    e.printStatement();","lastModifiedDate":"2021-09-07"},{"lineNumber":33,"author":{"gitId":"Poopies99"},"content":"                    System.out.println(\"Invalid Done Request. Format: done (number)\");","lastModifiedDate":"2021-09-07"},{"lineNumber":34,"author":{"gitId":"Poopies99"},"content":"                }","lastModifiedDate":"2021-09-07"},{"lineNumber":35,"author":{"gitId":"Poopies99"},"content":"            } else if (line.startsWith(\"todo\")) {","lastModifiedDate":"2021-09-07"},{"lineNumber":36,"author":{"gitId":"Poopies99"},"content":"                try {","lastModifiedDate":"2021-09-07"},{"lineNumber":37,"author":{"gitId":"Poopies99"},"content":"                    processManager.handleToDoRequest(line, trackIndex);","lastModifiedDate":"2021-09-07"},{"lineNumber":38,"author":{"gitId":"Poopies99"},"content":"                } catch (TodoException e) {","lastModifiedDate":"2021-09-07"},{"lineNumber":39,"author":{"gitId":"Poopies99"},"content":"                    e.printStatement();","lastModifiedDate":"2021-09-07"},{"lineNumber":40,"author":{"gitId":"Poopies99"},"content":"                    System.out.println(\"Invalid Todo Request. Format: todo (description)\");","lastModifiedDate":"2021-09-07"},{"lineNumber":41,"author":{"gitId":"Poopies99"},"content":"                }","lastModifiedDate":"2021-09-07"},{"lineNumber":42,"author":{"gitId":"Poopies99"},"content":"                trackIndex++;","lastModifiedDate":"2021-08-31"},{"lineNumber":43,"author":{"gitId":"Poopies99"},"content":"            } else if (line.startsWith(\"deadline\")) {","lastModifiedDate":"2021-09-07"},{"lineNumber":44,"author":{"gitId":"Poopies99"},"content":"                try {","lastModifiedDate":"2021-09-07"},{"lineNumber":45,"author":{"gitId":"Poopies99"},"content":"                    processManager.handleDeadlineRequest(line, trackIndex);","lastModifiedDate":"2021-09-07"},{"lineNumber":46,"author":{"gitId":"Poopies99"},"content":"                } catch (DeadlineException e) {","lastModifiedDate":"2021-09-07"},{"lineNumber":47,"author":{"gitId":"Poopies99"},"content":"                    e.printStatement();","lastModifiedDate":"2021-09-07"},{"lineNumber":48,"author":{"gitId":"Poopies99"},"content":"                    System.out.println(\"Invalid Deadline Request. Format: deadline (description) /by (Date)\");","lastModifiedDate":"2021-09-07"},{"lineNumber":49,"author":{"gitId":"Poopies99"},"content":"                }","lastModifiedDate":"2021-09-07"},{"lineNumber":50,"author":{"gitId":"Poopies99"},"content":"                trackIndex++;","lastModifiedDate":"2021-08-31"},{"lineNumber":51,"author":{"gitId":"Poopies99"},"content":"            } else if (line.startsWith(\"event\")) {","lastModifiedDate":"2021-09-07"},{"lineNumber":52,"author":{"gitId":"Poopies99"},"content":"                try {","lastModifiedDate":"2021-09-07"},{"lineNumber":53,"author":{"gitId":"Poopies99"},"content":"                    processManager.handleEventRequest(line, trackIndex);","lastModifiedDate":"2021-09-07"},{"lineNumber":54,"author":{"gitId":"Poopies99"},"content":"                } catch (EventException e) {","lastModifiedDate":"2021-09-07"},{"lineNumber":55,"author":{"gitId":"Poopies99"},"content":"                    e.printStatement();","lastModifiedDate":"2021-09-07"},{"lineNumber":56,"author":{"gitId":"Poopies99"},"content":"                    System.out.println(\"Invalid Event Request. Format: event (description) /at (Date)\");","lastModifiedDate":"2021-09-07"},{"lineNumber":57,"author":{"gitId":"Poopies99"},"content":"                    System.out.println(\"    ____________________________________________________________\\n\");","lastModifiedDate":"2021-09-07"},{"lineNumber":58,"author":{"gitId":"Poopies99"},"content":"                }","lastModifiedDate":"2021-09-07"},{"lineNumber":59,"author":{"gitId":"Poopies99"},"content":"                trackIndex++;","lastModifiedDate":"2021-08-31"},{"lineNumber":60,"author":{"gitId":"Poopies99"},"content":"            } else {","lastModifiedDate":"2021-08-31"},{"lineNumber":61,"author":{"gitId":"Poopies99"},"content":"                DukeException e \u003d new DukeException(processManager.help());","lastModifiedDate":"2021-09-07"},{"lineNumber":62,"author":{"gitId":"Poopies99"},"content":"                e.printStatement();","lastModifiedDate":"2021-09-07"},{"lineNumber":63,"author":{"gitId":"Poopies99"},"content":"            }","lastModifiedDate":"2021-08-31"},{"lineNumber":64,"author":{"gitId":"Poopies99"},"content":"        }","lastModifiedDate":"2021-08-31"},{"lineNumber":65,"author":{"gitId":"-"},"content":"    }","lastModifiedDate":"2021-08-31"},{"lineNumber":66,"author":{"gitId":"Poopies99"},"content":"}","lastModifiedDate":"2021-08-31"}],"authorContributionMap":{"Poopies99":63,"-":3}},{"path":"src/main/java/ProcessManager.java","fileType":"java","lines":[{"lineNumber":1,"author":{"gitId":"Poopies99"},"content":"import exceptions.DeadlineException;","lastModifiedDate":"2021-09-07"},{"lineNumber":2,"author":{"gitId":"Poopies99"},"content":"import exceptions.DoneException;","lastModifiedDate":"2021-09-07"},{"lineNumber":3,"author":{"gitId":"Poopies99"},"content":"import exceptions.EventException;","lastModifiedDate":"2021-09-07"},{"lineNumber":4,"author":{"gitId":"Poopies99"},"content":"import exceptions.TodoException;","lastModifiedDate":"2021-09-07"},{"lineNumber":5,"author":{"gitId":"Poopies99"},"content":"import tasks.Deadline;","lastModifiedDate":"2021-09-07"},{"lineNumber":6,"author":{"gitId":"Poopies99"},"content":"import tasks.Event;","lastModifiedDate":"2021-09-07"},{"lineNumber":7,"author":{"gitId":"Poopies99"},"content":"import tasks.Task;","lastModifiedDate":"2021-09-07"},{"lineNumber":8,"author":{"gitId":"Poopies99"},"content":"import tasks.Todo;","lastModifiedDate":"2021-09-07"},{"lineNumber":9,"author":{"gitId":"Poopies99"},"content":"","lastModifiedDate":"2021-09-07"},{"lineNumber":10,"author":{"gitId":"Poopies99"},"content":"public class ProcessManager {","lastModifiedDate":"2021-09-07"},{"lineNumber":11,"author":{"gitId":"Poopies99"},"content":"    /* --- CONSTANTS --- */","lastModifiedDate":"2021-09-07"},{"lineNumber":12,"author":{"gitId":"Poopies99"},"content":"    private static final String EVENT_KEYWORD \u003d \"/at\";","lastModifiedDate":"2021-09-07"},{"lineNumber":13,"author":{"gitId":"Poopies99"},"content":"    private static final String DEADLINE_KEYWORD \u003d \"/by\";","lastModifiedDate":"2021-09-07"},{"lineNumber":14,"author":{"gitId":"Poopies99"},"content":"    private static final String DONE_KEYWORD \u003d \" \";","lastModifiedDate":"2021-09-07"},{"lineNumber":15,"author":{"gitId":"Poopies99"},"content":"","lastModifiedDate":"2021-09-07"},{"lineNumber":16,"author":{"gitId":"Poopies99"},"content":"    private static final Integer EVENT_DIVIDER \u003d 6;","lastModifiedDate":"2021-09-07"},{"lineNumber":17,"author":{"gitId":"Poopies99"},"content":"    private static final Integer DEADLINE_DIVIDER \u003d 9;","lastModifiedDate":"2021-09-07"},{"lineNumber":18,"author":{"gitId":"Poopies99"},"content":"    private static final Integer TODO_DIVIDER \u003d 5;","lastModifiedDate":"2021-09-07"},{"lineNumber":19,"author":{"gitId":"Poopies99"},"content":"    private static final Integer TASK_DESCRIPTION_DIVIDER \u003d 1;","lastModifiedDate":"2021-09-07"},{"lineNumber":20,"author":{"gitId":"Poopies99"},"content":"    private static final Integer TASK_DATE_DIVIDER \u003d 4;","lastModifiedDate":"2021-09-07"},{"lineNumber":21,"author":{"gitId":"Poopies99"},"content":"","lastModifiedDate":"2021-09-07"},{"lineNumber":22,"author":{"gitId":"Poopies99"},"content":"    private static final String ADD_TASK_REPLY \u003d \"     Got it. I\u0027ve added this task:\\n\";","lastModifiedDate":"2021-09-07"},{"lineNumber":23,"author":{"gitId":"Poopies99"},"content":"    private static final String TASK_COMPLETED \u003d \"     Nice! I\u0027ve marked this task as done: \\n\";","lastModifiedDate":"2021-09-07"},{"lineNumber":24,"author":{"gitId":"Poopies99"},"content":"    private static final String LINE \u003d \"    ____________________________________________________________\";","lastModifiedDate":"2021-09-07"},{"lineNumber":25,"author":{"gitId":"Poopies99"},"content":"    private static final String LINE_DIVIDER \u003d \"    ____________________________________________________________\\n\";","lastModifiedDate":"2021-09-07"},{"lineNumber":26,"author":{"gitId":"Poopies99"},"content":"    private static final String GAP \u003d \"     \";","lastModifiedDate":"2021-09-07"},{"lineNumber":27,"author":{"gitId":"Poopies99"},"content":"    /* --- --------- --- */","lastModifiedDate":"2021-09-07"},{"lineNumber":28,"author":{"gitId":"Poopies99"},"content":"    public Task[] toDo \u003d new Task[100];","lastModifiedDate":"2021-09-07"},{"lineNumber":29,"author":{"gitId":"Poopies99"},"content":"","lastModifiedDate":"2021-09-07"},{"lineNumber":30,"author":{"gitId":"Poopies99"},"content":"    public void handleEventRequest(String line, Integer trackIndex) throws EventException {","lastModifiedDate":"2021-09-07"},{"lineNumber":31,"author":{"gitId":"Poopies99"},"content":"        if (!line.contains(EVENT_KEYWORD)) {","lastModifiedDate":"2021-09-07"},{"lineNumber":32,"author":{"gitId":"Poopies99"},"content":"            throw new EventException(\"Event Request Does Not Contain /at\");","lastModifiedDate":"2021-09-07"},{"lineNumber":33,"author":{"gitId":"Poopies99"},"content":"        }","lastModifiedDate":"2021-09-07"},{"lineNumber":34,"author":{"gitId":"Poopies99"},"content":"        Integer dividerPosition \u003d line.indexOf(EVENT_KEYWORD);","lastModifiedDate":"2021-09-07"},{"lineNumber":35,"author":{"gitId":"Poopies99"},"content":"        if (dividerPosition - TASK_DESCRIPTION_DIVIDER - EVENT_DIVIDER \u003c 0) {","lastModifiedDate":"2021-09-07"},{"lineNumber":36,"author":{"gitId":"Poopies99"},"content":"            throw new EventException(\"Event Request Does Not Contain A Description\");","lastModifiedDate":"2021-09-07"},{"lineNumber":37,"author":{"gitId":"Poopies99"},"content":"        }","lastModifiedDate":"2021-09-07"},{"lineNumber":38,"author":{"gitId":"Poopies99"},"content":"        String description \u003d line.substring(EVENT_DIVIDER, dividerPosition - TASK_DESCRIPTION_DIVIDER);","lastModifiedDate":"2021-09-07"},{"lineNumber":39,"author":{"gitId":"Poopies99"},"content":"        if (dividerPosition + TASK_DATE_DIVIDER \u003e line.length()) {","lastModifiedDate":"2021-09-07"},{"lineNumber":40,"author":{"gitId":"Poopies99"},"content":"            throw new EventException(\"Event Request Does Not Contain A Date\");","lastModifiedDate":"2021-09-07"},{"lineNumber":41,"author":{"gitId":"Poopies99"},"content":"        }","lastModifiedDate":"2021-09-07"},{"lineNumber":42,"author":{"gitId":"Poopies99"},"content":"        String date \u003d line.substring(dividerPosition + TASK_DATE_DIVIDER);","lastModifiedDate":"2021-09-07"},{"lineNumber":43,"author":{"gitId":"Poopies99"},"content":"        toDo[trackIndex] \u003d new Event(description, date);","lastModifiedDate":"2021-09-07"},{"lineNumber":44,"author":{"gitId":"Poopies99"},"content":"        String output \u003d LINE_DIVIDER + ADD_TASK_REPLY","lastModifiedDate":"2021-09-07"},{"lineNumber":45,"author":{"gitId":"Poopies99"},"content":"                + GAP + toDo[trackIndex].toString() + \"\\n\"","lastModifiedDate":"2021-09-07"},{"lineNumber":46,"author":{"gitId":"Poopies99"},"content":"                + getAddTaskReturn(trackIndex) + LINE;","lastModifiedDate":"2021-09-07"},{"lineNumber":47,"author":{"gitId":"Poopies99"},"content":"        System.out.println(output);","lastModifiedDate":"2021-09-07"},{"lineNumber":48,"author":{"gitId":"Poopies99"},"content":"    }","lastModifiedDate":"2021-09-07"},{"lineNumber":49,"author":{"gitId":"Poopies99"},"content":"","lastModifiedDate":"2021-09-07"},{"lineNumber":50,"author":{"gitId":"Poopies99"},"content":"    public void handleDeadlineRequest(String line, Integer trackIndex) throws DeadlineException {","lastModifiedDate":"2021-09-07"},{"lineNumber":51,"author":{"gitId":"Poopies99"},"content":"        if (!line.contains(DEADLINE_KEYWORD)) {","lastModifiedDate":"2021-09-07"},{"lineNumber":52,"author":{"gitId":"Poopies99"},"content":"            throw new DeadlineException(\"Deadline Request Does Not Contain /by\");","lastModifiedDate":"2021-09-07"},{"lineNumber":53,"author":{"gitId":"Poopies99"},"content":"        }","lastModifiedDate":"2021-09-07"},{"lineNumber":54,"author":{"gitId":"Poopies99"},"content":"        Integer dividerPosition \u003d line.indexOf(DEADLINE_KEYWORD);","lastModifiedDate":"2021-09-07"},{"lineNumber":55,"author":{"gitId":"Poopies99"},"content":"        if (dividerPosition - TASK_DESCRIPTION_DIVIDER - DEADLINE_DIVIDER \u003c 0) {","lastModifiedDate":"2021-09-07"},{"lineNumber":56,"author":{"gitId":"Poopies99"},"content":"            throw new DeadlineException(\"Deadline Request Does Not Contain A Description\");","lastModifiedDate":"2021-09-07"},{"lineNumber":57,"author":{"gitId":"Poopies99"},"content":"        }","lastModifiedDate":"2021-09-07"},{"lineNumber":58,"author":{"gitId":"Poopies99"},"content":"        String description \u003d line.substring(DEADLINE_DIVIDER, dividerPosition - TASK_DESCRIPTION_DIVIDER);","lastModifiedDate":"2021-09-07"},{"lineNumber":59,"author":{"gitId":"Poopies99"},"content":"        if (dividerPosition + TASK_DATE_DIVIDER \u003e line.length()) {","lastModifiedDate":"2021-09-07"},{"lineNumber":60,"author":{"gitId":"Poopies99"},"content":"            throw new DeadlineException(\"Deadline Request Does Not Contain A Date\");","lastModifiedDate":"2021-09-07"},{"lineNumber":61,"author":{"gitId":"Poopies99"},"content":"        }","lastModifiedDate":"2021-09-07"},{"lineNumber":62,"author":{"gitId":"Poopies99"},"content":"        String date \u003d line.substring(dividerPosition + TASK_DATE_DIVIDER);","lastModifiedDate":"2021-09-07"},{"lineNumber":63,"author":{"gitId":"Poopies99"},"content":"        toDo[trackIndex] \u003d new Deadline(description, date);","lastModifiedDate":"2021-09-07"},{"lineNumber":64,"author":{"gitId":"Poopies99"},"content":"        String output \u003d LINE_DIVIDER + ADD_TASK_REPLY","lastModifiedDate":"2021-09-07"},{"lineNumber":65,"author":{"gitId":"Poopies99"},"content":"                + GAP + toDo[trackIndex].toString() + \"\\n\"","lastModifiedDate":"2021-09-07"},{"lineNumber":66,"author":{"gitId":"Poopies99"},"content":"                + getAddTaskReturn(trackIndex) + LINE;","lastModifiedDate":"2021-09-07"},{"lineNumber":67,"author":{"gitId":"Poopies99"},"content":"        System.out.println(output);","lastModifiedDate":"2021-09-07"},{"lineNumber":68,"author":{"gitId":"Poopies99"},"content":"    }","lastModifiedDate":"2021-09-07"},{"lineNumber":69,"author":{"gitId":"Poopies99"},"content":"","lastModifiedDate":"2021-09-07"},{"lineNumber":70,"author":{"gitId":"Poopies99"},"content":"    public void handleToDoRequest(String line, Integer trackIndex) throws TodoException {","lastModifiedDate":"2021-09-07"},{"lineNumber":71,"author":{"gitId":"Poopies99"},"content":"        if (line.length() \u003d\u003d 4) {","lastModifiedDate":"2021-09-07"},{"lineNumber":72,"author":{"gitId":"Poopies99"},"content":"            throw new TodoException(\"Todo Request Does Not Contain A Description\");","lastModifiedDate":"2021-09-07"},{"lineNumber":73,"author":{"gitId":"Poopies99"},"content":"        }","lastModifiedDate":"2021-09-07"},{"lineNumber":74,"author":{"gitId":"Poopies99"},"content":"        String description \u003d line.substring(TODO_DIVIDER);","lastModifiedDate":"2021-09-07"},{"lineNumber":75,"author":{"gitId":"Poopies99"},"content":"        toDo[trackIndex] \u003d new Todo(description);","lastModifiedDate":"2021-09-07"},{"lineNumber":76,"author":{"gitId":"Poopies99"},"content":"        String output \u003d LINE_DIVIDER + ADD_TASK_REPLY","lastModifiedDate":"2021-09-07"},{"lineNumber":77,"author":{"gitId":"Poopies99"},"content":"                + GAP + toDo[trackIndex].toString() + \"\\n\"","lastModifiedDate":"2021-09-07"},{"lineNumber":78,"author":{"gitId":"Poopies99"},"content":"                + getAddTaskReturn(trackIndex) + LINE;","lastModifiedDate":"2021-09-07"},{"lineNumber":79,"author":{"gitId":"Poopies99"},"content":"        System.out.println(output);","lastModifiedDate":"2021-09-07"},{"lineNumber":80,"author":{"gitId":"Poopies99"},"content":"    }","lastModifiedDate":"2021-09-07"},{"lineNumber":81,"author":{"gitId":"Poopies99"},"content":"","lastModifiedDate":"2021-09-07"},{"lineNumber":82,"author":{"gitId":"Poopies99"},"content":"    public void handleDoneRequest(String line, Integer trackIndex) throws DoneException {","lastModifiedDate":"2021-09-07"},{"lineNumber":83,"author":{"gitId":"Poopies99"},"content":"        if (line.length() \u003d\u003d 4) {","lastModifiedDate":"2021-09-07"},{"lineNumber":84,"author":{"gitId":"Poopies99"},"content":"            throw new DoneException(\"Done Request Does Not Contain A Number\");","lastModifiedDate":"2021-09-07"},{"lineNumber":85,"author":{"gitId":"Poopies99"},"content":"        }","lastModifiedDate":"2021-09-07"},{"lineNumber":86,"author":{"gitId":"Poopies99"},"content":"        int dividerPosition \u003d line.indexOf(DONE_KEYWORD);","lastModifiedDate":"2021-09-07"},{"lineNumber":87,"author":{"gitId":"Poopies99"},"content":"        String number \u003d line.substring(dividerPosition + TASK_DESCRIPTION_DIVIDER);","lastModifiedDate":"2021-09-07"},{"lineNumber":88,"author":{"gitId":"Poopies99"},"content":"        if (tryParse(number)) {","lastModifiedDate":"2021-09-07"},{"lineNumber":89,"author":{"gitId":"Poopies99"},"content":"            throw new DoneException(\"Done Request Has Invalid Number\");","lastModifiedDate":"2021-09-07"},{"lineNumber":90,"author":{"gitId":"Poopies99"},"content":"        }","lastModifiedDate":"2021-09-07"},{"lineNumber":91,"author":{"gitId":"Poopies99"},"content":"        int numberInTaskArray \u003d Integer.parseInt(number) - TASK_DESCRIPTION_DIVIDER;","lastModifiedDate":"2021-09-07"},{"lineNumber":92,"author":{"gitId":"Poopies99"},"content":"        if (trackIndex \u003c\u003d numberInTaskArray) {","lastModifiedDate":"2021-09-07"},{"lineNumber":93,"author":{"gitId":"Poopies99"},"content":"            throw new DoneException(\"Array Out Of Bonds\");","lastModifiedDate":"2021-09-07"},{"lineNumber":94,"author":{"gitId":"Poopies99"},"content":"        }","lastModifiedDate":"2021-09-07"},{"lineNumber":95,"author":{"gitId":"Poopies99"},"content":"        toDo[numberInTaskArray].setIsDone();","lastModifiedDate":"2021-09-07"},{"lineNumber":96,"author":{"gitId":"Poopies99"},"content":"        String output \u003d LINE_DIVIDER + TASK_COMPLETED + GAP + \"[X] \" ","lastModifiedDate":"2021-09-07"},{"lineNumber":97,"author":{"gitId":"Poopies99"},"content":"                + toDo[numberInTaskArray].getDescription() + \"\\n\" + LINE;","lastModifiedDate":"2021-09-07"},{"lineNumber":98,"author":{"gitId":"Poopies99"},"content":"        System.out.println(output);","lastModifiedDate":"2021-09-07"},{"lineNumber":99,"author":{"gitId":"Poopies99"},"content":"    }","lastModifiedDate":"2021-09-07"},{"lineNumber":100,"author":{"gitId":"Poopies99"},"content":"","lastModifiedDate":"2021-09-07"},{"lineNumber":101,"author":{"gitId":"Poopies99"},"content":"    public void handleListRequest(Integer trackIndex) {","lastModifiedDate":"2021-09-07"},{"lineNumber":102,"author":{"gitId":"Poopies99"},"content":"        String output \u003d LINE_DIVIDER;","lastModifiedDate":"2021-09-07"},{"lineNumber":103,"author":{"gitId":"Poopies99"},"content":"        for (int number \u003d 0; trackIndex \u003e number; number++) {","lastModifiedDate":"2021-09-07"},{"lineNumber":104,"author":{"gitId":"Poopies99"},"content":"            String record \u003d GAP + (number + 1) + \".\" + toDo[number].toString() + \"\\n\";","lastModifiedDate":"2021-09-07"},{"lineNumber":105,"author":{"gitId":"Poopies99"},"content":"            output \u003d output.concat(record);","lastModifiedDate":"2021-09-07"},{"lineNumber":106,"author":{"gitId":"Poopies99"},"content":"        }","lastModifiedDate":"2021-09-07"},{"lineNumber":107,"author":{"gitId":"Poopies99"},"content":"        if (trackIndex \u003d\u003d 1) {","lastModifiedDate":"2021-09-07"},{"lineNumber":108,"author":{"gitId":"Poopies99"},"content":"            output \u003d output.concat(\"Nothing Has Been Added To The List Yet\");","lastModifiedDate":"2021-09-07"},{"lineNumber":109,"author":{"gitId":"Poopies99"},"content":"        }","lastModifiedDate":"2021-09-07"},{"lineNumber":110,"author":{"gitId":"Poopies99"},"content":"        output \u003d output.concat(LINE);","lastModifiedDate":"2021-09-07"},{"lineNumber":111,"author":{"gitId":"Poopies99"},"content":"        System.out.println(output);","lastModifiedDate":"2021-09-07"},{"lineNumber":112,"author":{"gitId":"Poopies99"},"content":"    }","lastModifiedDate":"2021-09-07"},{"lineNumber":113,"author":{"gitId":"Poopies99"},"content":"","lastModifiedDate":"2021-09-07"},{"lineNumber":114,"author":{"gitId":"Poopies99"},"content":"    /*--- Function --- */","lastModifiedDate":"2021-09-07"},{"lineNumber":115,"author":{"gitId":"Poopies99"},"content":"    public boolean tryParse(String text) {","lastModifiedDate":"2021-09-07"},{"lineNumber":116,"author":{"gitId":"Poopies99"},"content":"        try {","lastModifiedDate":"2021-09-07"},{"lineNumber":117,"author":{"gitId":"Poopies99"},"content":"            Integer.parseInt(text);","lastModifiedDate":"2021-09-07"},{"lineNumber":118,"author":{"gitId":"Poopies99"},"content":"        } catch (NumberFormatException e) {","lastModifiedDate":"2021-09-07"},{"lineNumber":119,"author":{"gitId":"Poopies99"},"content":"            return true;","lastModifiedDate":"2021-09-07"},{"lineNumber":120,"author":{"gitId":"Poopies99"},"content":"        }","lastModifiedDate":"2021-09-07"},{"lineNumber":121,"author":{"gitId":"Poopies99"},"content":"        return false;","lastModifiedDate":"2021-09-07"},{"lineNumber":122,"author":{"gitId":"Poopies99"},"content":"    }","lastModifiedDate":"2021-09-07"},{"lineNumber":123,"author":{"gitId":"Poopies99"},"content":"    /*--- -------- --- */","lastModifiedDate":"2021-09-07"},{"lineNumber":124,"author":{"gitId":"Poopies99"},"content":"","lastModifiedDate":"2021-09-07"},{"lineNumber":125,"author":{"gitId":"Poopies99"},"content":"    /*--- Messages --- */","lastModifiedDate":"2021-09-07"},{"lineNumber":126,"author":{"gitId":"Poopies99"},"content":"    public void goodbyeMessage() {","lastModifiedDate":"2021-09-07"},{"lineNumber":127,"author":{"gitId":"Poopies99"},"content":"        String output \u003d LINE_DIVIDER + GAP + \"Bye. Hope to see you again soon!\\n\" + LINE;","lastModifiedDate":"2021-09-07"},{"lineNumber":128,"author":{"gitId":"Poopies99"},"content":"        System.out.println(output);","lastModifiedDate":"2021-09-07"},{"lineNumber":129,"author":{"gitId":"Poopies99"},"content":"    }","lastModifiedDate":"2021-09-07"},{"lineNumber":130,"author":{"gitId":"Poopies99"},"content":"","lastModifiedDate":"2021-09-07"},{"lineNumber":131,"author":{"gitId":"Poopies99"},"content":"    public void welcomeMessage() {","lastModifiedDate":"2021-09-07"},{"lineNumber":132,"author":{"gitId":"Poopies99"},"content":"        String output \u003d LINE_DIVIDER","lastModifiedDate":"2021-09-07"},{"lineNumber":133,"author":{"gitId":"Poopies99"},"content":"                + \"     Hello! I\u0027m\\n\"","lastModifiedDate":"2021-09-07"},{"lineNumber":134,"author":{"gitId":"Poopies99"},"content":"                + \"     ____        _\\n\"","lastModifiedDate":"2021-09-07"},{"lineNumber":135,"author":{"gitId":"Poopies99"},"content":"                + \"    |  _ \\\\ _   _| | _____\\n\"","lastModifiedDate":"2021-09-07"},{"lineNumber":136,"author":{"gitId":"Poopies99"},"content":"                + \"    | | | | | | | |/ / _ \\\\\\n\"","lastModifiedDate":"2021-09-07"},{"lineNumber":137,"author":{"gitId":"Poopies99"},"content":"                + \"    | |_| | |_| |   \u003c  __/\\n\"","lastModifiedDate":"2021-09-07"},{"lineNumber":138,"author":{"gitId":"Poopies99"},"content":"                + \"    |____/ \\\\__,_|_|\\\\_\\\\___|\\n\"","lastModifiedDate":"2021-09-07"},{"lineNumber":139,"author":{"gitId":"Poopies99"},"content":"                + \"     What can I do for you?\\n\"","lastModifiedDate":"2021-09-07"},{"lineNumber":140,"author":{"gitId":"Poopies99"},"content":"                + LINE;","lastModifiedDate":"2021-09-07"},{"lineNumber":141,"author":{"gitId":"Poopies99"},"content":"        System.out.println(output);","lastModifiedDate":"2021-09-07"},{"lineNumber":142,"author":{"gitId":"Poopies99"},"content":"    }","lastModifiedDate":"2021-09-07"},{"lineNumber":143,"author":{"gitId":"Poopies99"},"content":"","lastModifiedDate":"2021-09-07"},{"lineNumber":144,"author":{"gitId":"Poopies99"},"content":"    public String getAddTaskReturn(Integer trackIndex) {","lastModifiedDate":"2021-09-07"},{"lineNumber":145,"author":{"gitId":"Poopies99"},"content":"        return \"     Now you have \" + (trackIndex + 1) + \" tasks in the list.\\n\";","lastModifiedDate":"2021-09-07"},{"lineNumber":146,"author":{"gitId":"Poopies99"},"content":"    }","lastModifiedDate":"2021-09-07"},{"lineNumber":147,"author":{"gitId":"Poopies99"},"content":"","lastModifiedDate":"2021-09-07"},{"lineNumber":148,"author":{"gitId":"Poopies99"},"content":"    public String help() {","lastModifiedDate":"2021-09-07"},{"lineNumber":149,"author":{"gitId":"Poopies99"},"content":"        return LINE_DIVIDER","lastModifiedDate":"2021-09-07"},{"lineNumber":150,"author":{"gitId":"Poopies99"},"content":"                + \"     Duke can do the follow instructions\\n\"","lastModifiedDate":"2021-09-07"},{"lineNumber":151,"author":{"gitId":"Poopies99"},"content":"                + \"     1. Record Todo Task: todo (description)\\n\"","lastModifiedDate":"2021-09-07"},{"lineNumber":152,"author":{"gitId":"Poopies99"},"content":"                + \"     2. Record Deadline Task: task (description) /by (date)\\n\"","lastModifiedDate":"2021-09-07"},{"lineNumber":153,"author":{"gitId":"Poopies99"},"content":"                + \"     3. Record Event Task: event (description) /at (date)\\n\"","lastModifiedDate":"2021-09-07"},{"lineNumber":154,"author":{"gitId":"Poopies99"},"content":"                + \"     4. List Down Recorded Tasks: list\\n\"","lastModifiedDate":"2021-09-07"},{"lineNumber":155,"author":{"gitId":"Poopies99"},"content":"                + \"     5. Set Task After Completion: done (index on list)\\n\"","lastModifiedDate":"2021-09-07"},{"lineNumber":156,"author":{"gitId":"Poopies99"},"content":"                + \"     6. Exit From Program: bye\\n\" + LINE;","lastModifiedDate":"2021-09-07"},{"lineNumber":157,"author":{"gitId":"Poopies99"},"content":"    }","lastModifiedDate":"2021-09-07"},{"lineNumber":158,"author":{"gitId":"Poopies99"},"content":"    /*--- -------- --- */","lastModifiedDate":"2021-09-07"},{"lineNumber":159,"author":{"gitId":"Poopies99"},"content":"}","lastModifiedDate":"2021-09-07"}],"authorContributionMap":{"Poopies99":159}},{"path":"src/main/java/exceptions/AbstractException.java","fileType":"java","lines":[{"lineNumber":1,"author":{"gitId":"Poopies99"},"content":"package exceptions;","lastModifiedDate":"2021-09-07"},{"lineNumber":2,"author":{"gitId":"Poopies99"},"content":"","lastModifiedDate":"2021-09-07"},{"lineNumber":3,"author":{"gitId":"Poopies99"},"content":"abstract class AbstractException extends Exception {","lastModifiedDate":"2021-09-07"},{"lineNumber":4,"author":{"gitId":"Poopies99"},"content":"    protected String statement;","lastModifiedDate":"2021-09-07"},{"lineNumber":5,"author":{"gitId":"Poopies99"},"content":"","lastModifiedDate":"2021-09-07"},{"lineNumber":6,"author":{"gitId":"Poopies99"},"content":"    public AbstractException(String description) {","lastModifiedDate":"2021-09-07"},{"lineNumber":7,"author":{"gitId":"Poopies99"},"content":"        statement \u003d description;","lastModifiedDate":"2021-09-07"},{"lineNumber":8,"author":{"gitId":"Poopies99"},"content":"    }","lastModifiedDate":"2021-09-07"},{"lineNumber":9,"author":{"gitId":"Poopies99"},"content":"","lastModifiedDate":"2021-09-07"},{"lineNumber":10,"author":{"gitId":"Poopies99"},"content":"    public void printStatement() {","lastModifiedDate":"2021-09-07"},{"lineNumber":11,"author":{"gitId":"Poopies99"},"content":"        System.out.println(statement);","lastModifiedDate":"2021-09-07"},{"lineNumber":12,"author":{"gitId":"Poopies99"},"content":"    }","lastModifiedDate":"2021-09-07"},{"lineNumber":13,"author":{"gitId":"Poopies99"},"content":"}","lastModifiedDate":"2021-09-07"}],"authorContributionMap":{"Poopies99":13}},{"path":"src/main/java/exceptions/DeadlineException.java","fileType":"java","lines":[{"lineNumber":1,"author":{"gitId":"Poopies99"},"content":"package exceptions;","lastModifiedDate":"2021-09-07"},{"lineNumber":2,"author":{"gitId":"Poopies99"},"content":"","lastModifiedDate":"2021-09-07"},{"lineNumber":3,"author":{"gitId":"Poopies99"},"content":"public class DeadlineException extends AbstractException{","lastModifiedDate":"2021-09-07"},{"lineNumber":4,"author":{"gitId":"Poopies99"},"content":"    public DeadlineException(String description) {","lastModifiedDate":"2021-09-07"},{"lineNumber":5,"author":{"gitId":"Poopies99"},"content":"        super(description);","lastModifiedDate":"2021-09-07"},{"lineNumber":6,"author":{"gitId":"Poopies99"},"content":"    }","lastModifiedDate":"2021-09-07"},{"lineNumber":7,"author":{"gitId":"Poopies99"},"content":"}","lastModifiedDate":"2021-09-07"}],"authorContributionMap":{"Poopies99":7}},{"path":"src/main/java/exceptions/DoneException.java","fileType":"java","lines":[{"lineNumber":1,"author":{"gitId":"Poopies99"},"content":"package exceptions;","lastModifiedDate":"2021-09-07"},{"lineNumber":2,"author":{"gitId":"Poopies99"},"content":"","lastModifiedDate":"2021-09-07"},{"lineNumber":3,"author":{"gitId":"Poopies99"},"content":"public class DoneException extends AbstractException {","lastModifiedDate":"2021-09-07"},{"lineNumber":4,"author":{"gitId":"Poopies99"},"content":"    public DoneException(String description) {","lastModifiedDate":"2021-09-07"},{"lineNumber":5,"author":{"gitId":"Poopies99"},"content":"        super(description);","lastModifiedDate":"2021-09-07"},{"lineNumber":6,"author":{"gitId":"Poopies99"},"content":"    }","lastModifiedDate":"2021-09-07"},{"lineNumber":7,"author":{"gitId":"Poopies99"},"content":"}","lastModifiedDate":"2021-09-07"}],"authorContributionMap":{"Poopies99":7}},{"path":"src/main/java/exceptions/DukeException.java","fileType":"java","lines":[{"lineNumber":1,"author":{"gitId":"Poopies99"},"content":"package exceptions;","lastModifiedDate":"2021-09-07"},{"lineNumber":2,"author":{"gitId":"Poopies99"},"content":"","lastModifiedDate":"2021-09-07"},{"lineNumber":3,"author":{"gitId":"Poopies99"},"content":"public class DukeException extends AbstractException {","lastModifiedDate":"2021-09-07"},{"lineNumber":4,"author":{"gitId":"Poopies99"},"content":"    public DukeException(String description) {","lastModifiedDate":"2021-09-07"},{"lineNumber":5,"author":{"gitId":"Poopies99"},"content":"        super(description);","lastModifiedDate":"2021-09-07"},{"lineNumber":6,"author":{"gitId":"Poopies99"},"content":"    }","lastModifiedDate":"2021-09-07"},{"lineNumber":7,"author":{"gitId":"Poopies99"},"content":"}","lastModifiedDate":"2021-09-07"}],"authorContributionMap":{"Poopies99":7}},{"path":"src/main/java/exceptions/EventException.java","fileType":"java","lines":[{"lineNumber":1,"author":{"gitId":"Poopies99"},"content":"package exceptions;","lastModifiedDate":"2021-09-07"},{"lineNumber":2,"author":{"gitId":"Poopies99"},"content":"","lastModifiedDate":"2021-09-07"},{"lineNumber":3,"author":{"gitId":"Poopies99"},"content":"public class EventException extends AbstractException {","lastModifiedDate":"2021-09-07"},{"lineNumber":4,"author":{"gitId":"Poopies99"},"content":"    public EventException(String description) {","lastModifiedDate":"2021-09-07"},{"lineNumber":5,"author":{"gitId":"Poopies99"},"content":"        super(description);","lastModifiedDate":"2021-09-07"},{"lineNumber":6,"author":{"gitId":"Poopies99"},"content":"    }","lastModifiedDate":"2021-09-07"},{"lineNumber":7,"author":{"gitId":"Poopies99"},"content":"}","lastModifiedDate":"2021-09-07"}],"authorContributionMap":{"Poopies99":7}},{"path":"src/main/java/exceptions/TodoException.java","fileType":"java","lines":[{"lineNumber":1,"author":{"gitId":"Poopies99"},"content":"package exceptions;","lastModifiedDate":"2021-09-07"},{"lineNumber":2,"author":{"gitId":"Poopies99"},"content":"","lastModifiedDate":"2021-09-07"},{"lineNumber":3,"author":{"gitId":"Poopies99"},"content":"public class TodoException extends AbstractException {","lastModifiedDate":"2021-09-07"},{"lineNumber":4,"author":{"gitId":"Poopies99"},"content":"    public TodoException(String description) {","lastModifiedDate":"2021-09-07"},{"lineNumber":5,"author":{"gitId":"Poopies99"},"content":"        super(description);","lastModifiedDate":"2021-09-07"},{"lineNumber":6,"author":{"gitId":"Poopies99"},"content":"    }","lastModifiedDate":"2021-09-07"},{"lineNumber":7,"author":{"gitId":"Poopies99"},"content":"}","lastModifiedDate":"2021-09-07"}],"authorContributionMap":{"Poopies99":7}},{"path":"src/main/java/tasks/Deadline.java","fileType":"java","lines":[{"lineNumber":1,"author":{"gitId":"Poopies99"},"content":"package tasks;","lastModifiedDate":"2021-09-07"},{"lineNumber":2,"author":{"gitId":"Poopies99"},"content":"","lastModifiedDate":"2021-09-07"},{"lineNumber":3,"author":{"gitId":"Poopies99"},"content":"public class Deadline extends Todo {","lastModifiedDate":"2021-08-30"},{"lineNumber":4,"author":{"gitId":"Poopies99"},"content":"    protected String by;","lastModifiedDate":"2021-08-30"},{"lineNumber":5,"author":{"gitId":"Poopies99"},"content":"","lastModifiedDate":"2021-08-30"},{"lineNumber":6,"author":{"gitId":"Poopies99"},"content":"    public Deadline(String description, String date) {","lastModifiedDate":"2021-08-30"},{"lineNumber":7,"author":{"gitId":"Poopies99"},"content":"        super(description);","lastModifiedDate":"2021-08-30"},{"lineNumber":8,"author":{"gitId":"Poopies99"},"content":"        by \u003d date;","lastModifiedDate":"2021-08-30"},{"lineNumber":9,"author":{"gitId":"Poopies99"},"content":"    }","lastModifiedDate":"2021-08-30"},{"lineNumber":10,"author":{"gitId":"Poopies99"},"content":"","lastModifiedDate":"2021-08-30"},{"lineNumber":11,"author":{"gitId":"Poopies99"},"content":"    public String getBy() {","lastModifiedDate":"2021-08-30"},{"lineNumber":12,"author":{"gitId":"Poopies99"},"content":"        return by;","lastModifiedDate":"2021-08-30"},{"lineNumber":13,"author":{"gitId":"Poopies99"},"content":"    }","lastModifiedDate":"2021-08-30"},{"lineNumber":14,"author":{"gitId":"Poopies99"},"content":"","lastModifiedDate":"2021-08-30"},{"lineNumber":15,"author":{"gitId":"Poopies99"},"content":"    public void setBy(String outcome) {","lastModifiedDate":"2021-08-30"},{"lineNumber":16,"author":{"gitId":"Poopies99"},"content":"        by \u003d outcome;","lastModifiedDate":"2021-08-30"},{"lineNumber":17,"author":{"gitId":"Poopies99"},"content":"    }","lastModifiedDate":"2021-08-30"},{"lineNumber":18,"author":{"gitId":"Poopies99"},"content":"","lastModifiedDate":"2021-08-30"},{"lineNumber":19,"author":{"gitId":"Poopies99"},"content":"    @Override","lastModifiedDate":"2021-08-30"},{"lineNumber":20,"author":{"gitId":"Poopies99"},"content":"    public String toString() {","lastModifiedDate":"2021-08-30"},{"lineNumber":21,"author":{"gitId":"Poopies99"},"content":"        return super.toString() + \" (by: \" + getBy() + \")\";","lastModifiedDate":"2021-08-30"},{"lineNumber":22,"author":{"gitId":"Poopies99"},"content":"    }","lastModifiedDate":"2021-08-30"},{"lineNumber":23,"author":{"gitId":"Poopies99"},"content":"","lastModifiedDate":"2021-08-30"},{"lineNumber":24,"author":{"gitId":"Poopies99"},"content":"    @Override","lastModifiedDate":"2021-08-30"},{"lineNumber":25,"author":{"gitId":"Poopies99"},"content":"    public String getClassType() {","lastModifiedDate":"2021-08-30"},{"lineNumber":26,"author":{"gitId":"Poopies99"},"content":"        return \"[D]\";","lastModifiedDate":"2021-08-30"},{"lineNumber":27,"author":{"gitId":"Poopies99"},"content":"    }","lastModifiedDate":"2021-08-30"},{"lineNumber":28,"author":{"gitId":"Poopies99"},"content":"}","lastModifiedDate":"2021-08-30"}],"authorContributionMap":{"Poopies99":28}},{"path":"src/main/java/tasks/Event.java","fileType":"java","lines":[{"lineNumber":1,"author":{"gitId":"Poopies99"},"content":"package tasks;","lastModifiedDate":"2021-09-07"},{"lineNumber":2,"author":{"gitId":"Poopies99"},"content":"","lastModifiedDate":"2021-09-07"},{"lineNumber":3,"author":{"gitId":"Poopies99"},"content":"public class Event extends Deadline{","lastModifiedDate":"2021-08-30"},{"lineNumber":4,"author":{"gitId":"Poopies99"},"content":"    public Event(String description, String date) {","lastModifiedDate":"2021-08-30"},{"lineNumber":5,"author":{"gitId":"Poopies99"},"content":"        super(description, date);","lastModifiedDate":"2021-08-30"},{"lineNumber":6,"author":{"gitId":"Poopies99"},"content":"    }","lastModifiedDate":"2021-08-30"},{"lineNumber":7,"author":{"gitId":"Poopies99"},"content":"","lastModifiedDate":"2021-08-30"},{"lineNumber":8,"author":{"gitId":"Poopies99"},"content":"    @Override","lastModifiedDate":"2021-08-30"},{"lineNumber":9,"author":{"gitId":"Poopies99"},"content":"    public String getClassType() {","lastModifiedDate":"2021-08-30"},{"lineNumber":10,"author":{"gitId":"Poopies99"},"content":"        return \"[E]\";","lastModifiedDate":"2021-08-30"},{"lineNumber":11,"author":{"gitId":"Poopies99"},"content":"    }","lastModifiedDate":"2021-08-30"},{"lineNumber":12,"author":{"gitId":"Poopies99"},"content":"","lastModifiedDate":"2021-08-30"},{"lineNumber":13,"author":{"gitId":"Poopies99"},"content":"    @Override","lastModifiedDate":"2021-08-30"},{"lineNumber":14,"author":{"gitId":"Poopies99"},"content":"    public String toString() {","lastModifiedDate":"2021-08-30"},{"lineNumber":15,"author":{"gitId":"Poopies99"},"content":"        return getClassType() + getStatusIcon() + getDescription() + \" (at: \" + getBy() + \")\";","lastModifiedDate":"2021-08-30"},{"lineNumber":16,"author":{"gitId":"Poopies99"},"content":"    }","lastModifiedDate":"2021-08-30"},{"lineNumber":17,"author":{"gitId":"Poopies99"},"content":"}","lastModifiedDate":"2021-08-30"}],"authorContributionMap":{"Poopies99":17}},{"path":"src/main/java/tasks/Task.java","fileType":"java","lines":[{"lineNumber":1,"author":{"gitId":"Poopies99"},"content":"package tasks;","lastModifiedDate":"2021-09-07"},{"lineNumber":2,"author":{"gitId":"Poopies99"},"content":"","lastModifiedDate":"2021-09-07"},{"lineNumber":3,"author":{"gitId":"Poopies99"},"content":"public class Task {","lastModifiedDate":"2021-08-25"},{"lineNumber":4,"author":{"gitId":"Poopies99"},"content":"    protected String description;","lastModifiedDate":"2021-08-25"},{"lineNumber":5,"author":{"gitId":"Poopies99"},"content":"    protected boolean isDone;","lastModifiedDate":"2021-08-25"},{"lineNumber":6,"author":{"gitId":"Poopies99"},"content":"","lastModifiedDate":"2021-08-25"},{"lineNumber":7,"author":{"gitId":"Poopies99"},"content":"    public Task(String description) {","lastModifiedDate":"2021-08-25"},{"lineNumber":8,"author":{"gitId":"Poopies99"},"content":"        this.description \u003d description;","lastModifiedDate":"2021-08-25"},{"lineNumber":9,"author":{"gitId":"Poopies99"},"content":"        this.isDone \u003d false;","lastModifiedDate":"2021-08-25"},{"lineNumber":10,"author":{"gitId":"Poopies99"},"content":"    }","lastModifiedDate":"2021-08-25"},{"lineNumber":11,"author":{"gitId":"Poopies99"},"content":"","lastModifiedDate":"2021-08-25"},{"lineNumber":12,"author":{"gitId":"Poopies99"},"content":"    public String toString() {","lastModifiedDate":"2021-08-30"},{"lineNumber":13,"author":{"gitId":"Poopies99"},"content":"        return getStatusIcon() + getDescription();","lastModifiedDate":"2021-08-30"},{"lineNumber":14,"author":{"gitId":"Poopies99"},"content":"    }","lastModifiedDate":"2021-08-30"},{"lineNumber":15,"author":{"gitId":"Poopies99"},"content":"","lastModifiedDate":"2021-08-30"},{"lineNumber":16,"author":{"gitId":"Poopies99"},"content":"    public String getStatusIcon() {","lastModifiedDate":"2021-08-25"},{"lineNumber":17,"author":{"gitId":"Poopies99"},"content":"        return \"[\" + (isDone ? \"X\" : \" \") + \"] \";","lastModifiedDate":"2021-08-30"},{"lineNumber":18,"author":{"gitId":"Poopies99"},"content":"    }","lastModifiedDate":"2021-08-25"},{"lineNumber":19,"author":{"gitId":"Poopies99"},"content":"","lastModifiedDate":"2021-08-25"},{"lineNumber":20,"author":{"gitId":"Poopies99"},"content":"    public String getDescription() {","lastModifiedDate":"2021-08-25"},{"lineNumber":21,"author":{"gitId":"Poopies99"},"content":"        return description;","lastModifiedDate":"2021-08-25"},{"lineNumber":22,"author":{"gitId":"Poopies99"},"content":"    }","lastModifiedDate":"2021-08-25"},{"lineNumber":23,"author":{"gitId":"Poopies99"},"content":"","lastModifiedDate":"2021-08-25"},{"lineNumber":24,"author":{"gitId":"Poopies99"},"content":"    public void setIsDone() {","lastModifiedDate":"2021-08-25"},{"lineNumber":25,"author":{"gitId":"Poopies99"},"content":"        isDone \u003d true;","lastModifiedDate":"2021-08-25"},{"lineNumber":26,"author":{"gitId":"Poopies99"},"content":"    }","lastModifiedDate":"2021-08-25"},{"lineNumber":27,"author":{"gitId":"Poopies99"},"content":"}","lastModifiedDate":"2021-08-25"}],"authorContributionMap":{"Poopies99":27}},{"path":"src/main/java/tasks/Todo.java","fileType":"java","lines":[{"lineNumber":1,"author":{"gitId":"Poopies99"},"content":"package tasks;","lastModifiedDate":"2021-09-07"},{"lineNumber":2,"author":{"gitId":"Poopies99"},"content":"","lastModifiedDate":"2021-09-07"},{"lineNumber":3,"author":{"gitId":"Poopies99"},"content":"public class Todo extends Task {","lastModifiedDate":"2021-08-30"},{"lineNumber":4,"author":{"gitId":"Poopies99"},"content":"    public Todo(String description) {","lastModifiedDate":"2021-08-30"},{"lineNumber":5,"author":{"gitId":"Poopies99"},"content":"        super(description);","lastModifiedDate":"2021-08-30"},{"lineNumber":6,"author":{"gitId":"Poopies99"},"content":"    }","lastModifiedDate":"2021-08-30"},{"lineNumber":7,"author":{"gitId":"Poopies99"},"content":"","lastModifiedDate":"2021-08-30"},{"lineNumber":8,"author":{"gitId":"Poopies99"},"content":"    public String getClassType() {","lastModifiedDate":"2021-08-31"},{"lineNumber":9,"author":{"gitId":"Poopies99"},"content":"        return \"[T]\";","lastModifiedDate":"2021-08-31"},{"lineNumber":10,"author":{"gitId":"Poopies99"},"content":"    }","lastModifiedDate":"2021-08-31"},{"lineNumber":11,"author":{"gitId":"Poopies99"},"content":"","lastModifiedDate":"2021-08-31"},{"lineNumber":12,"author":{"gitId":"Poopies99"},"content":"    @Override","lastModifiedDate":"2021-08-30"},{"lineNumber":13,"author":{"gitId":"Poopies99"},"content":"    public String toString() {","lastModifiedDate":"2021-08-30"},{"lineNumber":14,"author":{"gitId":"Poopies99"},"content":"        return getClassType() + getStatusIcon() + getDescription();","lastModifiedDate":"2021-08-30"},{"lineNumber":15,"author":{"gitId":"Poopies99"},"content":"    }","lastModifiedDate":"2021-08-30"},{"lineNumber":16,"author":{"gitId":"Poopies99"},"content":"}","lastModifiedDate":"2021-08-30"}],"authorContributionMap":{"Poopies99":16}},{"path":"text-ui-test/input.txt","fileType":"txt","lines":[{"lineNumber":1,"author":{"gitId":"Poopies99"},"content":"todo Read Bible","lastModifiedDate":"2021-08-30"},{"lineNumber":2,"author":{"gitId":"Poopies99"},"content":"todo Devotion","lastModifiedDate":"2021-08-30"},{"lineNumber":3,"author":{"gitId":"Poopies99"},"content":"deadline CS2113T /by Tuesday","lastModifiedDate":"2021-08-30"},{"lineNumber":4,"author":{"gitId":"Poopies99"},"content":"event Project Meeting /at Monday 9-11pm","lastModifiedDate":"2021-08-30"},{"lineNumber":5,"author":{"gitId":"Poopies99"},"content":"list","lastModifiedDate":"2021-08-30"},{"lineNumber":6,"author":{"gitId":"Poopies99"},"content":"bye","lastModifiedDate":"2021-08-30"}],"authorContributionMap":{"Poopies99":6}},{"path":"text-ui-test/runtest.sh","fileType":"sh","lines":[{"lineNumber":1,"author":{"gitId":"-"},"content":"#!/usr/bin/env bash","lastModifiedDate":"2020-05-25"},{"lineNumber":2,"author":{"gitId":"-"},"content":"","lastModifiedDate":"2020-05-25"},{"lineNumber":3,"author":{"gitId":"-"},"content":"# create bin directory if it doesn\u0027t exist","lastModifiedDate":"2020-05-25"},{"lineNumber":4,"author":{"gitId":"-"},"content":"if [ ! -d \"../bin\" ]","lastModifiedDate":"2020-05-25"},{"lineNumber":5,"author":{"gitId":"-"},"content":"then","lastModifiedDate":"2020-05-25"},{"lineNumber":6,"author":{"gitId":"-"},"content":"    mkdir ../bin","lastModifiedDate":"2020-05-25"},{"lineNumber":7,"author":{"gitId":"-"},"content":"fi","lastModifiedDate":"2020-05-25"},{"lineNumber":8,"author":{"gitId":"-"},"content":"","lastModifiedDate":"2020-05-25"},{"lineNumber":9,"author":{"gitId":"-"},"content":"# delete output from previous run","lastModifiedDate":"2020-05-25"},{"lineNumber":10,"author":{"gitId":"-"},"content":"if [ -e \"./ACTUAL.TXT\" ]","lastModifiedDate":"2020-05-25"},{"lineNumber":11,"author":{"gitId":"-"},"content":"then","lastModifiedDate":"2020-05-25"},{"lineNumber":12,"author":{"gitId":"-"},"content":"    rm ACTUAL.TXT","lastModifiedDate":"2020-05-25"},{"lineNumber":13,"author":{"gitId":"-"},"content":"fi","lastModifiedDate":"2020-05-25"},{"lineNumber":14,"author":{"gitId":"-"},"content":"","lastModifiedDate":"2020-05-25"},{"lineNumber":15,"author":{"gitId":"-"},"content":"# compile the code into the bin folder, terminates if error occurred","lastModifiedDate":"2020-05-25"},{"lineNumber":16,"author":{"gitId":"-"},"content":"if ! javac -cp ../src/main/java -Xlint:none -d ../bin ../src/main/java/*.java","lastModifiedDate":"2020-08-25"},{"lineNumber":17,"author":{"gitId":"-"},"content":"then","lastModifiedDate":"2020-05-25"},{"lineNumber":18,"author":{"gitId":"-"},"content":"    echo \"********** BUILD FAILURE **********\"","lastModifiedDate":"2020-05-25"},{"lineNumber":19,"author":{"gitId":"-"},"content":"    exit 1","lastModifiedDate":"2020-05-25"},{"lineNumber":20,"author":{"gitId":"-"},"content":"fi","lastModifiedDate":"2020-05-25"},{"lineNumber":21,"author":{"gitId":"-"},"content":"","lastModifiedDate":"2020-05-25"},{"lineNumber":22,"author":{"gitId":"-"},"content":"# run the program, feed commands from input.txt file and redirect the output to the ACTUAL.TXT","lastModifiedDate":"2020-05-25"},{"lineNumber":23,"author":{"gitId":"-"},"content":"java -classpath ../bin Duke \u003c input.txt \u003e ACTUAL.TXT","lastModifiedDate":"2020-05-25"},{"lineNumber":24,"author":{"gitId":"-"},"content":"","lastModifiedDate":"2020-05-25"},{"lineNumber":25,"author":{"gitId":"-"},"content":"# convert to UNIX format","lastModifiedDate":"2020-05-25"},{"lineNumber":26,"author":{"gitId":"-"},"content":"cp EXPECTED.TXT EXPECTED-UNIX.TXT","lastModifiedDate":"2020-05-25"},{"lineNumber":27,"author":{"gitId":"-"},"content":"dos2unix ACTUAL.TXT EXPECTED-UNIX.TXT","lastModifiedDate":"2020-05-25"},{"lineNumber":28,"author":{"gitId":"-"},"content":"","lastModifiedDate":"2020-05-25"},{"lineNumber":29,"author":{"gitId":"-"},"content":"# compare the output to the expected output","lastModifiedDate":"2020-05-25"},{"lineNumber":30,"author":{"gitId":"Poopies99"},"content":"diff ACTUAL.TXT EXPECTED.TXT","lastModifiedDate":"2021-08-30"},{"lineNumber":31,"author":{"gitId":"-"},"content":"if [ $? -eq 0 ]","lastModifiedDate":"2020-05-25"},{"lineNumber":32,"author":{"gitId":"-"},"content":"then","lastModifiedDate":"2020-05-25"},{"lineNumber":33,"author":{"gitId":"-"},"content":"    echo \"Test result: PASSED\"","lastModifiedDate":"2020-05-25"},{"lineNumber":34,"author":{"gitId":"-"},"content":"    exit 0","lastModifiedDate":"2020-05-25"},{"lineNumber":35,"author":{"gitId":"-"},"content":"else","lastModifiedDate":"2020-05-25"},{"lineNumber":36,"author":{"gitId":"-"},"content":"    echo \"Test result: FAILED\"","lastModifiedDate":"2020-05-25"},{"lineNumber":37,"author":{"gitId":"-"},"content":"    exit 1","lastModifiedDate":"2020-05-25"},{"lineNumber":38,"author":{"gitId":"-"},"content":"fi","lastModifiedDate":"2020-05-25"}],"authorContributionMap":{"Poopies99":1,"-":37}}]
