{"authorDailyContributionsMap":{"Poopies99":[{"date":"2021-08-18","commitResults":[{"hash":"fcf4b7258b21c749ccf040763c50a833e5f3fa9d","messageTitle":"Intro Statement","messageBody":"","fileTypesAndContributionMap":{"java":{"insertions":9,"deletions":1}}},{"hash":"cfe8dc410df51bb47e42fa666380f496a245c629","messageTitle":"Level-0","messageBody":"","tags":["Level-0"],"fileTypesAndContributionMap":{"java":{"insertions":0,"deletions":1}}}]},{"date":"2021-08-24","commitResults":[{"hash":"caf2819a81483f9563003b593d177320d770b85f","messageTitle":"Level-2","messageBody":"","fileTypesAndContributionMap":{"java":{"insertions":48,"deletions":12}}},{"hash":"f8525f3a625baac32ece54027ece9d5781acf3ec","messageTitle":"Level-2","messageBody":"","fileTypesAndContributionMap":{"java":{"insertions":1,"deletions":0}}}]},{"date":"2021-08-25","commitResults":[{"hash":"9ba862eea76ef50fd46a72189bb07a8089f36e92","messageTitle":"Update README.md and adjusted Duke.java to comply with Java Coding Standards","messageBody":"","fileTypesAndContributionMap":{"java":{"insertions":44,"deletions":15},"md":{"insertions":9,"deletions":6}}},{"hash":"dab15a6ab507777e7d19e66cec6dec2f1f134849","messageTitle":"Update Code","messageBody":"","fileTypesAndContributionMap":{"java":{"insertions":1,"deletions":1}}}]},{"date":"2021-08-30","commitResults":[{"hash":"d3dffadef0a36294aa9642b11339ef23cae2b6d6","messageTitle":"Level-4","messageBody":"","tags":["Level-4"],"fileTypesAndContributionMap":{"java":{"insertions":95,"deletions":7}}},{"hash":"5a3280ea7c72d14337ff209f7ae799dd964f4d24","messageTitle":"A-TextUiTesting","messageBody":"","tags":["A-TextUiTesting"],"fileTypesAndContributionMap":{"txt":{"insertions":6,"deletions":0},"java":{"insertions":2,"deletions":2},"bat":{"insertions":0,"deletions":0},"sh":{"insertions":1,"deletions":1}}}]},{"date":"2021-08-31","commitResults":[{"hash":"66f147cceb47de4eaea45558e78a895e17891c3b","messageTitle":"A-CodeQuality","messageBody":"","tags":["A-CodeQuality"],"fileTypesAndContributionMap":{"java":{"insertions":107,"deletions":63}}}]}]},"authorFileTypeContributionMap":{"Poopies99":{"java":210,"md":4,"fxml":0,"sh":1,"bat":0,"gradle":0,"txt":6}},"authorContributionVariance":{"Poopies99":221.39323},"authorDisplayNameMap":{"Poopies99":"CS2113T-W12-2 CHRI..G QI"}}
