{"authorDailyContributionsMap":{"tttyyzzz":[{"date":"2021-08-24","commitResults":[{"hash":"8bd95af42910a4f646263d5445263dc04d6d6d52","messageTitle":"add greet class","messageBody":"","fileTypesAndContributionMap":{"java":{"insertions":11,"deletions":0}}},{"hash":"96836d10177d20de8d245bd503ce103f1f3b88e1","messageTitle":"add greet class","messageBody":"","tags":["Level-0"],"fileTypesAndContributionMap":{"java":{"insertions":3,"deletions":2}}},{"hash":"8277ae8534df8694da6b9c0b27a7d5e0501573d5","messageTitle":"add user input","messageBody":"","tags":["Level-1"],"fileTypesAndContributionMap":{"java":{"insertions":27,"deletions":3}}},{"hash":"f4ae9e99440478e383d77153b32f4d18e4506214","messageTitle":"add list function and addtask function","messageBody":"","tags":["Level-2"],"fileTypesAndContributionMap":{"java":{"insertions":34,"deletions":14}}},{"hash":"346e6ade040f451fb9ff453e6f081522dc62aadd","messageTitle":"add Task class","messageBody":"","tags":["Level-3"],"fileTypesAndContributionMap":{"java":{"insertions":69,"deletions":30}}},{"hash":"94eac0fad60c64719442566c25c36409cb8d35c7","messageTitle":"Modify code to meet coding standard","messageBody":"","tags":["A-CodingStandard"],"fileTypesAndContributionMap":{"java":{"insertions":57,"deletions":9}}}]},{"date":"2021-09-02","commitResults":[{"hash":"917a8efff6cb3a69009a676663a08a8918043abb","messageTitle":"Add todo event deadline","messageBody":"","fileTypesAndContributionMap":{"txt":{"insertions":12,"deletions":0},"java":{"insertions":70,"deletions":65},"bat":{"insertions":6,"deletions":3}}},{"hash":"94a4532fdd83f5be2870fb9c2a11ffc216517239","messageTitle":"Add test result","messageBody":"","fileTypesAndContributionMap":{"txt":{"insertions":1,"deletions":1}}},{"hash":"6926d87d47e6e404949d51d37849fae9356c708a","messageTitle":"Add todo event deadline","messageBody":"","tags":["Level-4"],"fileTypesAndContributionMap":{"txt":{"insertions":0,"deletions":0},"java":{"insertions":137,"deletions":32}}},{"hash":"f8708c5570ea9eeb9a050b79ab7a3ce6ec776fbc","messageTitle":"add inputs to test","messageBody":"","tags":["A-TextUiTesting"],"fileTypesAndContributionMap":{"txt":{"insertions":1,"deletions":1}}},{"hash":"50d560ae3a8990420883af035ebabda3a7d7fe30","messageTitle":"Refactor code","messageBody":"","tags":["A-CodeQuality"],"fileTypesAndContributionMap":{"java":{"insertions":2,"deletions":3}}}]},{"date":"2021-09-08","commitResults":[{"hash":"13de9ac12414f55fc66a58a01213c889884d07d5","messageTitle":"Add simple exceptions","messageBody":"","fileTypesAndContributionMap":{"java":{"insertions":22,"deletions":6}}},{"hash":"dfabb7a777e3f3857aaffae891e6e91c1bc60751","messageTitle":"Add more exceptions","messageBody":"","tags":["Level-5","A-Exceptions"],"fileTypesAndContributionMap":{"txt":{"insertions":3,"deletions":0},"java":{"insertions":35,"deletions":10},"bat":{"insertions":1,"deletions":1}}},{"hash":"52a0d1eb1dca84cd0ddf9d9ff9cfc316a708f84a","messageTitle":"Refactor packages","messageBody":"","fileTypesAndContributionMap":{"java":{"insertions":13,"deletions":3}}},{"hash":"5a49d998e622af822aec6a6dc82d6d01664ca3cd","messageTitle":"Refactor packages","messageBody":"","tags":["A-Packages"],"fileTypesAndContributionMap":{"java":{"insertions":27,"deletions":3},"bat":{"insertions":1,"deletions":1}}}]},{"date":"2021-09-12","commitResults":[{"hash":"a36c642ed6b4c365cff02ed1930825a7bd8e862e","messageTitle":"commit level 6 requirement","messageBody":"","fileTypesAndContributionMap":{"java":{"insertions":7,"deletions":39}}},{"hash":"f302f99c76436915012e1b39c53930b188e6e222","messageTitle":"commit level 6 requirements","messageBody":"","tags":["A-Collections"],"fileTypesAndContributionMap":{"java":{"insertions":111,"deletions":69}}},{"hash":"73e45a83b3b56478c47cf00b5899871bae566e3f","messageTitle":"add delete command","messageBody":"","fileTypesAndContributionMap":{"txt":{"insertions":6,"deletions":0},"java":{"insertions":30,"deletions":15}}},{"hash":"1e2a10882c0e78d01035346a4fccc0c3b85f777c","messageTitle":"add delete command","messageBody":"","tags":["Level-6"],"fileTypesAndContributionMap":{"java":{"insertions":1,"deletions":0},"bat":{"insertions":2,"deletions":1}}},{"hash":"ac7291fac1fdc0892bb21b24f92073a472271ec0","messageTitle":"fix branch issue","messageBody":"","fileTypesAndContributionMap":{"java":{"insertions":1,"deletions":5}}},{"hash":"e70972eb929fe91c056bcd38b2e37ce3aaf31bee","messageTitle":"add read file functionality","messageBody":"","fileTypesAndContributionMap":{"java":{"insertions":45,"deletions":3}}}]},{"date":"2021-09-13","commitResults":[{"hash":"85cf96d06b2069b5f842b52cf8befde6515a4466","messageTitle":"Optimise code","messageBody":"","fileTypesAndContributionMap":{"java":{"insertions":176,"deletions":69},"bat":{"insertions":2,"deletions":1}}}]},{"date":"2021-09-15","commitResults":[{"hash":"e98104acad7023b940f423d5519277a2cd82eec7","messageTitle":"add save file feature","messageBody":"","tags":["Level-7"],"fileTypesAndContributionMap":{"txt":{"insertions":12,"deletions":0},"java":{"insertions":121,"deletions":5},"bat":{"insertions":1,"deletions":1}}},{"hash":"1a6f34f712b59eef0cff986884b7f5fae03aae15","messageTitle":"Refactor code","messageBody":"","tags":["A-Jar"],"fileTypesAndContributionMap":{"java":{"insertions":72,"deletions":46}}}]},{"date":"2021-09-17","commitResults":[{"hash":"eaec42f97e27ce6ab046e5f1236045c5c77c7219","messageTitle":"Edit constants","messageBody":"","fileTypesAndContributionMap":{"java":{"insertions":1,"deletions":1}}}]},{"date":"2021-09-20","commitResults":[{"hash":"112ed0ae34900a6f0e95f4b7cc41a396c1d3acc0","messageTitle":"Refactor code into classes","messageBody":"","fileTypesAndContributionMap":{"txt":{"insertions":0,"deletions":0},"java":{"insertions":26,"deletions":43}}},{"hash":"b2a3c0a6efe9df651fe60c9b6bf92b5042e095df","messageTitle":"Refactor code into classes","messageBody":"","tags":["A-MoreOOP"],"fileTypesAndContributionMap":{"java":{"insertions":112,"deletions":95}}}]},{"date":"2021-09-22","commitResults":[{"hash":"3dba0bca97dcb371ebb39d4f9b01c18a1da12c0c","messageTitle":"Replace string to datetime object for deadline and event time storage add sort function to complement datetime object","messageBody":"","tags":["Level-8"],"fileTypesAndContributionMap":{"java":{"insertions":182,"deletions":33}}},{"hash":"24aaff48a5a28766126454ec7c6339c7b69cde74","messageTitle":"add find function","messageBody":"","tags":["Level-9"],"fileTypesAndContributionMap":{"java":{"insertions":41,"deletions":1}}},{"hash":"d851619a394eaa9eb8f98435c90d714293ad599d","messageTitle":"add javadoc comments","messageBody":"","fileTypesAndContributionMap":{"java":{"insertions":109,"deletions":25}}},{"hash":"f16db541f77ca602d6768f1c2eb01150929c2e20","messageTitle":"add help function","messageBody":"","fileTypesAndContributionMap":{"java":{"insertions":285,"deletions":49}}}]},{"date":"2021-09-23","commitResults":[{"hash":"807adf28e8d7c8333e4d2d5698c44fe2173ae9d0","messageTitle":"Refactor individual command into classes to reduce the size of switch case statement. Place all error messages in ErrorMessage Class to ensure tidiness","messageBody":"","fileTypesAndContributionMap":{"txt":{"insertions":19,"deletions":3},"java":{"insertions":346,"deletions":188}}},{"hash":"489d4075cf71d22438f74adcf057a1ea12a66684","messageTitle":"Place command classes into separate package","messageBody":"","fileTypesAndContributionMap":{"java":{"insertions":22,"deletions":23}}},{"hash":"a13316ada75c3c8a84942ee21d6faddd16e8018d","messageTitle":"Place command classes into separate package","messageBody":"","fileTypesAndContributionMap":{"txt":{"insertions":1,"deletions":2},"java":{"insertions":93,"deletions":10}}},{"hash":"ca5c35b101e490f37830edbdd5a633409c65807b","messageTitle":"Add even more javadoc","messageBody":"","tags":["A-JavaDoc"],"fileTypesAndContributionMap":{"java":{"insertions":35,"deletions":4},"bat":{"insertions":1,"deletions":1}}},{"hash":"28daa227b4c0887db4868bff7e0494f99df96d81","messageTitle":"Add Readme draft 1","messageBody":"","fileTypesAndContributionMap":{"java":{"insertions":16,"deletions":16},"md":{"insertions":230,"deletions":2}}},{"hash":"d0ca6adf70e7a3e21fa3902673a46c1d32f3f046","messageTitle":"Edit ReadMe second draft","messageBody":"","fileTypesAndContributionMap":{"md":{"insertions":9,"deletions":18}}},{"hash":"a02d59586bdf15b11908c2c8be3d14509d8b6da1","messageTitle":"Edit Readme draft 2","messageBody":"","fileTypesAndContributionMap":{"md":{"insertions":10,"deletions":11}}},{"hash":"720bdb33e6efb02fcbf240bb8d0434f3e5f7e0b8","messageTitle":"edit readme draft 3","messageBody":"","fileTypesAndContributionMap":{"md":{"insertions":20,"deletions":7}}},{"hash":"2f7727e3bdb8e7aa1c82cfcbeed972cf9601f7e1","messageTitle":"Update README.md","messageBody":"","fileTypesAndContributionMap":{"md":{"insertions":2,"deletions":2}}},{"hash":"a84c48399dd3c6b63d50b7a33b20a05f81a1f05e","messageTitle":"Edit readme draft 4","messageBody":"","fileTypesAndContributionMap":{"md":{"insertions":15,"deletions":12}}},{"hash":"3856b5b740d531ee06e32e85134b48febcaa34c3","messageTitle":"Update README.md","messageBody":"","fileTypesAndContributionMap":{"md":{"insertions":1,"deletions":1}}},{"hash":"996d197496e07c94a0b102c061c4ec929f10c2e1","messageTitle":"Update README.md","messageBody":"","fileTypesAndContributionMap":{"md":{"insertions":1,"deletions":1}}},{"hash":"ad744443f9fd84e0941856613b3cc11caf20f7ee","messageTitle":"try new syntax for readme","messageBody":"","fileTypesAndContributionMap":{"md":{"insertions":22,"deletions":22}}},{"hash":"ee073200c95541f3ae06028d833fefafd7fd3ff6","messageTitle":"try readme syntax","messageBody":"","fileTypesAndContributionMap":{"md":{"insertions":7,"deletions":5}}}]}]},"authorFileTypeContributionMap":{"tttyyzzz":{"java":1307,"md":251,"fxml":0,"sh":0,"bat":6,"gradle":0,"txt":36}},"authorContributionVariance":{"tttyyzzz":9399.837},"authorDisplayNameMap":{"tttyyzzz":"CS2113T-F14-2 TOH .. ZHI"}}
